consensus	contig	start	end	unit_bp	hits	units_tested	median_unit_identity	frac_pairs_ge_90	verdict
MEG-RS	NC@U@142506.1	41063007	41619026	2152	307	12	99.2	0.82	ARRAY
MEG-RS	NC@U@142510.1	18782934	19292046	2170	247	12	92.2	0.82	ARRAY
MEG-RS	NC@U@142512.1	838592	1258042	2168	201	12	88.8	0.00	COPIES
MEG-RS	NC@U@142509.1	673287	963647	2168	134	12	89.3	0.09	COPIES
MEG-RS	NW@U@028290710.1	952035	1170335	2170	107	12	88.7	0.00	COPIES
MEG-RS	NC@U@142507.1	30403215	30562186	1936	75	12	99.7	0.91	ARRAY
MEG-TR	NC@U@142508.1	30363798	30773427	5768	72	12	100.0	1.00	ARRAY
MEG-RS	NC@U@142508.1	30363836	30773427	5768	72	12	100.0	1.00	ARRAY
MEG-RS	NC@U@142509.1	346698	564658	2963	71	12	99.6	0.91	ARRAY
MEG-RS	NC@U@142511.1	26763539	26904770	2160	70	12	92.3	0.64	ARRAY
MEG-RS	NC@U@142512.1	377951	560850	1992	59	12	99.3	0.91	ARRAY
MEG-RS	NC@U@142511.1	26975515	27146264	3171	55	12	99.0	0.91	ARRAY
MEG-RS	NC@U@142512.1	601541	716492	1370	38	12	99.8	0.91	ARRAY
MEG-RS	NC@U@142511.1	27240971	27355843	3167	37	12	99.7	0.91	ARRAY
MEG-RS	NC@U@142510.1	19993222	20086093	3100	31	12	99.4	0.91	ARRAY
MEG-RS	NC@U@142511.1	27152525	27234988	3174	27	12	99.7	0.91	ARRAY
r9_15seqs	NC@U@142508.1	42840264	42925213	2609	26	12	99.8	0.64	ARRAY
r4_32seqs	NC@U@142508.1	42840270	42925239	2605	26	12	99.8	0.64	ARRAY
r7_133seqs	NC@U@142508.1	42852971	42925239	2605	22	12	99.9	0.91	ARRAY
r10_19seqs	NC@U@142508.1	42852975	42925239	2605	22	12	99.9	0.91	ARRAY
MEG-RS	NW@U@028290710.1	55984	102236	1564	16	12	99.5	0.91	ARRAY
MEG-RS	NW@U@028290710.1	4257	43962	1572	14	12	99.7	0.91	ARRAY
MEG-RS	NW@U@028290710.1	108203	146433	3173	13	12	99.7	0.91	ARRAY
r10_19seqs	NC@U@142518.1	22200571	22237838	2954	12	11	8.9	0.00	COPIES
r4_32seqs	NC@U@142518.1	22360971	22375416	1053	12	11	28.9	0.00	COPIES
r9_15seqs	NC@U@142518.1	22361016	22375173	1068	12	11	35.6	0.00	COPIES
r1_9seqs	NC@U@142518.1	100692591	100725542	3462	12	11	10.8	0.00	COPIES
r7_133seqs	NC@U@142518.1	22360971	22375416	1206	11	10	29.4	0.00	COPIES
r3_58seqs	NC@U@142518.1	100692786	100716937	2500	11	10	15.8	0.00	COPIES
r2_3seqs	NC@U@142505.1	6290194	6311604	1175	10	9	24.8	0.00	COPIES
r4_32seqs	NC@U@142505.1	6290194	6311596	1175	10	9	25.0	0.00	COPIES
r3_58seqs	NC@U@142505.1	72198241	72217162	2063	10	9	36.8	0.00	COPIES
r6_210seqs	NC@U@142508.1	71784173	71808870	2538	10	9	10.3	0.00	COPIES
MEG-RS	NC@U@142512.1	568536	593858	1551	10	9	99.7	0.75	ARRAY
r9_15seqs	NC@U@142517.1	184510092	184529032	1925	10	9	12.3	0.00	COPIES
r10_19seqs	NC@U@142518.1	22360983	22368796	599	10	9	65.2	0.00	COPIES
r3_58seqs	NC@U@142503.1	121539754	121563514	2432	9	8	27.4	0.00	COPIES
r7_133seqs	NC@U@142505.1	6290188	6311590	2209	9	8	23.0	0.00	COPIES
r7_133seqs	NC@U@142507.1	36767009	36785417	2245	9	8	21.8	0.00	COPIES
r2_3seqs	NC@U@142509.1	17270438	17277019	886	9	8	62.0	0.00	COPIES
r9_15seqs	NC@U@142509.1	17270468	17276985	653	9	8	51.5	0.00	COPIES
MEG-RS	NC@U@142513.1	46548370	46565744	1884	9	8	99.2	0.86	ARRAY
r2_3seqs	NC@U@142515.1	22539386	22560638	2754	9	8	14.8	0.00	COPIES
r1_r3_P2	NC@U@142515.1	46897560	46914129	1364	9	8	39.9	0.00	COPIES
r9_15seqs	NC@U@142517.1	123283157	123307069	2835	9	8	13.0	0.00	COPIES
r2_3seqs	NC@U@142518.1	22211823	22237771	2740	9	8	7.8	0.00	COPIES
r4_32seqs	NC@U@142518.1	22211824	22237771	2746	9	8	7.8	0.00	COPIES
r2_3seqs	NC@U@142518.1	22360983	22375405	1535	9	8	12.6	0.00	COPIES
r3_58seqs	NC@U@142518.1	22455154	22479337	2238	9	8	12.5	0.00	COPIES
r3_58seqs	NC@U@142501.1	2106330	2124929	2255	8	7	18.1	0.00	COPIES
r10_19seqs	NC@U@142501.1	51003351	51027691	3132	8	7	9.0	0.00	COPIES
r9_15seqs	NC@U@142503.1	101600035	101609167	1043	8	7	28.5	0.00	COPIES
r5_r3_P34	NC@U@142503.1	121539723	121563729	2795	8	7	21.9	0.17	COPIES
r5_r5_P48	NC@U@142503.1	121539727	121563728	2848	8	7	16.5	0.00	COPIES
r2_3seqs	NC@U@142503.1	121542714	121563271	2435	8	7	15.8	0.00	COPIES
r9_15seqs	NC@U@142503.1	177271065	177288496	2110	8	7	11.2	0.00	COPIES
r6_210seqs	NC@U@142504.1	48798005	48808607	1067	8	7	36.2	0.00	COPIES
r3_58seqs	NC@U@142504.1	48798032	48808603	1053	8	7	35.6	0.00	COPIES
r9_15seqs	NC@U@142504.1	48943045	48964714	2569	8	7	9.6	0.00	COPIES
r3_58seqs	NC@U@142505.1	6247070	6271838	2904	8	7	8.7	0.00	COPIES
r7_133seqs	NC@U@142505.1	72581324	72596136	1208	8	7	21.6	0.00	COPIES
r2_3seqs	NC@U@142505.1	73187296	73206297	2030	8	7	13.7	0.00	COPIES
r9_15seqs	NC@U@142505.1	80451551	80455789	196	8	7	55.9	0.00	COPIES
r4_32seqs	NC@U@142507.1	36767015	36780810	1409	8	7	27.4	0.00	COPIES
r3_58seqs	NC@U@142507.1	36778232	36798266	3621	8	7	19.8	0.00	COPIES
r9_15seqs	NC@U@142508.1	35365469	35368475	227	8	7	58.9	0.00	COPIES
r4_32seqs	NC@U@142508.1	37056336	37076518	3005	8	7	8.9	0.00	COPIES
r9_15seqs	NC@U@142508.1	48790114	48791537	191	8	7	57.8	0.00	COPIES
r10_19seqs	NC@U@142508.1	60216068	60238789	3332	8	7	18.2	0.00	COPIES
r3_58seqs	NC@U@142508.1	71784108	71798323	1888	8	7	14.9	0.00	COPIES
r9_15seqs	NC@U@142508.1	71795706	71807988	1910	8	7	14.3	0.00	COPIES
r5_r6_P26	NC@U@142509.1	30184141	30192516	980	8	7	99.7	1.00	ARRAY
r10_19seqs	NC@U@142512.1	4367144	4387499	2714	8	7	14.5	0.00	COPIES
r2_3seqs	NC@U@142512.1	4367149	4387492	2706	8	7	14.4	0.00	COPIES
r5_27seqs	NC@U@142512.1	4367152	4387504	2661	8	7	15.9	0.00	COPIES
r5_27seqs	NC@U@142512.1	35098544	35118007	2530	8	7	10.9	0.00	COPIES
r9_15seqs	NC@U@142513.1	18674133	18698782	3508	8	7	7.1	0.00	COPIES
r9_15seqs	NC@U@142513.1	22164268	22181478	2467	8	7	5.9	0.00	COPIES
r2_3seqs	NC@U@142514.1	10949347	10961641	1060	8	7	35.5	0.00	COPIES
r6_210seqs	NC@U@142514.1	181359358	181378679	2759	8	7	10.3	0.00	COPIES
r6_210seqs	NC@U@142515.1	22541801	22560504	2496	8	7	15.0	0.00	COPIES
r5_27seqs	NC@U@142515.1	46822865	46841068	2210	8	7	10.1	0.00	COPIES
r5_r5_P48	NC@U@142515.1	46899258	46914083	1222	8	7	30.9	0.00	COPIES
r1_9seqs	NC@U@142515.1	50470115	50488679	1617	8	7	32.9	0.00	COPIES
r1_r3_P2	NC@U@142515.1	50470302	50488958	1349	8	7	22.2	0.00	COPIES
r3_58seqs	NC@U@142515.1	50470307	50488912	1479	8	7	32.3	0.00	COPIES
r9_15seqs	NC@U@142516.1	134937007	134941665	574	8	7	45.1	0.00	COPIES
r2_3seqs	NC@U@142517.1	130904490	130922269	2667	8	7	21.5	0.00	COPIES
r7_133seqs	NC@U@142518.1	22211826	22235712	2961	8	7	6.9	0.00	COPIES
r9_15seqs	NC@U@142518.1	22214294	22235675	2477	8	7	11.3	0.00	COPIES
r3_58seqs	NC@U@142518.1	22360857	22375530	1239	8	7	20.7	0.00	COPIES
r5_27seqs	NC@U@142518.1	37798177	37812406	1826	8	7	23.4	0.00	COPIES
r7_133seqs	NC@U@142518.1	73679086	73681803	191	8	7	83.6	0.33	COPIES
r10_19seqs	NC@U@142518.1	73679097	73681799	192	8	7	82.8	0.00	COPIES
r5_r3_P34	NC@U@142518.1	100692586	100714036	3101	8	7	19.0	0.00	COPIES
r5_r5_P48	NC@U@142518.1	100692587	100714009	3100	8	7	20.2	0.00	COPIES
r5_27seqs	NC@U@142518.1	100699885	100716944	3048	8	7	18.5	0.00	COPIES
r8_83seqs	NC@U@142518.1	100865134	100883546	2249	8	7	16.2	0.00	COPIES
r9_15seqs	NC@U@142518.1	116941933	116944309	190	8	7	73.8	0.00	COPIES
r7_133seqs	NC@U@142501.1	55323041	55343994	3353	7	6	15.6	0.00	COPIES
r4_32seqs	NC@U@142501.1	55323047	55338173	2328	7	6	14.7	0.00	COPIES
r3_58seqs	NC@U@142501.1	57876881	57894764	3002	7	6	10.8	0.00	COPIES
r4_32seqs	NC@U@142501.1	57876989	57894767	2969	7	6	10.8	0.00	COPIES
r5_27seqs	NC@U@142501.1	91990563	91997383	1052	7	6	35.4	0.00	COPIES
r2_3seqs	NC@U@142501.1	91990614	91999846	1442	7	6	14.6	0.00	COPIES
r5_27seqs	NC@U@142501.1	92072018	92088163	2233	7	6	10.8	0.00	COPIES
r5_r5_P48	NC@U@142501.1	93175907	93191960	2484	7	6	30.0	0.00	COPIES
r1_r3_P2	NC@U@142501.1	93175934	93191978	2455	7	6	35.6	0.00	COPIES
r7_133seqs	NC@U@142501.1	142025710	142040680	2993	7	6	24.2	0.00	COPIES
r4_32seqs	NC@U@142502.1	102056212	102076180	3295	7	6	12.7	0.00	COPIES
r2_3seqs	NC@U@142502.1	147107695	147126879	3237	7	6	16.7	0.00	COPIES
r3_58seqs	NC@U@142502.1	184301490	184323477	3583	7	6	9.5	0.00	COPIES
r5_27seqs	NC@U@142503.1	92740024	92754550	2217	7	6	13.6	0.00	COPIES
r8_83seqs	NC@U@142503.1	92740024	92754550	1871	7	6	14.2	0.00	COPIES
r4_32seqs	NC@U@142503.1	92741909	92754550	2158	7	6	9.3	0.00	COPIES
r4_32seqs	NC@U@142503.1	101592454	101609162	2463	7	6	23.9	0.00	COPIES
r2_3seqs	NC@U@142503.1	101592588	101609162	2471	7	6	15.9	0.00	COPIES
r5_27seqs	NC@U@142503.1	102176047	102198846	3851	7	6	8.2	0.00	COPIES
r7_133seqs	NC@U@142503.1	102176047	102198846	3867	7	6	8.2	0.00	COPIES
r10_19seqs	NC@U@142503.1	102176051	102198838	3857	7	6	6.6	0.00	COPIES
r2_3seqs	NC@U@142503.1	102176053	102198841	3855	7	6	7.6	0.00	COPIES
r4_32seqs	NC@U@142503.1	102176053	102198841	3850	7	6	6.6	0.00	COPIES
r9_15seqs	NC@U@142503.1	130011025	130022107	1438	7	6	20.3	0.00	COPIES
r9_15seqs	NC@U@142503.1	178591457	178608363	2713	7	6	8.5	0.00	COPIES
r7_133seqs	NC@U@142504.1	48816662	48828422	1411	7	6	15.5	0.00	COPIES
r9_15seqs	NC@U@142504.1	48816662	48826116	1197	7	6	9.9	0.00	COPIES
r2_3seqs	NC@U@142504.1	48889274	48899250	997	7	6	39.6	0.00	COPIES
r3_58seqs	NC@U@142504.1	49382834	49396310	1882	7	6	25.4	0.00	COPIES
r6_210seqs	NC@U@142505.1	6248327	6271848	3840	7	6	7.9	0.00	COPIES
r10_19seqs	NC@U@142505.1	6711345	6714552	376	7	6	49.9	0.20	COPIES
r5_27seqs	NC@U@142505.1	17430688	17449493	3849	7	6	12.7	0.00	COPIES
r10_19seqs	NC@U@142505.1	37296344	37305234	1104	7	6	24.2	0.00	COPIES
r5_27seqs	NC@U@142505.1	72198234	72217167	3317	7	6	14.2	0.00	COPIES
r5_r5_P48	NC@U@142505.1	72581211	72607670	4473	7	6	8.9	0.00	COPIES
r9_15seqs	NC@U@142505.1	72614098	72615780	197	7	6	77.8	0.20	COPIES
r5_27seqs	NC@U@142505.1	72614290	72625052	1121	7	6	35.4	0.20	COPIES
r3_58seqs	NC@U@142505.1	73179034	73197386	3361	7	6	15.2	0.00	COPIES
r5_27seqs	NC@U@142505.1	73179133	73195569	2613	7	6	12.5	0.00	COPIES
r4_32seqs	NC@U@142505.1	83517073	83527234	1386	7	6	20.4	0.00	COPIES
r1_9seqs	NC@U@142506.1	33236821	33248979	1632	7	6	25.9	0.00	COPIES
r9_15seqs	NC@U@142507.1	32037856	32057577	2799	7	6	7.9	0.00	COPIES
r10_19seqs	NC@U@142507.1	32037860	32057616	2798	7	6	7.7	0.00	COPIES
r4_32seqs	NC@U@142507.1	32037935	32057621	2794	7	6	7.7	0.00	COPIES
r2_3seqs	NC@U@142507.1	36767015	36780810	2241	7	6	19.3	0.00	COPIES
r1_r3_P1	NC@U@142508.1	35365171	35379407	1817	7	6	32.4	0.00	COPIES
r6_210seqs	NC@U@142508.1	38125655	38143008	2633	7	6	27.1	0.00	COPIES
r3_58seqs	NC@U@142508.1	38125671	38142995	2539	7	6	27.9	0.00	COPIES
r4_32seqs	NC@U@142508.1	38125733	38142929	2560	7	6	27.9	0.00	COPIES
r9_15seqs	NC@U@142508.1	42833797	42835411	192	7	6	74.7	0.00	COPIES
r5_27seqs	NC@U@142508.1	45626493	45640393	1925	7	6	38.9	0.00	COPIES
r7_133seqs	NC@U@142508.1	45626493	45640393	1944	7	6	39.0	0.00	COPIES
r8_83seqs	NC@U@142508.1	45626493	45640393	1928	7	6	34.1	0.00	COPIES
r4_32seqs	NC@U@142508.1	45626497	45640387	1972	7	6	38.2	0.00	COPIES
r9_15seqs	NC@U@142508.1	45626544	45630011	549	7	6	37.8	0.00	COPIES
r10_19seqs	NC@U@142508.1	48790080	48791565	193	7	6	71.0	0.00	COPIES
r7_133seqs	NC@U@142508.1	60216064	60238771	3404	7	6	7.8	0.00	COPIES
r9_15seqs	NC@U@142508.1	60216064	60238732	3345	7	6	7.9	0.00	COPIES
r5_27seqs	NC@U@142508.1	71793211	71807988	2043	7	6	10.0	0.00	COPIES
r5_r5_P48	NC@U@142508.1	71795453	71811127	2250	7	6	18.4	0.00	COPIES
r7_133seqs	NC@U@142509.1	20702202	20708918	712	7	6	48.0	0.00	COPIES
r2_3seqs	NC@U@142509.1	22794222	22814396	3676	7	6	8.9	0.00	COPIES
r10_19seqs	NC@U@142510.1	13134150	13149622	2818	7	6	10.7	0.00	COPIES
r5_r5_P48	NC@U@142511.1	22798416	22818615	3172	7	6	16.5	0.00	COPIES
r1_9seqs	NC@U@142511.1	22798532	22812166	1834	7	6	17.4	0.00	COPIES
r7_133seqs	NC@U@142511.1	24598845	24603203	775	7	6	46.0	0.00	COPIES
MEG-RS	NC@U@142511.1	27371674	27390611	3153	7	6	99.8	0.80	ARRAY
r4_32seqs	NC@U@142512.1	4367156	4386506	2858	7	6	9.8	0.00	COPIES
r7_133seqs	NC@U@142512.1	4367162	4386512	2842	7	6	9.5	0.00	COPIES
r4_32seqs	NC@U@142512.1	19075768	19083997	1077	7	6	34.3	0.20	COPIES
r9_15seqs	NC@U@142512.1	19075814	19077953	201	7	6	90.8	0.60	ARRAY
r8_83seqs	NC@U@142512.1	35098544	35118007	3271	7	6	12.0	0.00	COPIES
r3_58seqs	NC@U@142512.1	35100049	35122554	4253	7	6	11.9	0.00	COPIES
r9_15seqs	NC@U@142513.1	22001035	22002375	204	7	6	70.7	0.20	COPIES
r3_58seqs	NC@U@142513.1	22162060	22179162	2597	7	6	6.1	0.00	COPIES
r4_32seqs	NC@U@142514.1	24179487	24196426	2421	7	6	15.3	0.00	COPIES
r9_15seqs	NC@U@142514.1	37589969	37594534	313	7	6	49.4	0.00	COPIES
r9_15seqs	NC@U@142514.1	85324434	85343926	3134	7	6	7.5	0.00	COPIES
r4_32seqs	NC@U@142514.1	100809423	100829198	3247	7	6	12.7	0.00	COPIES
r10_19seqs	NC@U@142514.1	100809438	100829187	3203	7	6	12.8	0.00	COPIES
r7_133seqs	NC@U@142514.1	101053778	101063291	836	7	6	76.3	0.00	COPIES
r9_15seqs	NC@U@142514.1	164593687	164615867	3772	7	6	9.7	0.00	COPIES
r3_58seqs	NC@U@142514.1	181154294	181164256	1234	7	6	57.8	0.00	COPIES
r5_r5_P48	NC@U@142514.1	181359216	181378613	2925	7	6	11.8	0.00	COPIES
r7_133seqs	NC@U@142514.1	181359358	181378668	2996	7	6	11.3	0.00	COPIES
r3_58seqs	NC@U@142514.1	181359365	181378679	2928	7	6	9.6	0.00	COPIES
r10_19seqs	NC@U@142514.1	183966802	183988865	3399	7	6	15.6	0.00	COPIES
r7_133seqs	NC@U@142514.1	183966802	183988869	3398	7	6	15.7	0.00	COPIES
r4_32seqs	NC@U@142515.1	22539386	22557294	2690	7	6	13.6	0.00	COPIES
r5_r5_P48	NC@U@142515.1	22541802	22560649	3021	7	6	14.3	0.00	COPIES
r3_58seqs	NC@U@142515.1	22541829	22560763	3109	7	6	13.6	0.00	COPIES
r6_210seqs	NC@U@142515.1	46897874	46913944	1871	7	6	30.7	0.00	COPIES
r1_9seqs	NC@U@142515.1	46897970	46914123	1572	7	6	19.7	0.00	COPIES
r8_83seqs	NC@U@142515.1	46897993	46916118	2380	7	6	31.5	0.00	COPIES
r7_133seqs	NC@U@142515.1	47074742	47094406	3194	7	6	9.1	0.00	COPIES
r5_r5_P48	NC@U@142515.1	50470160	50487981	2387	7	6	31.7	0.00	COPIES
r6_210seqs	NC@U@142515.1	50470300	50488708	3083	7	6	32.9	0.00	COPIES
r4_32seqs	NC@U@142515.1	50471627	50488846	2610	7	6	26.3	0.00	COPIES
r2_3seqs	NC@U@142515.1	74241141	74263567	3599	7	6	11.2	0.00	COPIES
r2_3seqs	NC@U@142516.1	33221377	33233259	1807	7	6	36.4	0.00	COPIES
r3_58seqs	NC@U@142516.1	33221377	33237332	2344	7	6	18.2	0.00	COPIES
r9_15seqs	NC@U@142516.1	45528749	45542180	2104	7	6	17.2	0.00	COPIES
r4_32seqs	NC@U@142516.1	45528753	45541252	1628	7	6	12.7	0.00	COPIES
r9_15seqs	NC@U@142516.1	75365550	75371344	384	7	6	62.8	0.00	COPIES
r10_19seqs	NC@U@142516.1	134937581	134944595	930	7	6	51.1	0.20	COPIES
r3_58seqs	NC@U@142517.1	130904347	130922342	2915	7	6	27.5	0.00	COPIES
r1_9seqs	NC@U@142517.1	130904470	130922283	2764	7	6	19.4	0.00	COPIES
r5_27seqs	NC@U@142517.1	130904479	130922361	2952	7	6	24.0	0.00	COPIES
r5_27seqs	NC@U@142517.1	184504244	184529641	4856	7	6	10.0	0.00	COPIES
r4_32seqs	NC@U@142518.1	22191309	22211813	3988	7	6	7.2	0.00	COPIES
r5_27seqs	NC@U@142518.1	22360971	22372782	1841	7	6	13.0	0.00	COPIES
r5_27seqs	NC@U@142518.1	31518732	31536563	2381	7	6	9.5	0.00	COPIES
r7_133seqs	NC@U@142518.1	37798177	37810652	1864	7	6	22.4	0.00	COPIES
r8_83seqs	NC@U@142518.1	37798177	37810652	1831	7	6	24.2	0.00	COPIES
r9_15seqs	NC@U@142518.1	41314448	41317528	182	7	6	72.4	0.00	COPIES
r9_15seqs	NC@U@142518.1	45034432	45036602	176	7	6	70.8	0.00	COPIES
r4_32seqs	NC@U@142518.1	73679086	73681797	249	7	6	83.6	0.20	COPIES
r9_15seqs	NC@U@142518.1	73679136	73681803	241	7	6	90.2	0.60	ARRAY
r9_15seqs	NC@U@142518.1	95858742	95860695	209	7	6	80.6	0.00	COPIES
r7_133seqs	NC@U@142518.1	100639017	100658789	2879	7	6	11.1	0.00	COPIES
r5_r6_P26	NC@U@142518.1	100695872	100714042	2720	7	6	20.6	0.00	COPIES
r3_58seqs	NC@U@142518.1	101510718	101530675	3285	7	6	6.1	0.00	COPIES
r7_133seqs	NC@U@142518.1	101832429	101837421	588	7	6	66.4	0.20	COPIES
r2_3seqs	NC@U@142518.1	101832491	101837415	373	7	6	77.4	0.00	COPIES
r4_32seqs	NC@U@142518.1	116941806	116944360	236	7	6	81.3	0.00	COPIES
r10_19seqs	NC@U@142518.1	116944229	116961213	2830	7	6	13.3	0.00	COPIES
r9_15seqs	NC@U@142501.1	17352906	17354342	212	6	5	65.7	0.25	COPIES
r9_15seqs	NC@U@142501.1	25360352	25361918	202	6	5	70.0	0.00	COPIES
r4_32seqs	NC@U@142501.1	25360358	25361839	142	6	5	74.2	0.00	COPIES
r10_19seqs	NC@U@142501.1	26604685	26615188	2124	6	5	21.8	0.00	COPIES
r4_32seqs	NC@U@142501.1	26607671	26615186	1158	6	5	22.7	0.00	COPIES
r2_3seqs	NC@U@142501.1	26607678	26615186	1154	6	5	22.8	0.00	COPIES
r5_27seqs	NC@U@142501.1	51003113	51020772	3058	6	5	11.0	0.00	COPIES
r4_32seqs	NC@U@142501.1	51011095	51027694	2985	6	5	9.5	0.00	COPIES
r9_15seqs	NC@U@142501.1	55323091	55338179	3274	6	5	15.6	0.00	COPIES
r10_19seqs	NC@U@142501.1	57257179	57271970	1863	6	5	12.6	0.00	COPIES
r2_3seqs	NC@U@142501.1	57257181	57271968	1863	6	5	18.0	0.00	COPIES
r6_210seqs	NC@U@142501.1	57876854	57894773	3541	6	5	7.7	0.00	COPIES
r5_27seqs	NC@U@142501.1	57879752	57894773	3145	6	5	8.9	0.00	COPIES
r7_133seqs	NC@U@142501.1	57879774	57894773	3184	6	5	8.4	0.00	COPIES
r10_19seqs	NC@U@142501.1	57879784	57894768	3141	6	5	8.3	0.00	COPIES
r3_58seqs	NC@U@142501.1	58609490	58622103	2173	6	5	16.0	0.00	COPIES
r7_133seqs	NC@U@142501.1	58609495	58620525	2267	6	5	16.3	0.00	COPIES
r8_83seqs	NC@U@142501.1	92075197	92086074	1924	6	5	41.3	0.00	COPIES
r6_210seqs	NC@U@142501.1	92076857	92090412	2302	6	5	11.4	0.00	COPIES
r3_58seqs	NC@U@142501.1	92076871	92090405	2220	6	5	11.4	0.00	COPIES
r10_19seqs	NC@U@142501.1	92076930	92090222	2223	6	5	10.2	0.00	COPIES
r1_9seqs	NC@U@142501.1	93175720	93185898	2494	6	5	30.0	0.00	COPIES
r7_133seqs	NC@U@142501.1	93597549	93609222	1891	6	5	16.9	0.00	COPIES
r8_83seqs	NC@U@142501.1	106774045	106790320	2548	6	5	7.8	0.00	COPIES
r3_58seqs	NC@U@142501.1	142025508	142040670	3070	6	5	15.8	0.00	COPIES
r5_r5_P48	NC@U@142501.1	142025569	142040872	3144	6	5	14.8	0.00	COPIES
r9_15seqs	NC@U@142501.1	142025746	142040669	3143	6	5	9.4	0.00	COPIES
r9_15seqs	NC@U@142501.1	168567568	168579562	2584	6	5	14.6	0.00	COPIES
r7_133seqs	NC@U@142502.1	6934745	6942673	1278	6	5	10.0	0.00	COPIES
r9_15seqs	NC@U@142502.1	23776059	23777597	198	6	5	75.9	0.00	COPIES
r9_15seqs	NC@U@142502.1	91965331	91983904	4448	6	5	4.1	0.00	COPIES
r9_15seqs	NC@U@142502.1	102056458	102070319	3010	6	5	15.3	0.00	COPIES
r4_32seqs	NC@U@142502.1	105724532	105736876	2022	6	5	17.5	0.00	COPIES
r5_r5_P48	NC@U@142502.1	105724532	105737483	2138	6	5	20.7	0.00	COPIES
r7_133seqs	NC@U@142502.1	107374647	107382959	1557	6	5	30.1	0.00	COPIES
r7_133seqs	NC@U@142502.1	108091202	108092793	193	6	5	50.5	0.00	COPIES
r9_15seqs	NC@U@142502.1	108091202	108094335	452	6	5	70.4	0.25	COPIES
r10_19seqs	NC@U@142502.1	108091206	108094369	457	6	5	70.0	0.25	COPIES
r2_3seqs	NC@U@142502.1	108091207	108094369	458	6	5	71.8	0.00	COPIES
r7_133seqs	NC@U@142502.1	109025327	109030675	647	6	5	38.0	0.00	COPIES
r7_133seqs	NC@U@142502.1	138077172	138080650	529	6	5	66.2	0.25	COPIES
r4_32seqs	NC@U@142502.1	139694017	139713001	3656	6	5	6.9	0.00	COPIES
r10_19seqs	NC@U@142502.1	147107697	147126884	3776	6	5	13.3	0.00	COPIES
r7_133seqs	NC@U@142502.1	147107713	147120977	3308	6	5	17.8	0.00	COPIES
r9_15seqs	NC@U@142502.1	147107752	147120971	3255	6	5	10.8	0.00	COPIES
r3_58seqs	NC@U@142503.1	35810117	35823559	2222	6	5	11.1	0.00	COPIES
r9_15seqs	NC@U@142503.1	45154587	45158617	777	6	5	34.2	0.00	COPIES
r4_32seqs	NC@U@142503.1	90191959	90193408	153	6	5	75.2	0.00	COPIES
r4_32seqs	NC@U@142503.1	92319569	92323803	671	6	5	72.8	0.00	COPIES
r2_3seqs	NC@U@142503.1	92741895	92754662	2347	6	5	7.2	0.00	COPIES
r10_19seqs	NC@U@142503.1	92741897	92754551	2352	6	5	6.9	0.00	COPIES
r4_32seqs	NC@U@142503.1	93141192	93158646	4565	6	5	11.7	0.00	COPIES
r9_15seqs	NC@U@142503.1	93623146	93631599	1423	6	5	18.6	0.00	COPIES
r7_133seqs	NC@U@142503.1	94005430	94006822	253	6	5	62.3	0.00	COPIES
r9_15seqs	NC@U@142503.1	94005430	94006769	253	6	5	61.6	0.00	COPIES
r6_210seqs	NC@U@142503.1	101596080	101611824	2648	6	5	13.2	0.00	COPIES
r10_19seqs	NC@U@142503.1	101600039	101609157	2311	6	5	17.4	0.00	COPIES
r7_133seqs	NC@U@142503.1	101600084	101609167	2347	6	5	17.4	0.00	COPIES
r1_r3_P2	NC@U@142503.1	121539708	121556140	2788	6	5	36.3	0.25	COPIES
r1_r3_P1	NC@U@142503.1	121542415	121563729	4852	6	5	17.2	0.00	COPIES
r5_r6_P26	NC@U@142503.1	121542415	121563729	4876	6	5	16.1	0.00	COPIES
r9_15seqs	NC@U@142503.1	130078288	130088181	1365	6	5	21.0	0.00	COPIES
r7_133seqs	NC@U@142503.1	180479901	180494736	2319	6	5	12.8	0.00	COPIES
r4_32seqs	NC@U@142503.1	180479907	180494734	2274	6	5	12.5	0.00	COPIES
r10_19seqs	NC@U@142503.1	180479910	180494745	2261	6	5	12.0	0.00	COPIES
r1_9seqs	NC@U@142503.1	192070485	192085518	2522	6	5	13.2	0.00	COPIES
r2_3seqs	NC@U@142503.1	192070487	192083255	2120	6	5	12.4	0.00	COPIES
r5_r6_P26	NC@U@142503.1	194909775	194922180	2296	6	5	22.7	0.00	COPIES
r4_32seqs	NC@U@142503.1	194909945	194922057	2232	6	5	25.0	0.00	COPIES
r9_15seqs	NC@U@142504.1	48757664	48762823	784	6	5	38.1	0.00	COPIES
r1_9seqs	NC@U@142504.1	48798260	48808318	1860	6	5	28.6	0.00	COPIES
r9_15seqs	NC@U@142504.1	48889195	48894986	651	6	5	55.9	0.00	COPIES
r3_58seqs	NC@U@142504.1	48889202	48894979	584	6	5	44.3	0.00	COPIES
r5_r5_P48	NC@U@142504.1	48889245	48899261	1237	6	5	23.5	0.00	COPIES
r4_32seqs	NC@U@142504.1	48889386	48894907	587	6	5	28.1	0.00	COPIES
r1_r3_P2	NC@U@142504.1	48889413	48894987	583	6	5	59.2	0.00	COPIES
r1_9seqs	NC@U@142504.1	49382881	49396250	2387	6	5	15.3	0.00	COPIES
r5_r5_P48	NC@U@142504.1	49384648	49391054	1471	6	5	31.3	0.00	COPIES
r1_r3_P2	NC@U@142504.1	49384982	49396351	1767	6	5	32.1	0.00	COPIES
r7_133seqs	NC@U@142504.1	59415703	59428485	2447	6	5	27.2	0.00	COPIES
r5_r5_P48	NC@U@142504.1	59464675	59482529	4326	6	5	27.0	0.00	COPIES
r9_15seqs	NC@U@142504.1	59809155	59811468	197	6	5	76.5	0.00	COPIES
r10_19seqs	NC@U@142504.1	64190634	64204963	2919	6	5	25.2	0.00	COPIES
r9_15seqs	NC@U@142504.1	64193533	64204962	2461	6	5	23.8	0.00	COPIES
r9_15seqs	NC@U@142504.1	96307316	96327131	4885	6	5	11.6	0.00	COPIES
r4_32seqs	NC@U@142504.1	96307395	96327125	4837	6	5	11.2	0.00	COPIES
r2_3seqs	NC@U@142504.1	118340890	118352397	1807	6	5	12.4	0.00	COPIES
r8_83seqs	NC@U@142505.1	6248327	6269018	4775	6	5	8.7	0.00	COPIES
r5_27seqs	NC@U@142505.1	6253310	6271974	2977	6	5	7.6	0.00	COPIES
r7_133seqs	NC@U@142505.1	6711334	6714376	374	6	5	41.7	0.00	COPIES
r2_3seqs	NC@U@142505.1	6711345	6714485	380	6	5	30.7	0.00	COPIES
r9_15seqs	NC@U@142505.1	6711379	6712987	201	6	5	42.3	0.00	COPIES
r7_133seqs	NC@U@142505.1	7557767	7571189	2326	6	5	11.1	0.00	COPIES
r9_15seqs	NC@U@142505.1	7557768	7571189	2280	6	5	10.2	0.00	COPIES
r10_19seqs	NC@U@142505.1	7557772	7571185	2316	6	5	11.2	0.00	COPIES
r2_3seqs	NC@U@142505.1	7557774	7571183	2194	6	5	10.8	0.00	COPIES
r4_32seqs	NC@U@142505.1	7557774	7571183	2328	6	5	10.5	0.00	COPIES
r9_15seqs	NC@U@142505.1	27187135	27207261	3620	6	5	9.9	0.00	COPIES
r2_3seqs	NC@U@142505.1	37296419	37305543	1393	6	5	29.2	0.00	COPIES
r7_133seqs	NC@U@142505.1	43519793	43531423	1542	6	5	13.9	0.00	COPIES
r3_58seqs	NC@U@142505.1	69596501	69606649	1239	6	5	18.1	0.00	COPIES
r9_15seqs	NC@U@142505.1	69604721	69606977	309	6	5	56.7	0.25	COPIES
r10_19seqs	NC@U@142505.1	69604724	69606973	311	6	5	56.7	0.25	COPIES
r9_15seqs	NC@U@142505.1	69643413	69649061	764	6	5	46.7	0.00	COPIES
r5_r5_P48	NC@U@142505.1	72198125	72208485	2039	6	5	40.4	0.00	COPIES
r9_15seqs	NC@U@142505.1	72591141	72592625	194	6	5	72.9	0.00	COPIES
r6_210seqs	NC@U@142505.1	72591909	72607773	3184	6	5	9.4	0.00	COPIES
r3_58seqs	NC@U@142505.1	72591916	72607746	3375	6	5	9.7	0.00	COPIES
r4_32seqs	NC@U@142505.1	72730592	72745705	2030	6	5	15.1	0.00	COPIES
r9_15seqs	NC@U@142505.1	73187289	73196878	1319	6	5	9.8	0.00	COPIES
r7_133seqs	NC@U@142505.1	73187290	73196925	1371	6	5	10.6	0.00	COPIES
r4_32seqs	NC@U@142505.1	76581422	76595433	2446	6	5	18.1	0.00	COPIES
r2_3seqs	NC@U@142505.1	76581429	76595422	2467	6	5	17.8	0.00	COPIES
r7_133seqs	NC@U@142505.1	76581632	76595439	2381	6	5	14.3	0.00	COPIES
r7_133seqs	NC@U@142505.1	77623190	77625797	450	6	5	64.0	0.00	COPIES
r3_58seqs	NC@U@142505.1	80819989	80830634	1544	6	5	43.8	0.00	COPIES
r5_r5_P48	NC@U@142505.1	82299286	82314048	3747	6	5	29.5	0.00	COPIES
r6_210seqs	NC@U@142505.1	82299286	82313969	3759	6	5	26.6	0.00	COPIES
r3_58seqs	NC@U@142505.1	82299313	82314041	3759	6	5	26.6	0.00	COPIES
r4_32seqs	NC@U@142505.1	82403830	82416650	3165	6	5	10.1	0.00	COPIES
r8_83seqs	NC@U@142505.1	82407189	82416656	1636	6	5	26.1	0.00	COPIES
r7_133seqs	NC@U@142505.1	82407217	82416656	1700	6	5	17.3	0.00	COPIES
r4_32seqs	NC@U@142505.1	82487499	82500030	2487	6	5	34.4	0.00	COPIES
r3_58seqs	NC@U@142506.1	14893705	14910340	3024	6	5	9.0	0.00	COPIES
r2_3seqs	NC@U@142506.1	33236732	33248428	1611	6	5	18.0	0.00	COPIES
r3_58seqs	NC@U@142506.1	55530875	55550439	5242	6	5	13.6	0.00	COPIES
r2_3seqs	NC@U@142507.1	11018396	11028181	1407	6	5	12.6	0.00	COPIES
r9_15seqs	NC@U@142507.1	11018420	11028187	1409	6	5	11.9	0.00	COPIES
r7_133seqs	NC@U@142507.1	32043519	32057628	2050	6	5	8.6	0.00	COPIES
r2_3seqs	NC@U@142507.1	32043525	32057619	2121	6	5	8.9	0.00	COPIES
r5_r5_P48	NC@U@142507.1	32301697	32319095	3049	6	5	11.6	0.00	COPIES
r9_15seqs	NC@U@142507.1	36767009	36778483	2163	6	5	23.5	0.00	COPIES
r10_19seqs	NC@U@142507.1	36767013	36778483	2156	6	5	24.1	0.00	COPIES
r9_15seqs	NC@U@142507.1	42371181	42372433	143	6	5	84.8	0.25	COPIES
r9_15seqs	NC@U@142507.1	45201036	45220953	4643	6	5	5.7	0.00	COPIES
r7_133seqs	NC@U@142508.1	9297001	9308602	1235	6	5	29.1	0.00	COPIES
r2_3seqs	NC@U@142508.1	30262200	30275013	2571	6	5	17.2	0.00	COPIES
r7_133seqs	NC@U@142508.1	30262449	30275080	2689	6	5	14.8	0.00	COPIES
r4_32seqs	NC@U@142508.1	30262455	30274885	2689	6	5	13.9	0.00	COPIES
r3_58seqs	NC@U@142508.1	30262456	30275092	2687	6	5	17.2	0.00	COPIES
r9_15seqs	NC@U@142508.1	32042710	32043921	146	6	5	72.0	0.00	COPIES
r9_15seqs	NC@U@142508.1	32781147	32790736	1484	6	5	26.7	0.00	COPIES
r4_32seqs	NC@U@142508.1	32896463	32912115	3557	6	5	13.8	0.00	COPIES
r3_58seqs	NC@U@142508.1	32896464	32912182	3557	6	5	16.0	0.00	COPIES
r9_15seqs	NC@U@142508.1	34315784	34317315	206	6	5	90.7	0.50	ARRAY
r2_3seqs	NC@U@142508.1	34985627	34998680	2337	6	5	14.9	0.00	COPIES
r2_3seqs	NC@U@142508.1	35271066	35280879	1707	6	5	20.5	0.00	COPIES
r2_3seqs	NC@U@142508.1	35365417	35370593	542	6	5	55.2	0.00	COPIES
r5_r6_P26	NC@U@142508.1	35365602	35379402	2009	6	5	24.5	0.00	COPIES
r9_15seqs	NC@U@142508.1	35616122	35618078	210	6	5	85.7	0.25	COPIES
r5_27seqs	NC@U@142508.1	37053374	37070303	2956	6	5	20.0	0.00	COPIES
r10_19seqs	NC@U@142508.1	37060176	37076376	3618	6	5	6.7	0.00	COPIES
r2_3seqs	NC@U@142508.1	38125745	38142920	3793	6	5	15.5	0.00	COPIES
r5_r5_P48	NC@U@142508.1	39361093	39373321	2287	6	5	24.8	0.00	COPIES
r9_15seqs	NC@U@142508.1	39505996	39521569	2720	6	5	5.2	0.00	COPIES
r9_15seqs	NC@U@142508.1	39543161	39549387	770	6	5	38.9	0.00	COPIES
r7_133seqs	NC@U@142508.1	39837062	39839345	414	6	5	68.9	0.00	COPIES
r9_15seqs	NC@U@142508.1	39837062	39839345	456	6	5	57.5	0.00	COPIES
r2_3seqs	NC@U@142508.1	39837068	39839339	454	6	5	79.1	0.00	COPIES
r4_32seqs	NC@U@142508.1	39837068	39839339	452	6	5	76.3	0.00	COPIES
r4_32seqs	NC@U@142508.1	42833852	42835409	158	6	5	78.9	0.25	COPIES
r2_3seqs	NC@U@142508.1	45626512	45637735	1435	6	5	34.3	0.00	COPIES
r3_58seqs	NC@U@142508.1	48470490	48492825	4996	6	5	5.6	0.00	COPIES
r10_19seqs	NC@U@142508.1	48483501	48503996	5257	6	5	7.5	0.00	COPIES
r7_133seqs	NC@U@142508.1	48790006	48791565	274	6	5	67.5	0.00	COPIES
r7_133seqs	NC@U@142508.1	65083520	65092496	1326	6	5	15.9	0.00	COPIES
r7_133seqs	NC@U@142508.1	71796276	71807988	2028	6	5	11.1	0.00	COPIES
r2_3seqs	NC@U@142508.1	71796277	71807982	1913	6	5	9.7	0.00	COPIES
r7_133seqs	NC@U@142509.1	17058719	17063359	524	6	5	82.7	0.00	COPIES
r4_32seqs	NC@U@142509.1	17058740	17063479	532	6	5	80.5	0.00	COPIES
r6_210seqs	NC@U@142509.1	17266030	17277132	1703	6	5	21.9	0.00	COPIES
r3_58seqs	NC@U@142509.1	17270353	17277105	1104	6	5	22.3	0.00	COPIES
r7_133seqs	NC@U@142509.1	17270367	17277030	965	6	5	12.2	0.00	COPIES
r3_58seqs	NC@U@142509.1	17813075	17830233	3352	6	5	8.4	0.00	COPIES
r5_27seqs	NC@U@142509.1	17813188	17830243	3338	6	5	7.4	0.00	COPIES
r9_15seqs	NC@U@142509.1	17888528	17889806	201	6	5	67.0	0.25	COPIES
r10_19seqs	NC@U@142509.1	17996536	17997963	179	6	5	48.0	0.00	COPIES
r7_133seqs	NC@U@142509.1	19620989	19633728	1642	6	5	15.8	0.00	COPIES
r9_15seqs	NC@U@142509.1	19620989	19633728	1620	6	5	16.4	0.00	COPIES
r10_19seqs	NC@U@142509.1	19620994	19633723	1599	6	5	16.5	0.00	COPIES
r2_3seqs	NC@U@142509.1	19620995	19633722	1553	6	5	16.6	0.00	COPIES
r4_32seqs	NC@U@142509.1	19620995	19633722	1551	6	5	16.0	0.00	COPIES
r10_r8_P18	NC@U@142509.1	20701949	20714889	1453	6	5	23.8	0.00	COPIES
r2_3seqs	NC@U@142509.1	20701956	20708836	781	6	5	34.4	0.00	COPIES
r9_15seqs	NC@U@142509.1	22753928	22758004	405	6	5	34.5	0.00	COPIES
r7_133seqs	NC@U@142509.1	35533070	35546548	2285	6	5	13.5	0.00	COPIES
r9_15seqs	NC@U@142509.1	35533070	35546548	2357	6	5	12.7	0.00	COPIES
r2_3seqs	NC@U@142509.1	35533076	35546466	2309	6	5	13.8	0.00	COPIES
r4_32seqs	NC@U@142509.1	35533076	35546466	2291	6	5	14.1	0.00	COPIES
r3_58seqs	NC@U@142509.1	35533077	35546465	2272	6	5	15.5	0.00	COPIES
r3_58seqs	NC@U@142510.1	13133712	13149732	3550	6	5	5.8	0.00	COPIES
r2_3seqs	NC@U@142510.1	13133837	13149732	3669	6	5	9.9	0.00	COPIES
r9_15seqs	NC@U@142510.1	13134210	13145567	2329	6	5	12.5	0.00	COPIES
r1_9seqs	NC@U@142510.1	14977773	14996010	3727	6	5	7.4	0.00	COPIES
r9_15seqs	NC@U@142510.1	18101712	18105142	517	6	5	27.4	0.00	COPIES
r3_58seqs	NC@U@142510.1	18435344	18444348	1622	6	5	23.8	0.00	COPIES
r4_32seqs	NC@U@142510.1	18435423	18444316	1659	6	5	16.8	0.00	COPIES
r1_r3_P2	NC@U@142511.1	22798422	22812070	3137	6	5	28.7	0.00	COPIES
r3_58seqs	NC@U@142511.1	22798429	22812007	3124	6	5	21.0	0.00	COPIES
r4_32seqs	NC@U@142511.1	22810783	22818539	1785	6	5	24.8	0.00	COPIES
r3_58seqs	NC@U@142511.1	23114704	23131489	3770	6	5	16.7	0.00	COPIES
r5_27seqs	NC@U@142511.1	23114769	23131496	3618	6	5	13.8	0.00	COPIES
r1_r3_P2	NC@U@142511.1	23256790	23267251	1674	6	5	18.5	0.00	COPIES
r1_9seqs	NC@U@142511.1	23256795	23266773	1674	6	5	12.6	0.00	COPIES
r5_r5_P48	NC@U@142511.1	23256982	23267083	1617	6	5	19.7	0.00	COPIES
r6_210seqs	NC@U@142511.1	23257118	23267212	1647	6	5	14.9	0.00	COPIES
r7_133seqs	NC@U@142511.1	23257118	23266936	1498	6	5	17.4	0.00	COPIES
r6_210seqs	NC@U@142511.1	23879456	23892502	2160	6	5	28.2	0.00	COPIES
r7_133seqs	NC@U@142511.1	24364821	24371181	776	6	5	44.4	0.00	COPIES
r7_133seqs	NC@U@142511.1	24454052	24459787	807	6	5	20.6	0.00	COPIES
r9_15seqs	NC@U@142511.1	24598845	24603070	874	6	5	28.4	0.00	COPIES
r10_19seqs	NC@U@142511.1	24598849	24603065	874	6	5	28.2	0.00	COPIES
r10_19seqs	NC@U@142512.1	7143715	7154389	1947	6	5	10.4	0.00	COPIES
r4_32seqs	NC@U@142512.1	7143716	7154445	1943	6	5	10.6	0.00	COPIES
r5_27seqs	NC@U@142512.1	15328980	15343380	2745	6	5	15.9	0.00	COPIES
r2_3seqs	NC@U@142512.1	19075779	19084004	1356	6	5	31.6	0.00	COPIES
r9_15seqs	NC@U@142512.1	25644165	25646924	199	6	5	64.3	0.00	COPIES
r9_15seqs	NC@U@142512.1	26493895	26506228	2531	6	5	13.5	0.00	COPIES
r5_27seqs	NC@U@142512.1	27205376	27217628	2174	6	5	22.3	0.00	COPIES
r7_133seqs	NC@U@142512.1	35098544	35108974	2251	6	5	11.1	0.00	COPIES
r10_19seqs	NC@U@142512.1	35098548	35108965	2234	6	5	10.7	0.00	COPIES
r5_27seqs	NC@U@142513.1	18596370	18604788	1629	6	5	27.5	0.00	COPIES
r7_133seqs	NC@U@142513.1	18596370	18604788	1629	6	5	26.4	0.00	COPIES
r2_3seqs	NC@U@142513.1	18596376	18604782	1510	6	5	29.3	0.00	COPIES
r4_32seqs	NC@U@142513.1	18596376	18604782	1629	6	5	25.8	0.00	COPIES
r3_58seqs	NC@U@142513.1	18721800	18733689	2894	6	5	22.3	0.00	COPIES
r10_19seqs	NC@U@142513.1	18725214	18733617	1611	6	5	23.1	0.00	COPIES
r4_32seqs	NC@U@142513.1	18725349	18733626	1618	6	5	23.4	0.00	COPIES
r7_133seqs	NC@U@142513.1	22000990	22002375	199	6	5	69.6	0.00	COPIES
r2_3seqs	NC@U@142513.1	22161940	22173799	2531	6	5	11.9	0.00	COPIES
r5_27seqs	NC@U@142513.1	22162053	22173805	2454	6	5	9.6	0.00	COPIES
r7_133seqs	NC@U@142513.1	22164362	22179033	2704	6	5	5.7	0.00	COPIES
r1_r3_P2	NC@U@142513.1	25059162	25074615	1987	6	5	37.3	0.00	COPIES
r3_58seqs	NC@U@142513.1	25789345	25803967	2528	6	5	14.2	0.00	COPIES
r4_32seqs	NC@U@142513.1	25789555	25803968	2512	6	5	11.3	0.00	COPIES
r3_58seqs	NC@U@142513.1	59930384	59950619	4000	6	5	9.0	0.00	COPIES
r2_3seqs	NC@U@142514.1	6774702	6785230	1359	6	5	13.8	0.00	COPIES
r10_19seqs	NC@U@142514.1	6774782	6785232	1278	6	5	14.2	0.00	COPIES
r9_15seqs	NC@U@142514.1	6774815	6785236	1240	6	5	14.0	0.00	COPIES
r3_58seqs	NC@U@142514.1	10575758	10585288	1224	6	5	20.2	0.00	COPIES
r5_27seqs	NC@U@142514.1	10949341	10955838	467	6	5	43.3	0.00	COPIES
r9_15seqs	NC@U@142514.1	10950652	10955781	622	6	5	23.6	0.00	COPIES
r5_27seqs	NC@U@142514.1	16289122	16299716	1066	6	5	18.4	0.00	COPIES
r7_133seqs	NC@U@142514.1	16289122	16299716	1066	6	5	18.0	0.00	COPIES
r2_3seqs	NC@U@142514.1	21561500	21578828	2977	6	5	12.7	0.00	COPIES
r5_27seqs	NC@U@142514.1	22087726	22102774	2848	6	5	12.4	0.00	COPIES
r4_32seqs	NC@U@142514.1	22401363	22407256	576	6	5	74.8	0.00	COPIES
r5_27seqs	NC@U@142514.1	24179403	24194608	2993	6	5	20.3	0.00	COPIES
r10_19seqs	NC@U@142514.1	24179498	24196504	4047	6	5	20.2	0.00	COPIES
r9_15seqs	NC@U@142514.1	24179545	24194467	2818	6	5	19.9	0.00	COPIES
r5_27seqs	NC@U@142514.1	69581269	69603545	4315	6	5	4.5	0.00	COPIES
r2_3seqs	NC@U@142514.1	69581280	69603539	4310	6	5	4.5	0.00	COPIES
r4_32seqs	NC@U@142514.1	69581415	69603539	4175	6	5	4.5	0.00	COPIES
r7_133seqs	NC@U@142514.1	69581416	69603545	4168	6	5	4.5	0.00	COPIES
r2_3seqs	NC@U@142514.1	80923618	80934702	2041	6	5	12.8	0.00	COPIES
r7_133seqs	NC@U@142514.1	80923618	80934903	2034	6	5	10.5	0.00	COPIES
r3_58seqs	NC@U@142514.1	100572059	100589793	2433	6	5	10.1	0.00	COPIES
r7_133seqs	NC@U@142514.1	100572379	100589535	2309	6	5	9.4	0.00	COPIES
r9_15seqs	NC@U@142514.1	100752892	100765562	1245	6	5	23.3	0.00	COPIES
r6_210seqs	NC@U@142514.1	101053750	101068980	2930	6	5	13.1	0.00	COPIES
r8_83seqs	NC@U@142514.1	101053750	101068983	2926	6	5	13.1	0.00	COPIES
r3_58seqs	NC@U@142514.1	101053767	101068966	2916	6	5	12.0	0.00	COPIES
r2_3seqs	NC@U@142514.1	101053845	101063135	1016	6	5	18.7	0.00	COPIES
r5_27seqs	NC@U@142514.1	101385312	101393730	1057	6	5	14.4	0.00	COPIES
r9_15seqs	NC@U@142514.1	101385357	101393648	1007	6	5	13.7	0.00	COPIES
r10_19seqs	NC@U@142514.1	137767266	137783861	2799	6	5	11.6	0.00	COPIES
r9_15seqs	NC@U@142514.1	141340940	141353728	2237	6	5	17.7	0.00	COPIES
r8_83seqs	NC@U@142514.1	146316339	146327648	2078	6	5	17.2	0.00	COPIES
r9_15seqs	NC@U@142514.1	146381020	146395480	3053	6	5	12.7	0.00	COPIES
r9_15seqs	NC@U@142514.1	173297419	173307339	1516	6	5	27.9	0.00	COPIES
r7_133seqs	NC@U@142514.1	174774787	174797117	4818	6	5	8.5	0.00	COPIES
r8_83seqs	NC@U@142514.1	179903540	179919240	2706	6	5	12.7	0.00	COPIES
r5_27seqs	NC@U@142514.1	179908664	179919240	1634	6	5	17.7	0.00	COPIES
r7_133seqs	NC@U@142514.1	179908664	179919240	1634	6	5	17.7	0.00	COPIES
r4_32seqs	NC@U@142514.1	181154361	181164053	1395	6	5	21.3	0.00	COPIES
r5_27seqs	NC@U@142514.1	181154361	181164201	1333	6	5	24.7	0.00	COPIES
r2_3seqs	NC@U@142514.1	181154372	181164181	1395	6	5	20.9	0.00	COPIES
r5_r6_P26	NC@U@142514.1	181359216	181378679	3855	6	5	12.4	0.00	COPIES
r2_3seqs	NC@U@142514.1	181359245	181371860	2326	6	5	21.2	0.00	COPIES
r1_r3_P2	NC@U@142514.1	181359360	181378755	4033	6	5	9.6	0.00	COPIES
r5_27seqs	NC@U@142514.1	183966636	183983395	2306	6	5	15.2	0.00	COPIES
r8_83seqs	NC@U@142514.1	183966636	183983395	2306	6	5	15.2	0.00	COPIES
r9_15seqs	NC@U@142514.1	183976930	183995924	4258	6	5	5.5	0.00	COPIES
r2_3seqs	NC@U@142515.1	5905757	5908779	630	6	5	69.1	0.00	COPIES
r1_9seqs	NC@U@142515.1	22541934	22560475	3940	6	5	12.7	0.00	COPIES
r7_133seqs	NC@U@142515.1	22549608	22560450	2164	6	5	13.9	0.00	COPIES
r8_83seqs	NC@U@142515.1	46832055	46845094	2210	6	5	6.8	0.00	COPIES
r9_15seqs	NC@U@142515.1	46838733	46845094	846	6	5	42.4	0.00	COPIES
r2_3seqs	NC@U@142515.1	46897987	46907917	1187	6	5	40.0	0.00	COPIES
r7_133seqs	NC@U@142515.1	46906519	46921317	2175	6	5	17.5	0.00	COPIES
r2_3seqs	NC@U@142515.1	50411628	50431430	4006	6	5	11.7	0.00	COPIES
r10_19seqs	NC@U@142515.1	50411747	50431428	4000	6	5	11.3	0.00	COPIES
r4_32seqs	NC@U@142515.1	66814185	66828653	2386	6	5	10.6	0.00	COPIES
r6_210seqs	NC@U@142515.1	74241026	74254260	2621	6	5	14.6	0.00	COPIES
r3_58seqs	NC@U@142515.1	74241035	74254260	2666	6	5	14.4	0.00	COPIES
r4_32seqs	NC@U@142515.1	74241141	74253999	2598	6	5	14.0	0.00	COPIES
r9_15seqs	NC@U@142515.1	77341700	77352760	1954	6	5	12.2	0.00	COPIES
r3_58seqs	NC@U@142515.1	86617800	86631350	2655	6	5	23.1	0.00	COPIES
r7_133seqs	NC@U@142515.1	95300412	95303485	559	6	5	62.2	0.00	COPIES
r10_19seqs	NC@U@142515.1	95300424	95303481	565	6	5	71.6	0.00	COPIES
r4_32seqs	NC@U@142515.1	95300429	95303479	548	6	5	64.4	0.00	COPIES
r9_15seqs	NC@U@142515.1	95300476	95302205	210	6	5	52.6	0.25	COPIES
r5_27seqs	NC@U@142515.1	95405618	95423701	4127	6	5	12.1	0.00	COPIES
r4_32seqs	NC@U@142516.1	380526	391577	2114	6	5	29.8	0.00	COPIES
r9_15seqs	NC@U@142516.1	380526	391545	2035	6	5	30.1	0.00	COPIES
r9_15seqs	NC@U@142516.1	1833747	1852568	3871	6	5	3.4	0.00	COPIES
r10_19seqs	NC@U@142516.1	4431499	4435947	671	6	5	48.6	0.25	COPIES
r9_15seqs	NC@U@142516.1	4431668	4433687	393	6	5	60.6	0.00	COPIES
r7_133seqs	NC@U@142516.1	6307151	6322407	2742	6	5	16.8	0.00	COPIES
r9_15seqs	NC@U@142516.1	6307156	6322354	2744	6	5	16.8	0.00	COPIES
r5_27seqs	NC@U@142516.1	6310760	6327741	3269	6	5	14.5	0.00	COPIES
r8_83seqs	NC@U@142516.1	6313510	6327937	2265	6	5	18.2	0.00	COPIES
r9_15seqs	NC@U@142516.1	20023522	20036629	2474	6	5	13.2	0.00	COPIES
r9_15seqs	NC@U@142516.1	31649932	31652699	512	6	5	64.5	0.25	COPIES
r9_15seqs	NC@U@142516.1	33076860	33091610	3410	6	5	18.8	0.00	COPIES
r4_32seqs	NC@U@142516.1	33081375	33087545	1069	6	5	35.4	0.25	COPIES
r2_3seqs	NC@U@142516.1	33194812	33207043	1874	6	5	23.0	0.00	COPIES
r7_133seqs	NC@U@142516.1	33194812	33207044	1731	6	5	22.9	0.00	COPIES
r1_r3_P2	NC@U@142516.1	33221293	33237378	2518	6	5	20.1	0.00	COPIES
r5_r3_P34	NC@U@142516.1	33223811	33237363	2072	6	5	46.3	0.00	COPIES
r5_r5_P48	NC@U@142516.1	33223862	33233485	1582	6	5	48.8	0.00	COPIES
r5_r6_P26	NC@U@142516.1	33223862	33233745	1581	6	5	48.9	0.00	COPIES
r10_19seqs	NC@U@142516.1	33224002	33233254	1439	6	5	41.6	0.00	COPIES
r5_27seqs	NC@U@142516.1	45528749	45541273	2101	6	5	13.8	0.00	COPIES
r7_133seqs	NC@U@142516.1	45528749	45541273	2186	6	5	13.6	0.00	COPIES
r8_83seqs	NC@U@142516.1	45528749	45541273	2102	6	5	13.4	0.00	COPIES
r10_19seqs	NC@U@142516.1	45528751	45541251	2192	6	5	13.6	0.00	COPIES
r2_3seqs	NC@U@142516.1	45528753	45541251	2191	6	5	13.6	0.00	COPIES
r3_58seqs	NC@U@142516.1	45530049	45541301	1963	6	5	12.4	0.00	COPIES
r9_15seqs	NC@U@142516.1	74554881	74556386	198	6	5	62.5	0.25	COPIES
r10_19seqs	NC@U@142516.1	75365554	75371172	569	6	5	70.9	0.00	COPIES
r5_27seqs	NC@U@142516.1	75471280	75485473	3699	6	5	26.4	0.00	COPIES
r6_210seqs	NC@U@142516.1	75471280	75485518	3765	6	5	26.4	0.00	COPIES
r4_32seqs	NC@U@142516.1	75471286	75485319	3705	6	5	24.2	0.00	COPIES
r3_58seqs	NC@U@142516.1	75471287	75485583	3786	6	5	26.4	0.00	COPIES
r4_32seqs	NC@U@142516.1	81583906	81596061	1788	6	5	19.9	0.00	COPIES
r5_r5_P48	NC@U@142516.1	89123459	89133809	2463	6	5	31.7	0.00	COPIES
r3_58seqs	NC@U@142516.1	89399836	89416358	3199	6	5	9.3	0.00	COPIES
r10_19seqs	NC@U@142516.1	89748083	89756791	1800	6	5	38.0	0.00	COPIES
r1_9seqs	NC@U@142516.1	89748110	89756809	1757	6	5	34.7	0.00	COPIES
r9_15seqs	NC@U@142516.1	131946949	131967135	4161	6	5	6.4	0.00	COPIES
r5_27seqs	NC@U@142516.1	134937579	134946454	1741	6	5	27.0	0.00	COPIES
r3_58seqs	NC@U@142516.1	134938253	134946426	1212	6	5	26.8	0.00	COPIES
r9_15seqs	NC@U@142517.1	2546115	2553054	919	6	5	50.8	0.00	COPIES
r7_133seqs	NC@U@142517.1	59546625	59550485	477	6	5	77.2	0.00	COPIES
r9_15seqs	NC@U@142517.1	59546625	59550450	530	6	5	65.4	0.00	COPIES
r7_133seqs	NC@U@142517.1	72877291	72880248	205	6	5	73.9	0.00	COPIES
r2_3seqs	NC@U@142517.1	120769114	120788662	4055	6	5	8.2	0.00	COPIES
r10_19seqs	NC@U@142517.1	120775225	120788662	2393	6	5	13.1	0.00	COPIES
r2_3seqs	NC@U@142517.1	122872488	122890601	4429	6	5	14.9	0.00	COPIES
r3_58seqs	NC@U@142517.1	122921333	122938629	2483	6	5	11.1	0.00	COPIES
r10_19seqs	NC@U@142517.1	130909631	130922269	2778	6	5	25.2	0.00	COPIES
r4_32seqs	NC@U@142517.1	130909632	130922280	2790	6	5	24.8	0.00	COPIES
r7_133seqs	NC@U@142517.1	130909633	130922287	2774	6	5	25.6	0.00	COPIES
r9_15seqs	NC@U@142517.1	156056120	156057463	190	6	5	83.7	0.50	ARRAY
r7_133seqs	NC@U@142518.1	16524246	16536515	2284	6	5	20.9	0.00	COPIES
r7_133seqs	NC@U@142518.1	22191476	22211819	3951	6	5	7.4	0.00	COPIES
r9_15seqs	NC@U@142518.1	22325477	22327283	404	6	5	61.4	0.00	COPIES
r1_r3_P2	NC@U@142518.1	22360810	22375576	1968	6	5	32.1	0.00	COPIES
r7_133seqs	NC@U@142518.1	31518732	31531013	1907	6	5	12.9	0.00	COPIES
r9_15seqs	NC@U@142518.1	35803852	35810489	1681	6	5	23.7	0.00	COPIES
r4_32seqs	NC@U@142518.1	36987632	36998289	1895	6	5	14.0	0.00	COPIES
r5_r3_P34	NC@U@142518.1	37798040	37812579	3008	6	5	15.6	0.00	COPIES
r5_r6_P26	NC@U@142518.1	37798040	37812579	2941	6	5	18.4	0.00	COPIES
r6_210seqs	NC@U@142518.1	37798177	37810652	3001	6	5	21.9	0.00	COPIES
r10_19seqs	NC@U@142518.1	37798181	37810648	2092	6	5	28.1	0.00	COPIES
r3_58seqs	NC@U@142518.1	37798184	37810645	3001	6	5	20.6	0.00	COPIES
r2_3seqs	NC@U@142518.1	37801787	37810646	1854	6	5	19.8	0.00	COPIES
r9_15seqs	NC@U@142518.1	41277193	41288655	1658	6	5	18.6	0.00	COPIES
r7_133seqs	NC@U@142518.1	41314448	41317557	358	6	5	69.1	0.00	COPIES
r10_19seqs	NC@U@142518.1	41314453	41317562	352	6	5	61.5	0.00	COPIES
r2_3seqs	NC@U@142518.1	41314454	41317562	239	6	5	65.4	0.00	COPIES
r4_32seqs	NC@U@142518.1	41314454	41317566	358	6	5	65.4	0.00	COPIES
r9_15seqs	NC@U@142518.1	41511878	41526706	2157	6	5	28.0	0.00	COPIES
r4_32seqs	NC@U@142518.1	41541653	41546955	504	6	5	82.8	0.00	COPIES
r7_133seqs	NC@U@142518.1	45034317	45036602	160	6	5	76.4	0.00	COPIES
r10_19seqs	NC@U@142518.1	45034435	45036597	146	6	5	79.4	0.00	COPIES
r4_32seqs	NC@U@142518.1	45034437	45036596	159	6	5	77.0	0.00	COPIES
r5_27seqs	NC@U@142518.1	73672698	73684412	1430	6	5	22.9	0.00	COPIES
r5_27seqs	NC@U@142518.1	78719872	78730070	939	6	5	49.9	0.00	COPIES
r7_133seqs	NC@U@142518.1	95184469	95186120	204	6	5	80.2	0.00	COPIES
r3_58seqs	NC@U@142518.1	100639026	100653065	2566	6	5	15.3	0.00	COPIES
r4_32seqs	NC@U@142518.1	100762469	100775636	1906	6	5	10.7	0.00	COPIES
r2_3seqs	NC@U@142518.1	100868853	100883659	3266	6	5	24.2	0.00	COPIES
r5_27seqs	NC@U@142518.1	100875800	100890071	2911	6	5	12.1	0.00	COPIES
r9_15seqs	NC@U@142518.1	100997306	100999116	210	6	5	39.3	0.00	COPIES
r6_210seqs	NC@U@142518.1	101100948	101119604	4741	6	5	14.1	0.00	COPIES
r7_133seqs	NC@U@142518.1	101514102	101530612	3539	6	5	7.9	0.00	COPIES
r4_32seqs	NC@U@142518.1	101514105	101530612	3469	6	5	7.8	0.00	COPIES
r9_15seqs	NC@U@142518.1	101514139	101530566	3586	6	5	7.9	0.00	COPIES
r9_15seqs	NC@U@142518.1	105144327	105146363	215	6	5	66.3	0.25	COPIES
r5_r5_P48	NC@U@142518.1	116941785	116954265	1250	6	5	42.5	0.00	COPIES
r5_r6_P26	NC@U@142518.1	116941785	116954266	1250	6	5	42.5	0.00	COPIES
r7_133seqs	NC@U@142518.1	116941927	116944360	328	6	5	51.6	0.00	COPIES
r5_27seqs	NC@U@142518.1	116949403	116961218	2245	6	5	18.2	0.00	COPIES
r5_27seqs	NC@U@142518.1	117050902	117065937	2301	6	5	13.8	0.00	COPIES
r3_58seqs	NC@U@142518.1	117050911	117065960	2432	6	5	19.2	0.00	COPIES
r6_210seqs	NC@U@142501.1	2106328	2122125	3863	5	4	9.1	0.00	COPIES
r5_r5_P48	NC@U@142501.1	2108323	2122922	3568	5	4	7.7	0.00	COPIES
r5_27seqs	NC@U@142501.1	7831292	7839846	2542	5	4	8.0	0.00	COPIES
r2_3seqs	NC@U@142501.1	7831298	7839962	2499	5	4	6.1	0.00	COPIES
r5_27seqs	NC@U@142501.1	10452296	10467146	3758	5	4	6.5	0.00	COPIES
r8_83seqs	NC@U@142501.1	10452297	10467146	3758	5	4	6.5	0.00	COPIES
r4_32seqs	NC@U@142501.1	17352912	17353816	143	5	4	80.8	0.33	COPIES
r9_15seqs	NC@U@142501.1	20751321	20752006	136	5	4	69.3	0.33	COPIES
r7_133seqs	NC@U@142501.1	25360352	25361720	303	5	4	74.8	0.00	COPIES
r10_19seqs	NC@U@142501.1	25360356	25361714	303	5	4	65.5	0.00	COPIES
r2_3seqs	NC@U@142501.1	25360358	25361839	303	5	4	65.5	0.00	COPIES
r4_32seqs	NC@U@142501.1	26363834	26375898	2238	5	4	14.5	0.00	COPIES
r5_27seqs	NC@U@142501.1	26363834	26375904	2237	5	4	14.5	0.00	COPIES
r7_133seqs	NC@U@142501.1	26604623	26611984	1691	5	4	14.8	0.00	COPIES
r9_15seqs	NC@U@142501.1	26607716	26611978	848	5	4	24.1	0.00	COPIES
r2_3seqs	NC@U@142501.1	26638960	26651937	2775	5	4	14.1	0.00	COPIES
r9_15seqs	NC@U@142501.1	29402070	29405234	669	5	4	27.6	0.00	COPIES
r4_32seqs	NC@U@142501.1	52295708	52313138	4845	5	4	7.1	0.00	COPIES
r3_58seqs	NC@U@142501.1	52451191	52463183	3346	5	4	11.9	0.00	COPIES
r4_32seqs	NC@U@142501.1	52451253	52463184	3302	5	4	14.7	0.00	COPIES
r10_19seqs	NC@U@142501.1	55323062	55330715	1636	5	4	14.0	0.00	COPIES
r5_r3_P34	NC@U@142501.1	55365882	55383475	4401	5	4	10.1	0.00	COPIES
r5_r5_P48	NC@U@142501.1	55365933	55383471	4470	5	4	8.1	0.00	COPIES
r5_r6_P26	NC@U@142501.1	55365933	55383495	4366	5	4	10.0	0.00	COPIES
r6_210seqs	NC@U@142501.1	55365933	55383471	4377	5	4	9.4	0.00	COPIES
r9_15seqs	NC@U@142501.1	57252220	57265799	3409	5	4	8.8	0.00	COPIES
r10_19seqs	NC@U@142501.1	57339712	57347256	1498	5	4	13.2	0.00	COPIES
r7_133seqs	NC@U@142501.1	57711998	57729770	5220	5	4	4.2	0.00	COPIES
r5_27seqs	NC@U@142501.1	57752994	57763761	2324	5	4	17.7	0.00	COPIES
r2_3seqs	NC@U@142501.1	57753005	57763739	2340	5	4	17.7	0.00	COPIES
r9_15seqs	NC@U@142501.1	57880203	57894773	3698	5	4	5.9	0.00	COPIES
r2_3seqs	NC@U@142501.1	57880282	57894767	3677	5	4	5.8	0.00	COPIES
r8_83seqs	NC@U@142501.1	57880395	57894773	3637	5	4	6.9	0.00	COPIES
r3_58seqs	NC@U@142501.1	58358095	58365868	1875	5	4	17.7	0.00	COPIES
r1_9seqs	NC@U@142501.1	58609543	58620520	2690	5	4	9.5	0.00	COPIES
r4_32seqs	NC@U@142501.1	58609546	58620519	2563	5	4	9.5	0.00	COPIES
r2_3seqs	NC@U@142501.1	58609558	58620668	2568	5	4	9.5	0.00	COPIES
r9_15seqs	NC@U@142501.1	58609593	58622110	3188	5	4	9.7	0.00	COPIES
r7_133seqs	NC@U@142501.1	63111457	63122118	2872	5	4	11.0	0.00	COPIES
r9_15seqs	NC@U@142501.1	63111457	63122118	2820	5	4	9.2	0.00	COPIES
r5_27seqs	NC@U@142501.1	90196927	90205853	2138	5	4	20.6	0.00	COPIES
r7_133seqs	NC@U@142501.1	90197256	90211119	3534	5	4	6.2	0.00	COPIES
r9_15seqs	NC@U@142501.1	90197262	90211096	3531	5	4	6.3	0.00	COPIES
r10_19seqs	NC@U@142501.1	90406682	90407733	132	5	4	80.2	0.00	COPIES
r9_15seqs	NC@U@142501.1	90406716	90407738	174	5	4	75.0	0.00	COPIES
r5_27seqs	NC@U@142501.1	90850116	90854795	943	5	4	34.3	0.00	COPIES
r1_r3_P1	NC@U@142501.1	90874930	90891068	4095	5	4	15.2	0.00	COPIES
r5_r6_P26	NC@U@142501.1	90874933	90891068	4063	5	4	15.2	0.00	COPIES
r5_r3_P34	NC@U@142501.1	90874946	90891052	4055	5	4	15.2	0.00	COPIES
r3_58seqs	NC@U@142501.1	90874980	90891021	4123	5	4	15.1	0.00	COPIES
r5_r5_P48	NC@U@142501.1	90875047	90890938	4054	5	4	15.1	0.00	COPIES
r10_19seqs	NC@U@142501.1	91444297	91445815	251	5	4	51.1	0.00	COPIES
r9_15seqs	NC@U@142501.1	91444327	91445819	255	5	4	45.6	0.00	COPIES
r8_83seqs	NC@U@142501.1	91990565	91997380	1302	5	4	36.7	0.00	COPIES
r10_r8_P18	NC@U@142501.1	91991881	92000082	2259	5	4	14.6	0.00	COPIES
r7_133seqs	NC@U@142501.1	91992206	91997380	1052	5	4	22.0	0.00	COPIES
r9_15seqs	NC@U@142501.1	91993493	91997113	650	5	4	35.5	0.00	COPIES
r10_19seqs	NC@U@142501.1	91993496	91999813	1541	5	4	17.4	0.00	COPIES
r9_15seqs	NC@U@142501.1	92064164	92076691	3046	5	4	10.4	0.00	COPIES
r5_r5_P48	NC@U@142501.1	92064238	92076820	2922	5	4	9.8	0.00	COPIES
r1_r3_P2	NC@U@142501.1	92064327	92076670	2889	5	4	10.1	0.00	COPIES
r7_133seqs	NC@U@142501.1	92075296	92077222	316	5	4	79.9	0.00	COPIES
r5_r6_P26	NC@U@142501.1	92076854	92090362	3237	5	4	14.0	0.00	COPIES
r5_r3_P34	NC@U@142501.1	92076861	92090413	3251	5	4	13.2	0.00	COPIES
r1_r3_P1	NC@U@142501.1	93175715	93182952	1655	5	4	50.6	0.00	COPIES
r5_r3_P34	NC@U@142501.1	93175767	93182952	1656	5	4	49.5	0.00	COPIES
r2_3seqs	NC@U@142501.1	93175795	93182872	1634	5	4	29.3	0.00	COPIES
r5_r6_P26	NC@U@142501.1	93175907	93182901	1656	5	4	29.9	0.00	COPIES
r6_210seqs	NC@U@142501.1	93176047	93186025	2498	5	4	18.7	0.00	COPIES
r9_15seqs	NC@U@142501.1	93452947	93455375	277	5	4	76.6	0.00	COPIES
r4_32seqs	NC@U@142501.1	93597556	93609216	2189	5	4	9.9	0.00	COPIES
r9_15seqs	NC@U@142501.1	93597602	93609222	2438	5	4	10.3	0.00	COPIES
r3_58seqs	NC@U@142501.1	93736975	93750546	3178	5	4	11.3	0.00	COPIES
r7_133seqs	NC@U@142501.1	104399262	104413075	3499	5	4	6.5	0.00	COPIES
r9_15seqs	NC@U@142501.1	104399268	104413048	3521	5	4	6.6	0.00	COPIES
r5_27seqs	NC@U@142501.1	106774045	106790280	4245	5	4	7.9	0.00	COPIES
r3_58seqs	NC@U@142501.1	106774055	106790354	4237	5	4	5.5	0.00	COPIES
r8_83seqs	NC@U@142501.1	142025495	142040680	3435	5	4	9.3	0.00	COPIES
r4_32seqs	NC@U@142501.1	142025714	142040674	3457	5	4	9.1	0.00	COPIES
r1_9seqs	NC@U@142501.1	142028925	142040868	3295	5	4	10.9	0.00	COPIES
r9_15seqs	NC@U@142501.1	149488744	149493376	756	5	4	34.2	0.00	COPIES
r4_32seqs	NC@U@142501.1	156228468	156238076	1897	5	4	25.9	0.00	COPIES
r9_15seqs	NC@U@142501.1	156228499	156238082	1719	5	4	24.3	0.00	COPIES
r7_133seqs	NC@U@142501.1	164728109	164743841	4439	5	4	11.9	0.00	COPIES
r9_15seqs	NC@U@142501.1	164728109	164743841	4374	5	4	11.8	0.00	COPIES
r4_32seqs	NC@U@142501.1	164728115	164743836	4412	5	4	11.9	0.00	COPIES
r5_27seqs	NC@U@142501.1	168567484	168579562	2798	5	4	7.7	0.00	COPIES
r7_133seqs	NC@U@142501.1	168567514	168579562	2796	5	4	6.6	0.00	COPIES
r9_15seqs	NC@U@142501.1	177954068	177966507	3351	5	4	7.6	0.00	COPIES
r5_27seqs	NC@U@142501.1	184901443	184914564	3268	5	4	5.9	0.00	COPIES
r7_133seqs	NC@U@142501.1	184901443	184914530	3284	5	4	6.1	0.00	COPIES
r8_83seqs	NC@U@142501.1	184901443	184914554	3270	5	4	6.0	0.00	COPIES
r9_15seqs	NC@U@142501.1	184901443	184914482	3312	5	4	6.0	0.00	COPIES
r2_3seqs	NC@U@142501.1	184901449	184914509	3293	5	4	6.0	0.00	COPIES
r4_32seqs	NC@U@142501.1	184901449	184914523	3285	5	4	6.0	0.00	COPIES
r5_27seqs	NC@U@142501.1	198258189	198274397	3715	5	4	10.9	0.00	COPIES
r8_83seqs	NC@U@142501.1	198258191	198274397	3782	5	4	9.2	0.00	COPIES
r7_133seqs	NC@U@142501.1	198262771	198277994	3314	5	4	8.9	0.00	COPIES
r4_32seqs	NC@U@142501.1	198262773	198277983	3242	5	4	8.8	0.00	COPIES
r9_15seqs	NC@U@142501.1	211753516	211765973	2474	5	4	8.0	0.00	COPIES
r5_27seqs	NC@U@142501.1	213797548	213803367	1013	5	4	26.3	0.00	COPIES
r3_58seqs	NC@U@142501.1	213797555	213803418	1315	5	4	40.6	0.00	COPIES
r9_15seqs	NC@U@142501.1	213800633	213803317	628	5	4	60.1	0.00	COPIES
r4_32seqs	NC@U@142501.1	213800712	213803364	594	5	4	54.3	0.00	COPIES
r2_3seqs	NC@U@142502.1	6934496	6942678	2137	5	4	9.4	0.00	COPIES
r10_19seqs	NC@U@142502.1	6934750	6942680	2071	5	4	9.3	0.00	COPIES
r10_19seqs	NC@U@142502.1	23776020	23777635	293	5	4	81.2	0.00	COPIES
r6_210seqs	NC@U@142502.1	71826312	71846205	5485	5	4	6.4	0.00	COPIES
r3_58seqs	NC@U@142502.1	71826339	71846196	5511	5	4	6.4	0.00	COPIES
r6_210seqs	NC@U@142502.1	91965208	91983904	4486	5	4	4.1	0.00	COPIES
r9_15seqs	NC@U@142502.1	95790006	95790849	134	5	4	74.1	0.00	COPIES
r1_r3_P2	NC@U@142502.1	101919033	101931715	3200	5	4	24.2	0.00	COPIES
r3_58seqs	NC@U@142502.1	101919078	101931681	3260	5	4	18.7	0.00	COPIES
r5_r5_P48	NC@U@142502.1	101919192	101931694	3130	5	4	18.9	0.00	COPIES
r3_58seqs	NC@U@142502.1	102589832	102599604	2282	5	4	9.8	0.00	COPIES
r7_133seqs	NC@U@142502.1	102852068	102856089	897	5	4	52.1	0.00	COPIES
r9_15seqs	NC@U@142502.1	102852068	102856089	898	5	4	26.0	0.00	COPIES
r5_r5_P48	NC@U@142502.1	103421503	103430038	1996	5	4	23.6	0.00	COPIES
r3_58seqs	NC@U@142502.1	103421510	103430152	1993	5	4	20.5	0.00	COPIES
r10_19seqs	NC@U@142502.1	104471330	104473705	343	5	4	46.7	0.00	COPIES
r6_210seqs	NC@U@142502.1	104711565	104721107	2368	5	4	14.6	0.00	COPIES
r4_32seqs	NC@U@142502.1	104711569	104721101	2400	5	4	14.3	0.00	COPIES
r1_r3_P2	NC@U@142502.1	104844045	104853684	2445	5	4	42.1	0.00	COPIES
r5_r6_P26	NC@U@142502.1	104844045	104853684	2469	5	4	42.1	0.00	COPIES
r5_r3_P34	NC@U@142502.1	104844060	104853671	2433	5	4	41.3	0.00	COPIES
r3_58seqs	NC@U@142502.1	104844091	104853644	2397	5	4	39.5	0.00	COPIES
r5_r5_P48	NC@U@142502.1	104844154	104853583	2442	5	4	38.2	0.00	COPIES
r9_15seqs	NC@U@142502.1	104844206	104845446	200	5	4	88.5	0.33	COPIES
r2_3seqs	NC@U@142502.1	105568393	105574360	1502	5	4	26.4	0.00	COPIES
r3_58seqs	NC@U@142502.1	105724469	105737456	2806	5	4	13.8	0.00	COPIES
r9_15seqs	NC@U@142502.1	105724577	105726196	265	5	4	42.2	0.00	COPIES
r2_3seqs	NC@U@142502.1	105724664	105736876	3553	5	4	11.2	0.00	COPIES
r1_9seqs	NC@U@142502.1	105724705	105736878	2905	5	4	21.4	0.00	COPIES
r10_19seqs	NC@U@142502.1	105724722	105736878	3490	5	4	8.1	0.00	COPIES
r1_r3_P2	NC@U@142502.1	105725562	105737502	2905	5	4	16.2	0.00	COPIES
r9_15seqs	NC@U@142502.1	105905868	105906939	177	5	4	71.3	0.00	COPIES
r10_19seqs	NC@U@142502.1	105905872	105906973	175	5	4	70.8	0.00	COPIES
r9_15seqs	NC@U@142502.1	105920221	105922664	443	5	4	54.5	0.00	COPIES
r2_3seqs	NC@U@142502.1	106678187	106692482	3305	5	4	6.4	0.00	COPIES
r5_27seqs	NC@U@142502.1	107376672	107378329	253	5	4	55.9	0.00	COPIES
r9_15seqs	NC@U@142502.1	107376672	107378328	255	5	4	47.3	0.00	COPIES
r2_3seqs	NC@U@142502.1	107376727	107382937	1320	5	4	48.0	0.00	COPIES
r10_19seqs	NC@U@142502.1	107376862	107382937	1192	5	4	26.2	0.00	COPIES
r4_32seqs	NC@U@142502.1	107376863	107382946	1187	5	4	26.8	0.00	COPIES
r2_3seqs	NC@U@142502.1	107668541	107675373	1029	5	4	26.6	0.00	COPIES
r10_19seqs	NC@U@142502.1	107668657	107675372	973	5	4	26.4	0.00	COPIES
r4_32seqs	NC@U@142502.1	107668657	107675387	971	5	4	26.6	0.00	COPIES
r9_15seqs	NC@U@142502.1	107864774	107870367	757	5	4	37.9	0.00	COPIES
r2_3seqs	NC@U@142502.1	108132898	108140411	1601	5	4	10.4	0.00	COPIES
r9_15seqs	NC@U@142502.1	108133010	108140153	1598	5	4	10.5	0.00	COPIES
r10_19seqs	NC@U@142502.1	108133016	108140154	1600	5	4	10.5	0.00	COPIES
r4_32seqs	NC@U@142502.1	108133016	108140153	1601	5	4	10.4	0.00	COPIES
r7_133seqs	NC@U@142502.1	108133016	108140159	1601	5	4	10.8	0.00	COPIES
r2_3seqs	NC@U@142502.1	108685177	108698260	2778	5	4	16.3	0.00	COPIES
r5_27seqs	NC@U@142502.1	108960133	108973518	3421	5	4	10.7	0.00	COPIES
r8_83seqs	NC@U@142502.1	108960133	108973518	3553	5	4	9.2	0.00	COPIES
r2_3seqs	NC@U@142502.1	108960139	108973513	3508	5	4	6.0	0.00	COPIES
r4_32seqs	NC@U@142502.1	108960139	108973513	3507	5	4	6.0	0.00	COPIES
r3_58seqs	NC@U@142502.1	108960140	108973510	3528	5	4	8.7	0.00	COPIES
r7_133seqs	NC@U@142502.1	114128566	114130136	376	5	4	45.8	0.00	COPIES
r2_3seqs	NC@U@142502.1	124423291	124424324	139	5	4	81.5	0.00	COPIES
r9_15seqs	NC@U@142502.1	124858597	124859590	201	5	4	88.6	0.33	COPIES
r9_15seqs	NC@U@142502.1	128576841	128584900	2188	5	4	28.4	0.00	COPIES
r5_r6_P26	NC@U@142502.1	128713088	128718823	1333	5	4	29.4	0.00	COPIES
r2_3seqs	NC@U@142502.1	128713095	128718696	1357	5	4	19.4	0.00	COPIES
r5_r3_P34	NC@U@142502.1	128713095	128718808	1316	5	4	28.2	0.00	COPIES
r7_133seqs	NC@U@142502.1	128713220	128718707	1300	5	4	15.5	0.00	COPIES
r4_32seqs	NC@U@142502.1	128713226	128718565	1234	5	4	10.9	0.00	COPIES
r3_58seqs	NC@U@142502.1	128713229	128718777	1308	5	4	17.5	0.00	COPIES
r10_19seqs	NC@U@142502.1	128752349	128757022	601	5	4	49.8	0.33	COPIES
r9_15seqs	NC@U@142502.1	128752383	128756988	602	5	4	49.1	0.33	COPIES
r3_58seqs	NC@U@142502.1	137427687	137438956	2829	5	4	9.0	0.00	COPIES
r4_32seqs	NC@U@142502.1	137427799	137438682	2795	5	4	8.8	0.00	COPIES
r9_15seqs	NC@U@142502.1	139693938	139710697	4443	5	4	6.1	0.00	COPIES
r3_58seqs	NC@U@142502.1	140411737	140422515	1950	5	4	31.7	0.00	COPIES
r7_133seqs	NC@U@142502.1	140490038	140497832	1749	5	4	13.2	0.00	COPIES
r4_32seqs	NC@U@142502.1	147107707	147120971	3551	5	4	9.3	0.00	COPIES
r9_15seqs	NC@U@142502.1	147159045	147161088	260	5	4	30.9	0.00	COPIES
r3_58seqs	NC@U@142502.1	157931425	157943886	2380	5	4	17.3	0.00	COPIES
r8_83seqs	NC@U@142502.1	160530158	160539425	1369	5	4	13.2	0.00	COPIES
r10_19seqs	NC@U@142502.1	160530161	160539421	1371	5	4	13.6	0.00	COPIES
r4_32seqs	NC@U@142502.1	160530163	160539419	1370	5	4	10.4	0.00	COPIES
r7_133seqs	NC@U@142502.1	164900582	164903923	590	5	4	43.3	0.33	COPIES
r9_15seqs	NC@U@142502.1	172663238	172665431	367	5	4	51.5	0.00	COPIES
r9_15seqs	NC@U@142502.1	173836007	173847226	2933	5	4	10.9	0.00	COPIES
r9_15seqs	NC@U@142502.1	173964412	173974546	2354	5	4	18.8	0.00	COPIES
r7_133seqs	NC@U@142502.1	174000566	174005720	1165	5	4	22.3	0.00	COPIES
r5_27seqs	NC@U@142502.1	174001007	174007696	1866	5	4	28.5	0.00	COPIES
r4_32seqs	NC@U@142502.1	174005219	174007627	257	5	4	81.8	0.00	COPIES
r2_3seqs	NC@U@142502.1	174005230	174007616	246	5	4	82.0	0.00	COPIES
r9_15seqs	NC@U@142502.1	174005265	174007589	251	5	4	63.4	0.00	COPIES
r3_58seqs	NC@U@142502.1	174114618	174125134	2488	5	4	9.7	0.00	COPIES
r1_9seqs	NC@U@142502.1	174114862	174125032	2468	5	4	8.0	0.00	COPIES
r8_83seqs	NC@U@142502.1	185416122	185428331	3356	5	4	13.4	0.00	COPIES
r2_3seqs	NC@U@142502.1	185416227	185428326	3401	5	4	15.9	0.00	COPIES
r1_9seqs	NC@U@142502.1	185416389	185428947	3466	5	4	10.6	0.00	COPIES
r10_19seqs	NC@U@142502.1	188986169	189002580	4420	5	4	6.9	0.00	COPIES
r4_32seqs	NC@U@142502.1	188986170	189002595	4423	5	4	6.9	0.00	COPIES
r3_58seqs	NC@U@142503.1	21340190	21355203	3888	5	4	5.9	0.00	COPIES
r4_32seqs	NC@U@142503.1	28973879	28978382	863	5	4	78.0	0.00	COPIES
r5_r5_P48	NC@U@142503.1	35809971	35820584	2083	5	4	12.8	0.00	COPIES
r7_133seqs	NC@U@142503.1	42115236	42117670	326	5	4	73.7	0.00	COPIES
r9_15seqs	NC@U@142503.1	45067732	45076505	1866	5	4	7.9	0.00	COPIES
r9_15seqs	NC@U@142503.1	45141696	45144311	300	5	4	48.7	0.00	COPIES
r9_15seqs	NC@U@142503.1	46536926	46538377	191	5	4	71.2	0.00	COPIES
r5_27seqs	NC@U@142503.1	76455478	76471662	4085	5	4	8.2	0.00	COPIES
r9_15seqs	NC@U@142503.1	81466738	81478473	3095	5	4	9.6	0.00	COPIES
r10_19seqs	NC@U@142503.1	81466744	81478473	3114	5	4	10.2	0.00	COPIES
r2_3seqs	NC@U@142503.1	90191947	90193408	257	5	4	77.4	0.00	COPIES
r7_133seqs	NC@U@142503.1	90192084	90193416	285	5	4	77.2	0.00	COPIES
r9_15seqs	NC@U@142503.1	90192090	90193408	256	5	4	57.6	0.00	COPIES
r9_15seqs	NC@U@142503.1	90271043	90284573	3115	5	4	9.9	0.00	COPIES
r9_15seqs	NC@U@142503.1	92089630	92101977	2676	5	4	10.3	0.00	COPIES
r2_3seqs	NC@U@142503.1	92299071	92300779	388	5	4	64.7	0.00	COPIES
r7_133seqs	NC@U@142503.1	92299184	92300787	382	5	4	68.1	0.00	COPIES
r10_19seqs	NC@U@142503.1	92299190	92300778	343	5	4	65.9	0.00	COPIES
r4_32seqs	NC@U@142503.1	92299190	92300779	350	5	4	64.3	0.00	COPIES
r9_15seqs	NC@U@142503.1	92299197	92300787	339	5	4	61.2	0.00	COPIES
r7_133seqs	NC@U@142503.1	92319569	92324596	1130	5	4	28.1	0.00	COPIES
r5_r5_P48	NC@U@142503.1	92732354	92745823	3973	5	4	32.4	0.00	COPIES
r4_32seqs	NC@U@142503.1	92732422	92741891	2124	5	4	16.9	0.00	COPIES
r7_133seqs	NC@U@142503.1	92732572	92741897	2152	5	4	21.4	0.00	COPIES
r9_15seqs	NC@U@142503.1	92732598	92741897	2086	5	4	12.9	0.00	COPIES
r1_9seqs	NC@U@142503.1	92736918	92754736	4287	5	4	6.6	0.00	COPIES
r7_133seqs	NC@U@142503.1	93141186	93153823	3353	5	4	13.4	0.00	COPIES
r9_15seqs	NC@U@142503.1	93141186	93153584	3336	5	4	13.5	0.00	COPIES
r10_19seqs	NC@U@142503.1	93141191	93153640	3337	5	4	13.5	0.00	COPIES
r2_3seqs	NC@U@142503.1	93141192	93153812	3355	5	4	13.4	0.00	COPIES
r7_133seqs	NC@U@142503.1	93622845	93631840	1930	5	4	15.8	0.00	COPIES
r4_32seqs	NC@U@142503.1	93622900	93631635	1896	5	4	15.6	0.00	COPIES
r2_3seqs	NC@U@142503.1	93622908	93631633	1895	5	4	15.5	0.00	COPIES
r10_19seqs	NC@U@142503.1	94005434	94006550	249	5	4	62.0	0.00	COPIES
r4_32seqs	NC@U@142503.1	94005628	94006815	277	5	4	61.5	0.00	COPIES
r9_15seqs	NC@U@142503.1	99160349	99161970	205	5	4	85.9	0.33	COPIES
r5_r6_P26	NC@U@142503.1	101520167	101533842	3307	5	4	14.1	0.00	COPIES
r5_r3_P34	NC@U@142503.1	101520181	101533842	3308	5	4	13.6	0.00	COPIES
r5_r5_P48	NC@U@142503.1	101520188	101533842	3310	5	4	6.8	0.00	COPIES
r10_19seqs	NC@U@142503.1	101521071	101533706	3385	5	4	6.0	0.00	COPIES
r4_32seqs	NC@U@142503.1	101521215	101533704	3286	5	4	4.9	0.00	COPIES
r4_32seqs	NC@U@142503.1	101562675	101580815	5447	5	4	11.7	0.00	COPIES
r1_r3_P1	NC@U@142503.1	101592291	101604243	2938	5	4	30.6	0.00	COPIES
r10_r8_P18	NC@U@142503.1	101592373	101606766	3572	5	4	10.3	0.00	COPIES
r5_r6_P26	NC@U@142503.1	101600034	101609306	1735	5	4	26.6	0.00	COPIES
r5_27seqs	NC@U@142503.1	101600527	101611824	2488	5	4	13.3	0.00	COPIES
r1_r3_P2	NC@U@142503.1	101957629	101970924	3252	5	4	34.1	0.00	COPIES
r5_r5_P48	NC@U@142503.1	101957629	101970923	3379	5	4	24.6	0.00	COPIES
r1_9seqs	NC@U@142503.1	101957634	101970918	3645	5	4	18.8	0.00	COPIES
r3_58seqs	NC@U@142503.1	101957637	101970724	3235	5	4	15.3	0.00	COPIES
r6_210seqs	NC@U@142503.1	101957680	101970731	3204	5	4	16.9	0.00	COPIES
r9_15seqs	NC@U@142503.1	102176047	102191965	3901	5	4	4.0	0.00	COPIES
r10_19seqs	NC@U@142503.1	102361821	102363036	189	5	4	83.5	0.00	COPIES
r9_15seqs	NC@U@142503.1	102361854	102363040	203	5	4	93.0	0.67	ARRAY
r9_15seqs	NC@U@142503.1	110161287	110162352	193	5	4	73.2	0.33	COPIES
r10_19seqs	NC@U@142503.1	110161291	110162392	192	5	4	74.7	0.00	COPIES
r9_15seqs	NC@U@142503.1	118665040	118666320	211	5	4	47.8	0.00	COPIES
r8_83seqs	NC@U@142503.1	118703619	118719756	3701	5	4	14.3	0.00	COPIES
r2_3seqs	NC@U@142503.1	118772995	118780869	1328	5	4	24.7	0.00	COPIES
r4_32seqs	NC@U@142503.1	118787668	118802692	4025	5	4	7.5	0.00	COPIES
r2_3seqs	NC@U@142503.1	118787677	118802704	4024	5	4	7.5	0.00	COPIES
r9_15seqs	NC@U@142503.1	121508615	121517803	2082	5	4	6.9	0.00	COPIES
r3_58seqs	NC@U@142503.1	130017856	130031505	3263	5	4	8.9	0.00	COPIES
r3_58seqs	NC@U@142503.1	130078184	130087367	1737	5	4	19.9	0.00	COPIES
r4_32seqs	NC@U@142503.1	130204491	130214567	1527	5	4	11.2	0.00	COPIES
r2_3seqs	NC@U@142503.1	130204492	130214567	1539	5	4	11.8	0.00	COPIES
r9_15seqs	NC@U@142503.1	130606409	130620702	3659	5	4	9.6	0.00	COPIES
r5_r5_P48	NC@U@142503.1	137083015	137098628	4542	5	4	21.0	0.00	COPIES
r5_r5_P48	NC@U@142503.1	137538547	137550296	3195	5	4	29.0	0.00	COPIES
r6_210seqs	NC@U@142503.1	137538689	137550389	3240	5	4	28.2	0.00	COPIES
r9_15seqs	NC@U@142503.1	137540465	137542667	623	5	4	56.8	0.00	COPIES
r9_15seqs	NC@U@142503.1	137546728	137550251	553	5	4	35.5	0.00	COPIES
r9_15seqs	NC@U@142503.1	137571838	137574867	340	5	4	55.4	0.00	COPIES
r7_133seqs	NC@U@142503.1	139041342	139045016	857	5	4	37.6	0.00	COPIES
r10_19seqs	NC@U@142503.1	139041346	139044967	861	5	4	36.8	0.00	COPIES
r2_3seqs	NC@U@142503.1	139041348	139044952	800	5	4	46.5	0.00	COPIES
r4_32seqs	NC@U@142503.1	139041348	139044963	859	5	4	36.7	0.00	COPIES
r5_27seqs	NC@U@142503.1	139041490	139045046	738	5	4	37.7	0.00	COPIES
r9_15seqs	NC@U@142503.1	139765992	139766896	174	5	4	69.9	0.00	COPIES
r7_133seqs	NC@U@142503.1	140465377	140476772	2383	5	4	21.0	0.00	COPIES
r9_15seqs	NC@U@142503.1	154040944	154045111	493	5	4	81.2	0.00	COPIES
r9_15seqs	NC@U@142503.1	163809147	163810546	194	5	4	47.3	0.33	COPIES
r7_133seqs	NC@U@142503.1	177024545	177026207	210	5	4	47.4	0.00	COPIES
r9_15seqs	NC@U@142503.1	177024546	177026161	204	5	4	42.2	0.00	COPIES
r10_19seqs	NC@U@142503.1	177024550	177026216	211	5	4	50.2	0.00	COPIES
r5_r3_P34	NC@U@142503.1	177285440	177295864	1903	5	4	24.0	0.00	COPIES
r5_27seqs	NC@U@142503.1	177285633	177295875	2408	5	4	25.2	0.00	COPIES
r7_133seqs	NC@U@142503.1	177408626	177410240	254	5	4	69.2	0.00	COPIES
r9_15seqs	NC@U@142503.1	177582680	177601621	4713	5	4	2.6	0.00	COPIES
r2_3seqs	NC@U@142503.1	180479772	180493138	2835	5	4	6.7	0.00	COPIES
r8_83seqs	NC@U@142503.1	180479901	180493366	2767	5	4	10.7	0.00	COPIES
r5_27seqs	NC@U@142503.1	180479907	180493367	2764	5	4	11.2	0.00	COPIES
r9_15seqs	NC@U@142503.1	180479907	180493108	2764	5	4	7.1	0.00	COPIES
r3_58seqs	NC@U@142503.1	183444520	183453168	2128	5	4	12.6	0.00	COPIES
r2_3seqs	NC@U@142503.1	192548377	192559230	2594	5	4	4.9	0.00	COPIES
r4_32seqs	NC@U@142503.1	192548377	192559244	2599	5	4	4.9	0.00	COPIES
r7_133seqs	NC@U@142503.1	192548486	192559250	2541	5	4	5.2	0.00	COPIES
r9_15seqs	NC@U@142503.1	197469321	197471410	373	5	4	46.4	0.00	COPIES
r5_r5_P48	NC@U@142503.1	199744141	199752324	1910	5	4	31.6	0.00	COPIES
r7_133seqs	NC@U@142503.1	199748538	199749573	186	5	4	66.3	0.00	COPIES
r9_15seqs	NC@U@142503.1	199748583	199749573	173	5	4	83.9	0.33	COPIES
r4_32seqs	NC@U@142503.1	200580961	200594501	3372	5	4	5.8	0.00	COPIES
r2_3seqs	NC@U@142504.1	48796527	48801565	1147	5	4	21.5	0.00	COPIES
r1_r3_P2	NC@U@142504.1	48797986	48808142	2276	5	4	12.8	0.00	COPIES
r5_r5_P48	NC@U@142504.1	48799140	48808496	2108	5	4	12.7	0.00	COPIES
r4_32seqs	NC@U@142504.1	48800444	48808048	1597	5	4	29.6	0.00	COPIES
r2_3seqs	NC@U@142504.1	48816666	48828411	2441	5	4	13.5	0.00	COPIES
r4_32seqs	NC@U@142504.1	48816666	48828422	2446	5	4	13.6	0.00	COPIES
r10_19seqs	NC@U@142504.1	48889385	48893791	853	5	4	58.8	0.00	COPIES
r7_133seqs	NC@U@142504.1	48889386	48894348	944	5	4	27.4	0.00	COPIES
r4_32seqs	NC@U@142504.1	48936517	48937368	142	5	4	76.9	0.00	COPIES
r10_19seqs	NC@U@142504.1	48936528	48937370	134	5	4	79.4	0.00	COPIES
r9_15seqs	NC@U@142504.1	48936570	48937375	130	5	4	67.7	0.00	COPIES
r5_27seqs	NC@U@142504.1	49385284	49396316	2496	5	4	17.7	0.00	COPIES
r7_133seqs	NC@U@142504.1	49387720	49398747	2112	5	4	10.9	0.00	COPIES
r4_32seqs	NC@U@142504.1	49387723	49398741	2079	5	4	12.8	0.00	COPIES
r10_19seqs	NC@U@142504.1	59423769	59432647	1807	5	4	18.0	0.00	COPIES
r3_58seqs	NC@U@142504.1	59423774	59432850	1871	5	4	17.9	0.00	COPIES
r4_32seqs	NC@U@142504.1	59423774	59432786	1871	5	4	18.0	0.00	COPIES
r5_r6_P26	NC@U@142504.1	59464574	59482529	4605	5	4	17.1	0.00	COPIES
r2_3seqs	NC@U@142504.1	59464815	59482641	4547	5	4	16.3	0.00	COPIES
r10_19seqs	NC@U@142504.1	59464867	59482530	4527	5	4	16.7	0.00	COPIES
r5_27seqs	NC@U@142504.1	59515588	59527157	2241	5	4	17.6	0.00	COPIES
r8_83seqs	NC@U@142504.1	59515588	59527157	2241	5	4	17.6	0.00	COPIES
r10_19seqs	NC@U@142504.1	59809159	59811503	263	5	4	76.0	0.00	COPIES
r9_15seqs	NC@U@142504.1	61566723	61568314	199	5	4	48.2	0.00	COPIES
r5_27seqs	NC@U@142504.1	64028743	64037795	1359	5	4	24.9	0.00	COPIES
r5_27seqs	NC@U@142504.1	64190593	64204968	3570	5	4	11.3	0.00	COPIES
r7_133seqs	NC@U@142504.1	64193528	64204968	3277	5	4	26.8	0.00	COPIES
r2_3seqs	NC@U@142504.1	64193534	64205220	3250	5	4	25.4	0.00	COPIES
r4_32seqs	NC@U@142504.1	64193534	64204962	3250	5	4	25.7	0.00	COPIES
r9_15seqs	NC@U@142504.1	67145394	67152507	1882	5	4	18.4	0.00	COPIES
r5_27seqs	NC@U@142504.1	72562900	72573131	2071	5	4	10.8	0.00	COPIES
r7_133seqs	NC@U@142504.1	72703991	72712908	2156	5	4	56.7	0.00	COPIES
r9_15seqs	NC@U@142504.1	76482025	76483440	309	5	4	79.7	0.00	COPIES
r3_58seqs	NC@U@142504.1	76647638	76661540	3345	5	4	15.3	0.00	COPIES
r7_133seqs	NC@U@142504.1	76647691	76661430	3323	5	4	14.5	0.00	COPIES
r4_32seqs	NC@U@142504.1	76647715	76661423	3314	5	4	14.5	0.00	COPIES
r7_133seqs	NC@U@142504.1	76774288	76776363	305	5	4	74.6	0.00	COPIES
r10_19seqs	NC@U@142504.1	76774299	76776359	298	5	4	75.8	0.00	COPIES
r3_58seqs	NC@U@142504.1	77566403	77581218	3385	5	4	10.4	0.00	COPIES
r10_19seqs	NC@U@142504.1	77566482	77581140	3440	5	4	10.6	0.00	COPIES
r6_210seqs	NC@U@142504.1	77566615	77581245	3484	5	4	8.2	0.00	COPIES
r1_9seqs	NC@U@142504.1	77566644	77580976	3353	5	4	11.5	0.00	COPIES
r7_133seqs	NC@U@142504.1	77566659	77581151	3471	5	4	10.9	0.00	COPIES
r8_83seqs	NC@U@142504.1	77566659	77581151	3484	5	4	8.5	0.00	COPIES
r9_15seqs	NC@U@142504.1	88005789	88020114	3415	5	4	11.6	0.00	COPIES
r10_19seqs	NC@U@142504.1	88005793	88020114	3415	5	4	11.5	0.00	COPIES
r10_19seqs	NC@U@142504.1	96307320	96322104	3635	5	4	11.6	0.00	COPIES
r3_58seqs	NC@U@142504.1	96307400	96322403	3653	5	4	11.7	0.00	COPIES
r7_133seqs	NC@U@142504.1	96309140	96327131	4926	5	4	11.4	0.00	COPIES
r2_3seqs	NC@U@142504.1	96309202	96327125	4913	5	4	11.6	0.00	COPIES
r4_32seqs	NC@U@142504.1	98750297	98757165	1145	5	4	32.3	0.00	COPIES
r3_58seqs	NC@U@142504.1	118340891	118352469	2738	5	4	12.5	0.00	COPIES
r9_15seqs	NC@U@142505.1	6246883	6248419	275	5	4	41.9	0.00	COPIES
r10_19seqs	NC@U@142505.1	6253534	6264082	2604	5	4	4.9	0.00	COPIES
r2_3seqs	NC@U@142505.1	6253536	6264084	2603	5	4	4.8	0.00	COPIES
r7_133seqs	NC@U@142505.1	6253540	6264082	2598	5	4	5.1	0.00	COPIES
r4_32seqs	NC@U@142505.1	6253543	6264084	2600	5	4	4.8	0.00	COPIES
r9_15seqs	NC@U@142505.1	6253577	6264050	2580	5	4	3.7	0.00	COPIES
r9_15seqs	NC@U@142505.1	6290188	6298468	1094	5	4	25.5	0.00	COPIES
r10_19seqs	NC@U@142505.1	6290200	6298525	1090	5	4	25.4	0.00	COPIES
r9_15seqs	NC@U@142505.1	6298572	6311551	3291	5	4	22.9	0.00	COPIES
r4_32seqs	NC@U@142505.1	6711334	6714370	473	5	4	28.6	0.00	COPIES
r5_27seqs	NC@U@142505.1	6711524	6714376	424	5	4	42.2	0.00	COPIES
r9_15seqs	NC@U@142505.1	6724875	6735754	2979	5	4	9.2	0.00	COPIES
r5_27seqs	NC@U@142505.1	7558621	7571189	3182	5	4	11.1	0.00	COPIES
r8_83seqs	NC@U@142505.1	7558623	7571189	3181	5	4	11.1	0.00	COPIES
r9_15seqs	NC@U@142505.1	7592184	7601618	2516	5	4	14.3	0.00	COPIES
r9_15seqs	NC@U@142505.1	7918774	7921361	401	5	4	41.1	0.00	COPIES
r9_15seqs	NC@U@142505.1	7943256	7944823	265	5	4	73.5	0.00	COPIES
r4_32seqs	NC@U@142505.1	8227957	8229035	170	5	4	79.5	0.00	COPIES
r9_15seqs	NC@U@142505.1	8228002	8228990	144	5	4	83.1	0.33	COPIES
r9_15seqs	NC@U@142505.1	17430496	17431841	192	5	4	75.8	0.00	COPIES
r2_3seqs	NC@U@142505.1	17430575	17443703	3836	5	4	7.1	0.00	COPIES
r4_32seqs	NC@U@142505.1	35484362	35485648	151	5	4	75.7	0.00	COPIES
r7_133seqs	NC@U@142505.1	37207972	37219040	2905	5	4	25.3	0.00	COPIES
r9_15seqs	NC@U@142505.1	37207972	37219040	2926	5	4	25.3	0.00	COPIES
r9_15seqs	NC@U@142505.1	37296340	37302377	1101	5	4	14.9	0.00	COPIES
r3_58seqs	NC@U@142505.1	37296347	37305671	1913	5	4	10.0	0.00	COPIES
r4_32seqs	NC@U@142505.1	37296532	37305281	1939	5	4	10.1	0.00	COPIES
r7_133seqs	NC@U@142505.1	37296532	37305416	2196	5	4	10.6	0.00	COPIES
r10_19seqs	NC@U@142505.1	42013379	42026859	3292	5	4	15.0	0.00	COPIES
r4_32seqs	NC@U@142505.1	43519793	43531487	2408	5	4	17.2	0.00	COPIES
r9_15seqs	NC@U@142505.1	43520040	43531374	2365	5	4	14.6	0.00	COPIES
r3_58seqs	NC@U@142505.1	43714947	43728130	3291	5	4	20.5	0.00	COPIES
r7_133seqs	NC@U@142505.1	51598468	51608426	2007	5	4	11.7	0.00	COPIES
r7_133seqs	NC@U@142505.1	67969588	67979133	1698	5	4	23.6	0.00	COPIES
r1_9seqs	NC@U@142505.1	69604724	69609498	796	5	4	30.6	0.00	COPIES
r4_32seqs	NC@U@142505.1	69604726	69606787	413	5	4	67.5	0.33	COPIES
r2_3seqs	NC@U@142505.1	69643355	69650789	1844	5	4	12.9	0.00	COPIES
r5_27seqs	NC@U@142505.1	69643364	69650795	1776	5	4	12.5	0.00	COPIES
r5_27seqs	NC@U@142505.1	71293793	71307038	3508	5	4	9.9	0.00	COPIES
r3_58seqs	NC@U@142505.1	71293805	71307028	3513	5	4	11.5	0.00	COPIES
r4_32seqs	NC@U@142505.1	71294022	71307032	3511	5	4	7.2	0.00	COPIES
r7_133seqs	NC@U@142505.1	71294023	71307038	3505	5	4	7.8	0.00	COPIES
r10_19seqs	NC@U@142505.1	71827623	71828654	193	5	4	65.6	0.00	COPIES
r6_210seqs	NC@U@142505.1	72200277	72208627	1822	5	4	37.6	0.00	COPIES
r9_15seqs	NC@U@142505.1	72202316	72204026	239	5	4	72.0	0.00	COPIES
r4_32seqs	NC@U@142505.1	72581330	72591272	1578	5	4	15.3	0.00	COPIES
r10_19seqs	NC@U@142505.1	72591150	72592621	319	5	4	73.8	0.00	COPIES
r9_15seqs	NC@U@142505.1	72596140	72607496	2778	5	4	11.3	0.00	COPIES
r10_19seqs	NC@U@142505.1	72596144	72607536	2781	5	4	11.4	0.00	COPIES
r4_32seqs	NC@U@142505.1	72596146	72607525	2817	5	4	11.8	0.00	COPIES
r7_133seqs	NC@U@142505.1	72615683	72626915	2708	5	4	8.2	0.00	COPIES
r9_15seqs	NC@U@142505.1	72617072	72626852	2357	5	4	9.2	0.00	COPIES
r7_133seqs	NC@U@142505.1	72704547	72721006	4510	5	4	11.7	0.00	COPIES
r9_15seqs	NC@U@142505.1	72704547	72721006	4505	5	4	12.0	0.00	COPIES
r10_19seqs	NC@U@142505.1	72704551	72721002	4515	5	4	11.4	0.00	COPIES
r2_3seqs	NC@U@142505.1	72704553	72720994	4513	5	4	11.3	0.00	COPIES
r4_32seqs	NC@U@142505.1	72704553	72720994	4507	5	4	11.8	0.00	COPIES
r1_9seqs	NC@U@142505.1	73179129	73190584	2189	5	4	16.2	0.00	COPIES
r4_32seqs	NC@U@142505.1	73179133	73187285	2124	5	4	14.6	0.00	COPIES
r7_133seqs	NC@U@142505.1	73181539	73187289	1430	5	4	15.2	0.00	COPIES
r5_r5_P48	NC@U@142505.1	73182768	73197250	3746	5	4	8.7	0.00	COPIES
r4_32seqs	NC@U@142505.1	73187296	73197111	2257	5	4	9.9	0.00	COPIES
r10_19seqs	NC@U@142505.1	73187301	73197119	2252	5	4	9.1	0.00	COPIES
r9_15seqs	NC@U@142505.1	75741971	75743197	167	5	4	71.1	0.00	COPIES
r3_58seqs	NC@U@142505.1	76581308	76595495	3431	5	4	17.0	0.00	COPIES
r5_r6_P26	NC@U@142505.1	76581390	76590901	2436	5	4	20.0	0.00	COPIES
r6_210seqs	NC@U@142505.1	76581390	76595509	3377	5	4	18.1	0.00	COPIES
r10_19seqs	NC@U@142505.1	76581434	76590703	2396	5	4	17.0	0.00	COPIES
r7_133seqs	NC@U@142505.1	80451551	80455841	603	5	4	68.4	0.00	COPIES
r10_19seqs	NC@U@142505.1	80451556	80453090	334	5	4	61.6	0.00	COPIES
r1_r3_P2	NC@U@142505.1	80819958	80830609	2567	5	4	15.3	0.00	COPIES
r6_210seqs	NC@U@142505.1	80819976	80830641	2560	5	4	11.5	0.00	COPIES
r7_133seqs	NC@U@142505.1	81536666	81538316	358	5	4	63.2	0.33	COPIES
r10_19seqs	NC@U@142505.1	81536678	81538304	253	5	4	63.2	0.00	COPIES
r9_15seqs	NC@U@142505.1	81536711	81538260	258	5	4	57.4	0.00	COPIES
r1_r3_P2	NC@U@142505.1	82299267	82314049	4103	5	4	33.9	0.00	COPIES
r10_19seqs	NC@U@142505.1	82303149	82304561	156	5	4	79.7	0.00	COPIES
r9_15seqs	NC@U@142505.1	82303184	82304565	170	5	4	56.4	0.00	COPIES
r7_133seqs	NC@U@142505.1	82303287	82314048	2518	5	4	30.1	0.00	COPIES
r5_27seqs	NC@U@142505.1	82407188	82416656	2119	5	4	9.1	0.00	COPIES
r2_3seqs	NC@U@142505.1	82407239	82416650	2431	5	4	10.7	0.00	COPIES
r9_15seqs	NC@U@142505.1	82487490	82498650	3047	5	4	31.2	0.00	COPIES
r5_r3_P34	NC@U@142505.1	82492208	82502148	2233	5	4	26.5	0.00	COPIES
r5_r5_P48	NC@U@142505.1	82492212	82502147	2208	5	4	34.1	0.00	COPIES
r5_r6_P26	NC@U@142505.1	82492212	82502148	2146	5	4	23.8	0.00	COPIES
r3_58seqs	NC@U@142505.1	82492240	82501948	2100	5	4	20.6	0.00	COPIES
r1_9seqs	NC@U@142505.1	82492398	82502143	2455	5	4	33.0	0.00	COPIES
r9_15seqs	NC@U@142505.1	82984167	82992574	1364	5	4	26.2	0.00	COPIES
r2_3seqs	NC@U@142505.1	83523813	83527234	762	5	4	79.3	0.00	COPIES
r9_15seqs	NC@U@142505.1	90828555	90829681	195	5	4	75.3	0.00	COPIES
r7_133seqs	NC@U@142505.1	90828746	90830798	331	5	4	71.9	0.00	COPIES
r7_133seqs	NC@U@142506.1	6837700	6840283	258	5	4	68.3	0.33	COPIES
r6_210seqs	NC@U@142506.1	14897399	14910354	2565	5	4	10.0	0.00	COPIES
r4_32seqs	NC@U@142506.1	14903146	14910277	1748	5	4	13.6	0.00	COPIES
r9_15seqs	NC@U@142506.1	14908043	14910668	491	5	4	75.9	0.00	COPIES
r7_133seqs	NC@U@142506.1	28888827	28897250	1759	5	4	23.5	0.00	COPIES
r9_15seqs	NC@U@142506.1	28888876	28892170	479	5	4	50.3	0.00	COPIES
r9_15seqs	NC@U@142506.1	33057248	33072783	4018	5	4	12.9	0.00	COPIES
r9_15seqs	NC@U@142506.1	33141599	33142565	134	5	4	60.0	0.00	COPIES
r5_27seqs	NC@U@142506.1	33188944	33202553	3627	5	4	10.2	0.00	COPIES
r7_133seqs	NC@U@142506.1	33188944	33202528	3637	5	4	10.2	0.00	COPIES
r2_3seqs	NC@U@142506.1	33214749	33228098	3315	5	4	7.3	0.00	COPIES
r7_133seqs	NC@U@142506.1	33281045	33285317	663	5	4	70.4	0.00	COPIES
r9_15seqs	NC@U@142506.1	33281101	33282460	267	5	4	41.3	0.00	COPIES
r7_133seqs	NC@U@142506.1	33314580	33316183	295	5	4	70.7	0.00	COPIES
r2_3seqs	NC@U@142506.1	33358373	33368627	2362	5	4	18.1	0.00	COPIES
r4_32seqs	NC@U@142506.1	33358373	33368627	2388	5	4	14.3	0.00	COPIES
r7_133seqs	NC@U@142506.1	33358486	33368639	2306	5	4	12.5	0.00	COPIES
r10_19seqs	NC@U@142506.1	47099184	47103465	592	5	4	27.7	0.00	COPIES
r9_15seqs	NC@U@142506.1	63349198	63350289	267	5	4	49.8	0.00	COPIES
r3_58seqs	NC@U@142507.1	11018351	11023777	1274	5	4	16.1	0.00	COPIES
r5_27seqs	NC@U@142507.1	11018373	11023783	1255	5	4	15.8	0.00	COPIES
r4_32seqs	NC@U@142507.1	11018386	11023747	1255	5	4	16.3	0.00	COPIES
r7_133seqs	NC@U@142507.1	11018395	11023754	1255	5	4	16.3	0.00	COPIES
r8_83seqs	NC@U@142507.1	11020327	11027959	1268	5	4	12.0	0.00	COPIES
r10_19seqs	NC@U@142507.1	11020366	11028183	1246	5	4	9.3	0.00	COPIES
r3_58seqs	NC@U@142507.1	21135106	21145614	2077	5	4	24.6	0.00	COPIES
r5_r5_P48	NC@U@142507.1	21135183	21145656	2025	5	4	24.9	0.00	COPIES
r10_19seqs	NC@U@142507.1	21403407	21413189	1756	5	4	14.4	0.00	COPIES
r9_15seqs	NC@U@142507.1	27833579	27834588	173	5	4	77.5	0.33	COPIES
r3_58seqs	NC@U@142507.1	28198180	28203933	1107	5	4	26.1	0.00	COPIES
r9_15seqs	NC@U@142507.1	28198715	28204423	1057	5	4	15.1	0.00	COPIES
r2_3seqs	NC@U@142507.1	28957244	28970790	3197	5	4	11.8	0.00	COPIES
r2_3seqs	NC@U@142507.1	29202604	29212677	2220	5	4	32.9	0.00	COPIES
r5_27seqs	NC@U@142507.1	29202717	29212688	2119	5	4	29.3	0.00	COPIES
r7_133seqs	NC@U@142507.1	29202717	29212664	2132	5	4	31.4	0.00	COPIES
r8_83seqs	NC@U@142507.1	29202717	29212688	2119	5	4	29.3	0.00	COPIES
r10_19seqs	NC@U@142507.1	29202723	29212682	2162	5	4	32.8	0.00	COPIES
r4_32seqs	NC@U@142507.1	29202723	29212670	2156	5	4	34.5	0.00	COPIES
r9_15seqs	NC@U@142507.1	29202723	29212625	2186	5	4	23.6	0.00	COPIES
r3_58seqs	NC@U@142507.1	31261598	31270729	2238	5	4	10.9	0.00	COPIES
r8_83seqs	NC@U@142507.1	31261598	31270731	2208	5	4	11.1	0.00	COPIES
r3_58seqs	NC@U@142507.1	32037863	32052218	3274	5	4	8.5	0.00	COPIES
r5_27seqs	NC@U@142507.1	32043519	32057639	3789	5	4	7.4	0.00	COPIES
r8_83seqs	NC@U@142507.1	32043519	32057639	3786	5	4	7.4	0.00	COPIES
r5_r3_P34	NC@U@142507.1	32301697	32317730	3991	5	4	10.0	0.00	COPIES
r5_r6_P26	NC@U@142507.1	32301697	32317730	4027	5	4	9.6	0.00	COPIES
r5_27seqs	NC@U@142507.1	32301819	32317548	4023	5	4	9.6	0.00	COPIES
r8_83seqs	NC@U@142507.1	32301819	32317548	4019	5	4	9.6	0.00	COPIES
r4_32seqs	NC@U@142507.1	32337978	32348279	1969	5	4	7.4	0.00	COPIES
r5_r3_P34	NC@U@142507.1	36767008	36785523	4963	5	4	10.2	0.00	COPIES
r5_27seqs	NC@U@142507.1	36767009	36778489	2608	5	4	12.2	0.00	COPIES
r6_210seqs	NC@U@142507.1	36780583	36798273	4271	5	4	6.8	0.00	COPIES
r4_32seqs	NC@U@142507.1	36784644	36788976	675	5	4	40.4	0.00	COPIES
r10_19seqs	NC@U@142507.1	36784645	36788965	684	5	4	68.0	0.00	COPIES
r2_3seqs	NC@U@142507.1	36784645	36788965	686	5	4	41.6	0.00	COPIES
r2_3seqs	NC@U@142507.1	42874324	42881614	896	5	4	17.4	0.00	COPIES
r4_32seqs	NC@U@142507.1	43806659	43818939	2607	5	4	13.0	0.00	COPIES
r10_19seqs	NC@U@142507.1	45268688	45271877	392	5	4	65.6	0.33	COPIES
r9_15seqs	NC@U@142507.1	45268743	45271881	364	5	4	57.3	0.00	COPIES
r6_210seqs	NC@U@142507.1	51934974	51936784	414	5	4	43.7	0.00	COPIES
r7_133seqs	NC@U@142507.1	51935172	51937107	416	5	4	29.1	0.00	COPIES
r9_15seqs	NC@U@142508.1	9297030	9308602	2733	5	4	17.7	0.00	COPIES
r9_15seqs	NC@U@142508.1	16390337	16398957	1506	5	4	16.7	0.00	COPIES
r1_r3_P2	NC@U@142508.1	30262336	30275135	3006	5	4	20.2	0.00	COPIES
r4_32seqs	NC@U@142508.1	31496653	31509180	3087	5	4	8.2	0.00	COPIES
r10_19seqs	NC@U@142508.1	31982046	31984487	542	5	4	47.2	0.00	COPIES
r4_32seqs	NC@U@142508.1	32042901	32043968	141	5	4	76.3	0.00	COPIES
r7_133seqs	NC@U@142508.1	32472092	32473653	187	5	4	73.8	0.00	COPIES
r1_9seqs	NC@U@142508.1	32682736	32699076	3897	5	4	9.8	0.00	COPIES
r7_133seqs	NC@U@142508.1	32781095	32789394	1553	5	5	39.1	0.00	COPIES
r4_32seqs	NC@U@142508.1	32781116	32789321	1487	5	4	34.5	0.00	COPIES
r10_19seqs	NC@U@142508.1	32781117	32790737	2187	5	4	34.5	0.00	COPIES
r2_3seqs	NC@U@142508.1	32781117	32790848	2188	5	4	34.5	0.00	COPIES
r2_3seqs	NC@U@142508.1	32896344	32911016	4200	5	4	10.8	0.00	COPIES
r5_27seqs	NC@U@142508.1	32896457	32910903	4187	5	4	18.2	0.00	COPIES
r6_210seqs	NC@U@142508.1	32896457	32912115	4137	5	4	14.2	0.00	COPIES
r7_133seqs	NC@U@142508.1	32896457	32910903	4108	5	4	13.0	0.00	COPIES
r10_19seqs	NC@U@142508.1	32896462	32910898	4140	5	4	10.8	0.00	COPIES
r9_15seqs	NC@U@142508.1	32896463	32910897	4137	5	4	11.8	0.00	COPIES
r9_15seqs	NC@U@142508.1	33831200	33834372	347	5	4	72.5	0.00	COPIES
r5_27seqs	NC@U@142508.1	34988142	34998735	2724	5	4	13.7	0.00	COPIES
r4_32seqs	NC@U@142508.1	34988148	34998695	2721	5	4	13.1	0.00	COPIES
r6_210seqs	NC@U@142508.1	35138136	35149076	2172	5	4	21.3	0.00	COPIES
r3_58seqs	NC@U@142508.1	35138143	35149049	2211	5	4	20.9	0.00	COPIES
r3_58seqs	NC@U@142508.1	35271016	35279087	1825	5	4	20.1	0.00	COPIES
r10_19seqs	NC@U@142508.1	35272808	35280879	1695	5	4	17.2	0.00	COPIES
r4_32seqs	NC@U@142508.1	35272808	35280880	1726	5	4	13.3	0.00	COPIES
r1_9seqs	NC@U@142508.1	35348372	35365558	4967	5	4	7.6	0.00	COPIES
r5_r3_P34	NC@U@142508.1	35365616	35379385	3346	5	4	33.4	0.00	COPIES
r10_19seqs	NC@U@142508.1	35367268	35368505	212	5	4	67.3	0.00	COPIES
r9_15seqs	NC@U@142508.1	35996945	35998401	325	5	4	80.4	0.00	COPIES
r8_83seqs	NC@U@142508.1	37048053	37065816	4478	5	4	10.1	0.00	COPIES
r3_58seqs	NC@U@142508.1	37048137	37062338	3302	5	4	14.2	0.00	COPIES
r7_133seqs	NC@U@142508.1	37060038	37076385	4343	5	4	6.8	0.00	COPIES
r4_32seqs	NC@U@142508.1	37159078	37167563	1452	5	4	23.9	0.00	COPIES
r7_133seqs	NC@U@142508.1	37159078	37167614	1488	5	4	25.4	0.00	COPIES
r3_58seqs	NC@U@142508.1	37643449	37652108	1978	5	4	9.9	0.00	COPIES
r7_133seqs	NC@U@142508.1	37963627	37979082	4200	5	4	16.7	0.00	COPIES
r10_19seqs	NC@U@142508.1	38125744	38137320	2906	5	4	22.9	0.00	COPIES
r1_r3_P2	NC@U@142508.1	38126396	38137522	2588	5	4	37.7	0.00	COPIES
r1_9seqs	NC@U@142508.1	38126401	38137517	2742	5	4	37.1	0.00	COPIES
r9_15seqs	NC@U@142508.1	38339991	38341633	266	5	4	49.0	0.00	COPIES
r7_133seqs	NC@U@142508.1	38641400	38659532	4785	5	4	6.6	0.00	COPIES
r3_58seqs	NC@U@142508.1	39098559	39109763	2191	5	4	16.3	0.00	COPIES
r9_15seqs	NC@U@142508.1	39354392	39362082	1943	5	4	6.3	0.00	COPIES
r5_r3_P34	NC@U@142508.1	39361092	39371154	2295	5	4	25.7	0.00	COPIES
r6_210seqs	NC@U@142508.1	39361143	39370570	2239	5	4	31.1	0.00	COPIES
r10_19seqs	NC@U@142508.1	39837066	39839341	534	5	4	25.1	0.00	COPIES
r7_133seqs	NC@U@142508.1	40136426	40150673	3830	5	4	7.8	0.00	COPIES
r4_32seqs	NC@U@142508.1	40136432	40150679	3833	5	4	7.8	0.00	COPIES
r10_19seqs	NC@U@142508.1	40141694	40150539	2122	5	4	17.2	0.00	COPIES
r2_3seqs	NC@U@142508.1	40141694	40150668	2183	5	4	17.8	0.00	COPIES
r10_19seqs	NC@U@142508.1	41188707	41200509	2836	5	4	9.9	0.00	COPIES
r4_32seqs	NC@U@142508.1	42130875	42146459	4004	5	4	5.5	0.00	COPIES
r7_133seqs	NC@U@142508.1	42833988	42835416	326	5	4	76.5	0.00	COPIES
r3_58seqs	NC@U@142508.1	44468737	44478075	2657	5	4	8.0	0.00	COPIES
r4_32seqs	NC@U@142508.1	44468850	44478076	2656	5	4	6.1	0.00	COPIES
r2_3seqs	NC@U@142508.1	44902068	44909143	1948	5	4	23.8	0.00	COPIES
r7_133seqs	NC@U@142508.1	44902181	44909140	1884	5	4	26.3	0.00	COPIES
r4_32seqs	NC@U@142508.1	44902187	44909138	1883	5	4	25.3	0.00	COPIES
r3_58seqs	NC@U@142508.1	45271522	45279697	1669	5	4	18.1	0.00	COPIES
r1_9seqs	NC@U@142508.1	45271951	45279591	1639	5	4	13.9	0.00	COPIES
r9_15seqs	NC@U@142508.1	45288704	45290918	573	5	4	38.7	0.00	COPIES
r8_83seqs	NC@U@142508.1	45288896	45290924	432	5	4	49.4	0.00	COPIES
r4_32seqs	NC@U@142508.1	45288902	45291045	555	5	4	66.3	0.00	COPIES
r5_27seqs	NC@U@142508.1	46055560	46062784	1237	5	4	28.4	0.00	COPIES
r9_15seqs	NC@U@142508.1	46780354	46796636	4413	5	4	6.1	0.00	COPIES
r7_133seqs	NC@U@142508.1	47355561	47356765	191	5	4	78.4	0.00	COPIES
r9_15seqs	NC@U@142508.1	48478280	48489404	2777	5	4	25.0	0.00	COPIES
r4_32seqs	NC@U@142508.1	48483576	48498023	3713	5	4	9.1	0.00	COPIES
r9_15seqs	NC@U@142508.1	48489514	48503939	3738	5	4	6.8	0.00	COPIES
r4_32seqs	NC@U@142508.1	48790070	48791298	264	5	4	76.1	0.00	COPIES
r9_15seqs	NC@U@142508.1	51923443	51933965	2066	5	4	9.1	0.00	COPIES
r9_15seqs	NC@U@142508.1	61750563	61756015	1193	5	4	32.7	0.00	COPIES
r9_15seqs	NC@U@142508.1	64734376	64746469	3059	5	4	7.3	0.00	COPIES
r7_133seqs	NC@U@142508.1	64739129	64746469	1314	5	4	32.3	0.00	COPIES
r9_15seqs	NC@U@142508.1	65058994	65068022	1705	5	4	13.3	0.00	COPIES
r9_15seqs	NC@U@142508.1	65084280	65092447	1484	5	4	15.9	0.00	COPIES
r9_15seqs	NC@U@142508.1	71644493	71645883	202	5	4	47.9	0.33	COPIES
r7_133seqs	NC@U@142508.1	71784224	71796274	2658	5	4	7.3	0.00	COPIES
r1_9seqs	NC@U@142508.1	71798202	71812726	3806	5	4	10.4	0.00	COPIES
r5_r3_P34	NC@U@142509.1	1926256	1941417	3377	5	4	15.1	0.00	COPIES
r5_r6_P26	NC@U@142509.1	1926256	1941277	3379	5	4	14.8	0.00	COPIES
r5_r5_P48	NC@U@142509.1	1926257	1941277	3430	5	4	13.7	0.00	COPIES
r2_3seqs	NC@U@142509.1	1931191	1944323	2665	5	4	11.8	0.00	COPIES
r7_133seqs	NC@U@142509.1	4801634	4816027	3613	5	4	9.3	0.00	COPIES
r9_15seqs	NC@U@142509.1	4801726	4815916	3558	5	4	9.2	0.00	COPIES
r9_15seqs	NC@U@142509.1	16454122	16458283	577	5	4	37.1	0.33	COPIES
r10_19seqs	NC@U@142509.1	16454127	16458279	552	5	4	51.9	0.00	COPIES
r2_3seqs	NC@U@142509.1	17058741	17060182	262	5	4	73.9	0.00	COPIES
r5_27seqs	NC@U@142509.1	17156124	17166761	1923	5	4	12.3	0.00	COPIES
r8_83seqs	NC@U@142509.1	17156125	17166761	1889	5	4	12.4	0.00	COPIES
r7_133seqs	NC@U@142509.1	17156222	17166761	1908	5	4	12.6	0.00	COPIES
r10_19seqs	NC@U@142509.1	17156233	17166750	1902	5	4	12.8	0.00	COPIES
r2_3seqs	NC@U@142509.1	17156233	17166750	1903	5	4	12.8	0.00	COPIES
r5_r5_P48	NC@U@142509.1	17266030	17277030	2416	5	4	15.7	0.00	COPIES
r5_r6_P26	NC@U@142509.1	17266030	17277145	2389	5	4	12.6	0.00	COPIES
r8_83seqs	NC@U@142509.1	17270349	17277132	1628	5	4	10.1	0.00	COPIES
r5_27seqs	NC@U@142509.1	17270353	17277030	1625	5	4	10.1	0.00	COPIES
r4_32seqs	NC@U@142509.1	17270427	17272200	264	5	4	71.1	0.00	COPIES
r1_9seqs	NC@U@142509.1	17270959	17276855	1461	5	4	10.1	0.00	COPIES
r5_r3_P34	NC@U@142509.1	17813041	17830385	4107	5	4	11.1	0.00	COPIES
r5_r5_P48	NC@U@142509.1	17813188	17830435	4184	5	4	7.6	0.00	COPIES
r7_133seqs	NC@U@142509.1	17823226	17839616	4515	5	4	8.2	0.00	COPIES
r9_15seqs	NC@U@142509.1	17996570	17997962	165	5	4	55.8	0.00	COPIES
r9_15seqs	NC@U@142509.1	18756613	18757420	167	5	4	50.8	0.00	COPIES
r5_r6_P26	NC@U@142509.1	20701949	20712464	2543	5	4	32.8	0.00	COPIES
r5_r3_P34	NC@U@142509.1	20702003	20714236	2561	5	4	29.4	0.00	COPIES
r5_r5_P48	NC@U@142509.1	20703403	20714234	2714	5	4	15.9	0.00	COPIES
r10_19seqs	NC@U@142509.1	20703592	20708698	720	5	4	19.8	0.00	COPIES
r9_15seqs	NC@U@142509.1	20703592	20708701	762	5	4	13.8	0.00	COPIES
r1_r3_P2	NC@U@142509.1	21936884	21948147	2785	5	4	36.7	0.00	COPIES
r9_15seqs	NC@U@142509.1	22798912	22813391	3628	5	4	8.0	0.00	COPIES
r10_19seqs	NC@U@142509.1	22802945	22814402	3125	5	4	14.9	0.00	COPIES
r5_r5_P48	NC@U@142509.1	22866211	22875467	2022	5	4	29.3	0.00	COPIES
r4_32seqs	NC@U@142509.1	22875337	22890202	3668	5	4	10.0	0.00	COPIES
r10_19seqs	NC@U@142509.1	22997688	23001905	406	5	4	54.4	0.00	COPIES
r9_15seqs	NC@U@142509.1	27516751	27521462	597	5	4	39.7	0.00	COPIES
r9_15seqs	NC@U@142509.1	27782642	27784841	450	5	4	45.4	0.00	COPIES
r9_15seqs	NC@U@142509.1	35182958	35183881	187	5	4	55.9	0.00	COPIES
r10_19seqs	NC@U@142509.1	35182967	35183914	185	5	4	52.4	0.00	COPIES
r5_27seqs	NC@U@142509.1	35533070	35541711	1686	5	4	18.2	0.00	COPIES
r6_210seqs	NC@U@142509.1	35533070	35546467	3687	5	4	15.3	0.00	COPIES
r7_133seqs	NC@U@142510.1	9142597	9150849	1712	5	4	11.9	0.00	COPIES
r6_210seqs	NC@U@142510.1	13133778	13145823	3465	5	4	9.1	0.00	COPIES
r5_27seqs	NC@U@142510.1	13133826	13145827	2936	5	4	14.0	0.00	COPIES
r4_32seqs	NC@U@142510.1	13133972	13145592	2872	5	4	11.0	0.00	COPIES
r7_133seqs	NC@U@142510.1	13134161	13141991	1687	5	4	10.2	0.00	COPIES
r5_27seqs	NC@U@142510.1	14582810	14593439	2950	5	4	12.5	0.00	COPIES
r7_133seqs	NC@U@142510.1	14582810	14593439	2950	5	4	12.0	0.00	COPIES
r8_83seqs	NC@U@142510.1	14582810	14593439	2950	5	4	11.4	0.00	COPIES
r10_19seqs	NC@U@142510.1	14582816	14593435	2955	5	4	11.2	0.00	COPIES
r2_3seqs	NC@U@142510.1	14582816	14593433	2955	5	4	11.2	0.00	COPIES
r4_32seqs	NC@U@142510.1	14582816	14593433	2953	5	4	11.4	0.00	COPIES
r4_32seqs	NC@U@142510.1	14977995	14991630	3267	5	4	5.6	0.00	COPIES
r10_19seqs	NC@U@142510.1	14978000	14991765	3273	5	4	5.5	0.00	COPIES
r9_15seqs	NC@U@142510.1	14978039	14991636	3297	5	4	7.4	0.00	COPIES
r3_58seqs	NC@U@142510.1	14984064	14995818	2704	5	4	11.1	0.00	COPIES
r9_15seqs	NC@U@142510.1	16414771	16426571	2828	5	4	10.4	0.00	COPIES
r2_3seqs	NC@U@142510.1	17338282	17350581	2985	5	4	31.7	0.00	COPIES
r9_15seqs	NC@U@142510.1	17341527	17345314	410	5	4	45.2	0.00	COPIES
r4_32seqs	NC@U@142510.1	17600581	17610464	1860	5	4	14.0	0.00	COPIES
r10_19seqs	NC@U@142510.1	17600592	17610606	1854	5	4	14.0	0.00	COPIES
r9_15seqs	NC@U@142510.1	17873133	17874912	381	5	4	42.7	0.00	COPIES
r10_19seqs	NC@U@142510.1	18056515	18071071	3429	5	4	5.1	0.00	COPIES
r4_32seqs	NC@U@142510.1	18056526	18071070	3471	5	4	5.3	0.00	COPIES
r1_9seqs	NC@U@142510.1	18436394	18444311	1581	5	4	29.3	0.00	COPIES
r7_133seqs	NC@U@142511.1	18730198	18742176	2922	5	4	25.5	0.00	COPIES
r8_83seqs	NC@U@142511.1	18730198	18742176	2922	5	4	25.5	0.00	COPIES
r6_210seqs	NC@U@142511.1	22798415	22812008	3608	5	4	20.6	0.00	COPIES
r4_32seqs	NC@U@142511.1	22798494	22810772	2821	5	4	11.6	0.00	COPIES
r2_3seqs	NC@U@142511.1	22798505	22810774	2815	5	4	10.9	0.00	COPIES
r7_133seqs	NC@U@142511.1	22798510	22810775	2823	5	4	11.2	0.00	COPIES
r5_27seqs	NC@U@142511.1	22810641	22816781	1483	5	4	46.0	0.00	COPIES
r10_19seqs	NC@U@142511.1	22810781	22818614	1818	5	4	12.8	0.00	COPIES
r1_r3_P2	NC@U@142511.1	23107859	23123057	4050	5	4	19.3	0.00	COPIES
r8_83seqs	NC@U@142511.1	23113084	23120064	1060	5	4	53.6	0.00	COPIES
r4_32seqs	NC@U@142511.1	23114769	23126784	3350	5	4	12.8	0.00	COPIES
r6_210seqs	NC@U@142511.1	23118995	23131496	3349	5	4	14.1	0.00	COPIES
r8_83seqs	NC@U@142511.1	23138576	23153515	3519	5	4	6.7	0.00	COPIES
r1_r3_P1	NC@U@142511.1	23256790	23267251	2015	5	4	25.6	0.00	COPIES
r5_r3_P34	NC@U@142511.1	23256817	23267208	1935	5	4	26.2	0.00	COPIES
r5_r6_P26	NC@U@142511.1	23256982	23267222	1973	5	4	26.4	0.33	COPIES
r10_19seqs	NC@U@142511.1	23257124	23266949	1901	5	4	19.7	0.33	COPIES
r3_58seqs	NC@U@142511.1	23257125	23267198	1972	5	4	16.3	0.33	COPIES
r5_r6_P26	NC@U@142511.1	23883765	23892512	1545	5	4	35.0	0.00	COPIES
r3_58seqs	NC@U@142511.1	23883900	23892474	1563	5	4	26.9	0.00	COPIES
r5_r5_P48	NC@U@142511.1	23888187	23895494	1545	5	4	27.6	0.00	COPIES
r5_27seqs	NC@U@142511.1	23888328	23898603	3012	5	4	9.7	0.00	COPIES
r2_3seqs	NC@U@142511.1	23890387	23900433	2418	5	4	6.5	0.00	COPIES
r10_19seqs	NC@U@142511.1	23890389	23900437	2417	5	4	6.5	0.00	COPIES
r7_133seqs	NC@U@142511.1	23890389	23900430	2414	5	4	6.5	0.00	COPIES
r10_19seqs	NC@U@142511.1	24050799	24059141	1498	5	4	9.2	0.00	COPIES
r4_32seqs	NC@U@142511.1	24050809	24059198	1537	5	4	9.5	0.00	COPIES
r9_15seqs	NC@U@142511.1	24050854	24059085	1500	5	4	9.3	0.00	COPIES
r4_32seqs	NC@U@142511.1	24454913	24459780	893	5	4	23.6	0.00	COPIES
r10_19seqs	NC@U@142511.1	24454924	24459780	889	5	4	23.6	0.00	COPIES
r2_3seqs	NC@U@142511.1	24598856	24603064	957	5	4	11.8	0.00	COPIES
r4_32seqs	NC@U@142511.1	24598856	24603064	951	5	4	11.8	0.00	COPIES
r10_19seqs	NC@U@142511.1	25466247	25467455	236	5	4	62.8	0.00	COPIES
r9_15seqs	NC@U@142512.1	4374389	4386506	2813	5	4	17.0	0.00	COPIES
r2_3seqs	NC@U@142512.1	4471599	4488839	3981	5	4	2.9	0.00	COPIES
r10_19seqs	NC@U@142512.1	4471726	4488713	3917	5	4	2.9	0.00	COPIES
r7_133seqs	NC@U@142512.1	4471728	4488718	3911	5	4	3.0	0.00	COPIES
r2_3seqs	NC@U@142512.1	6321264	6335924	4081	5	4	11.4	0.00	COPIES
r10_19seqs	NC@U@142512.1	6321271	6335925	4120	5	4	11.2	0.00	COPIES
r7_133seqs	NC@U@142512.1	6341916	6357679	3623	5	4	11.1	0.00	COPIES
r10_19seqs	NC@U@142512.1	6341921	6357675	3629	5	4	10.8	0.00	COPIES
r1_9seqs	NC@U@142512.1	7038708	7046306	1855	5	4	20.4	0.00	COPIES
r1_r3_P2	NC@U@142512.1	7038919	7046398	1747	5	4	18.2	0.00	COPIES
r4_32seqs	NC@U@142512.1	7039038	7046303	1727	5	4	12.4	0.00	COPIES
r9_15seqs	NC@U@142512.1	7039038	7046249	1688	5	4	20.3	0.00	COPIES
r3_58seqs	NC@U@142512.1	7039041	7046367	1689	5	4	17.9	0.00	COPIES
r5_27seqs	NC@U@142512.1	7143710	7150276	1577	5	4	15.7	0.00	COPIES
r7_133seqs	NC@U@142512.1	7143710	7150276	1592	5	4	15.7	0.00	COPIES
r8_83seqs	NC@U@142512.1	7143710	7150276	1578	5	4	15.7	0.00	COPIES
r9_15seqs	NC@U@142512.1	7143710	7150271	1617	5	4	14.2	0.00	COPIES
r7_133seqs	NC@U@142512.1	14108492	14121595	3042	5	4	7.6	0.00	COPIES
r5_r5_P48	NC@U@142512.1	15328986	15338925	2664	5	4	12.1	0.00	COPIES
r1_r3_P2	NC@U@142512.1	19075611	19083255	1798	5	4	47.9	0.00	COPIES
r3_58seqs	NC@U@142512.1	19075653	19083056	1776	5	4	30.2	0.00	COPIES
r5_27seqs	NC@U@142512.1	19075768	19083063	1731	5	4	29.6	0.00	COPIES
r1_9seqs	NC@U@142512.1	19075945	19084013	993	5	4	30.6	0.00	COPIES
r6_210seqs	NC@U@142512.1	19076179	19083063	1634	5	4	53.5	0.00	COPIES
r9_15seqs	NC@U@142512.1	20668654	20676469	1416	5	4	29.7	0.00	COPIES
r8_83seqs	NC@U@142512.1	23061844	23068567	1618	5	4	24.7	0.00	COPIES
r3_58seqs	NC@U@142512.1	23061846	23068674	1627	5	4	23.5	0.00	COPIES
r5_27seqs	NC@U@142512.1	23061872	23068567	1609	5	4	24.8	0.00	COPIES
r5_r6_P26	NC@U@142512.1	25639432	25651750	3145	5	4	19.8	0.00	COPIES
r5_r5_P48	NC@U@142512.1	25639600	25651750	3086	5	4	22.1	0.00	COPIES
r1_9seqs	NC@U@142512.1	25644264	25646792	723	5	4	75.3	0.00	COPIES
r7_133seqs	NC@U@142512.1	26493895	26498902	628	5	4	32.9	0.00	COPIES
r9_15seqs	NC@U@142512.1	27205228	27213219	1967	5	4	11.4	0.00	COPIES
r9_15seqs	NC@U@142512.1	27542230	27543734	196	5	4	71.2	0.00	COPIES
r9_15seqs	NC@U@142512.1	28132765	28134019	282	5	4	65.8	0.00	COPIES
r5_27seqs	NC@U@142512.1	28434558	28441028	1622	5	4	20.4	0.00	COPIES
r3_58seqs	NC@U@142512.1	30114313	30121407	1552	5	4	12.8	0.00	COPIES
r5_27seqs	NC@U@142512.1	35060898	35074258	3698	5	4	28.2	0.00	COPIES
r7_133seqs	NC@U@142512.1	35060898	35074258	3698	5	4	28.2	0.00	COPIES
r4_32seqs	NC@U@142512.1	35060904	35074252	3698	5	4	27.5	0.00	COPIES
r2_3seqs	NC@U@142512.1	35060908	35074371	3584	5	4	28.7	0.00	COPIES
r3_58seqs	NC@U@142512.1	35060908	35074251	3606	5	4	27.4	0.00	COPIES
r10_19seqs	NC@U@142512.1	35060909	35074252	3661	5	4	27.6	0.00	COPIES
r3_58seqs	NC@U@142512.1	36579894	36594966	3101	5	4	6.2	0.00	COPIES
r2_3seqs	NC@U@142512.1	37791040	37802538	2652	5	4	21.8	0.00	COPIES
r10_19seqs	NC@U@142512.1	37791042	37802538	2713	5	4	21.6	0.00	COPIES
r9_15seqs	NC@U@142512.1	41921807	41922683	158	5	4	71.0	0.00	COPIES
r6_210seqs	NC@U@142512.1	45744357	45763462	4981	5	4	9.9	0.00	COPIES
r5_27seqs	NC@U@142512.1	45754648	45765419	1864	5	4	10.1	0.00	COPIES
r10_19seqs	NC@U@142512.1	45754653	45765415	1858	5	4	9.1	0.00	COPIES
r10_19seqs	NC@U@142512.1	45912562	45931347	5016	5	4	9.4	0.00	COPIES
r2_3seqs	NC@U@142512.1	45912564	45931345	4950	5	4	9.0	0.00	COPIES
r3_58seqs	NC@U@142512.1	45912565	45931345	5020	5	4	9.4	0.00	COPIES
r8_83seqs	NC@U@142513.1	18596370	18604788	1897	5	4	11.0	0.00	COPIES
r10_19seqs	NC@U@142513.1	18596374	18604131	1897	5	4	10.7	0.00	COPIES
r3_58seqs	NC@U@142513.1	18669375	18682009	2773	5	4	10.2	0.00	COPIES
r7_133seqs	NC@U@142513.1	18669508	18681895	2767	5	4	10.5	0.00	COPIES
r6_210seqs	NC@U@142513.1	18721879	18733702	2977	5	4	8.9	0.00	COPIES
r7_133seqs	NC@U@142513.1	18729624	18733610	914	5	4	25.0	0.00	COPIES
r9_15seqs	NC@U@142513.1	19853650	19857056	382	5	4	33.5	0.00	COPIES
r4_32seqs	NC@U@142513.1	20636509	20642791	1414	5	4	16.9	0.00	COPIES
r7_133seqs	NC@U@142513.1	20636834	20642727	1411	5	4	9.8	0.00	COPIES
r4_32seqs	NC@U@142513.1	20656592	20671476	4036	5	4	8.8	0.00	COPIES
r9_15seqs	NC@U@142513.1	20658195	20675016	4347	5	4	7.6	0.00	COPIES
r5_r5_P48	NC@U@142513.1	21042635	21050544	1288	5	4	13.9	0.00	COPIES
r5_r6_P26	NC@U@142513.1	21042635	21050564	1287	5	4	13.9	0.00	COPIES
r9_15seqs	NC@U@142513.1	21047950	21049115	168	5	4	76.6	0.00	COPIES
r10_19seqs	NC@U@142513.1	21328004	21337555	2371	5	4	7.9	0.00	COPIES
r4_32seqs	NC@U@142513.1	22000990	22002177	227	5	4	71.6	0.00	COPIES
r10_19seqs	NC@U@142513.1	22001001	22002178	228	5	4	76.2	0.00	COPIES
r4_32seqs	NC@U@142513.1	22162059	22173799	2432	5	4	12.3	0.00	COPIES
r3_58seqs	NC@U@142513.1	23418989	23434213	4250	5	4	13.2	0.00	COPIES
r6_210seqs	NC@U@142513.1	23419011	23434227	4260	5	4	14.1	0.00	COPIES
r4_32seqs	NC@U@142513.1	25059273	25068661	1627	5	4	34.1	0.00	COPIES
r5_r5_P48	NC@U@142513.1	25059273	25074614	3837	5	4	13.6	0.00	COPIES
r2_3seqs	NC@U@142513.1	25059284	25068661	1630	5	4	31.4	0.00	COPIES
r2_3seqs	NC@U@142513.1	25315594	25325966	2042	5	4	8.4	0.00	COPIES
r1_9seqs	NC@U@142513.1	25315597	25325802	2053	5	4	8.8	0.00	COPIES
r1_r3_P2	NC@U@142513.1	25429165	25439832	2956	5	4	24.1	0.00	COPIES
r6_210seqs	NC@U@142513.1	25429184	25439638	2941	5	4	24.0	0.00	COPIES
r8_83seqs	NC@U@142513.1	25429184	25439638	2718	5	4	17.7	0.00	COPIES
r6_210seqs	NC@U@142513.1	25789318	25801465	2739	5	4	14.5	0.00	COPIES
r2_3seqs	NC@U@142513.1	25789545	25803968	3741	5	4	10.9	0.00	COPIES
r9_15seqs	NC@U@142513.1	25789585	25803969	3405	5	4	6.6	0.00	COPIES
r2_3seqs	NC@U@142513.1	25871124	25883046	3042	5	4	18.4	0.00	COPIES
r3_58seqs	NC@U@142513.1	38834024	38854404	5104	5	4	6.0	0.00	COPIES
r2_3seqs	NC@U@142513.1	45128073	45134545	1135	5	4	16.9	0.00	COPIES
r5_r5_P48	NC@U@142513.1	46819950	46831529	2708	5	4	15.1	0.00	COPIES
r10_19seqs	NC@U@142513.1	46820228	46831527	2770	5	4	7.8	0.00	COPIES
r5_27seqs	NC@U@142513.1	50706525	50711247	988	5	4	25.4	0.00	COPIES
r9_15seqs	NC@U@142514.1	733151	744984	3115	5	4	5.3	0.00	COPIES
r10_19seqs	NC@U@142514.1	733155	744972	3093	5	4	6.8	0.00	COPIES
r2_3seqs	NC@U@142514.1	733155	745124	3098	5	4	6.6	0.00	COPIES
r4_32seqs	NC@U@142514.1	733155	744972	3090	5	4	7.3	0.00	COPIES
r7_133seqs	NC@U@142514.1	733155	744989	3087	5	4	7.6	0.00	COPIES
r9_15seqs	NC@U@142514.1	5026450	5027316	175	5	4	74.4	0.00	COPIES
r7_133seqs	NC@U@142514.1	5241293	5244996	567	5	4	35.5	0.00	COPIES
r9_15seqs	NC@U@142514.1	5241334	5244990	533	5	4	34.4	0.00	COPIES
r9_15seqs	NC@U@142514.1	5798923	5800913	264	5	4	47.7	0.33	COPIES
r4_32seqs	NC@U@142514.1	6965508	6975657	1952	5	4	61.2	0.00	COPIES
r10_19seqs	NC@U@142514.1	6965519	6975658	1952	5	4	61.3	0.00	COPIES
r3_58seqs	NC@U@142514.1	8031303	8043911	3234	5	4	10.6	0.00	COPIES
r7_133seqs	NC@U@142514.1	10575889	10587764	3190	5	4	10.0	0.00	COPIES
r10_19seqs	NC@U@142514.1	10578481	10580988	535	5	4	26.1	0.00	COPIES
r9_15seqs	NC@U@142514.1	10584149	10588418	696	5	4	39.8	0.00	COPIES
r10_19seqs	NC@U@142514.1	10616749	10621757	1328	5	4	15.9	0.00	COPIES
r7_133seqs	NC@U@142514.1	10721209	10722580	223	5	4	72.2	0.00	COPIES
r9_15seqs	NC@U@142514.1	10721307	10722579	203	5	4	50.0	0.00	COPIES
r9_15seqs	NC@U@142514.1	15943959	15945154	196	5	4	69.9	0.00	COPIES
r9_15seqs	NC@U@142514.1	16254956	16269139	3564	5	4	9.4	0.00	COPIES
r8_83seqs	NC@U@142514.1	16289122	16294806	903	5	4	17.2	0.00	COPIES
r3_58seqs	NC@U@142514.1	16323918	16332540	1757	5	4	24.2	0.00	COPIES
r8_83seqs	NC@U@142514.1	16323937	16332543	1767	5	4	24.2	0.00	COPIES
r5_27seqs	NC@U@142514.1	16323939	16332552	1770	5	4	24.2	0.00	COPIES
r9_15seqs	NC@U@142514.1	18022305	18036323	3743	5	4	7.4	0.00	COPIES
r9_15seqs	NC@U@142514.1	20998208	20999078	194	5	4	80.5	0.33	COPIES
r6_210seqs	NC@U@142514.1	21561269	21578834	4328	5	4	6.4	0.00	COPIES
r5_27seqs	NC@U@142514.1	21565131	21578834	2970	5	4	18.8	0.00	COPIES
r8_83seqs	NC@U@142514.1	21565133	21578834	2970	5	4	18.7	0.00	COPIES
r9_15seqs	NC@U@142514.1	21565466	21578834	2881	5	4	16.8	0.00	COPIES
r7_133seqs	NC@U@142514.1	21568172	21578834	2729	5	4	7.8	0.00	COPIES
r4_32seqs	NC@U@142514.1	22175602	22185400	2457	5	4	7.7	0.00	COPIES
r7_133seqs	NC@U@142514.1	22401346	22404391	399	5	4	50.3	0.00	COPIES
r7_133seqs	NC@U@142514.1	24179436	24194576	4307	5	4	15.3	0.00	COPIES
r2_3seqs	NC@U@142514.1	24236359	24246201	1878	5	4	7.7	0.00	COPIES
r2_3seqs	NC@U@142514.1	24329356	24336195	1769	5	4	33.9	0.00	COPIES
r9_15seqs	NC@U@142514.1	24329393	24330567	176	5	4	78.7	0.33	COPIES
r3_58seqs	NC@U@142514.1	24356755	24363062	1402	5	4	47.2	0.00	COPIES
r7_133seqs	NC@U@142514.1	24360508	24365121	1106	5	4	33.8	0.00	COPIES
r9_15seqs	NC@U@142514.1	26240378	26247016	1616	5	4	13.8	0.00	COPIES
r1_r3_P2	NC@U@142514.1	30766738	30783580	4178	5	4	15.0	0.00	COPIES
r3_58seqs	NC@U@142514.1	30766784	30783532	4159	5	4	13.7	0.00	COPIES
r5_r5_P48	NC@U@142514.1	30766907	30783559	4093	5	4	13.8	0.00	COPIES
r1_9seqs	NC@U@142514.1	30767072	30783191	4013	5	4	13.0	0.00	COPIES
r10_19seqs	NC@U@142514.1	30767089	30783188	4005	5	4	12.9	0.00	COPIES
r4_32seqs	NC@U@142514.1	32144555	32152615	1923	5	4	12.2	0.00	COPIES
r3_58seqs	NC@U@142514.1	32221710	32229974	2278	5	4	22.7	0.00	COPIES
r10_19seqs	NC@U@142514.1	32440109	32441404	163	5	4	75.4	0.33	COPIES
r5_27seqs	NC@U@142514.1	32796429	32803005	994	5	4	20.9	0.00	COPIES
r3_58seqs	NC@U@142514.1	32796448	32802988	982	5	4	20.3	0.00	COPIES
r2_3seqs	NC@U@142514.1	32796487	32802925	988	5	4	21.6	0.00	COPIES
r4_32seqs	NC@U@142514.1	32796487	32797998	319	5	4	78.0	0.00	COPIES
r9_15seqs	NC@U@142514.1	32796527	32798007	359	5	4	63.1	0.33	COPIES
r7_133seqs	NC@U@142514.1	37438750	37440218	312	5	4	78.7	0.00	COPIES
r9_15seqs	NC@U@142514.1	37438750	37440119	312	5	4	78.7	0.00	COPIES
r2_3seqs	NC@U@142514.1	37438756	37440154	312	5	4	78.5	0.00	COPIES
r4_32seqs	NC@U@142514.1	37438756	37440166	312	5	4	78.5	0.00	COPIES
r9_15seqs	NC@U@142514.1	47033627	47037409	882	5	4	33.5	0.33	COPIES
r2_3seqs	NC@U@142514.1	70571484	70573689	360	5	4	77.5	0.00	COPIES
r9_15seqs	NC@U@142514.1	70571519	70572331	170	5	4	66.7	0.00	COPIES
r6_210seqs	NC@U@142514.1	80598274	80617592	4854	5	4	8.8	0.00	COPIES
r3_58seqs	NC@U@142514.1	80598283	80617577	4850	5	4	8.8	0.00	COPIES
r9_15seqs	NC@U@142514.1	80602251	80617464	3592	5	4	10.2	0.00	COPIES
r9_15seqs	NC@U@142514.1	80923618	80930227	1491	5	4	13.3	0.00	COPIES
r5_27seqs	NC@U@142514.1	80925652	80934926	2244	5	4	7.7	0.00	COPIES
r3_58seqs	NC@U@142514.1	88047955	88059266	2436	5	4	18.2	0.00	COPIES
r7_133seqs	NC@U@142514.1	88049731	88059255	1536	5	4	20.0	0.00	COPIES
r9_15seqs	NC@U@142514.1	88049731	88059138	1487	5	4	20.3	0.00	COPIES
r10_19seqs	NC@U@142514.1	100572185	100589672	4854	5	4	7.6	0.00	COPIES
r5_r6_P26	NC@U@142514.1	100640620	100648372	2097	5	4	21.2	0.00	COPIES
r7_133seqs	NC@U@142514.1	100640621	100643210	294	5	4	72.3	0.00	COPIES
r7_133seqs	NC@U@142514.1	100752892	100765797	3165	5	4	27.0	0.00	COPIES
r10_19seqs	NC@U@142514.1	100752896	100765620	3069	5	4	31.1	0.00	COPIES
r2_3seqs	NC@U@142514.1	100752898	100765934	3103	5	4	29.4	0.00	COPIES
r4_32seqs	NC@U@142514.1	100752898	100765798	3159	5	4	27.1	0.00	COPIES
r5_27seqs	NC@U@142514.1	100779643	100788770	2426	5	4	12.0	0.00	COPIES
r6_210seqs	NC@U@142514.1	100779643	100788764	2651	5	4	7.4	0.00	COPIES
r7_133seqs	NC@U@142514.1	100809416	100820575	2532	5	4	12.7	0.00	COPIES
r2_3seqs	NC@U@142514.1	100809438	100820553	2523	5	4	12.4	0.00	COPIES
r9_15seqs	NC@U@142514.1	100809476	100820517	2528	5	4	12.3	0.00	COPIES
r9_15seqs	NC@U@142514.1	100989205	100990750	167	5	4	52.4	0.33	COPIES
r10_19seqs	NC@U@142514.1	101053845	101063136	2033	5	4	13.1	0.00	COPIES
r1_r3_P2	NC@U@142514.1	101054641	101069006	3624	5	4	8.6	0.00	COPIES
r4_32seqs	NC@U@142514.1	101405464	101407657	526	5	4	39.1	0.00	COPIES
r9_15seqs	NC@U@142514.1	101405509	101407735	473	5	4	22.4	0.00	COPIES
r4_32seqs	NC@U@142514.1	102800818	102808013	1714	5	4	37.2	0.00	COPIES
r9_15seqs	NC@U@142514.1	108482771	108483874	174	5	4	81.0	0.33	COPIES
r5_r6_P26	NC@U@142514.1	137769912	137784196	3276	5	4	14.5	0.00	COPIES
r9_15seqs	NC@U@142514.1	140360877	140361969	197	5	4	76.7	0.33	COPIES
r9_15seqs	NC@U@142514.1	140600680	140602058	210	5	4	55.7	0.00	COPIES
r9_15seqs	NC@U@142514.1	141132823	141137634	484	5	4	94.0	0.67	ARRAY
r7_133seqs	NC@U@142514.1	141340700	141353311	3140	5	4	20.6	0.00	COPIES
r9_15seqs	NC@U@142514.1	146300282	146308505	2092	5	4	9.3	0.00	COPIES
r2_3seqs	NC@U@142514.1	146316188	146327600	3006	5	4	17.7	0.00	COPIES
r7_133seqs	NC@U@142514.1	146316339	146327622	2874	5	4	16.2	0.00	COPIES
r4_32seqs	NC@U@142514.1	146316345	146327615	2868	5	4	16.1	0.00	COPIES
r7_133seqs	NC@U@142514.1	146380773	146396018	3826	5	4	6.7	0.00	COPIES
r3_58seqs	NC@U@142514.1	146480699	146493530	3265	5	4	6.3	0.00	COPIES
r4_32seqs	NC@U@142514.1	146480819	146484419	485	5	4	84.3	0.33	COPIES
r10_19seqs	NC@U@142514.1	146480830	146484426	523	5	4	83.5	0.33	COPIES
r9_15seqs	NC@U@142514.1	146480871	146481800	209	5	4	90.8	0.67	ARRAY
r2_3seqs	NC@U@142514.1	146481338	146496056	3443	5	4	5.1	0.00	COPIES
r7_133seqs	NC@U@142514.1	146481474	146496062	3372	5	4	5.1	0.00	COPIES
r4_32seqs	NC@U@142514.1	147480135	147493796	3362	5	4	11.4	0.00	COPIES
r9_15seqs	NC@U@142514.1	152835633	152848490	2761	5	4	6.1	0.00	COPIES
r3_58seqs	NC@U@142514.1	157675280	157683816	1948	5	4	18.7	0.00	COPIES
r4_32seqs	NC@U@142514.1	157675336	157683816	1977	5	4	9.7	0.00	COPIES
r10_19seqs	NC@U@142514.1	165514080	165528795	3606	5	4	8.9	0.00	COPIES
r4_32seqs	NC@U@142514.1	165514081	165528796	3643	5	4	9.0	0.00	COPIES
r7_133seqs	NC@U@142514.1	173292312	173305527	3311	5	4	12.3	0.00	COPIES
r4_32seqs	NC@U@142514.1	174777527	174797106	5014	5	4	8.5	0.00	COPIES
r10_19seqs	NC@U@142514.1	178307130	178309973	491	5	4	54.2	0.00	COPIES
r9_15seqs	NC@U@142514.1	179908663	179914020	1096	5	4	20.3	0.00	COPIES
r10_19seqs	NC@U@142514.1	179908669	179914057	1076	5	4	21.3	0.00	COPIES
r2_3seqs	NC@U@142514.1	179908670	179914061	1076	5	4	20.8	0.00	COPIES
r4_32seqs	NC@U@142514.1	179908670	179914059	1069	5	4	21.9	0.00	COPIES
r3_58seqs	NC@U@142514.1	179909117	179919233	2164	5	4	12.4	0.00	COPIES
r6_210seqs	NC@U@142514.1	181154533	181164282	2173	5	4	14.9	0.00	COPIES
r2_3seqs	NC@U@142514.1	182470251	182481288	2552	5	4	8.0	0.00	COPIES
r10_19seqs	NC@U@142514.1	182832665	182837242	463	5	4	60.0	0.33	COPIES
r3_58seqs	NC@U@142514.1	183074427	183081331	1293	5	4	21.4	0.00	COPIES
r5_r5_P48	NC@U@142514.1	183074538	183081270	1207	5	4	18.0	0.00	COPIES
r9_15seqs	NC@U@142514.1	183074582	183081092	1173	5	4	9.8	0.00	COPIES
r10_19seqs	NC@U@142514.1	183697515	183709606	2687	5	4	16.5	0.00	COPIES
r10_19seqs	NC@U@142514.1	183870370	183875782	1259	5	4	45.1	0.00	COPIES
r7_133seqs	NC@U@142514.1	184372180	184380452	1424	5	4	20.8	0.00	COPIES
r2_3seqs	NC@U@142514.1	187378226	187387690	2197	5	4	7.2	0.00	COPIES
r9_15seqs	NC@U@142515.1	22285850	22287217	194	5	4	77.8	0.33	COPIES
r5_27seqs	NC@U@142515.1	22549608	22560649	2427	5	4	17.1	0.00	COPIES
r5_r3_P34	NC@U@142515.1	22551580	22560794	2298	5	4	23.1	0.00	COPIES
r5_27seqs	NC@U@142515.1	26480625	26494740	3470	5	4	15.7	0.00	COPIES
r9_15seqs	NC@U@142515.1	26480882	26494482	3279	5	4	15.7	0.00	COPIES
r2_3seqs	NC@U@142515.1	29448148	29452208	1060	5	4	22.5	0.00	COPIES
r7_133seqs	NC@U@142515.1	29449134	29452220	734	5	4	49.0	0.00	COPIES
r10_19seqs	NC@U@142515.1	29449138	29452215	730	5	4	47.6	0.33	COPIES
r4_32seqs	NC@U@142515.1	29449206	29452208	729	5	4	48.9	0.00	COPIES
r9_15seqs	NC@U@142515.1	33402328	33403724	173	5	4	58.2	0.33	COPIES
r5_r6_P26	NC@U@142515.1	46531768	46538569	1423	5	4	35.6	0.00	COPIES
r5_r5_P48	NC@U@142515.1	46531769	46538469	1423	5	4	35.6	0.00	COPIES
r9_15seqs	NC@U@142515.1	46531769	46532927	215	5	4	43.5	0.00	COPIES
r7_133seqs	NC@U@142515.1	46531902	46535209	575	5	4	56.7	0.00	COPIES
r3_58seqs	NC@U@142515.1	46531908	46538533	1357	5	4	26.3	0.00	COPIES
r7_133seqs	NC@U@142515.1	46822865	46835000	2529	5	4	8.6	0.00	COPIES
r9_15seqs	NC@U@142515.1	46822865	46834994	2557	5	4	8.6	0.00	COPIES
r10_19seqs	NC@U@142515.1	46822869	46834991	2537	5	4	8.6	0.00	COPIES
r4_32seqs	NC@U@142515.1	46822871	46834994	2531	5	4	8.6	0.00	COPIES
r3_58seqs	NC@U@142515.1	46834742	46841060	1684	5	4	21.8	0.00	COPIES
r2_3seqs	NC@U@142515.1	46834866	46841063	1524	5	4	17.3	0.00	COPIES
r4_32seqs	NC@U@142515.1	46835004	46841063	1512	5	4	16.7	0.00	COPIES
r7_133seqs	NC@U@142515.1	46835005	46841068	1506	5	4	16.8	0.00	COPIES
r7_133seqs	NC@U@142515.1	46900480	46902623	427	5	4	62.3	0.00	COPIES
r9_15seqs	NC@U@142515.1	46900530	46901424	170	5	4	86.5	0.33	COPIES
r5_27seqs	NC@U@142515.1	46907697	46921317	3398	5	4	13.3	0.00	COPIES
r3_58seqs	NC@U@142515.1	46907711	46921407	3352	5	4	14.7	0.00	COPIES
r2_3seqs	NC@U@142515.1	46907928	46921306	3289	5	4	7.4	0.00	COPIES
r10_19seqs	NC@U@142515.1	46907930	46921306	3286	5	4	9.6	0.00	COPIES
r10_19seqs	NC@U@142515.1	47074747	47091461	4480	5	4	7.3	0.00	COPIES
r9_15seqs	NC@U@142515.1	47106966	47108526	357	5	4	29.4	0.33	COPIES
r1_r3_P2	NC@U@142515.1	47208086	47226168	4395	5	4	8.7	0.00	COPIES
r5_r6_P26	NC@U@142515.1	47208086	47226168	4395	5	4	9.4	0.00	COPIES
r1_9seqs	NC@U@142515.1	47208424	47226163	4363	5	4	6.9	0.00	COPIES
r5_27seqs	NC@U@142515.1	47232039	47237258	905	5	4	28.3	0.00	COPIES
r7_133seqs	NC@U@142515.1	47232039	47237258	922	5	4	22.2	0.00	COPIES
r9_15seqs	NC@U@142515.1	47232226	47237213	873	5	4	35.8	0.00	COPIES
r10_19seqs	NC@U@142515.1	47232229	47237247	854	5	4	39.0	0.00	COPIES
r9_15seqs	NC@U@142515.1	49162390	49163350	167	5	4	91.1	0.67	ARRAY
r4_32seqs	NC@U@142515.1	50415110	50431418	4344	5	4	13.6	0.00	COPIES
r7_133seqs	NC@U@142515.1	50425472	50431820	927	5	4	24.0	0.00	COPIES
r7_133seqs	NC@U@142515.1	50470300	50483387	3234	5	4	66.9	0.00	COPIES
r10_19seqs	NC@U@142515.1	50473108	50488835	4145	5	4	15.4	0.00	COPIES
r9_15seqs	NC@U@142515.1	50473108	50483340	2650	5	4	11.2	0.00	COPIES
r10_19seqs	NC@U@142515.1	50851450	50857500	1286	5	4	24.9	0.00	COPIES
r3_58seqs	NC@U@142515.1	50851451	50857496	1260	5	4	26.0	0.00	COPIES
r4_32seqs	NC@U@142515.1	56137512	56140738	348	5	4	78.7	0.00	COPIES
r9_15seqs	NC@U@142515.1	56137557	56138302	162	5	4	60.3	0.33	COPIES
r7_133seqs	NC@U@142515.1	66814179	66828733	3702	5	4	9.4	0.00	COPIES
r10_19seqs	NC@U@142515.1	66814185	66826278	2690	5	4	11.1	0.00	COPIES
r9_15seqs	NC@U@142515.1	66814185	66828730	3920	5	4	11.7	0.00	COPIES
r1_9seqs	NC@U@142515.1	72382701	72389646	1799	5	4	43.1	0.00	COPIES
r5_r5_P48	NC@U@142515.1	72382747	72389820	1870	5	4	59.4	0.00	COPIES
r3_58seqs	NC@U@142515.1	72382898	72389909	1869	5	4	47.2	0.00	COPIES
r9_15seqs	NC@U@142515.1	74241141	74250180	2388	5	4	14.9	0.00	COPIES
r9_15seqs	NC@U@142515.1	74946896	74948110	233	5	4	59.6	0.00	COPIES
r4_32seqs	NC@U@142515.1	74946902	74948103	233	5	4	82.1	0.00	COPIES
r7_133seqs	NC@U@142515.1	75057180	75067267	2624	5	4	8.3	0.00	COPIES
r10_19seqs	NC@U@142515.1	76716963	76730846	3511	5	4	8.6	0.00	COPIES
r3_58seqs	NC@U@142515.1	76716980	76730707	3473	5	4	8.6	0.00	COPIES
r4_32seqs	NC@U@142515.1	76716980	76730708	3504	5	4	8.6	0.00	COPIES
r3_58seqs	NC@U@142515.1	77342485	77353025	2365	5	4	9.5	0.00	COPIES
r4_32seqs	NC@U@142515.1	77342540	77352788	2291	5	4	10.5	0.00	COPIES
r10_19seqs	NC@U@142515.1	77342555	77352800	2268	5	4	10.8	0.00	COPIES
r10_19seqs	NC@U@142515.1	77773246	77785349	2906	5	4	10.2	0.00	COPIES
r5_r6_P26	NC@U@142515.1	77930465	77939272	1907	5	4	24.7	0.00	COPIES
r5_r5_P48	NC@U@142515.1	77930466	77939162	1917	5	4	24.4	0.00	COPIES
r6_210seqs	NC@U@142515.1	77930591	77939217	1916	5	4	26.3	0.00	COPIES
r9_15seqs	NC@U@142515.1	83809424	83816405	1341	5	4	24.4	0.00	COPIES
r9_15seqs	NC@U@142515.1	86627227	86628031	167	5	4	71.8	0.00	COPIES
r2_3seqs	NC@U@142515.1	93547307	93557544	2569	5	4	9.8	0.00	COPIES
r7_133seqs	NC@U@142515.1	93547417	93557550	2541	5	4	10.1	0.00	COPIES
r2_3seqs	NC@U@142515.1	95300425	95303479	586	5	4	56.2	0.00	COPIES
r7_133seqs	NC@U@142515.1	133510727	133523459	3657	5	4	12.0	0.00	COPIES
r2_3seqs	NC@U@142515.1	133510733	133523436	3604	5	4	15.8	0.00	COPIES
r4_32seqs	NC@U@142515.1	133510733	133523445	3662	5	4	12.1	0.00	COPIES
r3_58seqs	NC@U@142515.1	133556952	133567645	2398	5	4	12.9	0.00	COPIES
r1_9seqs	NC@U@142515.1	133557050	133567846	2526	5	4	8.7	0.00	COPIES
r10_19seqs	NC@U@142515.1	134246723	134264486	4645	5	4	6.8	0.00	COPIES
r4_32seqs	NC@U@142515.1	134246867	134264484	4588	5	4	6.8	0.00	COPIES
r2_3seqs	NC@U@142516.1	380401	391577	2722	5	4	7.4	0.00	COPIES
r5_27seqs	NC@U@142516.1	380520	391757	2729	5	4	7.7	0.00	COPIES
r7_133seqs	NC@U@142516.1	380520	391582	2663	5	4	7.7	0.00	COPIES
r7_133seqs	NC@U@142516.1	471548	472908	286	5	4	50.8	0.00	COPIES
r7_133seqs	NC@U@142516.1	1833747	1850714	3857	5	4	2.9	0.00	COPIES
r10_19seqs	NC@U@142516.1	1833751	1850655	3864	5	4	2.9	0.00	COPIES
r4_32seqs	NC@U@142516.1	1833752	1850666	3861	5	4	2.9	0.00	COPIES
r7_133seqs	NC@U@142516.1	4431495	4436092	774	5	4	39.6	0.00	COPIES
r4_32seqs	NC@U@142516.1	4431668	4433063	328	5	4	54.7	0.00	COPIES
r1_9seqs	NC@U@142516.1	5533197	5543071	1933	5	4	20.3	0.00	COPIES
r7_133seqs	NC@U@142516.1	5624892	5634979	2630	5	4	17.9	0.00	COPIES
r9_15seqs	NC@U@142516.1	5624995	5635107	2602	5	4	18.4	0.00	COPIES
r4_32seqs	NC@U@142516.1	6307157	6322401	4351	5	4	12.6	0.00	COPIES
r10_19seqs	NC@U@142516.1	6307160	6322386	4355	5	4	12.6	0.00	COPIES
r9_15seqs	NC@U@142516.1	6460121	6460912	167	5	4	74.1	0.00	COPIES
r7_133seqs	NC@U@142516.1	9418723	9426216	1871	5	4	51.4	0.00	COPIES
r4_32seqs	NC@U@142516.1	9418775	9426205	1842	5	4	50.6	0.00	COPIES
r2_3seqs	NC@U@142516.1	9418916	9426205	1777	5	4	50.6	0.00	COPIES
r9_15seqs	NC@U@142516.1	9418942	9426216	1797	5	4	54.7	0.00	COPIES
r9_15seqs	NC@U@142516.1	10845780	10846885	167	5	4	66.4	0.00	COPIES
r7_133seqs	NC@U@142516.1	10845971	10849255	410	5	4	81.6	0.00	COPIES
r4_32seqs	NC@U@142516.1	31649932	31651717	242	5	4	85.9	0.33	COPIES
r7_133seqs	NC@U@142516.1	31649932	31652699	685	5	4	40.1	0.33	COPIES
r2_3seqs	NC@U@142516.1	32587899	32603348	3532	5	4	5.9	0.00	COPIES
r4_32seqs	NC@U@142516.1	32588011	32603362	3470	5	4	5.9	0.00	COPIES
r7_133seqs	NC@U@142516.1	32588011	32603366	3533	5	4	6.1	0.00	COPIES
r9_15seqs	NC@U@142516.1	32969220	32976104	980	5	4	24.3	0.00	COPIES
r5_r5_P48	NC@U@142516.1	32985841	33001821	4044	5	4	14.7	0.00	COPIES
r1_r3_P2	NC@U@142516.1	32988246	33001983	2874	5	4	14.8	0.00	COPIES
r3_58seqs	NC@U@142516.1	32988252	33001935	2970	5	4	14.6	0.00	COPIES
r9_15seqs	NC@U@142516.1	32990124	33001574	2409	5	4	14.7	0.00	COPIES
r7_133seqs	NC@U@142516.1	33081369	33087551	1497	5	4	19.1	0.00	COPIES
r3_58seqs	NC@U@142516.1	33081376	33087544	1350	5	4	20.1	0.00	COPIES
r10_19seqs	NC@U@142516.1	33102127	33114602	3599	5	4	12.2	0.00	COPIES
r2_3seqs	NC@U@142516.1	33102128	33114603	3672	5	4	11.9	0.00	COPIES
r5_27seqs	NC@U@142516.1	33102134	33119918	4431	5	4	7.5	0.00	COPIES
r9_15seqs	NC@U@142516.1	33204204	33207007	784	5	4	34.4	0.00	COPIES
r5_27seqs	NC@U@142516.1	33204392	33213393	1788	5	4	35.1	0.00	COPIES
r9_15seqs	NC@U@142516.1	33232461	33233588	215	5	4	62.2	0.00	COPIES
r9_15seqs	NC@U@142516.1	35651294	35652229	142	5	4	73.4	0.00	COPIES
r4_32seqs	NC@U@142516.1	35651302	35652223	148	5	4	75.0	0.00	COPIES
r3_58seqs	NC@U@142516.1	63801431	63815259	3947	5	4	5.2	0.00	COPIES
r4_32seqs	NC@U@142516.1	74212120	74223736	2391	5	4	13.7	0.00	COPIES
r7_133seqs	NC@U@142516.1	74933430	74934681	183	5	4	56.6	0.00	COPIES
r5_27seqs	NC@U@142516.1	75364463	75371176	1798	5	4	35.4	0.00	COPIES
r3_58seqs	NC@U@142516.1	75364470	75371169	1806	5	4	44.6	0.00	COPIES
r10_19seqs	NC@U@142516.1	75472368	75485462	3801	5	4	20.9	0.00	COPIES
r2_3seqs	NC@U@142516.1	75472375	75485462	3769	5	4	20.2	0.00	COPIES
r7_133seqs	NC@U@142516.1	78955194	78968290	3092	5	4	11.6	0.00	COPIES
r9_15seqs	NC@U@142516.1	78955200	78968272	3062	5	4	11.1	0.00	COPIES
r7_133seqs	NC@U@142516.1	81583773	81596066	2556	5	4	17.8	0.00	COPIES
r5_27seqs	NC@U@142516.1	89117492	89130755	3059	5	4	18.1	0.00	COPIES
r8_83seqs	NC@U@142516.1	89117494	89130753	3090	5	4	18.1	0.00	COPIES
r5_r6_P26	NC@U@142516.1	89124372	89133953	2464	5	4	25.3	0.00	COPIES
r2_3seqs	NC@U@142516.1	89307722	89315686	1973	5	4	30.0	0.00	COPIES
r5_r5_P48	NC@U@142516.1	89399950	89416449	4409	5	4	8.9	0.00	COPIES
r2_3seqs	NC@U@142516.1	89400079	89413560	3896	5	4	7.5	0.00	COPIES
r7_133seqs	NC@U@142516.1	89718702	89720367	378	5	4	54.1	0.00	COPIES
r9_15seqs	NC@U@142516.1	89718731	89720367	381	5	4	44.2	0.00	COPIES
r1_r3_P2	NC@U@142516.1	89747960	89756950	1628	5	4	42.2	0.00	COPIES
r8_83seqs	NC@U@142516.1	89747979	89754507	1337	5	4	36.2	0.00	COPIES
r3_58seqs	NC@U@142516.1	89748007	89756912	1651	5	4	37.0	0.00	COPIES
r5_r5_P48	NC@U@142516.1	89748007	89756912	1578	5	4	37.9	0.00	COPIES
r9_15seqs	NC@U@142516.1	89754410	89758461	1022	5	4	29.8	0.00	COPIES
r9_15seqs	NC@U@142516.1	92445162	92446603	168	5	4	72.6	0.00	COPIES
r7_133seqs	NC@U@142516.1	93199252	93212940	3499	5	4	8.1	0.00	COPIES
r5_27seqs	NC@U@142516.1	93202364	93216039	3505	5	4	8.1	0.00	COPIES
r8_83seqs	NC@U@142516.1	93202364	93216039	3496	5	4	8.1	0.00	COPIES
r2_3seqs	NC@U@142516.1	93202370	93216033	3512	5	4	10.0	0.00	COPIES
r9_15seqs	NC@U@142516.1	120406214	120407142	203	5	4	92.7	0.67	ARRAY
r8_83seqs	NC@U@142516.1	128415621	128426740	2787	5	4	6.1	0.00	COPIES
r9_15seqs	NC@U@142516.1	128415622	128426606	2769	5	4	7.4	0.00	COPIES
r4_32seqs	NC@U@142516.1	132056833	132062570	1467	5	4	30.8	0.00	COPIES
r3_58seqs	NC@U@142516.1	132056836	132062681	1530	5	4	30.1	0.00	COPIES
r9_15seqs	NC@U@142516.1	132058197	132068570	2134	5	4	21.0	0.00	COPIES
r7_133seqs	NC@U@142516.1	134937579	134941473	929	5	4	29.6	0.00	COPIES
r2_3seqs	NC@U@142516.1	134937587	134944597	1661	5	4	40.2	0.00	COPIES
r1_r3_P2	NC@U@142516.1	134938218	134944859	1210	5	4	35.5	0.00	COPIES
r5_r5_P48	NC@U@142516.1	134938253	134946453	1607	5	4	13.7	0.00	COPIES
r6_210seqs	NC@U@142516.1	134938253	134946453	1396	5	4	31.3	0.00	COPIES
r10_19seqs	NC@U@142516.1	147754512	147758157	407	5	4	83.5	0.00	COPIES
r2_3seqs	NC@U@142516.1	147808878	147820033	2525	5	4	16.4	0.00	COPIES
r9_15seqs	NC@U@142516.1	151403843	151405005	203	5	4	44.7	0.00	COPIES
r9_15seqs	NC@U@142517.1	359946	361215	290	5	4	51.9	0.00	COPIES
r9_15seqs	NC@U@142517.1	391335	392992	205	5	4	89.6	0.33	COPIES
r9_15seqs	NC@U@142517.1	1302074	1304398	427	5	4	73.1	0.00	COPIES
r2_3seqs	NC@U@142517.1	2546120	2553048	1103	5	4	45.2	0.00	COPIES
r4_32seqs	NC@U@142517.1	2546120	2553048	1159	5	4	45.2	0.00	COPIES
r3_58seqs	NC@U@142517.1	47128186	47141811	3037	5	4	12.4	0.00	COPIES
r6_210seqs	NC@U@142517.1	47128186	47141627	3039	5	4	12.4	0.00	COPIES
r5_r5_P48	NC@U@142517.1	56360423	56374037	3155	5	4	7.8	0.00	COPIES
r3_58seqs	NC@U@142517.1	56360572	56374027	3257	5	4	6.3	0.00	COPIES
r7_133seqs	NC@U@142517.1	58630802	58640484	1944	5	4	12.6	0.00	COPIES
r9_15seqs	NC@U@142517.1	58672226	58673387	256	5	4	58.2	0.33	COPIES
r7_133seqs	NC@U@142517.1	59450810	59454838	528	5	4	35.6	0.00	COPIES
r10_19seqs	NC@U@142517.1	59546629	59549372	318	5	4	74.9	0.00	COPIES
r4_32seqs	NC@U@142517.1	59546631	59549372	318	5	4	73.4	0.00	COPIES
r9_15seqs	NC@U@142517.1	72685733	72686787	170	5	4	61.9	0.33	COPIES
r9_15seqs	NC@U@142517.1	72877292	72880248	416	5	4	52.8	0.00	COPIES
r10_19seqs	NC@U@142517.1	72877296	72880056	295	5	4	74.0	0.00	COPIES
r2_3seqs	NC@U@142517.1	72877303	72880169	290	5	4	74.8	0.00	COPIES
r4_32seqs	NC@U@142517.1	72877303	72880169	291	5	4	66.3	0.00	COPIES
r9_15seqs	NC@U@142517.1	100929823	100931395	210	5	4	42.1	0.00	COPIES
r4_32seqs	NC@U@142517.1	112621815	112624518	487	5	4	73.7	0.00	COPIES
r9_15seqs	NC@U@142517.1	112621862	112624337	522	5	4	51.5	0.00	COPIES
r7_133seqs	NC@U@142517.1	113527041	113541958	3773	5	4	6.6	0.00	COPIES
r5_27seqs	NC@U@142517.1	120775041	120786968	2746	5	4	14.6	0.00	COPIES
r4_32seqs	NC@U@142517.1	120775224	120788662	3506	5	4	9.1	0.00	COPIES
r3_58seqs	NC@U@142517.1	122873831	122890601	4560	5	4	19.2	0.00	COPIES
r6_210seqs	NC@U@142517.1	122873831	122890608	4558	5	4	19.7	0.00	COPIES
r5_27seqs	NC@U@142517.1	123283157	123296906	3761	5	4	12.7	0.00	COPIES
r7_133seqs	NC@U@142517.1	123283157	123296876	3745	5	4	12.7	0.00	COPIES
r2_3seqs	NC@U@142517.1	123283162	123296814	3745	5	4	12.8	0.00	COPIES
r9_15seqs	NC@U@142517.1	129845998	129846944	167	5	4	72.7	0.00	COPIES
r10_19seqs	NC@U@142517.1	156056313	156057497	149	5	4	79.7	0.33	COPIES
r9_15seqs	NC@U@142517.1	162393031	162396156	864	5	4	55.3	0.00	COPIES
r10_19seqs	NC@U@142517.1	169530096	169531422	283	5	4	46.9	0.33	COPIES
r9_15seqs	NC@U@142517.1	187537849	187549100	3246	5	4	24.1	0.00	COPIES
r5_27seqs	NC@U@142517.1	205434054	205449121	3733	5	4	11.4	0.00	COPIES
r8_83seqs	NC@U@142517.1	206461476	206469636	1959	5	4	10.6	0.00	COPIES
r3_58seqs	NC@U@142517.1	206461503	206468379	1280	5	4	24.5	0.00	COPIES
r9_15seqs	NC@U@142518.1	9802792	9817088	3513	5	4	12.3	0.00	COPIES
r9_15seqs	NC@U@142518.1	10245648	10249188	806	5	4	42.5	0.00	COPIES
r9_15seqs	NC@U@142518.1	16319688	16321188	338	5	4	73.4	0.33	COPIES
r2_3seqs	NC@U@142518.1	16524133	16536627	2366	5	4	27.3	0.00	COPIES
r5_27seqs	NC@U@142518.1	16524246	16536515	2306	5	4	27.1	0.00	COPIES
r10_19seqs	NC@U@142518.1	16524252	16536516	2303	5	4	27.5	0.00	COPIES
r4_32seqs	NC@U@142518.1	16524252	16536515	2307	5	4	27.2	0.00	COPIES
r9_15seqs	NC@U@142518.1	16524252	16532771	2127	5	4	31.0	0.00	COPIES
r1_9seqs	NC@U@142518.1	22195324	22211814	4682	5	4	6.7	0.00	COPIES
r5_r5_P48	NC@U@142518.1	22200395	22212978	2921	5	4	15.6	0.00	COPIES
r3_58seqs	NC@U@142518.1	22206264	22214490	1398	5	4	14.0	0.00	COPIES
r6_210seqs	NC@U@142518.1	22219860	22237793	5083	5	4	9.5	0.00	COPIES
r3_58seqs	NC@U@142518.1	22225509	22237771	2842	5	4	8.7	0.00	COPIES
r5_27seqs	NC@U@142518.1	22225509	22235960	2843	5	4	6.5	0.00	COPIES
r7_133seqs	NC@U@142518.1	22325447	22327165	436	5	4	49.6	0.00	COPIES
r8_83seqs	NC@U@142518.1	22361578	22372782	2629	5	4	10.0	0.00	COPIES
r9_15seqs	NC@U@142518.1	22455153	22464125	1720	5	4	9.1	0.00	COPIES
r5_27seqs	NC@U@142518.1	22463888	22474603	2247	5	4	14.2	0.00	COPIES
r6_210seqs	NC@U@142518.1	22778696	22794692	3688	5	4	5.1	0.00	COPIES
r7_133seqs	NC@U@142518.1	22778696	22794669	3681	5	4	3.6	0.00	COPIES
r10_19seqs	NC@U@142518.1	22778701	22794602	3667	5	4	3.6	0.00	COPIES
r4_32seqs	NC@U@142518.1	22778702	22794613	3642	5	4	3.7	0.00	COPIES
r3_58seqs	NC@U@142518.1	22778705	22794680	3693	5	4	5.1	0.00	COPIES
r4_32seqs	NC@U@142518.1	28516651	28529487	3158	5	4	8.6	0.00	COPIES
r7_133seqs	NC@U@142518.1	28516651	28529487	3156	5	4	8.6	0.00	COPIES
r2_3seqs	NC@U@142518.1	28516663	28529476	3103	5	4	9.4	0.00	COPIES
r4_32seqs	NC@U@142518.1	28837744	28848316	1961	5	4	17.2	0.00	COPIES
r9_15seqs	NC@U@142518.1	28837744	28848205	1981	5	4	17.2	0.00	COPIES
r8_83seqs	NC@U@142518.1	28877122	28889367	2643	5	4	18.4	0.00	COPIES
r3_58seqs	NC@U@142518.1	28877147	28889353	2590	5	4	18.0	0.00	COPIES
r7_133seqs	NC@U@142518.1	28877359	28889342	2532	5	4	18.4	0.00	COPIES
r2_3seqs	NC@U@142518.1	28877363	28889280	2532	5	4	18.1	0.00	COPIES
r4_32seqs	NC@U@142518.1	28877363	28889291	2527	5	4	18.1	0.00	COPIES
r10_19seqs	NC@U@142518.1	28922128	28923921	257	5	4	77.0	0.00	COPIES
r5_27seqs	NC@U@142518.1	29325601	29343459	4149	5	4	8.3	0.00	COPIES
r8_83seqs	NC@U@142518.1	29325608	29343459	4146	5	4	8.3	0.00	COPIES
r7_133seqs	NC@U@142518.1	29325632	29343267	4134	5	4	8.3	0.00	COPIES
r10_19seqs	NC@U@142518.1	29325654	29343455	4125	5	4	8.3	0.00	COPIES
r2_3seqs	NC@U@142518.1	29325654	29343454	4126	5	4	8.3	0.00	COPIES
r4_32seqs	NC@U@142518.1	29325654	29343454	4126	5	4	8.3	0.00	COPIES
r9_15seqs	NC@U@142518.1	29325687	29343459	4106	5	4	8.3	0.00	COPIES
r2_3seqs	NC@U@142518.1	30947015	30954064	1255	5	4	24.3	0.00	COPIES
r5_27seqs	NC@U@142518.1	31124781	31138753	3532	5	4	10.4	0.00	COPIES
r7_133seqs	NC@U@142518.1	31124781	31138753	3532	5	4	8.4	0.00	COPIES
r3_58seqs	NC@U@142518.1	31124790	31138746	3494	5	4	9.5	0.00	COPIES
r10_19seqs	NC@U@142518.1	31518736	31529302	2301	5	4	14.9	0.00	COPIES
r3_58seqs	NC@U@142518.1	31518738	31529300	2350	5	4	17.0	0.00	COPIES
r9_15seqs	NC@U@142518.1	31529411	31543953	3819	5	4	4.7	0.00	COPIES
r9_15seqs	NC@U@142518.1	31655133	31656606	202	5	4	44.0	0.00	COPIES
r3_58seqs	NC@U@142518.1	31814315	31829388	3862	5	4	10.6	0.00	COPIES
r2_3seqs	NC@U@142518.1	31814325	31829327	3887	5	4	11.0	0.00	COPIES
r4_32seqs	NC@U@142518.1	31814325	31829325	3879	5	4	10.9	0.00	COPIES
r10_19seqs	NC@U@142518.1	31814460	31829316	3888	5	4	11.0	0.00	COPIES
r7_133seqs	NC@U@142518.1	31814461	31829338	3879	5	4	10.9	0.00	COPIES
r2_3seqs	NC@U@142518.1	36627929	36634618	1572	5	4	13.9	0.33	COPIES
r4_32seqs	NC@U@142518.1	36721484	36729041	1842	5	4	16.1	0.00	COPIES
r7_133seqs	NC@U@142518.1	36737795	36741143	847	5	4	25.0	0.00	COPIES
r9_15seqs	NC@U@142518.1	36737841	36741090	798	5	4	17.4	0.00	COPIES
r5_27seqs	NC@U@142518.1	36896705	36899021	432	5	4	48.1	0.00	COPIES
r7_133seqs	NC@U@142518.1	36896710	36899021	470	5	4	43.4	0.00	COPIES
r4_32seqs	NC@U@142518.1	36896714	36899015	465	5	4	43.0	0.00	COPIES
r9_15seqs	NC@U@142518.1	36897284	36899213	377	5	4	41.3	0.00	COPIES
r5_r5_P48	NC@U@142518.1	36930873	36939173	1483	5	4	18.2	0.00	COPIES
r9_15seqs	NC@U@142518.1	36930873	36939173	1470	5	4	19.1	0.00	COPIES
r2_3seqs	NC@U@142518.1	36930879	36939094	1472	5	4	18.2	0.00	COPIES
r4_32seqs	NC@U@142518.1	36930879	36939094	1471	5	4	19.2	0.00	COPIES
r5_27seqs	NC@U@142518.1	36986455	36997378	2625	5	4	17.8	0.00	COPIES
r8_83seqs	NC@U@142518.1	36986465	36997376	2613	5	4	17.5	0.00	COPIES
r2_3seqs	NC@U@142518.1	36987618	36998289	2465	5	4	17.5	0.00	COPIES
r10_19seqs	NC@U@142518.1	36987620	36998289	2462	5	4	17.5	0.00	COPIES
r7_133seqs	NC@U@142518.1	36987637	36998289	2480	5	4	17.5	0.00	COPIES
r9_15seqs	NC@U@142518.1	36987672	36998304	2409	5	4	13.4	0.00	COPIES
r5_27seqs	NC@U@142518.1	37154354	37172367	4922	5	4	8.4	0.00	COPIES
r3_58seqs	NC@U@142518.1	37165608	37178504	3020	5	4	8.5	0.00	COPIES
r5_r5_P48	NC@U@142518.1	37798041	37810787	3091	5	4	18.4	0.00	COPIES
r5_27seqs	NC@U@142518.1	41205107	41220907	4018	5	4	19.8	0.00	COPIES
r9_15seqs	NC@U@142518.1	41228884	41235428	1675	5	4	8.3	0.00	COPIES
r2_3seqs	NC@U@142518.1	41229327	41237313	1987	5	4	7.6	0.00	COPIES
r5_27seqs	NC@U@142518.1	41255090	41270353	3973	5	4	6.6	0.00	COPIES
r6_210seqs	NC@U@142518.1	41255232	41270353	4114	5	4	13.3	0.00	COPIES
r10_19seqs	NC@U@142518.1	41255241	41270342	4063	5	4	6.5	0.00	COPIES
r3_58seqs	NC@U@142518.1	41255241	41270342	4040	5	4	11.1	0.00	COPIES
r2_3seqs	NC@U@142518.1	41538421	41546944	2200	5	4	24.5	0.00	COPIES
r5_27seqs	NC@U@142518.1	46056836	46063676	1774	5	4	11.7	0.00	COPIES
r8_83seqs	NC@U@142518.1	46056836	46063676	1774	5	4	11.7	0.00	COPIES
r10_19seqs	NC@U@142518.1	46056840	46063671	1752	5	4	10.4	0.00	COPIES
r3_58seqs	NC@U@142518.1	46056843	46063669	1752	5	4	11.8	0.00	COPIES
r4_32seqs	NC@U@142518.1	46198841	46204956	1509	5	4	14.1	0.00	COPIES
r5_27seqs	NC@U@142518.1	46198841	46204992	1511	5	4	14.8	0.00	COPIES
r7_133seqs	NC@U@142518.1	46198841	46204963	1509	5	4	14.3	0.00	COPIES
r10_19seqs	NC@U@142518.1	46198852	46204941	1501	5	4	14.0	0.00	COPIES
r2_3seqs	NC@U@142518.1	46198852	46204941	1503	5	4	14.0	0.00	COPIES
r9_15seqs	NC@U@142518.1	46199090	46204909	1404	5	4	13.5	0.00	COPIES
r10_19seqs	NC@U@142518.1	46222953	46225392	464	5	4	37.8	0.00	COPIES
r3_58seqs	NC@U@142518.1	46243070	46258262	3958	5	4	12.8	0.00	COPIES
r4_32seqs	NC@U@142518.1	46243133	46257878	3927	5	4	14.3	0.00	COPIES
r10_19seqs	NC@U@142518.1	46243145	46258014	3990	5	4	13.3	0.00	COPIES
r2_3seqs	NC@U@142518.1	46243145	46257878	3922	5	4	14.0	0.00	COPIES
r10_19seqs	NC@U@142518.1	59891334	59901061	2557	5	4	11.4	0.00	COPIES
r9_15seqs	NC@U@142518.1	59900963	59902707	261	5	4	34.6	0.00	COPIES
r5_r3_P34	NC@U@142518.1	68795456	68805378	1946	5	4	27.3	0.00	COPIES
r5_r6_P26	NC@U@142518.1	68795456	68805378	1935	5	4	28.8	0.00	COPIES
r5_r5_P48	NC@U@142518.1	68795457	68805377	1935	5	4	28.8	0.00	COPIES
r7_133seqs	NC@U@142518.1	68842333	68850838	1926	5	4	35.8	0.00	COPIES
r9_15seqs	NC@U@142518.1	68842333	68850993	2027	5	4	29.1	0.00	COPIES
r4_32seqs	NC@U@142518.1	68842339	68851032	2019	5	4	29.3	0.00	COPIES
r1_9seqs	NC@U@142518.1	73678003	73688677	2580	5	4	41.4	0.00	COPIES
r1_r3_P2	NC@U@142518.1	73678930	73684534	1065	5	4	75.7	0.00	COPIES
r5_r5_P48	NC@U@142518.1	73678945	73684541	1005	5	4	34.2	0.00	COPIES
r3_58seqs	NC@U@142518.1	73678972	73684405	1069	5	4	69.4	0.00	COPIES
r1_9seqs	NC@U@142518.1	75015901	75030517	3794	5	4	19.9	0.00	COPIES
r4_32seqs	NC@U@142518.1	75411223	75412397	145	5	4	72.4	0.00	COPIES
r9_15seqs	NC@U@142518.1	75411268	75412476	169	5	4	64.8	0.00	COPIES
r6_210seqs	NC@U@142518.1	78719872	78730070	2536	5	4	52.9	0.00	COPIES
r9_15seqs	NC@U@142518.1	78719872	78721392	264	5	4	69.7	0.00	COPIES
r3_58seqs	NC@U@142518.1	78719879	78730061	2537	5	4	52.1	0.00	COPIES
r9_15seqs	NC@U@142518.1	82681556	82682695	168	5	4	78.5	0.00	COPIES
r9_15seqs	NC@U@142518.1	91669803	91678736	1850	5	4	28.6	0.00	COPIES
r9_15seqs	NC@U@142518.1	94559938	94560668	144	5	4	53.3	0.33	COPIES
r7_133seqs	NC@U@142518.1	95828200	95829472	262	5	4	76.9	0.00	COPIES
r9_15seqs	NC@U@142518.1	95828415	95829472	254	5	4	53.6	0.00	COPIES
r10_19seqs	NC@U@142518.1	95859519	95860686	135	5	4	81.0	0.00	COPIES
r5_27seqs	NC@U@142518.1	96673205	96685792	3176	5	4	9.3	0.00	COPIES
r8_83seqs	NC@U@142518.1	96673205	96685792	3176	5	4	9.2	0.00	COPIES
r7_133seqs	NC@U@142518.1	96673234	96685792	3188	5	4	9.2	0.00	COPIES
r4_32seqs	NC@U@142518.1	96673289	96685786	3191	5	4	8.8	0.00	COPIES
r2_3seqs	NC@U@142518.1	96673298	96685786	3255	5	4	8.7	0.00	COPIES
r10_19seqs	NC@U@142518.1	96673299	96685787	3190	5	4	8.8	0.00	COPIES
r7_133seqs	NC@U@142518.1	98076495	98082643	1404	5	4	81.5	0.00	COPIES
r3_58seqs	NC@U@142518.1	98108121	98121048	2996	5	4	9.9	0.00	COPIES
r2_3seqs	NC@U@142518.1	100556531	100561179	1141	5	4	40.8	0.00	COPIES
r5_r5_P48	NC@U@142518.1	100556643	100561321	1041	5	4	28.4	0.00	COPIES
r5_27seqs	NC@U@142518.1	100556783	100561185	1000	5	4	27.7	0.00	COPIES
r10_19seqs	NC@U@142518.1	100560048	100561317	166	5	4	79.3	0.00	COPIES
r9_15seqs	NC@U@142518.1	100560083	100561321	173	5	4	79.1	0.33	COPIES
r5_r5_P48	NC@U@142518.1	100594084	100602624	1714	5	4	16.6	0.00	COPIES
r5_27seqs	NC@U@142518.1	100639017	100658789	5598	5	4	6.8	0.00	COPIES
r8_83seqs	NC@U@142518.1	100639017	100658789	5598	5	4	6.8	0.00	COPIES
r2_3seqs	NC@U@142518.1	100641617	100658783	4254	5	4	9.8	0.00	COPIES
r4_32seqs	NC@U@142518.1	100641617	100658783	4371	5	4	10.3	0.00	COPIES
r7_133seqs	NC@U@142518.1	100762462	100775647	3134	5	4	13.4	0.00	COPIES
r2_3seqs	NC@U@142518.1	100762484	100775636	3154	5	4	10.3	0.00	COPIES
r3_58seqs	NC@U@142518.1	100821655	100836490	3390	5	4	9.3	0.00	COPIES
r6_210seqs	NC@U@142518.1	100821655	100836504	3386	5	4	9.6	0.00	COPIES
r7_133seqs	NC@U@142518.1	100821865	100836479	3385	5	4	13.1	0.00	COPIES
r10_19seqs	NC@U@142518.1	100821869	100836417	3417	5	4	13.5	0.00	COPIES
r4_32seqs	NC@U@142518.1	100829574	100843172	3355	5	4	7.1	0.00	COPIES
r2_3seqs	NC@U@142518.1	100861640	100868591	1765	5	4	14.1	0.00	COPIES
r7_133seqs	NC@U@142518.1	100861645	100868597	1791	5	4	18.4	0.00	COPIES
r4_32seqs	NC@U@142518.1	100861647	100868591	1790	5	4	18.3	0.00	COPIES
r1_r3_P1	NC@U@142518.1	100862798	100876079	3418	5	4	12.4	0.00	COPIES
r9_15seqs	NC@U@142518.1	100862999	100868597	1331	5	4	18.4	0.00	COPIES
r10_19seqs	NC@U@142518.1	100865238	100868588	681	5	4	21.4	0.00	COPIES
r3_58seqs	NC@U@142518.1	100872800	100883539	2317	5	4	24.4	0.00	COPIES
r4_32seqs	NC@U@142518.1	100872872	100883540	2246	5	4	22.7	0.00	COPIES
r6_210seqs	NC@U@142518.1	100872872	100883546	2282	5	4	24.9	0.00	COPIES
r7_133seqs	NC@U@142518.1	100875800	100883981	1125	5	4	33.0	0.00	COPIES
r10_19seqs	NC@U@142518.1	100875809	100883540	1836	5	4	8.1	0.00	COPIES
r5_r3_P34	NC@U@142518.1	101832402	101837277	1138	5	4	70.6	0.33	COPIES
r3_58seqs	NC@U@142518.1	101832419	101837148	1202	5	4	63.8	0.33	COPIES
r4_32seqs	NC@U@142518.1	101832480	101837148	1228	5	4	66.4	0.00	COPIES
r1_9seqs	NC@U@142518.1	101832528	101837155	1013	5	4	46.4	0.00	COPIES
r5_27seqs	NC@U@142518.1	103521120	103531019	2733	5	4	34.8	0.00	COPIES
r8_83seqs	NC@U@142518.1	103521120	103530886	2732	5	4	34.7	0.00	COPIES
r7_133seqs	NC@U@142518.1	103521121	103530886	2717	5	4	32.3	0.00	COPIES
r9_15seqs	NC@U@142518.1	103521121	103527124	1472	5	4	28.0	0.00	COPIES
r9_15seqs	NC@U@142518.1	105467794	105468914	173	5	4	63.1	0.00	COPIES
r4_32seqs	NC@U@142518.1	115616341	115631397	3550	5	4	8.6	0.00	COPIES
r10_19seqs	NC@U@142518.1	115616533	115631341	3455	5	4	5.6	0.00	COPIES
r10_19seqs	NC@U@142518.1	116941739	116944220	550	5	4	78.4	0.00	COPIES
r6_210seqs	NC@U@142518.1	116950495	116961218	2834	5	4	21.8	0.00	COPIES
r8_83seqs	NC@U@142518.1	116950495	116961218	2821	5	4	19.4	0.00	COPIES
r3_58seqs	NC@U@142518.1	116950502	116961211	2828	5	4	20.6	0.00	COPIES
r7_133seqs	NC@U@142518.1	117050902	117060598	2094	5	4	14.2	0.00	COPIES
r4_32seqs	NC@U@142518.1	117050910	117060592	2117	5	4	14.3	0.00	COPIES
