P1	277	NC@U@142503.1	194869035	194869288	w16815_3	-
P1	275.9	NC@U@142516.1	147952321	147952567	w53461_3	+
P1	269.1	NC@U@142503.1	91675743	91676004	w13187_3	-
P1	267.9	NC@U@142504.1	19039933	19040153	w17481_3	+
P1	267.2	NC@U@142502.1	181473029	181473246	w10865_3	+
P1	266.7	NC@U@142501.1	167740162	167740386	w4958_3	-
P1	265.4	NC@U@142505.1	93079705	93079933	w23291_3	-
P1	264.3	NC@U@142502.1	187192790	187192998	w11021_3	-
P1	263.7	NC@U@142518.1	36885541	36885752	w61105_3	+
P1	263.4	NC@U@142514.1	182462850	182463093	w45427_3	+
P1	262.6	NC@U@142513.1	59803745	59803974	w39155_3	+
P1	262.3	NC@U@142514.1	27351199	27351440	w40616_3	+
P1	262.2	NC@U@142516.1	63365738	63365941	w51323_3	-
P1	262	NC@U@142514.1	183833624	183833832	w45542_3	+
P1	261.9	NC@U@142502.1	68520465	68520688	w7475_3	+
P1	261.8	NC@U@142501.1	3465678	3465892	w77_3	+
P1	261	NC@U@142502.1	95874474	95874668	w8048_3	-
P1	260.9	NC@U@142516.1	95886466	95886713	w52339_3	-
P1	260.4	NC@U@142518.1	31827713	31827960	w60865_3	-
P1	260.1	NC@U@142501.1	128012082	128012298	w3994_3	+
P1	259.8	NC@U@142501.1	89103935	89104155	w2839_3	-
P1	259.7	NC@U@142511.1	21139608	21139814	w33830_3	-
P1	259.3	NC@U@142516.1	33459258	33459503	w50623_3	-
P1	259.1	NC@U@142518.1	96685570	96685792	w63179_3	-
P1	258.9	NC@U@142509.1	21310060	21310287	w31530_3	-
P1	258.8	NC@U@142517.1	122276419	122276625	w57199_3	-
P1	258.6	NC@U@142516.1	33087307	33087551	w50578_3	-
P1	258.3	NC@U@142502.1	1107762	1107965	w6013_3	+
P1	258.3	NC@U@142518.1	97112447	97112701	w63203_3	-
P1	258	NC@U@142512.1	4042259	4042507	w34779_3	+
P1	257.9	NC@U@142515.1	40543553	40543760	w46806_3	-
P1	257.6	NC@U@142503.1	139482578	139482796	w14894_3	+
P1	257.3	NC@U@142503.1	198040595	198040833	w16885_3	+
P1	257.3	NC@U@142518.1	112169377	112169651	w64088_3	-
P1	256.9	NC@U@142509.1	21907253	21907481	w31562_3	+
P1	256.9	NC@U@142516.1	162818707	162818925	w53704_3	+
P1	256.8	NC@U@142501.1	53677102	53677301	w1730_3	-
P1	256.7	NC@U@142513.1	2724572	2724856	w37250_3	+
P1	256.5	NC@U@142502.1	61669247	61669478	w7334_3	+
P1	256.3	NC@U@142518.1	106179023	106179250	w63878_3	+
P1	256.1	NC@U@142502.1	65919309	65919585	w7431_3	+
P1	256.1	NC@U@142516.1	74020098	74020323	w51574_3	+
P1	256	NC@U@142503.1	39417050	39417255	w11931_3	+
P1	255.9	NC@U@142502.1	72941461	72941683	w7587_3	+
P1	255.3	NC@U@142505.1	89537365	89537571	w23187_3	-
P1	254.9	NC@U@142501.1	159574637	159574853	w4730_3	-
P1	254.8	NC@U@142518.1	28883468	28883685	w60635_3	+
P1	254.5	NC@U@142513.1	62732324	62732536	w39209_3	+
P1	254.2	NC@U@142515.1	6485781	6486010	w45854_3	-
P1	254.1	NC@U@142501.1	214215871	214216133	w5940_3	-
P1	253.4	NC@U@142514.1	27205246	27205473	w40600_3	+
P1	253	NC@U@142503.1	169951663	169951878	w15918_3	+
P1	253	NC@U@142514.1	159588941	159589182	w44659_3	-
P1	252.7	NC@U@142515.1	120361332	120361576	w49259_3	+
P1	252.6	NC@U@142501.1	118018462	118018680	w3679_3	+
P1	252.5	NC@U@142502.1	7620220	7620423	w6141_3	-
P1	252.5	NC@U@142503.1	173521461	173521676	w16088_3	-
P1	252.5	NC@U@142514.1	6572322	6572516	w39477_3	-
P1	252.3	NC@U@142503.1	33422209	33422429	w11778_3	+
P1	252.2	NC@U@142501.1	129821211	129821492	w4030_3	+
P1	252.1	NC@U@142514.1	155274489	155274740	w44581_3	-
P1	252.1	NC@U@142516.1	9636369	9636616	w49889_3	+
P1	252	NC@U@142515.1	61954912	61955177	w47546_3	-
P1	251.5	NC@U@142505.1	17387923	17388143	w20747_3	+
P1	250.8	NC@U@142514.1	187157625	187157855	w45684_3	-
P1	250.8	NC@U@142517.1	180638491	180638727	w58579_3	+
P1	250.8	NC@U@142517.1	188713321	188713559	w58805_3	-
P1	250.6	NC@U@142502.1	87701453	87701734	w7830_3	+
P1	250.6	NC@U@142514.1	177337862	177338063	w45176_3	-
P1	250.5	NC@U@142508.1	65128692	65128903	w30109_3	+
P1	250.5	NC@U@142515.1	122392207	122392428	w49285_3	-
P1	250.5	NC@U@142518.1	109288841	109289040	w63970_3	-
P1	250.4	NC@U@142501.1	1902283	1902507	w9_3	+
P1	250.4	NC@U@142504.1	10251755	10252015	w17221_3	-
P1	250.3	NC@U@142502.1	16156289	16156493	w6394_3	-
P1	250.3	NC@U@142515.1	85955284	85955487	w48395_3	-
P1	249.9	NC@U@142502.1	46982222	46982460	w7022_3	+
P1	249.9	NC@U@142516.1	97589110	97589317	w52377_3	-
P1	249.8	NC@U@142516.1	18394108	18394320	w50090_3	-
P1	249.8	NC@U@142517.1	69708595	69708842	w55964_3	+
P1	249.7	NC@U@142501.1	143096180	143096396	w4423_3	-
P1	249.6	NC@U@142505.1	89962207	89962411	w23199_3	-
P1	249.4	NC@U@142501.1	56278886	56279109	w1871_3	-
P1	249.3	NC@U@142504.1	88113639	88113855	w19616_3	+
P1	249.3	NC@U@142514.1	129988481	129988698	w43650_3	-
P1	249.1	NC@U@142503.1	116948715	116948923	w14056_3	+
P1	249	NC@U@142503.1	199562559	199562770	w16939_3	-
P1	249	NC@U@142516.1	25766398	25766632	w50333_3	+
P1	248.5	NC@U@142501.1	122218408	122218635	w3791_3	-
P1	248.5	NC@U@142502.1	7776525	7776777	w6161_3	+
P1	248.4	NC@U@142514.1	165184517	165184727	w44805_3	-
P1	248.4	NC@U@142516.1	192121280	192121487	w54170_3	-
P1	248.1	NC@U@142503.1	145947545	145947777	w15092_3	-
P1	248.1	NC@U@142503.1	186975529	186975772	w16561_3	+
P1	248.1	NC@U@142518.1	27935196	27935420	w60564_3	+
P1	248	NC@U@142518.1	87926990	87927209	w62841_3	-
P1	247.9	NC@U@142517.1	129386807	129387035	w57395_3	-
P1	247.5	NC@U@142501.1	72506151	72506387	w2494_3	-
P1	247.2	NC@U@142502.1	54169246	54169451	w7205_3	+
P1	247.2	NC@U@142505.1	105462052	105462266	w23453_3	-
P1	247.1	NC@U@142515.1	63119880	63120124	w47571_3	+
P1	247	NC@U@142501.1	18130915	18131170	w620_3	-
P1	247	NC@U@142502.1	165647460	165647656	w10463_3	+
P1	246.9	NC@U@142501.1	122134124	122134356	w3778_3	-
P1	246.8	NC@U@142513.1	21825268	21825478	w37953_3	-
P1	246.7	NC@U@142503.1	128035893	128036108	w14430_3	-
P1	246.7	NC@U@142514.1	21165497	21165716	w40270_3	+
P1	246.6	NC@U@142512.1	13994613	13994851	w35208_3	+
P1	246.6	NC@U@142516.1	60000494	60000705	w51238_3	+
P1	246.6	NC@U@142517.1	10309468	10309688	w54595_3	+
P1	246.5	NC@U@142501.1	190972140	190972387	w5475_3	+
P1	246.5	NC@U@142517.1	94886180	94886408	w56489_3	-
P1	246.4	NC@U@142515.1	10031332	10031592	w45953_3	-
P1	246.4	NC@U@142518.1	115963997	115964224	w64237_3	-
P1	246.3	NC@U@142516.1	137697074	137697298	w53285_3	-
P1	246.2	NC@U@142503.1	108516776	108516980	w13856_3	-
P1	246.2	NC@U@142503.1	90115791	90116014	w13077_3	+
P1	246.2	NC@U@142514.1	133681686	133681936	w43740_3	+
P1	246.1	NC@U@142501.1	157470088	157470302	w4693_3	-
P1	245.9	NC@U@142501.1	161770751	161770983	w4785_3	+
P1	245.9	NC@U@142502.1	156758444	156758667	w10177_3	-
P1	245.9	NC@U@142517.1	56850906	56851178	w55511_3	+
P1	245.8	NC@U@142514.1	80752417	80752638	w42173_3	+
P1	245.8	NC@U@142518.1	19500643	19500886	w60104_3	-
P1	245.7	NC@U@142502.1	100149866	100150077	w8218_3	-
P1	245.7	NC@U@142505.1	78766627	78766873	w22720_3	-
P1	245.4	NC@U@142518.1	36568701	36568913	w61065_3	-
P1	245.3	NC@U@142513.1	15187650	15187898	w37586_3	+
P1	245.3	NC@U@142514.1	39872031	39872249	w41206_3	-
P1	245.3	NC@U@142516.1	158799107	158799323	w53649_3	-
P1	245.1	NC@U@142502.1	14947046	14947279	w6360_3	+
P1	245.1	NC@U@142504.1	5084868	5085112	w17158_3	-
P1	245.1	NC@U@142507.1	17648185	17648416	w25831_3	-
P1	245.1	NC@U@142514.1	41000751	41000953	w41232_3	+
P1	245.1	NC@U@142517.1	123923451	123923649	w57303_3	+
P1	245	NC@U@142502.1	186607244	186607504	w11011_3	-
P1	245	NC@U@142505.1	82911685	82911893	w22974_3	+
P1	244.9	NC@U@142517.1	188831323	188831551	w58809_3	-
P1	244.8	NC@U@142503.1	191928554	191928774	w16694_3	-
P1	244.8	NC@U@142513.1	26342574	26342788	w38210_3	-
P1	244.8	NC@U@142516.1	47662553	47662777	w50997_3	+
P1	244.7	NC@U@142501.1	139519769	139520007	w4257_3	+
P1	244.7	NC@U@142504.1	43731585	43731817	w18020_3	+
P1	244.6	NC@U@142513.1	22682377	22682632	w38023_3	+
P1	244.6	NC@U@142518.1	24698022	24698248	w60412_3	+
P1	244.5	NC@U@142502.1	158338168	158338376	w10255_3	-
P1	244.3	NC@U@142501.1	93119714	93119975	w3075_3	+
P1	244.2	NC@U@142515.1	43294867	43295111	w46875_3	+
P1	244.1	NC@U@142514.1	164540801	164541025	w44745_3	-
P1	244.1	NC@U@142515.1	22690959	22691160	w46268_3	+
P1	244	NC@U@142501.1	168995089	168995286	w5028_3	-
P1	244	NC@U@142515.1	46775761	46775975	w46967_3	+
P1	244	NC@U@142516.1	168315751	168315975	w53818_3	+
P1	243.8	NC@U@142501.1	39939492	39939731	w1262_3	+
P1	243.8	NC@U@142515.1	88600328	88600557	w48509_3	-
P1	243.8	NC@U@142517.1	120996008	120996267	w57147_3	-
P1	243.7	NC@U@142503.1	188833654	188833914	w16587_3	+
P1	243.4	NC@U@142503.1	24139170	24139407	w11509_3	+
P1	243.3	NC@U@142503.1	177947157	177947429	w16325_3	+
P1	243	NC@U@142518.1	23780502	23780718	w60357_3	+
P1	242.9	NC@U@142516.1	136514731	136514980	w53238_3	+
P1	242.8	NC@U@142515.1	100773938	100774186	w48865_3	+
P1	242.8	NC@U@142518.1	20862674	20862886	w60148_3	-
P1	242.6	NC@U@142504.1	96317054	96317300	w19730_3	-
P1	242.6	NC@U@142516.1	33567547	33567774	w50636_3	+
P1	242.4	NC@U@142514.1	101121301	101121516	w42762_3	-
P1	242.4	NC@U@142516.1	41559340	41559591	w50844_3	+
P1	242.4	NC@U@142517.1	122828142	122828340	w57232_3	+
P1	242.3	NC@U@142503.1	164414889	164415102	w15773_3	-
P1	242.3	NC@U@142514.1	47898253	47898470	w41428_3	-
P1	242.1	NC@U@142506.1	6620872	6621083	w23711_3	+
P1	242	NC@U@142501.1	55379222	55379432	w1821_3	-
P1	242	NC@U@142516.1	33051391	33051614	w50569_3	-
P1	242	NC@U@142516.1	53535887	53536148	w51169_3	-
P1	241.9	NC@U@142509.1	14473823	14474081	w31105_3	-
P1	241.7	NC@U@142514.1	182743797	182744025	w45456_3	-
P1	241.7	NC@U@142518.1	15077901	15078139	w59901_3	-
P1	241.6	NC@U@142502.1	140664739	140664986	w9744_3	+
P1	241.5	NC@U@142502.1	184455124	184455387	w10927_3	-
P1	241.5	NC@U@142509.1	17839936	17840162	w31323_3	-
P1	241.3	NC@U@142501.1	142209584	142209786	w4395_3	+
P1	241.3	NC@U@142503.1	160349596	160349835	w15644_3	-
P1	241.3	NC@U@142514.1	18976655	18976889	w40144_3	-
P1	241.2	NC@U@142501.1	57449938	57450191	w1941_3	-
P1	241.2	NC@U@142513.1	3809695	3809922	w37271_3	-
P1	241.1	NC@U@142515.1	115864506	115864730	w49171_3	-
P1	241	NC@U@142502.1	151574132	151574369	w10057_3	+
P1	241	NC@U@142514.1	38551156	38551382	w41160_3	+
P1	240.8	NC@U@142515.1	63055955	63056167	w47568_3	+
P1	240.7	NC@U@142514.1	21231667	21231913	w40277_3	-
P1	240.7	NC@U@142514.1	8043724	8043979	w39569_3	+
P1	240.5	NC@U@142516.1	3847275	3847480	w49579_3	-
P1	240.4	NC@U@142509.1	22245590	22245815	w31588_3	+
P1	240.3	NC@U@142502.1	174119853	174120074	w10722_3	-
P1	240.2	NC@U@142501.1	44776636	44776850	w1440_3	+
P1	240.2	NC@U@142511.1	6889394	6889589	w33452_3	-
P1	240.1	NC@U@142509.1	34879813	34880053	w32060_3	+
P1	240.1	NC@U@142514.1	141854718	141854931	w44072_3	+
P1	240.1	NC@U@142517.1	45577484	45577684	w55231_3	-
P1	240	NC@U@142501.1	92576227	92576443	w3068_3	+
P1	239.9	NC@U@142508.1	43563726	43563963	w29163_3	+
P1	239.9	NC@U@142515.1	104916517	104916758	w48959_3	-
P1	239.8	NC@U@142504.1	34197217	34197439	w17830_3	-
P1	239.8	NC@U@142516.1	120149586	120149802	w52859_3	+
P1	239.7	NC@U@142518.1	94280772	94281033	w63013_3	-
P1	239.5	NC@U@142517.1	1307969	1308187	w54261_3	-
P1	239.5	NC@U@142518.1	116120877	116121116	w64251_3	-
P1	239.3	NC@U@142503.1	130159254	130159463	w14560_3	+
P1	239.3	NC@U@142503.1	65755109	65755336	w12560_3	+
P1	239.3	NC@U@142514.1	74299451	74299674	w41990_3	+
P1	239.2	NC@U@142506.1	14792451	14792681	w23890_3	+
P1	239.2	NC@U@142508.1	46249278	46249526	w29399_3	+
P1	239.2	NC@U@142512.1	45925463	45925690	w36826_3	+
P1	239.2	NC@U@142518.1	29387016	29387249	w60680_3	-
P1	239.1	NC@U@142502.1	25358042	25358256	w6548_3	+
P1	239.1	NC@U@142508.1	41571155	41571369	w29030_3	+
P1	239	NC@U@142515.1	98325657	98325887	w48828_3	+
P1	238.8	NC@U@142514.1	38995549	38995782	w41180_3	-
P1	238.8	NC@U@142515.1	22124285	22124531	w46211_3	+
P1	238.7	NC@U@142514.1	27291321	27291521	w40610_3	-
P1	238.7	NC@U@142518.1	60885980	60886187	w61986_3	+
P1	238.5	NC@U@142507.1	14004779	14005008	w25747_3	-
P1	238.5	NC@U@142512.1	5213542	5213747	w34850_3	+
P1	238.4	NC@U@142501.1	169473436	169473708	w5040_3	+
P1	238.3	NC@U@142504.1	99377239	99377454	w19850_3	+
P1	238.2	NC@U@142501.1	60956608	60956835	w2108_3	+
P1	238.2	NC@U@142508.1	50264434	50264659	w29624_3	+
P1	238	NC@U@142505.1	6219135	6219351	w20353_3	-
P1	238	NC@U@142509.1	15842713	15842903	w31191_3	-
P1	238	NC@U@142516.1	114997850	114998059	w52750_3	+
P1	238	NC@U@142517.1	192742513	192742759	w58859_3	+
P1	237.9	NC@U@142504.1	59427068	59427338	w18643_3	+
P1	237.7	NC@U@142503.1	138387517	138387731	w14838_3	-
P1	237.7	NC@U@142515.1	7698867	7699080	w45886_3	+
P1	237.6	NC@U@142505.1	83813107	83813304	w23041_3	-
P1	237.5	NC@U@142501.1	132946395	132946673	w4094_3	-
P1	237.5	NC@U@142515.1	50653121	50653348	w47218_3	+
P1	237.4	NC@U@142508.1	39507976	39508198	w28865_3	-
P1	237.4	NC@U@142512.1	16859521	16859747	w35378_3	+
P1	237.4	NC@U@142512.1	53867189	53867405	w37044_3	-
P1	237.3	NC@U@142504.1	8572609	8572825	w17199_3	+
P1	237.2	NC@U@142509.1	18868551	18868764	w31400_3	-
P1	237.1	NC@U@142503.1	139074130	139074347	w14866_3	+
P1	237	NC@U@142502.1	395027	395239	w5999_3	+
P1	237	NC@U@142517.1	72574365	72574589	w56025_3	+
P1	236.9	NC@U@142502.1	147610788	147611063	w10004_3	-
P1	236.8	NC@U@142501.1	191355961	191356206	w5487_3	-
P1	236.6	NC@U@142502.1	51418014	51418254	w7143_3	+
P1	236.4	NC@U@142517.1	120559951	120560167	w57111_3	-
P1	236.2	NC@U@142513.1	42048260	42048512	w38681_3	-
P1	236.1	NC@U@142503.1	165547902	165548108	w15805_3	-
P1	236.1	NC@U@142509.1	14867011	14867235	w31130_3	-
P1	236.1	NC@U@142514.1	130052376	130052594	w43657_3	+
P1	236	NC@U@142501.1	137099910	137100126	w4235_3	-
P1	235.9	NC@U@142501.1	48560128	48560331	w1504_3	-
P1	235.9	NC@U@142508.1	61716291	61716547	w29931_3	+
P1	235.8	NC@U@142513.1	15604417	15604644	w37602_3	+
P1	235.7	NC@U@142501.1	53776867	53777089	w1740_3	-
P1	235.7	NC@U@142518.1	111616925	111617145	w64057_3	+
P1	235.6	NC@U@142501.1	134935892	134936085	w4152_3	-
P1	235.6	NC@U@142502.1	143515923	143516135	w9795_3	-
P1	235.6	NC@U@142505.1	56178681	56178911	w21833_3	-
P1	235.6	NC@U@142518.1	22594110	22594313	w60289_3	-
P1	235.5	NC@U@142514.1	22237934	22238134	w40367_3	-
P1	235.4	NC@U@142502.1	100832622	100832865	w8245_3	+
P1	235.4	NC@U@142502.1	709954	710162	w6005_3	-
P1	235.4	NC@U@142503.1	121470967	121471195	w14241_3	+
P1	235.4	NC@U@142514.1	6507751	6507957	w39471_3	+
P1	235.3	NC@U@142513.1	51904701	51904898	w39014_3	+
P1	235.3	NC@U@142517.1	60701293	60701555	w55727_3	-
P1	235.2	NC@U@142517.1	179826781	179827026	w58525_3	-
P1	235.1	NC@U@142518.1	63583873	63584109	w62058_3	+
P1	234.8	NC@U@142509.1	1875592	1875799	w30712_3	+
P1	234.8	NC@U@142513.1	17850967	17851191	w37652_3	+
P1	234.8	NC@U@142516.1	6906624	6906852	w49760_3	+
P1	234.7	NC@U@142514.1	112541415	112541622	w43248_3	-
P1	234.5	NC@U@142514.1	33081091	33081314	w40966_3	+
P1	234.1	NC@U@142502.1	69988375	69988604	w7505_3	+
P1	233.9	NC@U@142515.1	82934043	82934290	w48232_3	-
P1	233.8	NC@U@142502.1	155626125	155626346	w10157_3	+
P1	233.7	NC@U@142502.1	168896745	168896970	w10516_3	+
P1	233.7	NC@U@142515.1	42643890	42644109	w46842_3	+
P1	233.6	NC@U@142505.1	87549828	87550047	w23125_3	+
P1	233.6	NC@U@142505.1	89531399	89531636	w23186_3	+
P1	233.6	NC@U@142516.1	126309717	126309948	w52987_3	-
P1	233.4	NC@U@142515.1	88519584	88519790	w48498_3	+
P1	233.3	NC@U@142501.1	168454466	168454697	w4993_3	-
P1	233.2	NC@U@142515.1	58625978	58626217	w47445_3	-
P1	233.2	NC@U@142518.1	102015727	102015941	w63590_3	-
P1	233.2	NC@U@142518.1	86947521	86947740	w62822_3	-
P1	233.1	NC@U@142512.1	18867287	18867488	w35500_3	-
P1	232.8	NC@U@142501.1	50605015	50605287	w1550_3	+
P1	232.8	NC@U@142502.1	175360892	175361164	w10774_3	-
P1	232.8	NC@U@142508.1	71812511	71812730	w30252_3	-
P1	232.4	NC@U@142502.1	162486050	162486266	w10390_3	+
P1	232.4	NC@U@142504.1	108180157	108180400	w20084_3	-
P1	232.4	NC@U@142507.1	14611091	14611322	w25759_3	-
P1	232.4	NC@U@142514.1	123617728	123617946	w43496_3	+
P1	232.4	NC@U@142518.1	116745667	116745918	w64288_3	+
P1	232.4	NC@U@142518.1	99230974	99231211	w63336_3	-
P1	232.2	NC@U@142517.1	208696870	208697100	w59281_3	+
P1	232.1	NC@U@142503.1	101868079	101868290	w13603_3	+
P1	232.1	NC@U@142513.1	59464864	59465125	w39140_3	-
P1	232.1	NC@U@142514.1	36535883	36536087	w41056_3	+
P1	232.1	NC@U@142516.1	10248553	10248781	w49912_3	-
P1	232	NC@U@142517.1	120744293	120744528	w57133_3	-
P1	231.8	NC@U@142503.1	137261942	137262206	w14751_3	-
P1	231.6	NC@U@142503.1	48397485	48397684	w12220_3	-
P1	231.6	NC@U@142503.1	73063561	73063769	w12646_3	+
P1	231.6	NC@U@142512.1	49277525	49277743	w36912_3	-
P1	231.5	NC@U@142512.1	27614162	27614365	w36002_3	-
P1	231.5	NC@U@142512.1	27894557	27894805	w36026_3	+
P1	231.3	NC@U@142510.1	18031746	18031959	w32987_3	-
P1	231	NC@U@142501.1	111738851	111739078	w3520_3	+
P1	231	NC@U@142503.1	166965793	166966000	w15845_3	+
P1	231	NC@U@142514.1	150198240	150198462	w44394_3	-
P1	231	NC@U@142518.1	92616342	92616544	w62969_3	+
P1	230.9	NC@U@142503.1	137962162	137962395	w14809_3	-
P1	230.8	NC@U@142503.1	22551448	22551646	w11481_3	-
P1	230.8	NC@U@142514.1	173016792	173017023	w44983_3	-
P1	230.7	NC@U@142517.1	24094470	24094721	w54809_3	+
P1	230.6	NC@U@142503.1	15759210	15759447	w11327_3	+
P1	230.6	NC@U@142505.1	60543793	60544006	w21957_3	+
P1	230.6	NC@U@142506.1	39005000	39005251	w24626_3	-
P1	230.6	NC@U@142515.1	133510727	133510942	w49424_3	+
P1	230.6	NC@U@142515.1	40151875	40152126	w46799_3	+
P1	230.5	NC@U@142514.1	33241054	33241293	w40973_3	-
P1	230.5	NC@U@142517.1	172410944	172411150	w58400_3	-
P1	230.4	NC@U@142505.1	60049208	60049445	w21950_3	-
P1	230.2	NC@U@142508.1	4454168	4454368	w27541_3	-
P1	230.2	NC@U@142516.1	63705306	63705519	w51355_3	-
P1	229.8	NC@U@142505.1	26834819	26835049	w20933_3	+
P1	229.8	NC@U@142514.1	15859550	15859771	w39899_3	+
P1	229.6	NC@U@142504.1	49463109	49463332	w18296_3	+
P1	229.6	NC@U@142508.1	33317718	33317966	w28363_3	-
P1	229.5	NC@U@142517.1	106541784	106542006	w56766_3	+
P1	229.1	NC@U@142501.1	191098860	191099068	w5476_3	-
P1	228.9	NC@U@142505.1	79585213	79585468	w22739_3	+
P1	228.8	NC@U@142506.1	14921122	14921363	w23906_3	+
P1	228.7	NC@U@142515.1	34455870	34456133	w46695_3	-
P1	228.7	NC@U@142515.1	46615978	46616176	w46951_3	-
P1	228.6	NC@U@142518.1	67603912	67604137	w62161_3	-
P1	228.4	NC@U@142512.1	17707272	17707480	w35417_3	+
P1	228.2	NC@U@142516.1	98557646	98557870	w52385_3	-
P1	228.1	NC@U@142501.1	39828085	39828325	w1254_3	+
P1	228	NC@U@142507.1	53708034	53708279	w27348_3	-
P1	227.8	NC@U@142502.1	25343669	25343888	w6547_3	-
P1	227.8	NC@U@142515.1	92974936	92975171	w48620_3	-
P1	227.7	NC@U@142505.1	59376969	59377198	w21924_3	+
P1	227.7	NC@U@142514.1	14625255	14625492	w39856_3	+
P1	227.7	NC@U@142515.1	50868158	50868366	w47235_3	-
P1	227.7	NC@U@142518.1	25727622	25727826	w60471_3	-
P1	227.6	NC@U@142516.1	172604989	172605207	w53897_3	+
P1	227.5	NC@U@142518.1	93656660	93656883	w62986_3	+
P1	227.4	NC@U@142516.1	52940341	52940548	w51131_3	-
P1	227.3	NC@U@142517.1	150685465	150685686	w57799_3	-
P1	227.2	NC@U@142507.1	4517923	4518140	w25533_3	+
P1	227	NC@U@142518.1	930151	930377	w59413_3	+
P1	226.8	NC@U@142516.1	80656761	80656990	w51860_3	+
P1	226.8	NC@U@142518.1	41634003	41634236	w61402_3	+
P1	226.7	NC@U@142503.1	200274286	200274497	w17003_3	-
P1	226.4	NC@U@142504.1	71801032	71801264	w19078_3	+
P1	226.4	NC@U@142511.1	21912461	21912687	w33849_3	-
P1	226.2	NC@U@142501.1	25022664	25022884	w808_3	-
P1	226.2	NC@U@142517.1	130917135	130917356	w57475_3	+
P1	226.1	NC@U@142502.1	26131296	26131493	w6566_3	+
P1	225.9	NC@U@142503.1	118356903	118357137	w14119_3	-
P1	225.9	NC@U@142514.1	24912019	24912215	w40513_3	+
P1	225.9	NC@U@142516.1	70490653	70490875	w51531_3	+
P1	225.8	NC@U@142506.1	9624438	9624642	w23761_3	+
P1	225.7	NC@U@142503.1	51778234	51778459	w12333_3	+
P1	225.7	NC@U@142515.1	13359498	13359723	w46037_3	-
P1	225.5	NC@U@142503.1	24357709	24357916	w11519_3	-
P1	225.5	NC@U@142517.1	178810350	178810578	w58502_3	+
P1	225.5	NC@U@142517.1	180891012	180891249	w58584_3	-
P1	225	NC@U@142517.1	205959931	205960155	w59154_3	-
P1	224.9	NC@U@142505.1	37297342	37297555	w21227_3	+
P1	224.8	NC@U@142515.1	88544121	88544355	w48502_3	-
P1	224.7	NC@U@142505.1	10046447	10046660	w20577_3	+
P1	224.5	NC@U@142514.1	101614652	101614896	w42834_3	-
P1	224.5	NC@U@142514.1	157675261	157675462	w44621_3	-
P1	224.4	NC@U@142514.1	100797533	100797753	w42724_3	+
P1	224.4	NC@U@142518.1	85490681	85490902	w62773_3	+
P1	224.3	NC@U@142505.1	35099609	35099840	w21130_3	-
P1	224.2	NC@U@142502.1	92526361	92526594	w7934_3	-
P1	224.2	NC@U@142506.1	55449891	55450103	w25285_3	-
P1	224.2	NC@U@142506.1	64681750	64681966	w25419_3	-
P1	224.1	NC@U@142518.1	55512675	55512893	w61855_3	+
P1	224	NC@U@142503.1	113938248	113938479	w13957_3	+
P1	224	NC@U@142505.1	88978310	88978516	w23165_3	+
P1	224	NC@U@142518.1	116592403	116592639	w64281_3	-
P1	224	NC@U@142518.1	35645521	35645779	w60978_3	+
P1	223.8	NC@U@142514.1	168795858	168796062	w44896_3	+
P1	223.7	NC@U@142501.1	173872391	173872596	w5118_3	-
P1	223.7	NC@U@142509.1	35439834	35440043	w32091_3	-
P1	223.7	NC@U@142518.1	31829187	31829403	w60866_3	+
P1	223.6	NC@U@142512.1	48345015	48345235	w36896_3	-
P1	223.5	NC@U@142501.1	208397328	208397528	w5766_3	-
P1	223.4	NC@U@142501.1	68880838	68881062	w2410_3	-
P1	223.4	NC@U@142510.1	12371492	12371706	w32602_3	-
P1	223.4	NC@U@142511.1	4735368	4735607	w33402_3	-
P1	223.4	NC@U@142513.1	38307979	38308192	w38516_3	+
P1	223.1	NC@U@142517.1	95527355	95527579	w56503_3	+
P1	223	NC@U@142513.1	22882936	22883159	w38033_3	-
P1	223	NC@U@142516.1	105049563	105049783	w52558_3	-
P1	222.9	NC@U@142506.1	39586568	39586770	w24634_3	+
P1	222.8	NC@U@142515.1	87039158	87039396	w48449_3	+
P1	222.6	NC@U@142514.1	183968855	183969096	w45555_3	+
P1	222.5	NC@U@142503.1	118798004	118798216	w14164_3	-
P1	222.4	NC@U@142502.1	185055017	185055248	w10952_3	+
P1	222.1	NC@U@142505.1	108287801	108288010	w23516_3	-
P1	222	NC@U@142501.1	65703372	65703596	w2289_3	-
P1	222	NC@U@142517.1	58672226	58672441	w55615_3	+
P1	221.9	NC@U@142501.1	106680436	106680635	w3399_3	-
P1	221.9	NC@U@142503.1	140724801	140725019	w14966_3	-
P1	221.9	NC@U@142508.1	56184859	56185078	w29763_3	-
P1	221.8	NC@U@142502.1	125127988	125128226	w9241_3	-
P1	221.8	NC@U@142503.1	121753919	121754133	w14279_3	-
P1	221.8	NC@U@142516.1	93259691	93259913	w52237_3	+
P1	221.7	NC@U@142517.1	184674739	184674973	w58703_3	+
P1	221.6	NC@U@142505.1	105454414	105454612	w23452_3	+
P1	221.6	NC@U@142505.1	37853246	37853436	w21262_3	-
P1	221.5	NC@U@142504.1	95335705	95335930	w19699_3	+
P1	221.4	NC@U@142509.1	21962802	21963042	w31574_3	+
P1	221.3	NC@U@142505.1	20174811	20175051	w20807_3	+
P1	221.2	NC@U@142506.1	7153478	7153675	w23719_3	+
P1	221.1	NC@U@142512.1	38619195	38619446	w36446_3	-
P1	221	NC@U@142502.1	173973319	173973540	w10704_3	-
P1	220.5	NC@U@142504.1	75979446	75979676	w19219_3	+
P1	220.5	NC@U@142516.1	26681243	26681468	w50347_3	+
P1	220.3	NC@U@142512.1	19984158	19984391	w35586_3	-
P1	220.2	NC@U@142502.1	139677050	139677259	w9678_3	+
P1	220.1	NC@U@142516.1	150402650	150402875	w53526_3	+
P1	220.1	NC@U@142517.1	100678080	100678284	w56615_3	-
P1	220	NC@U@142518.1	50434008	50434276	w61723_3	+
P1	219.6	NC@U@142517.1	147202944	147203147	w57730_3	-
P1	219.5	NC@U@142512.1	41017451	41017650	w36543_3	+
P1	219.4	NC@U@142505.1	9747621	9747837	w20560_3	-
P1	219.4	NC@U@142517.1	169792528	169792730	w58348_3	-
P1	219.2	NC@U@142517.1	150906881	150907112	w57816_3	-
P1	219	NC@U@142518.1	96852603	96852826	w63190_3	+
P1	218.9	NC@U@142518.1	74933745	74933961	w62400_3	+
P1	218.8	NC@U@142502.1	128577424	128577651	w9398_3	+
P1	218.8	NC@U@142514.1	165605592	165605804	w44843_3	-
P1	218.7	NC@U@142509.1	33675628	33675831	w31998_3	+
P1	218.3	NC@U@142511.1	18879736	18879965	w33766_3	-
P1	218.1	NC@U@142505.1	102887891	102888116	w23417_3	-
P1	217.7	NC@U@142508.1	3043569	3043800	w27515_3	-
P1	217.7	NC@U@142514.1	7442187	7442405	w39535_3	-
P1	217.5	NC@U@142507.1	11335419	11335649	w25666_3	-
P1	217.2	NC@U@142516.1	165309060	165309278	w53749_3	-
P1	217	NC@U@142508.1	37120777	37120984	w28678_3	+
P1	216.6	NC@U@142502.1	29894916	29895201	w6650_3	-
P1	216.5	NC@U@142507.1	53818263	53818490	w27356_3	+
P1	216.4	NC@U@142516.1	153025584	153025802	w53576_3	+
P1	216.3	NC@U@142515.1	83011265	83011455	w48236_3	+
P1	215.9	NC@U@142503.1	62633708	62633954	w12508_3	+
P1	215.9	NC@U@142508.1	31387337	31387544	w28192_3	-
P1	215.9	NC@U@142514.1	155099398	155099624	w44577_3	-
P1	215.7	NC@U@142514.1	39260386	39260656	w41194_3	-
P1	215.5	NC@U@142505.1	81715529	81715760	w22899_3	-
P1	215.1	NC@U@142514.1	22364338	22364550	w40376_3	-
P1	215	NC@U@142508.1	71220892	71221118	w30208_3	-
P1	214.9	NC@U@142501.1	58696534	58696763	w2049_3	-
P1	214.9	NC@U@142501.1	83450755	83451003	w2707_3	+
P1	214.9	NC@U@142514.1	101508111	101508312	w42822_3	+
P1	214.4	NC@U@142517.1	195305949	195306146	w58911_3	+
P1	214.3	NC@U@142513.1	53958083	53958302	w39035_3	+
P1	214.2	NC@U@142503.1	134530556	134530768	w14683_3	+
P1	214	NC@U@142517.1	34719212	34719423	w55029_3	+
P1	213.9	NC@U@142509.1	34758871	34759083	w32051_3	-
P1	213.8	NC@U@142506.1	53343166	53343391	w25238_3	-
P1	213.4	NC@U@142501.1	29404408	29404643	w1035_3	+
P1	213.1	NC@U@142504.1	58929071	58929298	w18590_3	+
P1	212.7	NC@U@142514.1	32374709	32374937	w40915_3	-
P1	212.6	NC@U@142508.1	60471404	60471622	w29859_3	-
P1	212.6	NC@U@142513.1	18645538	18645757	w37694_3	-
P1	212.5	NC@U@142502.1	20050972	20051170	w6461_3	+
P1	212.5	NC@U@142516.1	19098872	19099064	w50125_3	+
P1	212.4	NC@U@142513.1	54677529	54677769	w39042_3	+
P1	212.3	NC@U@142504.1	53535711	53535922	w18452_3	-
P1	212.1	NC@U@142505.1	91453605	91453820	w23245_3	-
P1	212.1	NC@U@142517.1	79217704	79217921	w56188_3	-
P1	211.7	NC@U@142516.1	159902811	159903036	w53662_3	-
P1	211.4	NC@U@142517.1	103634951	103635164	w56713_3	+
P1	211	NC@U@142501.1	5764800	5765036	w118_3	-
P1	210.8	NC@U@142502.1	109073037	109073241	w8843_3	+
P1	210.8	NC@U@142518.1	43457793	43457982	w61467_3	+
P1	210.7	NC@U@142514.1	92644792	92645024	w42583_3	+
P1	210.6	NC@U@142507.1	27847086	27847293	w26173_3	+
P1	210.5	NC@U@142502.1	147117519	147117760	w9956_3	+
P1	210.5	NC@U@142507.1	33038271	33038480	w26610_3	-
P1	210.3	NC@U@142513.1	3277875	3278089	w37255_3	-
P1	210.3	NC@U@142517.1	180538482	180538722	w58572_3	-
P1	210.1	NC@U@142518.1	111517537	111517777	w64052_3	+
P1	210	NC@U@142518.1	97505741	97505960	w63235_3	+
P1	209.8	NC@U@142505.1	43764905	43765112	w21521_3	+
P1	209.5	NC@U@142501.1	180824257	180824545	w5253_3	+
P1	209	NC@U@142509.1	3578874	3579108	w30762_3	-
P1	208.9	NC@U@142514.1	75313539	75313803	w42015_3	+
P1	208.2	NC@U@142503.1	122897665	122897861	w14317_3	+
P1	208.2	NC@U@142515.1	50496937	50497216	w47205_3	+
P1	208.1	NC@U@142513.1	972340	972564	w37216_3	+
P1	207.7	NC@U@142503.1	53194071	53194313	w12364_3	-
P1	207.7	NC@U@142516.1	159462326	159462547	w53656_3	+
P1	206.7	NC@U@142511.1	9406853	9407081	w33486_3	-
P1	206.5	NC@U@142515.1	110016740	110016979	w49063_3	+
P1	206	NC@U@142518.1	22931823	22932045	w60328_3	-
P1	205.6	NC@U@142515.1	98681218	98681426	w48836_3	+
P1	205.3	NC@U@142505.1	16390427	16390643	w20712_3	-
P1	204.5	NC@U@142509.1	23192470	23192727	w31682_3	-
P1	204.5	NC@U@142517.1	182257525	182257730	w58601_3	-
P1	204.3	NC@U@142503.1	49990610	49990844	w12283_3	-
P1	203.9	NC@U@142503.1	12543374	12543602	w11291_3	-
P1	203.1	NC@U@142513.1	38982634	38982842	w38565_3	+
P1	202.3	NC@U@142506.1	50105639	50105814	w25179_3	-
P1	202	NC@U@142503.1	146717705	146717954	w15135_3	-
P1	201.6	NC@U@142508.1	65862741	65862977	w30147_3	-
P1	201.4	NC@U@142501.1	94888858	94889088	w3194_3	-
P1	201.1	NC@U@142508.1	64949623	64949829	w30089_3	-
P1	200.9	NC@U@142517.1	58742440	58742652	w55622_3	+
P1	199.6	NC@U@142507.1	52613996	52614207	w27315_3	+
P1	198.5	NC@U@142503.1	6518516	6518755	w11176_3	-
P1	198.4	NC@U@142508.1	77233698	77233886	w30363_3	+
P1	198.3	NC@U@142504.1	104962678	104962877	w19977_3	+
P1	197.9	NC@U@142511.1	22886633	22886886	w33912_3	+
P1	197.8	NC@U@142517.1	134376289	134376505	w57545_3	+
P1	196.9	NC@U@142515.1	100984070	100984312	w48870_3	+
P1	195.6	NC@U@142518.1	38396838	38397033	w61241_3	+
P1	194	NC@U@142507.1	23211642	23211849	w26053_3	-
P1	192.6	NC@U@142509.1	36397363	36397552	w32145_3	+
P1	192	NC@U@142505.1	73257265	73257488	w22453_3	-
P1	191.5	NC@U@142516.1	1837650	1837835	w49547_3	+
P1	187.5	NC@U@142503.1	112692064	112692266	w13941_3	-
P1	185.2	NC@U@142516.1	76408481	76408719	w51751_3	+
P1	183.5	NC@U@142505.1	89549323	89549521	w23188_3	+
P1	175.5	NC@U@142517.1	123027414	123027610	w57263_3	-
P10	276.6	NC@U@142514.1	102884315	102884597	w42901_3	-
P10	275	NC@U@142515.1	48039531	48039782	w47094_3	+
P10	267.4	NC@U@142518.1	104717697	104717973	w63777_3	-
P10	267	NC@U@142515.1	104817203	104817474	w48956_3	+
P10	266	NC@U@142517.1	143672000	143672250	w57666_3	-
P10	265.6	NC@U@142501.1	6630126	6630382	w144_3	-
P10	263.5	NC@U@142501.1	15517755	15518031	w535_3	+
P10	263	NC@U@142504.1	37825095	37825351	w17915_3	-
P10	260.8	NC@U@142517.1	147720113	147720359	w57732_3	+
P10	260.4	NC@U@142514.1	152679011	152679264	w44473_3	+
P10	258.7	NC@U@142512.1	48135604	48135858	w36889_3	+
P10	258.4	NC@U@142514.1	77008979	77009245	w42050_3	-
P10	258.2	NC@U@142506.1	46128775	46129064	w25103_3	-
P10	255.2	NC@U@142513.1	25088411	25088696	w38116_3	+
P10	254.1	NC@U@142502.1	35210607	35210867	w6745_3	+
P10	253.7	NC@U@142503.1	139628695	139628943	w14903_3	-
P10	253.5	NC@U@142515.1	84431215	84431473	w48311_3	+
P10	251.3	NC@U@142502.1	103589264	103589533	w8424_3	-
P10	250.2	NC@U@142504.1	76597613	76597883	w19270_3	+
P10	250.2	NC@U@142516.1	147064631	147064897	w53415_3	-
P10	250.2	NC@U@142518.1	66831095	66831382	w62126_3	+
P10	249.7	NC@U@142513.1	9372906	9373178	w37406_3	+
P10	249.4	NC@U@142517.1	113474961	113475209	w56963_3	-
P10	248.9	NC@U@142518.1	22191308	22191584	w60204_3	+
P10	247.1	NC@U@142516.1	123795126	123795315	w52894_3	+
P10	247	NC@U@142512.1	7190580	7190842	w35001_3	-
P10	246.7	NC@U@142514.1	7954274	7954535	w39559_3	+
P10	245.6	NC@U@142505.1	22660480	22660741	w20865_3	-
P10	245.5	NC@U@142507.1	11237358	11237654	w25664_3	-
P10	245	NC@U@142516.1	109746093	109746359	w52700_3	+
P10	244.7	NC@U@142516.1	6608820	6609083	w49748_3	+
P10	244.2	NC@U@142505.1	81561362	81561609	w22887_3	-
P10	244.2	NC@U@142508.1	43413588	43413870	w29156_3	-
P10	244.2	NC@U@142518.1	38310852	38311135	w61237_3	-
P10	243.5	NC@U@142514.1	102605013	102605292	w42874_3	-
P10	243.4	NC@U@142501.1	88912243	88912519	w2828_3	-
P10	242.4	NC@U@142508.1	78881283	78881542	w30400_3	-
P10	241.6	NC@U@142514.1	46224870	46225117	w41361_3	+
P10	241.1	NC@U@142518.1	100594089	100594361	w63401_3	+
P10	240.8	NC@U@142513.1	34182731	34182997	w38421_3	+
P10	239	NC@U@142514.1	172457028	172457294	w44957_3	-
P10	238.9	NC@U@142508.1	3246711	3246976	w27519_3	-
P10	238.5	NC@U@142517.1	205458405	205458644	w59126_3	+
P10	237.9	NC@U@142509.1	7706762	7707031	w30929_3	+
P10	237.6	NC@U@142503.1	168008924	168009206	w15875_3	-
P10	237.4	NC@U@142516.1	184067024	184067273	w54026_3	-
P10	237.2	NC@U@142513.1	36347060	36347322	w38479_3	-
P10	236.9	NC@U@142508.1	38243769	38244050	w28764_3	+
P10	236.2	NC@U@142516.1	95336307	95336553	w52308_3	-
P10	235.4	NC@U@142502.1	137655337	137655585	w9600_3	-
P10	235.3	NC@U@142512.1	42685378	42685656	w36645_3	+
P10	235.3	NC@U@142512.1	42833867	42834145	w36647_3	-
P10	235.1	NC@U@142503.1	183757599	183757848	w16526_3	+
P10	234.6	NC@U@142505.1	7331406	7331667	w20447_3	+
P10	234.4	NC@U@142518.1	36244645	36244924	w61047_3	+
P10	234.3	NC@U@142512.1	42742475	42742752	w36646_3	+
P10	234.1	NC@U@142509.1	15835002	15835233	w31190_3	-
P10	234	NC@U@142502.1	14799646	14799898	w6352_3	-
P10	234	NC@U@142509.1	36604638	36604877	w32161_3	+
P10	232.9	NC@U@142516.1	78956934	78957177	w51821_3	+
P10	232.4	NC@U@142506.1	55579006	55579266	w25296_3	+
P10	232.3	NC@U@142507.1	15893873	15894137	w25787_3	-
P10	231.8	NC@U@142513.1	20036547	20036835	w37810_3	+
P10	230.6	NC@U@142504.1	113998023	113998302	w20176_3	-
P10	230.4	NC@U@142507.1	43130273	43130529	w26934_3	+
P10	230.4	NC@U@142514.1	70270016	70270323	w41901_3	-
P10	229.5	NC@U@142513.1	38336132	38336377	w38517_3	-
P10	229.1	NC@U@142504.1	96253222	96253474	w19719_3	+
P10	229	NC@U@142512.1	4235485	4235741	w34793_3	-
P10	226.9	NC@U@142507.1	14671124	14671417	w25760_3	-
P10	226	NC@U@142508.1	59943744	59944025	w29816_3	-
P10	225.9	NC@U@142509.1	36621485	36621754	w32162_3	-
P10	225.3	NC@U@142505.1	265424	265655	w20250_3	+
P10	223.9	NC@U@142514.1	115876933	115877189	w43311_3	+
P10	223.4	NC@U@142511.1	23895223	23895494	w33997_3	+
P10	222.7	NC@U@142513.1	20983044	20983306	w37882_3	-
P10	221.1	NC@U@142507.1	18094484	18094752	w25859_3	+
P10	220.6	NC@U@142504.1	20215947	20216217	w17510_3	+
P10	218.2	NC@U@142509.1	7608800	7609086	w30925_3	+
P10	215	NC@U@142506.1	36392991	36393249	w24509_3	-
P10	213.1	NC@U@142501.1	171546447	171546711	w5095_3	-
P10	212.6	NC@U@142518.1	67963274	67963509	w62171_3	+
P10	212.6	NC@U@142518.1	67995780	67996015	w62173_3	-
P10	212.6	NC@U@142518.1	68283156	68283391	w62181_3	+
P10	212.2	NC@U@142508.1	31595426	31595687	w28208_3	-
P10	208.1	NC@U@142505.1	9078988	9079202	w20549_3	+
P10	201.8	NC@U@142515.1	76148563	76148755	w47966_3	-
P10	201.2	NC@U@142506.1	27354708	27354944	w24123_3	-
P10	201.2	NC@U@142506.1	28358303	28358569	w24156_3	+
P10	201.1	NC@U@142512.1	14634687	14634927	w35249_3	+
P10	196.8	NC@U@142514.1	119832683	119832947	w43418_3	-
P10	195	NC@U@142507.1	13370634	13370852	w25730_3	-
P10	185.4	NC@U@142510.1	15067241	15067471	w32802_3	+
P10	182.4	NC@U@142508.1	40255889	40256127	w28938_3	+
P10	178.1	NC@U@142513.1	263657	263916	w37204_3	+
P10	147.2	NC@U@142516.1	70114183	70114396	w51511_3	+
P11	453.6	NC@U@142516.1	114963330	114963678	w52746_3	+
P11	447.5	NC@U@142515.1	110377967	110378251	w49078_3	+
P11	437.3	NC@U@142518.1	100838193	100838533	w63467_3	+
P11	435	NC@U@142514.1	44977150	44977513	w41291_3	-
P11	434	NC@U@142502.1	116938322	116938589	w9028_3	+
P11	433	NC@U@142503.1	9450379	9450646	w11232_3	-
P11	431.7	NC@U@142517.1	70447840	70448115	w55980_3	+
P11	431.6	NC@U@142515.1	5517054	5517320	w45822_3	-
P11	430.6	NC@U@142501.1	8249478	8249739	w238_3	+
P11	430.6	NC@U@142516.1	124416537	124416824	w52921_3	+
P11	429.4	NC@U@142517.1	160755558	160755889	w58080_3	+
P11	428.4	NC@U@142501.1	91843410	91843678	w3021_3	+
P11	428.4	NC@U@142502.1	103530261	103530558	w8419_3	-
P11	426.9	NC@U@142503.1	154649940	154650215	w15380_3	-
P11	422.6	NC@U@142501.1	148249261	148249551	w4545_3	+
P11	421.9	NC@U@142505.1	8085389	8085682	w20504_3	+
P11	421.7	NC@U@142502.1	107374572	107374842	w8696_3	-
P11	421.7	NC@U@142517.1	58600446	58600730	w55606_3	+
P11	421.1	NC@U@142504.1	59882015	59882310	w18684_3	-
P11	419.8	NC@U@142515.1	93118761	93119028	w48625_3	-
P11	418.4	NC@U@142503.1	99689220	99689503	w13495_3	-
P11	417.6	NC@U@142503.1	129674607	129674873	w14496_3	+
P11	415.7	NC@U@142510.1	17034209	17034537	w32896_3	+
P11	414	NC@U@142501.1	47263958	47264225	w1478_3	+
P11	410	NC@U@142516.1	65781003	65781271	w51427_3	+
P11	409.7	NC@U@142502.1	184778291	184778570	w10937_3	-
P11	409.5	NC@U@142502.1	125837177	125837452	w9266_3	+
P11	406.8	NC@U@142501.1	65020101	65020376	w2270_3	-
P11	406.5	NC@U@142504.1	10686106	10686380	w17248_3	-
P11	405.6	NC@U@142516.1	32518763	32519028	w50516_3	-
P11	404.6	NC@U@142505.1	24654746	24655010	w20909_3	+
P11	404.6	NC@U@142511.1	17884763	17885037	w33730_3	-
P11	404.2	NC@U@142517.1	31353867	31354151	w54989_3	+
P11	403.4	NC@U@142514.1	22260118	22260490	w40369_3	+
P11	403.2	NC@U@142508.1	22330873	22331207	w27943_3	+
P11	403.2	NC@U@142513.1	41789268	41789612	w38663_3	-
P11	402	NC@U@142514.1	139872490	139872786	w43942_3	+
P11	400.9	NC@U@142512.1	41779535	41779796	w36607_3	-
P11	398.4	NC@U@142514.1	101155979	101156280	w42770_3	-
P11	397.7	NC@U@142509.1	17948413	17948711	w31334_3	-
P11	397.4	NC@U@142509.1	21736381	21736729	w31549_3	-
P11	396.1	NC@U@142504.1	76482735	76483033	w19257_3	+
P11	395.3	NC@U@142501.1	31954339	31954660	w1093_3	-
P11	394.7	NC@U@142508.1	32269876	32270192	w28277_3	-
P11	394.1	NC@U@142516.1	157460385	157460657	w53630_3	-
P11	394	NC@U@142505.1	35572764	35573039	w21153_3	+
P11	391	NC@U@142503.1	59773324	59773598	w12460_3	-
P11	390.3	NC@U@142503.1	101860020	101860351	w13602_3	+
P11	389.8	NC@U@142512.1	40728097	40728395	w36529_3	+
P11	385.5	NC@U@142506.1	38247971	38248246	w24608_3	+
P11	384.9	NC@U@142501.1	63404774	63405050	w2200_3	-
P11	380	NC@U@142509.1	35421686	35422008	w32089_3	+
P11	372.7	NC@U@142511.1	25372204	25372527	w34116_3	-
P11	370.9	NC@U@142503.1	150460943	150461216	w15234_3	-
P11	368.9	NC@U@142513.1	35928948	35929244	w38470_3	-
P11	367.7	NC@U@142513.1	19720764	19721096	w37789_3	+
P11	363.9	NC@U@142516.1	132274917	132275188	w53116_3	-
P11	363.9	NC@U@142516.1	171773102	171773395	w53886_3	+
P11	357.9	NC@U@142507.1	39927617	39927948	w26818_3	-
P11	354	NC@U@142515.1	23325652	23325910	w46305_3	+
P11	349.5	NC@U@142516.1	173479033	173479309	w53904_3	-
P11	347	NC@U@142502.1	135921819	135922131	w9525_3	-
P11	329.6	NC@U@142514.1	85168546	85168821	w42349_3	+
P11	327.5	NC@U@142514.1	25082047	25082353	w40522_3	-
P11	326.5	NC@U@142501.1	26479022	26479300	w906_3	+
P11	325.8	NC@U@142517.1	205061247	205061549	w59112_3	+
P11	323.7	NC@U@142514.1	6548977	6549252	w39473_3	-
P11	318.7	NC@U@142515.1	75542497	75542770	w47929_3	+
P11	316.7	NC@U@142501.1	140159081	140159322	w4285_3	+
P11	315.6	NC@U@142516.1	89123458	89123734	w52043_3	+
P11	315.5	NC@U@142507.1	45334888	45335163	w27065_3	+
P11	315.4	NC@U@142501.1	58184404	58184701	w2016_3	+
P11	315.2	NC@U@142501.1	65434368	65434642	w2284_3	+
P11	315.2	NC@U@142503.1	39476788	39477062	w11933_3	+
P11	313.5	NC@U@142507.1	37206649	37206924	w26746_3	-
P11	313	NC@U@142503.1	91649721	91649996	w13186_3	-
P11	310.3	NC@U@142509.1	36541004	36541359	w32155_3	+
P11	309.3	NC@U@142501.1	140332584	140332907	w4290_3	-
P11	307.1	NC@U@142516.1	31367369	31367645	w50468_3	-
P11	305.3	NC@U@142514.1	169541469	169541745	w44908_3	+
P11	304	NC@U@142502.1	104716090	104716364	w8517_3	+
P11	303	NC@U@142517.1	157978205	157978491	w57959_3	+
P11	301.6	NC@U@142502.1	123125979	123126265	w9157_3	+
P11	300.9	NC@U@142512.1	19613841	19614113	w35568_3	+
P11	299.6	NC@U@142517.1	196604232	196604536	w58933_3	-
P11	297.5	NC@U@142502.1	64354488	64354759	w7412_3	-
P11	278.3	NC@U@142515.1	39117038	39117341	w46782_3	+
P12	404.6	NC@U@142514.1	172282310	172282574	w44952_5	+
P12	397.9	NC@U@142516.1	134939397	134939680	w53176_5	+
P12	393.1	NC@U@142502.1	89321924	89322205	w7858_5	+
P12	393.1	NC@U@142518.1	17141551	17141835	w60001_5	-
P12	392	NC@U@142501.1	80475566	80475830	w2660_5	-
P12	390.8	NC@U@142512.1	22829597	22829867	w35742_5	+
P12	390.6	NC@U@142514.1	145421462	145421742	w44175_5	-
P12	389.6	NC@U@142504.1	798508	798773	w17123_5	+
P12	388.7	NC@U@142502.1	8182150	8182442	w6190_5	+
P12	384.7	NC@U@142518.1	105719207	105719485	w63854_5	-
P12	384.3	NC@U@142504.1	87935705	87935999	w19605_5	-
P12	383	NC@U@142511.1	24055949	24056237	w34017_5	+
P12	381.1	NC@U@142505.1	57820297	57820570	w21876_5	+
P12	378.2	NC@U@142518.1	877708	877982	w59412_5	-
P12	378.1	NC@U@142516.1	149806105	149806378	w53518_5	+
P12	376.7	NC@U@142504.1	30967940	30968213	w17737_5	+
P12	374.9	NC@U@142518.1	30693074	30693347	w60727_5	-
P12	374.2	NC@U@142501.1	26920948	26921237	w967_5	+
P12	373.7	NC@U@142505.1	69621845	69622121	w22206_5	-
P12	373.5	NC@U@142505.1	42738220	42738521	w21464_5	+
P12	373.3	NC@U@142506.1	2296476	2296804	w23671_5	-
P12	371.8	NC@U@142504.1	14170953	14171235	w17326_5	-
P12	370.5	NC@U@142516.1	187677615	187677919	w54127_5	-
P12	370.1	NC@U@142503.1	93420473	93420751	w13316_5	-
P12	369.9	NC@U@142503.1	93084368	93084646	w13287_5	+
P12	369.7	NC@U@142502.1	97749020	97749316	w8149_5	-
P12	369.1	NC@U@142501.1	40115620	40115960	w1273_5	+
P12	368.9	NC@U@142516.1	95368013	95368270	w52310_5	-
P12	368.6	NC@U@142518.1	67857471	67857766	w62166_5	+
P12	368.3	NC@U@142501.1	53665683	53665963	w1729_5	+
P12	368.3	NC@U@142516.1	1845172	1845500	w49549_5	-
P12	367.8	NC@U@142502.1	187305592	187305905	w11025_5	-
P12	367.7	NC@U@142516.1	136431237	136431505	w53236_5	-
P12	367.3	NC@U@142509.1	36656304	36656563	w32166_5	-
P12	366.9	NC@U@142511.1	22372943	22373216	w33872_5	+
P12	366.2	NC@U@142514.1	173007752	173008014	w44981_5	+
P12	364.7	NC@U@142503.1	68456504	68456761	w12596_5	-
P12	364.5	NC@U@142501.1	145091109	145091388	w4479_5	-
P12	362.8	NC@U@142506.1	26058617	26058886	w24099_5	-
P12	362.1	NC@U@142503.1	130487047	130487413	w14583_5	+
P12	361.9	NC@U@142502.1	14234725	14235064	w6345_5	-
P12	361.6	NC@U@142514.1	135479274	135479570	w43764_5	-
P12	361.5	NC@U@142511.1	24741017	24741295	w34076_5	+
P12	360.6	NC@U@142508.1	40165248	40165512	w28930_5	+
P12	360.6	NC@U@142516.1	32824798	32825134	w50530_5	+
P12	358.9	NC@U@142516.1	53186810	53187123	w51146_5	+
P12	357.1	NC@U@142514.1	27816233	27816482	w40633_5	+
P12	356	NC@U@142503.1	166304610	166304899	w15831_5	+
P12	355.2	NC@U@142503.1	92887578	92887838	w13275_5	-
P12	353.4	NC@U@142503.1	82024484	82024740	w12858_5	-
P12	353.2	NC@U@142512.1	10853722	10853990	w35095_5	+
P12	353.1	NC@U@142514.1	81146700	81146942	w42206_5	-
P12	353.1	NC@U@142515.1	77311658	77311961	w48031_5	-
P12	352.3	NC@U@142502.1	105807161	105807416	w8596_5	-
P12	349.3	NC@U@142503.1	132711931	132712207	w14653_5	+
P12	349.2	NC@U@142515.1	72675097	72675372	w47736_5	+
P12	349.2	NC@U@142517.1	140006854	140007136	w57598_5	+
P12	348.1	NC@U@142517.1	64680429	64680726	w55864_5	+
P12	347.5	NC@U@142502.1	53760113	53760379	w7188_5	-
P12	347.3	NC@U@142512.1	19411020	19411335	w35550_5	+
P12	342.8	NC@U@142514.1	185497733	185498003	w45639_5	+
P12	342.3	NC@U@142517.1	123242820	123243115	w57281_5	-
P12	342.1	NC@U@142512.1	54204151	54204435	w37058_5	-
P12	341.7	NC@U@142516.1	184281308	184281574	w54045_5	-
P12	338.3	NC@U@142517.1	186244921	186245198	w58752_5	-
P12	336	NC@U@142509.1	26710979	26711261	w31768_5	-
P12	335.8	NC@U@142514.1	103576424	103576723	w42935_5	+
P12	334.4	NC@U@142515.1	46938840	46939097	w47003_5	-
P12	333.3	NC@U@142506.1	36412129	36412412	w24511_5	+
P12	330.5	NC@U@142508.1	33057509	33057795	w28349_5	-
P12	329.5	NC@U@142501.1	23223994	23224274	w754_5	+
P12	328.6	NC@U@142510.1	5522057	5522332	w32386_5	-
P12	328.4	NC@U@142514.1	183041500	183041777	w45474_5	+
P12	318.1	NC@U@142505.1	57720185	57720433	w21872_5	+
P12	317.5	NC@U@142516.1	45164702	45164956	w50925_5	-
P12	307.2	NC@U@142505.1	39536601	39536882	w21301_5	-
P12	305	NC@U@142515.1	47027176	47027455	w47018_5	-
P12	299.7	NC@U@142512.1	57035679	57035953	w37147_5	+
P12	297.1	NC@U@142512.1	18990320	18990629	w35509_5	-
P12	287.9	NC@U@142516.1	149536170	149536424	w53512_5	+
P12	273.7	NC@U@142504.1	45715507	45715743	w18072_5	-
P12	273.6	NC@U@142516.1	125895041	125895366	w52970_5	+
P12	272	NC@U@142506.1	14657196	14657431	w23883_5	+
P12	268.4	NC@U@142516.1	115342002	115342291	w52765_5	-
P12	267.4	NC@U@142501.1	58435252	58435535	w2037_5	+
P12	265.7	NC@U@142514.1	78977780	78978089	w42115_5	-
P12	259.3	NC@U@142517.1	24148516	24148792	w54812_5	-
P12	257.3	NC@U@142514.1	82302777	82303042	w42253_5	-
P12	252.6	NC@U@142501.1	105313409	105313666	w3333_5	+
P12	240.7	NC@U@142508.1	42136234	42136505	w29079_5	+
P12	237.7	NC@U@142502.1	87236289	87236549	w7813_5	+
P12	234.4	NC@U@142503.1	73252799	73253023	w12657_5	-
P12	229.9	NC@U@142504.1	98352209	98352407	w19794_5	+
P12	222.2	NC@U@142501.1	11459351	11459589	w418_5	-
P12	203.3	NC@U@142512.1	40668551	40668755	w36522_5	-
P13	333	NC@U@142515.1	26979952	26980271	w46439_5	-
P13	317.8	NC@U@142508.1	39505835	39506143	w28864_5	+
P13	313.8	NC@U@142501.1	52910149	52910346	w1658_5	+
P13	311.9	NC@U@142501.1	51428542	51428769	w1573_5	+
P13	311.7	NC@U@142507.1	21406780	21407078	w25964_5	+
P13	306.7	NC@U@142502.1	143728871	143729088	w9798_5	+
P13	306.6	NC@U@142503.1	162201387	162201593	w15709_5	+
P13	306.3	NC@U@142507.1	52201034	52201231	w27288_5	-
P13	306.2	NC@U@142502.1	98866439	98866699	w8171_5	+
P13	302.6	NC@U@142517.1	6631102	6631309	w54437_5	+
P13	302.5	NC@U@142504.1	17561497	17561693	w17433_5	-
P13	301.4	NC@U@142516.1	11310859	11311083	w49945_5	+
P13	299.2	NC@U@142502.1	8495709	8495918	w6208_5	+
P13	298.3	NC@U@142501.1	159574694	159574904	w4730_5	-
P13	297.1	NC@U@142514.1	105904906	105905112	w42991_5	+
P13	296.9	NC@U@142518.1	91275539	91275758	w62901_5	+
P13	296.4	NC@U@142503.1	178664659	178664884	w16383_5	+
P13	296.4	NC@U@142517.1	79911480	79911677	w56207_5	+
P13	295.5	NC@U@142512.1	16944954	16945187	w35384_5	+
P13	294.5	NC@U@142503.1	76797241	76797443	w12741_5	+
P13	294.3	NC@U@142503.1	77977783	77977981	w12753_5	+
P13	293.9	NC@U@142501.1	214294823	214295024	w5944_5	+
P13	293.9	NC@U@142507.1	42100170	42100379	w26871_5	-
P13	292.7	NC@U@142511.1	11681708	11681905	w33540_5	-
P13	291.4	NC@U@142504.1	33633747	33634056	w17797_5	+
P13	291.3	NC@U@142503.1	170444971	170445192	w15942_5	-
P13	290.5	NC@U@142510.1	17488619	17488824	w32934_5	-
P13	289.4	NC@U@142516.1	147783350	147783553	w53444_5	+
P13	288.6	NC@U@142501.1	93119674	93119874	w3075_5	+
P13	288.5	NC@U@142510.1	1556704	1556974	w32307_5	+
P13	287.7	NC@U@142511.1	22063052	22063265	w33860_5	+
P13	286.2	NC@U@142503.1	187487204	187487479	w16565_5	-
P13	286	NC@U@142501.1	63508456	63508665	w2213_5	+
P13	285.4	NC@U@142514.1	187157701	187157896	w45684_5	-
P13	285	NC@U@142503.1	24964597	24964852	w11551_5	+
P13	284.3	NC@U@142503.1	121558925	121559130	w14265_5	-
P13	283.7	NC@U@142513.1	17593047	17593240	w37640_5	+
P13	281.9	NC@U@142516.1	65262009	65262220	w51404_5	+
P13	281.5	NC@U@142505.1	9871115	9871352	w20570_5	-
P13	280.5	NC@U@142514.1	16035931	16036135	w39915_5	-
P13	280.1	NC@U@142516.1	8030768	8030977	w49795_5	+
P13	278.8	NC@U@142502.1	69988331	69988539	w7505_5	+
P13	277.3	NC@U@142502.1	31864412	31864616	w6703_5	-
P13	277.2	NC@U@142515.1	86880488	86880681	w48436_5	+
P13	276.9	NC@U@142509.1	24396030	24396250	w31702_5	+
P13	276.6	NC@U@142502.1	49168539	49168770	w7097_5	+
P13	276.2	NC@U@142514.1	165221075	165221289	w44808_5	+
P13	276.1	NC@U@142501.1	12120245	12120444	w436_5	+
P13	276	NC@U@142515.1	84288103	84288293	w48303_5	-
P13	275.5	NC@U@142508.1	35337477	35337678	w28487_5	-
P13	274.7	NC@U@142508.1	9255916	9256135	w27606_5	-
P13	274.7	NC@U@142515.1	49858989	49859193	w47161_5	+
P13	272.8	NC@U@142502.1	126021397	126021593	w9273_5	+
P13	271	NC@U@142503.1	75424646	75424859	w12697_5	+
P13	270.6	NC@U@142505.1	26834776	26834973	w20933_5	+
P13	270.6	NC@U@142516.1	95793109	95793335	w52335_5	-
P13	269.6	NC@U@142517.1	145351964	145352161	w57701_5	-
P13	267.9	NC@U@142515.1	57983161	57983357	w47433_5	+
P13	266.1	NC@U@142503.1	186322702	186322928	w16558_5	+
P13	265.9	NC@U@142502.1	15836008	15836212	w6381_5	-
P13	265.5	NC@U@142502.1	123989591	123989847	w9172_5	+
P13	264.9	NC@U@142515.1	77634414	77634613	w48069_5	-
P13	264.7	NC@U@142515.1	27395703	27395905	w46458_5	+
P13	262.4	NC@U@142514.1	14501219	14501415	w39855_5	-
P13	261.2	NC@U@142514.1	175405275	175405500	w45094_5	+
P13	260.9	NC@U@142501.1	66915659	66915894	w2310_5	-
P13	260.8	NC@U@142517.1	149597881	149598102	w57766_5	-
P13	260.5	NC@U@142512.1	40262839	40263031	w36499_5	-
P13	259.5	NC@U@142514.1	132302556	132302810	w43699_5	-
P13	253.1	NC@U@142502.1	141756093	141756293	w9768_5	+
P13	250.9	NC@U@142508.1	40957896	40958098	w28990_5	+
P13	248.3	NC@U@142508.1	39491706	39491928	w28863_5	-
P13	247.6	NC@U@142509.1	26642610	26642816	w31761_5	+
P13	245.9	NC@U@142516.1	168440736	168440927	w53828_5	-
P13	245.3	NC@U@142508.1	34113570	34113768	w28398_5	+
P13	243.9	NC@U@142507.1	43447734	43447980	w26944_5	+
P13	243.2	NC@U@142505.1	110579043	110579227	w23582_5	+
P13	239.2	NC@U@142512.1	7425396	7425606	w35012_5	-
P13	228.5	NC@U@142509.1	20585127	20585309	w31481_5	-
P13	228.4	NC@U@142508.1	59864081	59864267	w29808_5	-
P13	227.4	NC@U@142505.1	89256730	89256951	w23174_5	-
P13	226.3	NC@U@142515.1	87249491	87249687	w48457_5	+
P13	217.6	NC@U@142515.1	88191777	88191977	w48476_5	+
P13	212.6	NC@U@142514.1	20888662	20888882	w40261_5	+
P13	205.6	NC@U@142506.1	33197510	33197723	w24406_5	-
P13	191.6	NC@U@142518.1	46053787	46053957	w61571_5	-
P14	274.4	NC@U@142517.1	201184097	201184309	w59056_3	+
P14	267.9	NC@U@142518.1	95049817	95050041	w63076_3	-
P14	266.8	NC@U@142513.1	21756500	21756719	w37949_3	+
P14	265.5	NC@U@142504.1	21310527	21310723	w17534_3	+
P14	264.5	NC@U@142505.1	77830578	77830790	w22691_3	-
P14	264.4	NC@U@142517.1	108098476	108098684	w56815_3	+
P14	262.8	NC@U@142517.1	121215511	121215751	w57156_3	+
P14	262.5	NC@U@142504.1	79580091	79580339	w19385_3	+
P14	262.3	NC@U@142516.1	92930611	92930845	w52223_3	+
P14	261.1	NC@U@142504.1	66508860	66509074	w18919_3	+
P14	260.8	NC@U@142505.1	27266178	27266391	w20959_3	-
P14	259.1	NC@U@142501.1	69117915	69118115	w2413_3	+
P14	259	NC@U@142503.1	31052157	31052355	w11716_3	+
P14	258.9	NC@U@142506.1	55624211	55624424	w25300_3	-
P14	257.8	NC@U@142517.1	1960401	1960635	w54298_3	-
P14	257.3	NC@U@142502.1	92655161	92655370	w7939_3	+
P14	257.1	NC@U@142515.1	51796977	51797174	w47293_3	+
P14	256.8	NC@U@142502.1	157942100	157942303	w10239_3	+
P14	255.9	NC@U@142501.1	141255995	141256225	w4327_3	+
P14	254	NC@U@142516.1	12698583	12698824	w50008_3	+
P14	250.4	NC@U@142501.1	145844582	145844784	w4500_3	+
P14	250.4	NC@U@142514.1	182674204	182674417	w45452_3	+
P14	249.8	NC@U@142518.1	115512704	115512928	w64204_3	+
P14	249.7	NC@U@142507.1	44287925	44288150	w26983_3	-
P14	248.9	NC@U@142514.1	21306696	21306940	w40287_3	-
P14	248.6	NC@U@142517.1	173112314	173112528	w58410_3	+
P14	248	NC@U@142509.1	32881467	32881675	w31968_3	-
P14	247.2	NC@U@142509.1	6171420	6171661	w30864_3	+
P14	247.1	NC@U@142514.1	110013078	110013287	w43148_3	-
P14	246.9	NC@U@142518.1	73001217	73001418	w62316_3	+
P14	246.3	NC@U@142503.1	130078170	130078388	w14550_3	-
P14	246.1	NC@U@142514.1	177605380	177605592	w45189_3	-
P14	245.4	NC@U@142508.1	55725710	55725954	w29758_3	-
P14	245.3	NC@U@142503.1	76270881	76271118	w12720_3	+
P14	243.6	NC@U@142517.1	87502465	87502679	w56373_3	-
P14	241.8	NC@U@142514.1	68975504	68975723	w41818_3	-
P14	240.9	NC@U@142513.1	10953219	10953424	w37450_3	+
P14	240.8	NC@U@142501.1	188794903	188795114	w5432_3	-
P14	239	NC@U@142517.1	124993071	124993268	w57319_3	+
P14	238.7	NC@U@142503.1	75449910	75450131	w12698_3	+
P14	238.7	NC@U@142515.1	22662560	22662778	w46265_3	-
P14	238.7	NC@U@142518.1	37535107	37535308	w61182_3	+
P14	238.4	NC@U@142514.1	24105803	24106026	w40431_3	+
P14	238.2	NC@U@142514.1	36963109	36963305	w41072_3	-
P14	238	NC@U@142508.1	60257532	60257780	w29846_3	-
P14	237.8	NC@U@142505.1	51345568	51345803	w21668_3	+
P14	237.4	NC@U@142504.1	34175205	34175415	w17828_3	+
P14	237.2	NC@U@142518.1	95385399	95385595	w63102_3	+
P14	236.7	NC@U@142517.1	163342053	163342250	w58200_3	+
P14	236.5	NC@U@142509.1	3871240	3871457	w30777_3	+
P14	235.8	NC@U@142501.1	121543957	121544162	w3740_3	-
P14	235.5	NC@U@142502.1	80659796	80659989	w7704_3	+
P14	234.9	NC@U@142503.1	21367094	21367313	w11433_3	+
P14	233.1	NC@U@142502.1	24611978	24612171	w6531_3	-
P14	232.2	NC@U@142501.1	91162228	91162439	w2971_3	-
P14	231.7	NC@U@142509.1	7821308	7821538	w30931_3	+
P14	228.4	NC@U@142502.1	44985990	44986189	w6959_3	+
P14	228.2	NC@U@142501.1	202009816	202010063	w5666_3	-
P14	227.5	NC@U@142518.1	21878614	21878836	w60182_3	+
P14	223.9	NC@U@142509.1	29396970	29397179	w31893_3	+
P14	223.2	NC@U@142515.1	42992305	42992497	w46851_3	+
P14	222.8	NC@U@142517.1	164238549	164238734	w58215_3	+
P14	218.4	NC@U@142510.1	8730430	8730633	w32484_3	-
P14	218.2	NC@U@142517.1	180421321	180421540	w58560_3	-
P14	218.1	NC@U@142518.1	105338029	105338237	w63841_3	-
P14	217	NC@U@142515.1	3394975	3395177	w45800_3	+
P14	215.9	NC@U@142503.1	115030828	115031053	w13995_3	-
P14	211	NC@U@142514.1	21522247	21522472	w40311_3	+
P14	207.5	NC@U@142514.1	149707295	149707522	w44369_3	+
P14	207.4	NC@U@142515.1	77630015	77630247	w48068_3	+
P14	204.7	NC@U@142514.1	100915035	100915243	w42740_3	+
P14	201.3	NC@U@142512.1	18784301	18784523	w35488_3	+
P14	192.3	NC@U@142503.1	144106963	144107201	w15027_3	-
P14	189.2	NC@U@142507.1	29344156	29344377	w26279_3	-
P14	188.2	NC@U@142507.1	31435677	31435857	w26499_3	-
P14	187.3	NC@U@142503.1	93144408	93144633	w13292_3	+
P14	171.5	NC@U@142514.1	83423330	83423515	w42279_3	+
P15	360.6	NC@U@142501.1	57905815	57906122	w1993_5	+
P15	359.6	NC@U@142517.1	178853890	178854184	w58504_5	+
P15	353.2	NC@U@142516.1	102808215	102808524	w52493_5	-
P15	352.8	NC@U@142518.1	69006269	69006567	w62216_5	-
P15	352	NC@U@142516.1	6690182	6690466	w49751_5	+
P15	348.9	NC@U@142514.1	25858017	25858302	w40546_5	-
P15	348.1	NC@U@142518.1	69174124	69174421	w62230_5	+
P15	348	NC@U@142501.1	57864001	57864297	w1984_5	+
P15	345.7	NC@U@142504.1	69991013	69991325	w19042_5	+
P15	345.7	NC@U@142514.1	112155229	112155531	w43232_5	+
P15	344.8	NC@U@142506.1	50526806	50527091	w25186_5	+
P15	344	NC@U@142515.1	75094738	75095045	w47898_5	+
P15	342.8	NC@U@142518.1	22326983	22327283	w60236_5	-
P15	342.1	NC@U@142501.1	102748868	102749161	w3264_5	-
P15	341.4	NC@U@142508.1	31665380	31665684	w28221_5	-
P15	340.6	NC@U@142501.1	206382810	206383098	w5733_5	-
P15	338	NC@U@142502.1	139649971	139650259	w9674_5	+
P15	336.7	NC@U@142504.1	76015186	76015467	w19222_5	-
P15	336.1	NC@U@142501.1	40095978	40096279	w1270_5	+
P15	334.9	NC@U@142518.1	22781487	22781797	w60306_5	+
P15	334.4	NC@U@142517.1	8206138	8206438	w54533_5	+
P15	331.8	NC@U@142504.1	84889137	84889439	w19521_5	+
P15	331.8	NC@U@142514.1	84451420	84451710	w42304_5	+
P15	331.7	NC@U@142514.1	140135630	140135913	w43954_5	+
P15	331.1	NC@U@142504.1	35165353	35165639	w17859_5	-
P15	329.7	NC@U@142504.1	58818541	58818823	w18580_5	+
P15	328.9	NC@U@142517.1	112521749	112522048	w56886_5	+
P15	328.2	NC@U@142518.1	41636806	41637129	w61403_5	-
P15	327.8	NC@U@142509.1	28248284	28248567	w31858_5	-
P15	327.5	NC@U@142501.1	144831737	144831985	w4469_5	-
P15	326.8	NC@U@142507.1	30918505	30918802	w26443_5	-
P15	326.7	NC@U@142515.1	96253481	96253789	w48789_5	-
P15	326.3	NC@U@142503.1	83996359	83996648	w12885_5	+
P15	326.2	NC@U@142517.1	56501757	56502050	w55499_5	+
P15	324.9	NC@U@142507.1	11043983	11044279	w25648_5	-
P15	324.1	NC@U@142512.1	5934711	5935036	w34877_5	-
P15	323.8	NC@U@142518.1	24335977	24336293	w60381_5	+
P15	321.7	NC@U@142502.1	104762605	104762887	w8524_5	-
P15	321.7	NC@U@142518.1	10628054	10628294	w59728_5	-
P15	321.5	NC@U@142518.1	71244533	71244830	w62270_5	+
P15	320.9	NC@U@142504.1	15261100	15261390	w17357_5	+
P15	320.5	NC@U@142517.1	179085681	179085988	w58516_5	+
P15	320.3	NC@U@142516.1	135400629	135400851	w53199_5	+
P15	319.2	NC@U@142516.1	27388201	27388475	w50363_5	-
P15	319.1	NC@U@142518.1	1177222	1177462	w59417_5	+
P15	318.6	NC@U@142502.1	116221857	116222146	w9013_5	+
P15	318.4	NC@U@142516.1	128422684	128422979	w53034_5	-
P15	317.5	NC@U@142505.1	52492624	52492942	w21739_5	-
P15	316.4	NC@U@142505.1	73216869	73217144	w22447_5	+
P15	316.1	NC@U@142517.1	51972231	51972536	w55417_5	-
P15	314.4	NC@U@142518.1	20983093	20983391	w60155_5	-
P15	312.9	NC@U@142505.1	37733021	37733309	w21251_5	-
P15	312.3	NC@U@142508.1	37794129	37794419	w28728_5	+
P15	309.8	NC@U@142514.1	51831535	51831836	w41515_5	+
P15	308.9	NC@U@142515.1	67608594	67608819	w47690_5	+
P15	308.2	NC@U@142503.1	122203415	122203689	w14313_5	-
P15	306.5	NC@U@142507.1	42126800	42127079	w26875_5	+
P15	306.2	NC@U@142506.1	33138029	33138301	w24398_5	+
P15	304.1	NC@U@142501.1	91487214	91487479	w3002_5	-
P15	303.9	NC@U@142515.1	46823859	46824149	w46975_5	+
P15	303.8	NC@U@142513.1	36032118	36032426	w38471_5	+
P15	303.4	NC@U@142517.1	150351334	150351628	w57787_5	-
P15	299.1	NC@U@142514.1	130247687	130247982	w43664_5	-
P15	297.9	NC@U@142513.1	29972213	29972531	w38315_5	-
P15	297.6	NC@U@142501.1	19351282	19351603	w648_5	-
P15	297.4	NC@U@142512.1	21710890	21711117	w35680_5	+
P15	294.1	NC@U@142508.1	39063542	39063836	w28819_5	+
P15	293	NC@U@142518.1	97939015	97939279	w63267_5	+
P15	292.2	NC@U@142514.1	14683595	14683887	w39863_5	+
P15	287.2	NC@U@142517.1	108503064	108503364	w56847_5	-
P15	287.2	NC@U@142518.1	92213025	92213307	w62966_5	+
P15	287	NC@U@142508.1	66228078	66228365	w30163_5	-
P15	285.9	NC@U@142504.1	16201835	16202109	w17375_5	+
P15	284.8	NC@U@142515.1	82709133	82709373	w48219_5	-
P15	280.9	NC@U@142505.1	70888419	70888716	w22265_5	-
P15	277.2	NC@U@142507.1	32177815	32178097	w26556_5	+
P15	262.1	NC@U@142515.1	84066646	84066912	w48290_5	+
P15	254.3	NC@U@142511.1	24648599	24648886	w34069_5	+
P15	251.6	NC@U@142514.1	164360884	164361146	w44740_5	+
P15	251.3	NC@U@142505.1	73192502	73192759	w22441_5	+
P15	194.2	NC@U@142510.1	3547263	3547495	w32351_5	+
P16	275.9	NC@U@142503.1	127189935	127190172	w14394_5	+
P16	273.2	NC@U@142517.1	56385296	56385496	w55494_5	+
P16	263.4	NC@U@142503.1	106554019	106554231	w13796_5	+
P16	261.1	NC@U@142518.1	30632051	30632292	w60723_5	-
P16	260.5	NC@U@142517.1	26170043	26170295	w54865_5	+
P16	260.2	NC@U@142518.1	101001294	101001516	w63501_5	+
P16	259.2	NC@U@142515.1	38799318	38799606	w46760_5	-
P16	259	NC@U@142503.1	97355878	97356075	w13424_5	-
P16	258.5	NC@U@142501.1	58189575	58189819	w2019_5	-
P16	258.1	NC@U@142514.1	100847750	100847941	w42735_5	-
P16	254.7	NC@U@142502.1	108960044	108960289	w8818_5	+
P16	254.1	NC@U@142515.1	130157728	130157933	w49381_5	+
P16	253.8	NC@U@142508.1	52508424	52508625	w29677_5	-
P16	252.2	NC@U@142504.1	72756558	72756755	w19119_5	-
P16	251.7	NC@U@142518.1	48033926	48034124	w61655_5	-
P16	250.1	NC@U@142501.1	62588869	62589097	w2141_5	+
P16	248.9	NC@U@142501.1	25597582	25597816	w842_5	-
P16	248.8	NC@U@142514.1	21231754	21231962	w40277_5	-
P16	248.2	NC@U@142503.1	81188065	81188296	w12833_5	-
P16	248	NC@U@142503.1	177909927	177910156	w16317_5	-
P16	247.9	NC@U@142501.1	73610934	73611170	w2521_5	-
P16	247.6	NC@U@142517.1	123923351	123923607	w57303_5	+
P16	247.3	NC@U@142514.1	47587257	47587469	w41416_5	-
P16	246	NC@U@142514.1	47898316	47898523	w41428_5	-
P16	245.7	NC@U@142518.1	29134728	29134979	w60660_5	-
P16	243.5	NC@U@142502.1	166388331	166388528	w10479_5	-
P16	243	NC@U@142516.1	33567506	33567701	w50636_5	+
P16	242.9	NC@U@142503.1	138401601	138401794	w14841_5	+
P16	242.8	NC@U@142503.1	145225788	145225994	w15068_5	-
P16	242.3	NC@U@142515.1	42643831	42644045	w46842_5	+
P16	242.1	NC@U@142511.1	16888219	16888427	w33668_5	+
P16	240.9	NC@U@142505.1	41628733	41628942	w21412_5	+
P16	239.1	NC@U@142514.1	33241145	33241337	w40973_5	-
P16	238	NC@U@142501.1	163983525	163983734	w4835_5	-
P16	237.7	NC@U@142502.1	84822312	84822540	w7776_5	+
P16	236.4	NC@U@142503.1	130026033	130026236	w14545_5	-
P16	234.9	NC@U@142501.1	52754918	52755139	w1652_5	+
P16	234.9	NC@U@142514.1	160333831	160334028	w44669_5	-
P16	234.6	NC@U@142508.1	7921228	7921442	w27575_5	-
P16	234.5	NC@U@142514.1	101406167	101406371	w42809_5	-
P16	232.5	NC@U@142514.1	81745517	81745713	w42237_5	+
P16	232.2	NC@U@142505.1	56178758	56179001	w21833_5	-
P16	230.9	NC@U@142505.1	7341427	7341639	w20448_5	+
P16	229.3	NC@U@142505.1	39565169	39565429	w21303_5	-
P16	228.1	NC@U@142506.1	24019367	24019567	w24055_5	+
P16	228	NC@U@142518.1	108500210	108500415	w63932_5	-
P16	226.5	NC@U@142512.1	41267901	41268199	w36574_5	-
P16	226.4	NC@U@142503.1	176137194	176137407	w16211_5	+
P16	225.8	NC@U@142517.1	122744113	122744311	w57224_5	-
P16	225.5	NC@U@142501.1	54283194	54283432	w1759_5	+
P16	224.2	NC@U@142503.1	177289165	177289474	w16279_5	-
P16	223.9	NC@U@142503.1	21246529	21246764	w11420_5	-
P16	222.9	NC@U@142504.1	37567398	37567598	w17902_5	+
P16	220.6	NC@U@142517.1	180566448	180566657	w58574_5	+
P16	219.8	NC@U@142512.1	45950982	45951200	w36828_5	-
P16	218.4	NC@U@142508.1	26838862	26839066	w28025_5	-
P16	218.2	NC@U@142514.1	29967467	29967715	w40730_5	+
P16	213.2	NC@U@142517.1	195305909	195306101	w58911_5	+
P16	201.8	NC@U@142506.1	19252675	19252923	w23984_5	-
P16	187.3	NC@U@142504.1	61919083	61919358	w18736_5	+
P16	168	NC@U@142508.1	35262108	35262291	w28473_5	-
P17	270.1	NC@U@142518.1	31518732	31518935	w60816_3	+
P17	266.2	NC@U@142501.1	107170461	107170669	w3425_3	+
P17	262.4	NC@U@142503.1	150787422	150787635	w15240_3	-
P17	262.3	NC@U@142512.1	20152756	20152958	w35593_3	+
P17	261.7	NC@U@142516.1	60109375	60109573	w51242_3	-
P17	258.7	NC@U@142501.1	177081918	177082111	w5176_3	+
P17	258	NC@U@142506.1	42834414	42834616	w24998_3	-
P17	257.9	NC@U@142514.1	16130235	16130435	w39923_3	+
P17	255.8	NC@U@142502.1	92034907	92035127	w7917_3	+
P17	254.6	NC@U@142508.1	63905521	63905717	w30008_3	+
P17	253.2	NC@U@142515.1	77342485	77342687	w48037_3	-
P17	252	NC@U@142505.1	75835176	75835395	w22579_3	-
P17	251.1	NC@U@142518.1	117065762	117065963	w64314_3	+
P17	249.8	NC@U@142513.1	26497478	26497690	w38223_3	+
P17	248.4	NC@U@142512.1	10233810	10234015	w35079_3	+
P17	246.8	NC@U@142509.1	27809192	27809398	w31833_3	+
P17	246.2	NC@U@142518.1	115993825	115994021	w64241_3	-
P17	245.3	NC@U@142513.1	41852284	41852481	w38668_3	+
P17	244.6	NC@U@142518.1	22214294	22214495	w60212_3	+
P17	243	NC@U@142503.1	146851982	146852183	w15143_3	-
P17	242.8	NC@U@142516.1	45530040	45530255	w50941_3	+
P17	242.5	NC@U@142507.1	28703462	28703667	w26219_3	-
P17	240.6	NC@U@142504.1	44271008	44271214	w18028_3	-
P17	240.4	NC@U@142506.1	55512142	55512350	w25287_3	-
P17	240.2	NC@U@142512.1	11948847	11949062	w35125_3	-
P17	239.4	NC@U@142516.1	8030816	8031025	w49795_3	+
P17	239	NC@U@142516.1	105678224	105678436	w52589_3	+
P17	237.3	NC@U@142503.1	193509994	193510191	w16764_3	-
P17	235.1	NC@U@142505.1	59565100	59565304	w21933_3	+
P17	233.1	NC@U@142505.1	39840028	39840231	w21329_3	+
P17	232.9	NC@U@142514.1	8054630	8054832	w39570_3	+
P17	232.5	NC@U@142511.1	11196170	11196386	w33534_3	-
P17	232.1	NC@U@142508.1	46325671	46325877	w29407_3	+
P17	231.6	NC@U@142516.1	120100915	120101142	w52856_3	+
P17	230.8	NC@U@142506.1	22698941	22699155	w24026_3	-
P17	230.4	NC@U@142518.1	56325892	56326102	w61874_3	-
P17	229.3	NC@U@142508.1	32901048	32901263	w28339_3	-
P17	228.6	NC@U@142513.1	26639728	26639926	w38241_3	-
P17	228.5	NC@U@142518.1	105973004	105973197	w63865_3	-
P17	228.1	NC@U@142518.1	98079397	98079605	w63280_3	-
P17	227.9	NC@U@142507.1	10436027	10436245	w25602_3	+
P17	227.6	NC@U@142514.1	164709877	164710083	w44767_3	+
P17	227.1	NC@U@142516.1	123243223	123243420	w52888_3	-
P17	225.6	NC@U@142503.1	120863421	120863617	w14206_3	-
P17	223.9	NC@U@142501.1	204285747	204285955	w5690_3	+
P17	223.8	NC@U@142508.1	59980701	59980897	w29822_3	-
P17	223.7	NC@U@142507.1	41719876	41720094	w26839_3	+
P17	222.7	NC@U@142508.1	62766775	62766974	w29985_3	+
P17	221.7	NC@U@142501.1	171067455	171067666	w5088_3	-
P17	220.7	NC@U@142517.1	12479731	12479940	w54662_3	+
P17	220.5	NC@U@142505.1	56602061	56602259	w21845_3	-
P17	218.3	NC@U@142517.1	150786055	150786259	w57807_3	+
P17	215.9	NC@U@142508.1	48492616	48492826	w29532_3	+
P17	215.1	NC@U@142518.1	41283381	41283586	w61356_3	+
P17	213	NC@U@142511.1	10428631	10428829	w33513_3	-
P17	212.9	NC@U@142516.1	73234987	73235185	w51560_3	+
P17	211.7	NC@U@142502.1	71416837	71417032	w7531_3	+
P17	207.5	NC@U@142501.1	42860853	42861061	w1360_3	+
P17	203.8	NC@U@142507.1	17556806	17556994	w25824_3	-
P17	203.6	NC@U@142508.1	15451799	15451985	w27748_3	+
P17	201.8	NC@U@142508.1	48951133	48951314	w29579_3	+
P17	199.6	NC@U@142512.1	28438889	28439099	w36048_3	+
P17	199.1	NC@U@142514.1	19825480	19825675	w40243_3	+
P17	188.2	NC@U@142512.1	33664808	33665017	w36234_3	-
P17	187.2	NC@U@142507.1	54803437	54803622	w27401_3	+
P17	186	NC@U@142506.1	69526319	69526521	w25481_3	+
P17	179.4	NC@U@142504.1	96259987	96260143	w19720_3	+
P17	172.2	NC@U@142503.1	143928495	143928683	w15014_3	-
P18	579.7	NC@U@142503.1	4109780	4110204	w11141_5	+
P18	576.5	NC@U@142514.1	107328079	107328545	w43029_5	+
P18	574.8	NC@U@142518.1	105921542	105921993	w63864_5	-
P18	563.5	NC@U@142518.1	62475674	62476079	w62027_5	-
P18	561.4	NC@U@142518.1	15219456	15219882	w59908_5	+
P18	560.7	NC@U@142515.1	14570782	14571200	w46049_5	+
P18	556.5	NC@U@142514.1	33037736	33038221	w40963_5	+
P18	552.5	NC@U@142518.1	17353980	17354528	w60013_5	-
P18	551.2	NC@U@142512.1	42949581	42950045	w36648_5	+
P18	550.8	NC@U@142513.1	48647747	48648154	w38902_5	+
P18	541.7	NC@U@142515.1	94614332	94614756	w48675_5	+
P18	540.8	NC@U@142502.1	9568631	9569053	w6243_5	-
P18	540.4	NC@U@142501.1	128027321	128027816	w3996_5	+
P18	540.4	NC@U@142502.1	184123616	184124150	w10903_5	+
P18	540.3	NC@U@142514.1	28196957	28197350	w40665_5	-
P18	538.1	NC@U@142518.1	91781487	91781924	w62933_5	+
P18	536.9	NC@U@142515.1	33228740	33229302	w46670_5	-
P18	535.4	NC@U@142504.1	15502568	15503113	w17365_5	-
P18	535	NC@U@142501.1	55983949	55984380	w1854_5	-
P18	533.8	NC@U@142518.1	92131224	92131674	w62965_5	-
P18	530.5	NC@U@142503.1	149112137	149112597	w15193_5	+
P18	529.1	NC@U@142503.1	199559262	199559658	w16938_5	-
P18	528.8	NC@U@142502.1	93981316	93981719	w7957_5	-
P18	527.4	NC@U@142501.1	164453485	164453919	w4846_5	+
P18	526.3	NC@U@142511.1	25058567	25059031	w34097_5	-
P18	524.2	NC@U@142517.1	173169155	173169573	w58413_5	+
P18	523.5	NC@U@142508.1	43464853	43465312	w29159_5	-
P18	522.2	NC@U@142518.1	4689575	4689999	w59492_5	+
P18	520.8	NC@U@142514.1	47139386	47139807	w41389_5	+
P18	520	NC@U@142511.1	20074244	20074638	w33808_5	-
P18	518.9	NC@U@142513.1	51745882	51746318	w39005_5	+
P18	518.8	NC@U@142514.1	49616047	49616561	w41465_5	+
P18	517	NC@U@142510.1	14991398	14991954	w32797_5	-
P18	516.3	NC@U@142503.1	179677416	179677836	w16418_5	-
P18	511.2	NC@U@142504.1	33669508	33669902	w17799_5	-
P18	508.5	NC@U@142518.1	46060718	46061152	w61574_5	-
P18	505.2	NC@U@142505.1	39469042	39469461	w21297_5	-
P18	503.7	NC@U@142513.1	8268152	8268581	w37378_5	-
P18	502.9	NC@U@142516.1	79695932	79696360	w51848_5	+
P18	500.9	NC@U@142514.1	55660993	55661382	w41562_5	+
P18	500.7	NC@U@142514.1	187790876	187791275	w45695_5	+
P18	500	NC@U@142516.1	89732714	89733113	w52111_5	-
P18	499.6	NC@U@142516.1	109417235	109417677	w52693_5	-
P18	497.8	NC@U@142508.1	44042733	44043169	w29197_5	+
P18	497	NC@U@142511.1	23517403	23517819	w33976_5	-
P18	494.5	NC@U@142504.1	22206149	22206572	w17549_5	-
P18	489.3	NC@U@142508.1	52718073	52718489	w29684_5	+
P18	488.9	NC@U@142508.1	32665637	32666080	w28299_5	+
P18	486.4	NC@U@142507.1	31328737	31329156	w26480_5	-
P18	484.1	NC@U@142503.1	10045824	10046217	w11250_5	-
P18	481.6	NC@U@142508.1	42580505	42580905	w29106_5	-
P18	480.7	NC@U@142507.1	28956874	28957338	w26239_5	-
P18	480.6	NC@U@142508.1	37830039	37830433	w28734_5	+
P18	476.6	NC@U@142504.1	111232386	111232863	w20129_5	-
P18	457.5	NC@U@142502.1	31975260	31975654	w6704_5	-
P18	456.8	NC@U@142518.1	35572783	35573178	w60970_5	+
P18	455	NC@U@142509.1	7460328	7460778	w30920_5	+
P18	453	NC@U@142515.1	90832701	90833131	w48580_5	-
P18	447.6	NC@U@142505.1	2314215	2314602	w20263_5	+
P18	447.2	NC@U@142514.1	94129090	94129508	w42627_5	-
P18	445.9	NC@U@142518.1	23959196	23959607	w60362_5	+
P18	433	NC@U@142514.1	133034879	133035295	w43725_5	-
P18	427.1	NC@U@142503.1	156033728	156034096	w15449_5	+
P18	421.7	NC@U@142501.1	122234650	122235072	w3792_5	-
P18	421	NC@U@142511.1	19059475	19059906	w33779_5	+
P18	413.4	NC@U@142507.1	20172101	20172443	w25923_5	-
P18	402.8	NC@U@142515.1	56140426	56140797	w47394_5	+
P18	359	NC@U@142509.1	26174883	26175296	w31742_5	+
P18	254.8	NC@U@142512.1	29653482	29653953	w36116_5	-
P18	240.9	NC@U@142516.1	32101005	32101369	w50500_5	-
P2	267.2	NC@U@142503.1	93657585	93657859	w13331_3	+
P2	261.4	NC@U@142516.1	18763405	18763666	w50106_3	-
P2	260.9	NC@U@142515.1	49192559	49192784	w47141_3	-
P2	260.4	NC@U@142502.1	140416840	140417066	w9719_3	+
P2	259.1	NC@U@142516.1	128363243	128363485	w53026_3	-
P2	256.1	NC@U@142502.1	89522920	89523206	w7866_3	-
P2	256	NC@U@142501.1	31996413	31996636	w1096_3	-
P2	254.5	NC@U@142503.1	59036876	59037112	w12442_3	-
P2	252.6	NC@U@142516.1	61961818	61962044	w51302_3	-
P2	249.4	NC@U@142513.1	20680979	20681198	w37863_3	+
P2	249.1	NC@U@142503.1	48350238	48350457	w12218_3	-
P2	248.8	NC@U@142504.1	8205250	8205474	w17195_3	+
P2	247.9	NC@U@142515.1	33065055	33065259	w46661_3	+
P2	247.6	NC@U@142513.1	22453545	22453806	w38005_3	-
P2	246.5	NC@U@142501.1	120334074	120334318	w3725_3	-
P2	246.4	NC@U@142502.1	82634563	82634787	w7733_3	-
P2	245.9	NC@U@142512.1	3627551	3627772	w34755_3	+
P2	245.4	NC@U@142502.1	124409562	124409811	w9199_3	+
P2	245.4	NC@U@142503.1	16345830	16346093	w11336_3	+
P2	245.1	NC@U@142503.1	59885218	59885432	w12465_3	-
P2	244.9	NC@U@142503.1	43166641	43166861	w12029_3	-
P2	242.9	NC@U@142517.1	25412824	25413047	w54835_3	+
P2	242.5	NC@U@142504.1	42982066	42982281	w18008_3	-
P2	242.4	NC@U@142514.1	69102298	69102516	w41824_3	-
P2	239.9	NC@U@142505.1	42210964	42211237	w21455_3	-
P2	239.5	NC@U@142505.1	21434394	21434609	w20833_3	+
P2	239	NC@U@142517.1	189785935	189786157	w58834_3	+
P2	237.2	NC@U@142505.1	66005345	66005585	w22066_3	-
P2	237	NC@U@142518.1	39087167	39087398	w61261_3	+
P2	236.9	NC@U@142514.1	141558696	141558912	w44049_3	+
P2	235.4	NC@U@142506.1	34994264	34994528	w24491_3	-
P2	234.7	NC@U@142518.1	109307784	109308000	w63972_3	+
P2	234.4	NC@U@142503.1	190399861	190400073	w16649_3	+
P2	234.2	NC@U@142511.1	13416978	13417232	w33577_3	+
P2	234.1	NC@U@142505.1	80416733	80416973	w22769_3	+
P2	233.8	NC@U@142503.1	184693746	184693953	w16547_3	+
P2	233.6	NC@U@142508.1	16549586	16549805	w27792_3	-
P2	232.3	NC@U@142506.1	49107941	49108160	w25169_3	-
P2	232.3	NC@U@142511.1	9065076	9065318	w33477_3	-
P2	232	NC@U@142516.1	36351671	36351896	w50723_3	-
P2	231.5	NC@U@142507.1	52785796	52786036	w27321_3	-
P2	230.9	NC@U@142503.1	128206361	128206583	w14435_3	+
P2	230.6	NC@U@142505.1	108096288	108096494	w23506_3	+
P2	230.6	NC@U@142505.1	96968166	96968399	w23349_3	-
P2	230	NC@U@142516.1	36763432	36763679	w50753_3	+
P2	228.2	NC@U@142502.1	145836117	145836340	w9870_3	-
P2	227.4	NC@U@142514.1	11521938	11522153	w39746_3	-
P2	226.1	NC@U@142516.1	63682872	63683091	w51348_3	+
P2	225.1	NC@U@142514.1	76885037	76885254	w42044_3	+
P2	224.9	NC@U@142501.1	31071965	31072186	w1083_3	-
P2	224.7	NC@U@142517.1	49638674	49638897	w55375_3	-
P2	223.1	NC@U@142507.1	12850687	12850901	w25701_3	+
P2	223	NC@U@142515.1	44088178	44088378	w46890_3	-
P2	222.2	NC@U@142516.1	30269545	30269781	w50428_3	+
P2	220.1	NC@U@142506.1	16134161	16134410	w23928_3	+
P2	219.6	NC@U@142518.1	59128419	59128646	w61945_3	-
P2	219.5	NC@U@142508.1	68105252	68105490	w30175_3	+
P2	218.5	NC@U@142503.1	175779553	175779773	w16199_3	-
P2	218.2	NC@U@142501.1	76048200	76048425	w2582_3	-
P2	216.5	NC@U@142505.1	6231603	6231833	w20354_3	+
P2	216.2	NC@U@142517.1	171303022	171303246	w58377_3	+
P2	215.4	NC@U@142518.1	22232621	22232845	w60216_3	+
P2	215.3	NC@U@142508.1	46062603	46062830	w29379_3	+
P2	214.7	NC@U@142517.1	159737572	159737797	w58029_3	+
P2	211.3	NC@U@142503.1	29607498	29607769	w11684_3	+
P2	210.1	NC@U@142511.1	3155791	3156006	w33376_3	-
P2	209.6	NC@U@142514.1	10624874	10625119	w39674_3	+
P2	209.2	NC@U@142509.1	4396088	4396331	w30812_3	-
P2	208.6	NC@U@142506.1	17316320	17316591	w23955_3	+
P2	208.3	NC@U@142516.1	36979473	36979737	w50760_3	+
P2	207.6	NC@U@142518.1	62691788	62692008	w62035_3	+
P2	191.7	NC@U@142512.1	57581204	57581417	w37182_3	+
P3	812.1	NC@U@142501.1	1930863	1931402	w12_5	+
P3	804.2	NC@U@142505.1	35930171	35930726	w21172_5	-
P3	799.6	NC@U@142515.1	74140136	74140702	w47828_5	-
P3	794.2	NC@U@142514.1	22950738	22951281	w40406_5	-
P3	791.8	NC@U@142504.1	19077571	19078070	w17486_5	+
P3	788.8	NC@U@142502.1	157985611	157986174	w10245_5	-
P3	788.5	NC@U@142511.1	17440369	17440946	w33704_5	-
P3	785.6	NC@U@142505.1	80637167	80637755	w22805_5	-
P3	773	NC@U@142515.1	29087999	29088557	w46536_5	-
P3	771.8	NC@U@142514.1	117337708	117338298	w43367_5	-
P3	768.7	NC@U@142503.1	119875208	119875838	w14193_5	+
P3	764.6	NC@U@142514.1	183870046	183870611	w45545_5	+
P3	762.6	NC@U@142517.1	970558	971138	w54252_5	+
P3	760.2	NC@U@142518.1	61136814	61137328	w61989_5	-
P3	756.9	NC@U@142501.1	57326153	57326683	w1925_5	+
P3	751.2	NC@U@142509.1	40260709	40261210	w32237_5	-
P3	750.6	NC@U@142502.1	128458177	128458709	w9381_5	-
P3	750.3	NC@U@142507.1	45096861	45097419	w27028_5	+
P3	750.1	NC@U@142518.1	85044609	85045094	w62736_5	+
P3	748	NC@U@142517.1	7595233	7595736	w54497_5	+
P3	746.8	NC@U@142502.1	173561058	173561697	w10665_5	+
P3	746.1	NC@U@142516.1	155221581	155222131	w53609_5	-
P3	745.9	NC@U@142512.1	40582062	40582661	w36513_5	+
P3	740.5	NC@U@142506.1	57059085	57059645	w25345_5	-
P3	740.3	NC@U@142509.1	18004200	18004755	w31341_5	+
P3	734.7	NC@U@142516.1	32591914	32592439	w50524_5	-
P3	730	NC@U@142503.1	178407481	178407983	w16357_5	+
P3	729.9	NC@U@142508.1	32808299	32808846	w28328_5	-
P3	727.7	NC@U@142512.1	54344156	54344720	w37060_5	-
P3	727.3	NC@U@142516.1	10598127	10598590	w49916_5	-
P3	724.7	NC@U@142503.1	192548177	192548746	w16732_5	+
P3	720.8	NC@U@142506.1	55536959	55537508	w25290_5	+
P3	719.6	NC@U@142518.1	28881117	28881734	w60634_5	-
P3	719.5	NC@U@142518.1	115566403	115566951	w64209_5	-
P3	717.3	NC@U@142514.1	31919438	31920029	w40852_5	+
P3	716.2	NC@U@142501.1	14701619	14702188	w504_5	-
P3	712.8	NC@U@142506.1	28367700	28368188	w24158_5	-
P3	712.3	NC@U@142502.1	40038360	40038891	w6843_5	-
P3	711.1	NC@U@142506.1	13528036	13528658	w23854_5	+
P3	708	NC@U@142503.1	90222063	90222573	w13088_5	-
P3	701.8	NC@U@142508.1	44152091	44152636	w29207_5	-
P3	701.6	NC@U@142507.1	51853756	51854311	w27258_5	-
P3	692.9	NC@U@142515.1	64563712	64564281	w47592_5	+
P3	691.1	NC@U@142515.1	31937347	31937911	w46636_5	+
P3	683	NC@U@142514.1	165565620	165566106	w44842_5	-
P3	679.6	NC@U@142507.1	27873164	27873578	w26174_5	+
P3	674	NC@U@142502.1	2781958	2782521	w6054_5	-
P3	660.7	NC@U@142511.1	25298922	25299395	w34111_5	+
P3	659.8	NC@U@142518.1	45725755	45726239	w61529_5	+
P3	655.8	NC@U@142513.1	18746724	18747285	w37721_5	-
P3	652.7	NC@U@142503.1	110642978	110643451	w13915_5	-
P4	706.1	NC@U@142509.1	22496064	22496591	w31607_5	+
P4	693.7	NC@U@142504.1	29222696	29223198	w17685_5	+
P4	683.5	NC@U@142501.1	10410137	10410660	w368_5	+
P4	683.5	NC@U@142512.1	57895940	57896441	w37194_5	-
P4	681.3	NC@U@142507.1	17597452	17597927	w25829_5	-
P4	678.6	NC@U@142502.1	2139869	2140360	w6035_5	-
P4	677.9	NC@U@142501.1	174528764	174529235	w5132_5	-
P4	676.7	NC@U@142514.1	152595695	152596163	w44465_5	+
P4	675.9	NC@U@142502.1	138477452	138477933	w9654_5	+
P4	673.5	NC@U@142504.1	59909793	59910327	w18686_5	-
P4	673	NC@U@142516.1	96800975	96801405	w52364_5	-
P4	671.4	NC@U@142504.1	59542761	59543181	w18663_5	-
P4	669.6	NC@U@142504.1	49250805	49251223	w18273_5	+
P4	669.1	NC@U@142514.1	147033410	147033903	w44275_5	+
P4	669	NC@U@142515.1	26537240	26537735	w46419_5	-
P4	667	NC@U@142503.1	883605	884055	w11114_5	-
P4	665.8	NC@U@142503.1	98769958	98770426	w13443_5	+
P4	663.8	NC@U@142512.1	9339562	9340050	w35062_5	+
P4	660.2	NC@U@142518.1	101619972	101620455	w63560_5	-
P4	657.8	NC@U@142503.1	28949498	28949917	w11655_5	+
P4	647.7	NC@U@142517.1	3014043	3014619	w54338_5	+
P4	647.6	NC@U@142517.1	47333789	47334271	w55283_5	+
P4	645.2	NC@U@142516.1	186458948	186459439	w54083_5	+
P4	644.2	NC@U@142517.1	58215038	58215528	w55578_5	+
P4	643.3	NC@U@142514.1	101157328	101157827	w42771_5	-
P4	642.9	NC@U@142513.1	23203482	23203955	w38051_5	-
P4	638.2	NC@U@142502.1	7713375	7713871	w6150_5	+
P4	636.8	NC@U@142504.1	113127863	113128366	w20168_5	+
P4	632	NC@U@142507.1	23376178	23376633	w26059_5	+
P4	628.2	NC@U@142503.1	139766050	139766533	w14912_5	+
P4	628	NC@U@142504.1	30813215	30813704	w17728_5	+
P4	626.8	NC@U@142504.1	34996912	34997290	w17854_5	+
P4	625.2	NC@U@142508.1	31519062	31519514	w28200_5	-
P4	622.3	NC@U@142518.1	31720825	31721325	w60855_5	-
P4	617.8	NC@U@142518.1	29124685	29125176	w60659_5	+
P4	617.7	NC@U@142514.1	67818563	67819014	w41779_5	+
P4	613.9	NC@U@142502.1	100124653	100125180	w8217_5	-
P4	612.7	NC@U@142518.1	46063421	46063885	w61576_5	-
P4	612.4	NC@U@142516.1	89130309	89130760	w52047_5	+
P4	609.9	NC@U@142501.1	207017015	207017465	w5738_5	-
P4	608	NC@U@142505.1	43944472	43944972	w21535_5	-
P4	606.3	NC@U@142514.1	6346345	6346774	w39457_5	+
P4	600.7	NC@U@142517.1	113392649	113393066	w56954_5	+
P4	600	NC@U@142518.1	50149235	50149695	w61695_5	+
P4	599.8	NC@U@142514.1	99719955	99720466	w42669_5	-
P4	598.6	NC@U@142517.1	41147555	41148021	w55151_5	-
P4	593.4	NC@U@142518.1	62189532	62190012	w62016_5	+
P4	591.5	NC@U@142518.1	81463683	81464113	w62594_5	+
P4	590.8	NC@U@142502.1	108983	109447	w5994_5	-
P4	589.7	NC@U@142505.1	62774849	62775354	w22007_5	+
P4	586.3	NC@U@142513.1	38838136	38838589	w38557_5	-
P4	586.3	NC@U@142518.1	57633421	57633904	w61902_5	+
P4	585.9	NC@U@142501.1	2336728	2337174	w49_5	-
P4	585.2	NC@U@142504.1	56002311	56002793	w18516_5	-
P4	583.1	NC@U@142517.1	3718819	3719291	w54372_5	+
P4	579.7	NC@U@142518.1	50241171	50241601	w61703_5	-
P4	565	NC@U@142507.1	22110632	22111091	w26004_5	+
P4	555.8	NC@U@142514.1	22848999	22849441	w40402_5	+
P4	541.8	NC@U@142511.1	26377550	26378010	w34174_5	-
P4	521.5	NC@U@142507.1	50731758	50732204	w27209_5	-
P4	490	NC@U@142504.1	38039504	38040000	w17921_5	+
P4	489.2	NC@U@142510.1	12916014	12916460	w32649_5	+
P4	468.4	NC@U@142516.1	3894830	3895189	w49586_5	+
P5	275	NC@U@142517.1	4076365	4076565	w54387_3	-
P5	274.2	NC@U@142517.1	94365931	94366154	w56461_3	-
P5	271.4	NC@U@142517.1	29525211	29525427	w54943_3	-
P5	271	NC@U@142514.1	17581578	17581788	w40033_3	-
P5	269.8	NC@U@142505.1	92273662	92273867	w23257_3	+
P5	269.8	NC@U@142518.1	22455145	22455351	w60258_3	+
P5	269.3	NC@U@142501.1	39667425	39667635	w1250_3	+
P5	269.1	NC@U@142509.1	23945546	23945777	w31693_3	+
P5	268.2	NC@U@142518.1	41282429	41282626	w61355_3	-
P5	267.9	NC@U@142501.1	2420910	2421149	w52_3	+
P5	266.9	NC@U@142516.1	135269341	135269539	w53193_3	+
P5	266.8	NC@U@142509.1	25859297	25859504	w31730_3	-
P5	266.7	NC@U@142503.1	116484232	116484486	w14045_3	-
P5	265.1	NC@U@142501.1	126849872	126850071	w3966_3	-
P5	265	NC@U@142503.1	89550159	89550372	w13048_3	-
P5	265	NC@U@142517.1	69040835	69041083	w55936_3	-
P5	264.9	NC@U@142515.1	75211832	75212037	w47906_3	-
P5	264.7	NC@U@142503.1	137255208	137255436	w14750_3	-
P5	264.3	NC@U@142515.1	57401932	57402175	w47422_3	-
P5	263.7	NC@U@142501.1	6654424	6654654	w145_3	-
P5	263.7	NC@U@142501.1	8963350	8963567	w300_3	-
P5	263.5	NC@U@142501.1	70155902	70156140	w2455_3	-
P5	263.1	NC@U@142515.1	88294590	88294804	w48482_3	+
P5	262.9	NC@U@142503.1	94201611	94201827	w13370_3	+
P5	262.7	NC@U@142502.1	160530158	160530369	w10310_3	+
P5	262.5	NC@U@142515.1	27851028	27851238	w46483_3	-
P5	262.1	NC@U@142501.1	25671653	25671884	w846_3	+
P5	261.6	NC@U@142502.1	103012162	103012402	w8387_3	-
P5	261.6	NC@U@142517.1	66979927	66980128	w55897_3	-
P5	261.5	NC@U@142515.1	66930074	66930290	w47663_3	+
P5	261.2	NC@U@142503.1	151751406	151751628	w15283_3	+
P5	261.2	NC@U@142518.1	10037902	10038127	w59683_3	-
P5	260.8	NC@U@142516.1	24223112	24223342	w50302_3	-
P5	260.5	NC@U@142517.1	26170141	26170369	w54865_3	+
P5	260.5	NC@U@142518.1	108202400	108202651	w63917_3	+
P5	260	NC@U@142501.1	214294871	214295076	w5944_3	+
P5	259.9	NC@U@142518.1	50889254	50889451	w61739_3	-
P5	259.7	NC@U@142518.1	100515023	100515246	w63390_3	+
P5	259.2	NC@U@142503.1	121528025	121528245	w14254_3	+
P5	258.8	NC@U@142518.1	27216744	27216997	w60537_3	+
P5	258.6	NC@U@142503.1	76471411	76471662	w12731_3	-
P5	258.6	NC@U@142516.1	5074278	5074505	w49645_3	+
P5	258.5	NC@U@142518.1	75049915	75050132	w62413_3	+
P5	258.4	NC@U@142510.1	16415463	16415692	w32864_3	-
P5	258.4	NC@U@142514.1	131053880	131054107	w43681_3	+
P5	258	NC@U@142503.1	163380080	163380336	w15737_3	-
P5	257.9	NC@U@142516.1	44781362	44781556	w50914_3	-
P5	257.9	NC@U@142516.1	92288810	92289036	w52196_3	-
P5	257.2	NC@U@142518.1	91625314	91625548	w62917_3	-
P5	256.9	NC@U@142516.1	13761817	13762026	w50026_3	+
P5	256.6	NC@U@142515.1	27888919	27889128	w46486_3	-
P5	256.3	NC@U@142514.1	27178725	27178921	w40599_3	-
P5	256.1	NC@U@142501.1	93358870	93359083	w3101_3	+
P5	256.1	NC@U@142515.1	108430359	108430569	w49030_3	+
P5	256	NC@U@142515.1	115851226	115851473	w49169_3	-
P5	255.8	NC@U@142501.1	10096078	10096280	w348_3	-
P5	255.8	NC@U@142503.1	160297928	160298129	w15641_3	-
P5	255.5	NC@U@142503.1	145970709	145970929	w15094_3	+
P5	254.9	NC@U@142517.1	63280944	63281143	w55803_3	+
P5	254.8	NC@U@142513.1	59946376	59946611	w39166_3	-
P5	254.4	NC@U@142516.1	29058418	29058632	w50388_3	+
P5	254.3	NC@U@142518.1	40937840	40938050	w61321_3	-
P5	254.1	NC@U@142501.1	59789098	59789358	w2094_3	+
P5	253.6	NC@U@142501.1	124638308	124638513	w3878_3	-
P5	253.5	NC@U@142513.1	17790354	17790558	w37648_3	+
P5	253.5	NC@U@142517.1	89051195	89051411	w56385_3	+
P5	253.2	NC@U@142518.1	18883699	18883934	w60070_3	+
P5	253.2	NC@U@142518.1	75097265	75097488	w62421_3	+
P5	252.9	NC@U@142515.1	91234200	91234395	w48590_3	-
P5	252.8	NC@U@142503.1	77358431	77358628	w12748_3	-
P5	252.7	NC@U@142514.1	23798893	23799111	w40418_3	+
P5	252.4	NC@U@142514.1	100772624	100772841	w42716_3	+
P5	251.9	NC@U@142503.1	7785641	7785866	w11205_3	+
P5	251.8	NC@U@142504.1	36681056	36681279	w17880_3	+
P5	251.8	NC@U@142517.1	207392883	207393115	w59239_3	+
P5	251.7	NC@U@142512.1	18865975	18866205	w35499_3	-
P5	251.4	NC@U@142514.1	24214319	24214534	w40440_3	+
P5	251.3	NC@U@142502.1	128633130	128633343	w9408_3	-
P5	251.3	NC@U@142514.1	179813428	179813629	w45281_3	+
P5	251.2	NC@U@142516.1	12619293	12619503	w49999_3	-
P5	250.9	NC@U@142518.1	109788213	109788417	w63989_3	-
P5	250.8	NC@U@142505.1	72039384	72039603	w22320_3	+
P5	250.8	NC@U@142517.1	6910295	6910505	w54463_3	+
P5	250.3	NC@U@142501.1	39906060	39906310	w1259_3	+
P5	250.2	NC@U@142515.1	98253633	98253881	w48827_3	-
P5	250	NC@U@142502.1	178755758	178755990	w10826_3	-
P5	249.9	NC@U@142501.1	30832249	30832453	w1075_3	-
P5	249.7	NC@U@142505.1	56026141	56026345	w21829_3	+
P5	249.5	NC@U@142502.1	118380693	118380942	w9044_3	-
P5	249.5	NC@U@142518.1	20059451	20059686	w60118_3	+
P5	249.1	NC@U@142516.1	78963664	78963864	w51823_3	-
P5	249.1	NC@U@142517.1	180222290	180222499	w58537_3	-
P5	249.1	NC@U@142518.1	13010924	13011128	w59832_3	-
P5	249	NC@U@142516.1	11514283	11514497	w49955_3	-
P5	248.9	NC@U@142501.1	197550770	197550974	w5599_3	-
P5	248.4	NC@U@142514.1	16705352	16705574	w39970_3	+
P5	248.3	NC@U@142501.1	191190230	191190472	w5481_3	-
P5	248.3	NC@U@142517.1	161281137	161281369	w58103_3	+
P5	248	NC@U@142512.1	22904972	22905195	w35747_3	-
P5	247.8	NC@U@142501.1	141889418	141889629	w4364_3	-
P5	247.8	NC@U@142515.1	42051849	42052084	w46831_3	-
P5	247.7	NC@U@142501.1	146322430	146322627	w4523_3	+
P5	247.4	NC@U@142514.1	17092337	17092564	w40005_3	-
P5	247.4	NC@U@142515.1	91958024	91958225	w48610_3	-
P5	247.3	NC@U@142518.1	113833505	113833731	w64139_3	+
P5	247.1	NC@U@142503.1	171361908	171362154	w15983_3	-
P5	247	NC@U@142501.1	25604040	25604246	w843_3	+
P5	246.8	NC@U@142502.1	56611514	56611717	w7250_3	-
P5	246.4	NC@U@142517.1	17136069	17136279	w54716_3	-
P5	246.3	NC@U@142505.1	6308116	6308322	w20374_3	+
P5	246.1	NC@U@142515.1	77834863	77835065	w48095_3	+
P5	245.9	NC@U@142505.1	92461419	92461627	w23264_3	+
P5	245.9	NC@U@142511.1	20965734	20965976	w33827_3	-
P5	245.9	NC@U@142514.1	24633926	24634147	w40490_3	-
P5	245.7	NC@U@142501.1	91964625	91964836	w3028_3	-
P5	245.5	NC@U@142501.1	57340641	57340869	w1929_3	+
P5	245.4	NC@U@142505.1	24088180	24088421	w20885_3	-
P5	245.3	NC@U@142514.1	101371446	101371648	w42798_3	-
P5	245.3	NC@U@142514.1	94064915	94065142	w42623_3	-
P5	245.2	NC@U@142503.1	33190404	33190603	w11763_3	-
P5	245.1	NC@U@142504.1	72680429	72680634	w19109_3	+
P5	244.8	NC@U@142517.1	39741729	39741934	w55129_3	-
P5	244.7	NC@U@142507.1	37956582	37956808	w26775_3	+
P5	244.6	NC@U@142507.1	56217016	56217258	w27426_3	-
P5	244.4	NC@U@142503.1	30458215	30458423	w11703_3	-
P5	244.3	NC@U@142516.1	73992058	73992282	w51571_3	+
P5	244.2	NC@U@142517.1	94631449	94631671	w56474_3	-
P5	244	NC@U@142517.1	99730650	99730862	w56571_3	-
P5	243.9	NC@U@142501.1	124908424	124908622	w3892_3	-
P5	243.8	NC@U@142506.1	68822891	68823121	w25469_3	+
P5	243.7	NC@U@142513.1	37905261	37905507	w38509_3	-
P5	243.6	NC@U@142507.1	44284369	44284583	w26982_3	-
P5	243.6	NC@U@142516.1	18588394	18588617	w50094_3	+
P5	243.6	NC@U@142517.1	109140035	109140234	w56864_3	-
P5	243.4	NC@U@142503.1	110558405	110558623	w13912_3	-
P5	243.4	NC@U@142504.1	104804157	104804345	w19969_3	-
P5	243.3	NC@U@142501.1	69714013	69714257	w2447_3	-
P5	243	NC@U@142502.1	152624580	152624798	w10087_3	-
P5	242.6	NC@U@142504.1	97745608	97745819	w19783_3	-
P5	242.6	NC@U@142518.1	12262121	12262326	w59810_3	-
P5	242.3	NC@U@142512.1	41086964	41087199	w36554_3	+
P5	241.9	NC@U@142518.1	100708556	100708799	w63435_3	-
P5	241.4	NC@U@142503.1	151436198	151436398	w15271_3	-
P5	241.4	NC@U@142517.1	24223269	24223480	w54818_3	-
P5	241.3	NC@U@142503.1	16518549	16518748	w11338_3	+
P5	241	NC@U@142514.1	139107184	139107381	w43902_3	+
P5	240.7	NC@U@142503.1	174106441	174106643	w16110_3	-
P5	240.7	NC@U@142517.1	130819529	130819740	w57462_3	+
P5	240.6	NC@U@142501.1	174062415	174062614	w5121_3	-
P5	240.6	NC@U@142514.1	29710379	29710597	w40709_3	+
P5	240.5	NC@U@142517.1	116813420	116813620	w57059_3	+
P5	240.4	NC@U@142501.1	126823408	126823622	w3964_3	-
P5	240.4	NC@U@142517.1	59880983	59881177	w55699_3	-
P5	240.2	NC@U@142508.1	50346219	50346446	w29629_3	+
P5	240.1	NC@U@142510.1	9016518	9016727	w32490_3	+
P5	239.8	NC@U@142514.1	117247265	117247472	w43361_3	-
P5	239.6	NC@U@142503.1	35092329	35092544	w11826_3	-
P5	239.6	NC@U@142514.1	116370151	116370363	w43322_3	-
P5	239.3	NC@U@142502.1	52515894	52516122	w7157_3	+
P5	239.3	NC@U@142517.1	38399250	38399459	w55095_3	+
P5	239.2	NC@U@142516.1	36466010	36466229	w50733_3	-
P5	239.1	NC@U@142505.1	102654169	102654363	w23407_3	-
P5	239.1	NC@U@142514.1	17055055	17055260	w40002_3	-
P5	238.8	NC@U@142506.1	44351294	44351498	w25068_3	-
P5	238.5	NC@U@142515.1	46990991	46991218	w47014_3	-
P5	238.3	NC@U@142516.1	107056669	107056881	w52616_3	+
P5	238.1	NC@U@142516.1	166318988	166319194	w53762_3	+
P5	237.7	NC@U@142516.1	115329362	115329570	w52762_3	-
P5	237.6	NC@U@142518.1	116342055	116342277	w64272_3	-
P5	237.5	NC@U@142502.1	145769208	145769436	w9866_3	-
P5	237.5	NC@U@142510.1	18011150	18011350	w32983_3	-
P5	237.2	NC@U@142514.1	81384274	81384482	w42218_3	-
P5	237.1	NC@U@142514.1	182435807	182436039	w45426_3	+
P5	236.6	NC@U@142515.1	44353497	44353729	w46893_3	-
P5	236.4	NC@U@142515.1	86643938	86644150	w48429_3	+
P5	236.4	NC@U@142518.1	38658567	38658791	w61253_3	-
P5	236.2	NC@U@142513.1	56339331	56339558	w39073_3	+
P5	236.2	NC@U@142514.1	146395806	146396018	w44226_3	-
P5	236	NC@U@142508.1	41594839	41595038	w29033_3	+
P5	235.8	NC@U@142501.1	63170051	63170242	w2178_3	-
P5	235.8	NC@U@142512.1	37900931	37901131	w36409_3	-
P5	235.6	NC@U@142502.1	161244935	161245153	w10345_3	+
P5	235.5	NC@U@142501.1	8469568	8469799	w252_3	-
P5	235.5	NC@U@142514.1	186888043	186888243	w45682_3	+
P5	235.4	NC@U@142501.1	29063089	29063333	w1013_3	+
P5	235.2	NC@U@142501.1	198232031	198232285	w5620_3	+
P5	235.2	NC@U@142518.1	111806113	111806314	w64066_3	-
P5	235.1	NC@U@142516.1	31436485	31436693	w50475_3	+
P5	234.8	NC@U@142513.1	31094755	31094951	w38363_3	-
P5	234.3	NC@U@142503.1	130002642	130002872	w14535_3	-
P5	234.1	NC@U@142501.1	93140716	93140922	w3077_3	+
P5	234.1	NC@U@142514.1	107373814	107374019	w43031_3	+
P5	233.8	NC@U@142503.1	148400306	148400523	w15158_3	-
P5	233.6	NC@U@142516.1	95760134	95760353	w52332_3	-
P5	233.6	NC@U@142517.1	180341126	180341344	w58551_3	+
P5	233.4	NC@U@142513.1	9501859	9502078	w37411_3	-
P5	233.4	NC@U@142518.1	46062473	46062692	w61575_3	+
P5	233.3	NC@U@142517.1	101497791	101497988	w56665_3	-
P5	233.2	NC@U@142514.1	36633801	36634003	w41062_3	+
P5	233.1	NC@U@142502.1	13654648	13654855	w6318_3	-
P5	233.1	NC@U@142514.1	68870129	68870386	w41807_3	+
P5	233.1	NC@U@142515.1	125296608	125296813	w49310_3	+
P5	232.4	NC@U@142515.1	103027085	103027312	w48919_3	-
P5	232.1	NC@U@142503.1	138297237	138297488	w14831_3	+
P5	232.1	NC@U@142510.1	2325159	2325360	w32320_3	+
P5	232	NC@U@142516.1	9237230	9237449	w49869_3	-
P5	232	NC@U@142517.1	100172804	100173044	w56598_3	-
P5	231.9	NC@U@142503.1	60834879	60835077	w12484_3	+
P5	231.3	NC@U@142517.1	174721906	174722119	w58441_3	-
P5	231.1	NC@U@142511.1	19541497	19541720	w33795_3	-
P5	231	NC@U@142509.1	25460093	25460330	w31723_3	-
P5	230.7	NC@U@142516.1	42224998	42225203	w50857_3	+
P5	230.7	NC@U@142518.1	73904403	73904608	w62356_3	-
P5	230.6	NC@U@142514.1	51479167	51479367	w41500_3	-
P5	230.6	NC@U@142515.1	108055670	108055873	w49026_3	+
P5	230.2	NC@U@142508.1	61788841	61789048	w29941_3	-
P5	230.2	NC@U@142517.1	25401561	25401762	w54834_3	+
P5	230.1	NC@U@142501.1	82184752	82184966	w2680_3	-
P5	230.1	NC@U@142512.1	4483124	4483339	w34819_3	-
P5	229.9	NC@U@142517.1	145697019	145697222	w57710_3	+
P5	229.7	NC@U@142512.1	6996542	6996737	w34975_3	+
P5	229.6	NC@U@142517.1	201072672	201072873	w59052_3	+
P5	229.3	NC@U@142513.1	31382730	31382932	w38372_3	+
P5	228.9	NC@U@142514.1	112031328	112031547	w43224_3	+
P5	228.8	NC@U@142507.1	33816996	33817200	w26630_3	+
P5	228.6	NC@U@142516.1	124566332	124566531	w52927_3	-
P5	228.3	NC@U@142518.1	22173408	22173610	w60201_3	+
P5	228.2	NC@U@142502.1	128254989	128255178	w9360_3	+
P5	227.9	NC@U@142514.1	141340212	141340430	w44020_3	-
P5	227.8	NC@U@142514.1	135241426	135241635	w43758_3	-
P5	227.6	NC@U@142503.1	195110776	195110990	w16827_3	-
P5	227.6	NC@U@142518.1	95733535	95733739	w63122_3	-
P5	227.5	NC@U@142501.1	16090381	16090599	w551_3	-
P5	227.5	NC@U@142514.1	13509554	13509786	w39801_3	+
P5	227.4	NC@U@142506.1	37557414	37557610	w24585_3	-
P5	227.3	NC@U@142517.1	113533266	113533478	w56971_3	-
P5	227.3	NC@U@142517.1	179946113	179946315	w58528_3	+
P5	227.1	NC@U@142516.1	15996856	15997068	w50052_3	-
P5	226.9	NC@U@142514.1	48421993	48422192	w41438_3	-
P5	226.7	NC@U@142501.1	91031242	91031455	w2957_3	-
P5	226.7	NC@U@142503.1	165934482	165934718	w15817_3	+
P5	226.5	NC@U@142507.1	46506419	46506649	w27111_3	-
P5	226.5	NC@U@142514.1	76682551	76682765	w42041_3	+
P5	226.2	NC@U@142516.1	8648151	8648348	w49812_3	+
P5	225.9	NC@U@142501.1	122795252	122795446	w3816_3	-
P5	225.9	NC@U@142518.1	32933323	32933524	w60889_3	-
P5	225.4	NC@U@142501.1	119670248	119670447	w3712_3	+
P5	225.3	NC@U@142517.1	205621366	205621554	w59140_3	-
P5	224.6	NC@U@142506.1	46676594	46676812	w25111_3	+
P5	224.6	NC@U@142511.1	12027369	12027617	w33546_3	-
P5	223.9	NC@U@142515.1	75240961	75241203	w47910_3	-
P5	223.5	NC@U@142505.1	72355645	72355863	w22348_3	+
P5	223.4	NC@U@142507.1	54322451	54322666	w27381_3	-
P5	223.4	NC@U@142517.1	21801588	21801810	w54772_3	-
P5	223.3	NC@U@142503.1	80546797	80547027	w12819_3	+
P5	223.2	NC@U@142512.1	14959949	14960179	w35285_3	-
P5	223	NC@U@142515.1	34615935	34616136	w46699_3	-
P5	222.6	NC@U@142511.1	2975135	2975345	w33373_3	+
P5	222.4	NC@U@142502.1	73596672	73596885	w7622_3	+
P5	222.4	NC@U@142518.1	24577892	24578096	w60409_3	+
P5	222	NC@U@142501.1	8746757	8746957	w282_3	-
P5	221.9	NC@U@142502.1	44804998	44805190	w6942_3	+
P5	221.5	NC@U@142502.1	147168976	147169174	w9965_3	+
P5	221.4	NC@U@142514.1	128139022	128139264	w43594_3	+
P5	220.9	NC@U@142503.1	35742032	35742228	w11838_3	+
P5	220.7	NC@U@142512.1	21599345	21599594	w35672_3	-
P5	220.3	NC@U@142518.1	115199541	115199749	w64184_3	+
P5	220.2	NC@U@142512.1	18456514	18456739	w35466_3	+
P5	219.9	NC@U@142502.1	52373028	52373267	w7155_3	-
P5	219.9	NC@U@142515.1	101409691	101409919	w48881_3	-
P5	219.8	NC@U@142506.1	45230846	45231056	w25089_3	-
P5	219.3	NC@U@142514.1	1043279	1043479	w39290_3	-
P5	219.2	NC@U@142516.1	93216467	93216692	w52236_3	-
P5	218.3	NC@U@142508.1	59919371	59919599	w29813_3	+
P5	218.3	NC@U@142515.1	29449766	29449982	w46558_3	-
P5	218.2	NC@U@142501.1	125331069	125331274	w3904_3	+
P5	217.9	NC@U@142516.1	157808649	157808849	w53637_3	-
P5	217.4	NC@U@142514.1	5753856	5754097	w39421_3	+
P5	217	NC@U@142502.1	95835520	95835710	w8044_3	-
P5	217	NC@U@142518.1	22722475	22722705	w60302_3	+
P5	216.8	NC@U@142516.1	115270141	115270362	w52755_3	+
P5	216.6	NC@U@142518.1	53308599	53308831	w61792_3	-
P5	216.3	NC@U@142501.1	90862386	90862607	w2933_3	-
P5	216.1	NC@U@142518.1	44855467	44855687	w61502_3	+
P5	215.7	NC@U@142513.1	40878604	40878844	w38636_3	-
P5	215.3	NC@U@142502.1	157883009	157883238	w10230_3	-
P5	214.7	NC@U@142504.1	18133428	18133646	w17449_3	+
P5	214.6	NC@U@142515.1	74581381	74581580	w47860_3	+
P5	214.2	NC@U@142507.1	54725357	54725568	w27394_3	-
P5	213.5	NC@U@142514.1	137033680	137033885	w43812_3	-
P5	212.1	NC@U@142502.1	141756134	141756381	w9768_3	+
P5	212.1	NC@U@142502.1	157267119	157267339	w10195_3	+
P5	212.1	NC@U@142515.1	64701956	64702149	w47598_3	+
P5	211.8	NC@U@142509.1	17619880	17620111	w31298_3	-
P5	211.6	NC@U@142505.1	106820492	106820716	w23479_3	+
P5	211.4	NC@U@142502.1	140377698	140377910	w9714_3	-
P5	210.5	NC@U@142502.1	107675245	107675445	w8722_3	+
P5	210.5	NC@U@142503.1	156784972	156785174	w15504_3	-
P5	209.2	NC@U@142505.1	96769403	96769598	w23338_3	+
P5	209.1	NC@U@142518.1	94041843	94042070	w63005_3	+
P5	209	NC@U@142518.1	26680460	26680662	w60505_3	+
P5	207.5	NC@U@142503.1	47588297	47588508	w12178_3	-
P5	207	NC@U@142514.1	133006034	133006268	w43724_3	-
P5	206.9	NC@U@142517.1	11328418	11328633	w54628_3	-
P5	206.7	NC@U@142516.1	88604046	88604256	w52017_3	+
P5	206.6	NC@U@142503.1	161734704	161734907	w15688_3	+
P5	206.6	NC@U@142514.1	88058370	88058552	w42431_3	+
P5	206.6	NC@U@142517.1	187353843	187354054	w58769_3	-
P5	206.5	NC@U@142501.1	144180457	144180667	w4457_3	-
P5	205.2	NC@U@142513.1	42130215	42130436	w38688_3	+
P5	205	NC@U@142507.1	29575537	29575759	w26281_3	+
P5	204.6	NC@U@142502.1	55644323	55644531	w7232_3	-
P5	204.5	NC@U@142514.1	75603179	75603405	w42025_3	+
P5	203.3	NC@U@142505.1	82351809	82352026	w22939_3	-
P5	203.3	NC@U@142516.1	66206185	66206413	w51442_3	-
P5	202.4	NC@U@142514.1	19151490	19151688	w40161_3	+
P5	201.6	NC@U@142504.1	92447679	92447885	w19658_3	-
P5	201.1	NC@U@142513.1	59389534	59389738	w39136_3	-
P5	200	NC@U@142507.1	26823060	26823291	w26158_3	+
P5	199.8	NC@U@142517.1	72421989	72422192	w56010_3	-
P5	199.7	NC@U@142516.1	70256784	70256993	w51521_3	-
P5	199.4	NC@U@142512.1	7425318	7425544	w35012_3	-
P5	199.2	NC@U@142507.1	52081738	52081947	w27281_3	+
P5	198.4	NC@U@142501.1	176686634	176686819	w5170_3	-
P5	197.9	NC@U@142501.1	32078804	32079011	w1099_3	-
P5	197.6	NC@U@142507.1	55651647	55651837	w27421_3	+
P5	195.8	NC@U@142502.1	73502529	73502750	w7618_3	-
P5	195.2	NC@U@142518.1	20237612	20237821	w60129_3	+
P5	195.1	NC@U@142513.1	60124741	60124974	w39170_3	+
P5	195	NC@U@142509.1	17270951	17271187	w31260_3	+
P5	194.4	NC@U@142518.1	9076593	9076801	w59633_3	+
P5	192.5	NC@U@142502.1	21652500	21652723	w6478_3	+
P5	192.1	NC@U@142502.1	170655133	170655330	w10580_3	-
P5	189.9	NC@U@142509.1	6363410	6363647	w30881_3	+
P5	188.1	NC@U@142516.1	187444051	187444269	w54113_3	+
P5	185.6	NC@U@142502.1	165882441	165882635	w10472_3	-
P5	183.1	NC@U@142503.1	68674074	68674306	w12604_3	+
P5	182.4	NC@U@142514.1	32616290	32616493	w40934_3	-
P5	180.7	NC@U@142514.1	133627201	133627417	w43738_3	-
P5	176.6	NC@U@142508.1	45872207	45872398	w29354_3	+
P5	173.3	NC@U@142514.1	36268353	36268569	w41042_3	-
P6	218	NC@U@142514.1	110165674	110165843	w43159_3	+
P6	216.2	NC@U@142502.1	96342751	96342909	w8082_3	-
P6	214.2	NC@U@142502.1	160428243	160428398	w10306_3	-
P6	212.8	NC@U@142502.1	46967444	46967617	w7021_3	+
P6	211.4	NC@U@142516.1	9419926	9420093	w49877_3	-
P6	210.9	NC@U@142517.1	16424282	16424453	w54709_3	+
P6	209.1	NC@U@142503.1	118812656	118812814	w14167_3	-
P6	208.2	NC@U@142502.1	47022466	47022625	w7024_3	+
P6	205.2	NC@U@142501.1	66959788	66959957	w2316_3	-
P6	204.5	NC@U@142501.1	2279850	2280012	w46_3	+
P6	204.3	NC@U@142514.1	24364959	24365121	w40470_3	-
P6	203.5	NC@U@142511.1	6838375	6838536	w33450_3	+
P6	202.8	NC@U@142502.1	68952235	68952395	w7480_3	-
P6	201.9	NC@U@142518.1	114312290	114312456	w64153_3	+
P6	201.5	NC@U@142514.1	26354017	26354178	w40572_3	-
P6	200.9	NC@U@142502.1	26026731	26026907	w6563_3	+
P6	198.5	NC@U@142503.1	102080049	102080205	w13627_3	-
P6	198.1	NC@U@142505.1	82410447	82410610	w22947_3	+
P6	196.6	NC@U@142501.1	5386055	5386217	w103_3	-
P6	196.2	NC@U@142514.1	58875779	58875948	w41636_3	-
P6	195.8	NC@U@142518.1	68206486	68206652	w62179_3	+
P6	195.3	NC@U@142517.1	108516008	108516174	w56848_3	+
P6	193.8	NC@U@142501.1	164838850	164839020	w4860_3	+
P6	193.1	NC@U@142515.1	63392600	63392776	w47575_3	-
P6	192.6	NC@U@142508.1	76071571	76071745	w30349_3	+
P6	191.7	NC@U@142510.1	17393807	17393966	w32924_3	+
P6	190	NC@U@142518.1	109704835	109705000	w63984_3	+
P6	188.5	NC@U@142515.1	90541057	90541227	w48567_3	+
P6	188.3	NC@U@142514.1	84797207	84797373	w42317_3	-
P6	187.9	NC@U@142508.1	64693002	64693155	w30064_3	-
P6	187.6	NC@U@142504.1	18556090	18556256	w17462_3	+
P6	187.6	NC@U@142510.1	5957182	5957340	w32403_3	+
P6	186.6	NC@U@142502.1	7878870	7879030	w6171_3	-
P6	184.4	NC@U@142511.1	23265930	23266105	w33954_3	-
P6	183.8	NC@U@142503.1	50496274	50496434	w12303_3	-
P6	183.5	NC@U@142514.1	185647403	185647573	w45649_3	-
P6	183.4	NC@U@142501.1	131118830	131119003	w4063_3	+
P6	181.6	NC@U@142518.1	8295474	8295643	w59616_3	-
P6	179.2	NC@U@142503.1	190350462	190350640	w16643_3	-
P6	178.7	NC@U@142501.1	214458440	214458596	w5952_3	+
P6	178.6	NC@U@142503.1	110104044	110104216	w13878_3	+
P6	178.3	NC@U@142507.1	52458670	52458823	w27301_3	-
P6	177.7	NC@U@142501.1	167125383	167125557	w4951_3	+
P6	176.6	NC@U@142516.1	161750693	161750860	w53684_3	+
P6	174.9	NC@U@142504.1	26785738	26785902	w17654_3	-
P6	174.7	NC@U@142503.1	127926967	127927138	w14423_3	+
P6	173.2	NC@U@142503.1	135087756	135087916	w14697_3	-
P6	173.2	NC@U@142515.1	47153025	47153195	w47042_3	-
P6	168	NC@U@142502.1	187899907	187900070	w11029_3	+
P6	166.9	NC@U@142516.1	54314756	54314919	w51180_3	-
P6	166.5	NC@U@142503.1	30731771	30731942	w11711_3	+
P6	164.8	NC@U@142515.1	29332222	29332388	w46547_3	+
P6	161.1	NC@U@142512.1	35164866	35165027	w36274_3	+
P6	146.3	NC@U@142518.1	35079936	35080096	w60958_3	+
P6	136.7	NC@U@142516.1	170269098	170269261	w53861_3	+
P6	124.6	NC@U@142515.1	84031658	84031814	w48288_3	-
P7	493.6	NC@U@142516.1	140324198	140324541	w53351_5	-
P7	478.8	NC@U@142518.1	114534497	114534770	w64158_5	-
P7	475.5	NC@U@142518.1	49890867	49891122	w61686_5	+
P7	473	NC@U@142518.1	96682023	96682303	w63177_5	+
P7	467.3	NC@U@142515.1	26651528	26651810	w46429_5	-
P7	466.3	NC@U@142518.1	78537371	78537624	w62515_5	-
P7	466.2	NC@U@142505.1	73410112	73410381	w22470_5	+
P7	465.2	NC@U@142516.1	147933100	147933372	w53459_5	+
P7	460.9	NC@U@142508.1	49011128	49011399	w29584_5	-
P7	460.9	NC@U@142517.1	78554696	78554969	w56140_5	+
P7	458.5	NC@U@142502.1	61912682	61912968	w7342_5	+
P7	458.2	NC@U@142514.1	184012504	184012790	w45566_5	+
P7	455.1	NC@U@142514.1	4503519	4503803	w39367_5	-
P7	454.1	NC@U@142502.1	137082991	137083247	w9556_5	-
P7	453.9	NC@U@142515.1	106289092	106289382	w49006_5	-
P7	453.4	NC@U@142503.1	11055042	11055303	w11264_5	+
P7	453	NC@U@142516.1	53412710	53412985	w51156_5	+
P7	452.7	NC@U@142516.1	100310676	100310957	w52425_5	+
P7	450.9	NC@U@142518.1	104651339	104651603	w63767_5	-
P7	450.8	NC@U@142518.1	45696758	45697017	w61527_5	+
P7	449.1	NC@U@142515.1	99881078	99881348	w48857_5	+
P7	448.7	NC@U@142504.1	98487572	98487848	w19797_5	-
P7	448.4	NC@U@142512.1	26503464	26503755	w35920_5	-
P7	448.2	NC@U@142501.1	134623818	134624117	w4138_5	-
P7	446.5	NC@U@142518.1	97633316	97633619	w63246_5	-
P7	441.1	NC@U@142508.1	57297103	57297386	w29774_5	+
P7	439.7	NC@U@142515.1	100253892	100254193	w48860_5	+
P7	436.5	NC@U@142516.1	135585445	135585721	w53218_5	-
P7	436.4	NC@U@142503.1	149496171	149496442	w15204_5	-
P7	434.7	NC@U@142514.1	181079795	181080074	w45345_5	-
P7	432.4	NC@U@142504.1	117837520	117837802	w20202_5	-
P7	427.1	NC@U@142505.1	55720499	55720790	w21822_5	-
P7	424.1	NC@U@142515.1	59664232	59664513	w47481_5	-
P7	423.9	NC@U@142510.1	13753717	13753997	w32712_5	+
P7	423.2	NC@U@142501.1	13506619	13506895	w478_5	+
P7	419.7	NC@U@142503.1	116021469	116021724	w14027_5	+
P7	417.5	NC@U@142504.1	45982358	45982637	w18079_5	+
P7	412.9	NC@U@142501.1	212992715	212993013	w5862_5	+
P7	411.3	NC@U@142505.1	68440509	68440797	w22161_5	+
P7	402.3	NC@U@142517.1	18842702	18842965	w54728_5	-
P7	400.5	NC@U@142506.1	24424347	24424634	w24070_5	+
P7	396.5	NC@U@142509.1	4264732	4265006	w30802_5	-
P7	395.5	NC@U@142517.1	203798185	203798427	w59087_5	-
P7	392	NC@U@142502.1	174918758	174919030	w10760_5	-
P7	377	NC@U@142507.1	19491336	19491605	w25901_5	+
P7	372.7	NC@U@142505.1	73323826	73324104	w22461_5	-
P7	360.3	NC@U@142505.1	17449216	17449484	w20757_5	+
P7	359.4	NC@U@142505.1	79444267	79444561	w22734_5	+
P7	357	NC@U@142513.1	18713655	18713905	w37709_5	+
P7	356.5	NC@U@142514.1	28539055	28539312	w40676_5	-
P7	355.5	NC@U@142512.1	45956791	45957058	w36829_5	-
P7	348.2	NC@U@142501.1	119233049	119233298	w3697_5	+
P7	340.5	NC@U@142512.1	55922674	55922879	w37112_5	+
P7	340.3	NC@U@142514.1	92707536	92707800	w42587_5	+
P7	329.2	NC@U@142510.1	17458418	17458708	w32930_5	+
P7	326.2	NC@U@142504.1	98257158	98257429	w19791_5	-
P7	310.2	NC@U@142501.1	5578269	5578524	w109_5	-
P7	293.9	NC@U@142501.1	104511029	104511288	w3313_5	+
P7	293.9	NC@U@142501.1	106078251	106078510	w3361_5	+
P7	293.9	NC@U@142501.1	113080252	113080511	w3556_5	-
P7	293.9	NC@U@142501.1	113472250	113472509	w3564_5	-
P7	293.9	NC@U@142501.1	113864346	113864605	w3572_5	-
P7	293.9	NC@U@142501.1	114263178	114263437	w3580_5	-
P7	293.9	NC@U@142501.1	115448174	115448433	w3608_5	-
P7	289.5	NC@U@142501.1	104701986	104702245	w3316_5	+
P7	289.5	NC@U@142501.1	105095765	105096024	w3329_5	+
P7	289.5	NC@U@142501.1	105481761	105482020	w3336_5	+
P7	289.5	NC@U@142501.1	105685767	105686026	w3347_5	+
P7	289.5	NC@U@142501.1	105874332	105874591	w3350_5	+
P7	289.5	NC@U@142501.1	112667879	112668138	w3548_5	-
P7	289.5	NC@U@142501.1	112878217	112878476	w3551_5	-
P7	289.5	NC@U@142501.1	113271079	113271338	w3559_5	-
P7	289.5	NC@U@142501.1	113663091	113663350	w3567_5	-
P7	289.5	NC@U@142501.1	114081610	114081869	w3575_5	-
P7	289.5	NC@U@142501.1	114460847	114461106	w3583_5	-
P7	289.5	NC@U@142501.1	114842649	114842908	w3593_5	-
P7	289.5	NC@U@142501.1	115064312	115064571	w3598_5	-
P7	289.5	NC@U@142501.1	115227415	115227674	w3603_5	-
P7	289.5	NC@U@142501.1	127223290	127223549	w3975_5	+
P7	285.2	NC@U@142501.1	104892447	104892706	w3319_5	+
P7	285.2	NC@U@142501.1	114641778	114642037	w3588_5	-
P7	279	NC@U@142517.1	27253917	27254185	w54895_5	-
P7	269.8	NC@U@142508.1	31982420	31982705	w28249_5	-
P8	613.5	NC@U@142503.1	121939370	121939791	w14298_3	+
P8	608.7	NC@U@142502.1	98486969	98487408	w8165_3	-
P8	604.8	NC@U@142517.1	209886420	209886806	w59304_3	+
P8	602.7	NC@U@142504.1	49192426	49192838	w18268_3	+
P8	592.4	NC@U@142503.1	87351675	87352085	w12974_3	-
P8	582.6	NC@U@142518.1	19716482	19716887	w60109_3	+
P8	572.4	NC@U@142517.1	59040487	59040880	w55633_3	+
P8	572.2	NC@U@142514.1	7015307	7015719	w39515_3	+
P8	569	NC@U@142513.1	47761275	47761689	w38856_3	-
P8	567.5	NC@U@142515.1	25978912	25979335	w46376_3	-
P8	565	NC@U@142515.1	95090128	95090533	w48716_3	-
P8	562.6	NC@U@142515.1	102843902	102844338	w48915_3	+
P8	561	NC@U@142514.1	89650648	89651059	w42484_3	+
P8	560.7	NC@U@142503.1	10045782	10046176	w11250_3	-
P8	559.7	NC@U@142501.1	46785577	46785994	w1465_3	-
P8	554.7	NC@U@142502.1	124423152	124423564	w9200_3	-
P8	554.7	NC@U@142514.1	171323055	171323465	w44934_3	-
P8	548.9	NC@U@142515.1	88568314	88568731	w48504_3	-
P8	547.5	NC@U@142506.1	32283418	32283834	w24347_3	-
P8	547.3	NC@U@142503.1	188202536	188202948	w16575_3	+
P8	547.3	NC@U@142518.1	50323484	50323915	w61713_3	-
P8	546.8	NC@U@142508.1	42207875	42208308	w29089_3	-
P8	546.6	NC@U@142501.1	213944890	213945304	w5917_3	+
P8	544.5	NC@U@142509.1	17818969	17819380	w31317_3	-
P8	540.7	NC@U@142512.1	45897599	45898015	w36820_3	-
P8	540.6	NC@U@142501.1	207149555	207149973	w5741_3	-
P8	535.6	NC@U@142502.1	137677287	137677713	w9603_3	+
P8	534.2	NC@U@142514.1	29800980	29801427	w40715_3	+
P8	533.8	NC@U@142513.1	22648402	22648805	w38020_3	+
P8	533.4	NC@U@142518.1	91704448	91704876	w62929_3	+
P8	528.8	NC@U@142505.1	76265985	76266398	w22618_3	+
P8	526.4	NC@U@142514.1	74458814	74459234	w41992_3	-
P8	524.1	NC@U@142502.1	35977354	35977776	w6760_3	+
P8	523.1	NC@U@142503.1	97484751	97485162	w13425_3	-
P8	520.8	NC@U@142518.1	41133594	41133978	w61333_3	-
P8	520.7	NC@U@142504.1	101304013	101304396	w19907_3	+
P8	516.6	NC@U@142504.1	24754640	24755061	w17601_3	+
P8	515.7	NC@U@142508.1	31858671	31859075	w28235_3	+
P8	515.2	NC@U@142503.1	189903341	189903789	w16629_3	+
P8	512.3	NC@U@142512.1	4172352	4172741	w34788_3	-
P8	511.6	NC@U@142508.1	32128221	32128637	w28267_3	+
P8	509.8	NC@U@142501.1	161314210	161314639	w4774_3	-
P8	508.9	NC@U@142503.1	121860709	121861102	w14291_3	-
P8	506.8	NC@U@142502.1	29988456	29988856	w6651_3	+
P8	500.9	NC@U@142505.1	10516991	10517370	w20583_3	-
P8	500.6	NC@U@142502.1	145485487	145485881	w9855_3	+
P8	495.3	NC@U@142501.1	53613226	53613618	w1723_3	+
P8	488	NC@U@142511.1	19059531	19059949	w33779_3	+
P8	486.4	NC@U@142502.1	178076061	178076460	w10805_3	-
P8	484.5	NC@U@142517.1	130329618	130330018	w57441_3	-
P8	482.6	NC@U@142504.1	60589486	60589900	w18709_3	+
P8	474.6	NC@U@142502.1	97277492	97277884	w8130_3	-
P8	466.6	NC@U@142504.1	87757664	87758040	w19593_3	+
P8	461.9	NC@U@142513.1	31199970	31200406	w38368_3	-
P8	451.1	NC@U@142517.1	22563749	22564158	w54797_3	+
P8	443.6	NC@U@142505.1	6704713	6705090	w20400_3	-
P8	389	NC@U@142518.1	102600408	102600797	w63617_3	-
P8	377.6	NC@U@142505.1	81461754	81462136	w22876_3	-
P8	338.3	NC@U@142518.1	22869432	22869759	w60319_3	-
P9	758.9	NC@U@142518.1	10885109	10885519	w59739_3	-
P9	752.4	NC@U@142517.1	163761718	163762197	w58208_3	+
P9	749.3	NC@U@142516.1	12881518	12881928	w50016_3	-
P9	748.4	NC@U@142503.1	160301323	160301811	w15642_3	+
P9	746.1	NC@U@142516.1	52876637	52877115	w51128_3	+
P9	744.9	NC@U@142514.1	64143650	64144099	w41723_3	-
P9	743.1	NC@U@142515.1	76789205	76789615	w48001_3	+
P9	741.7	NC@U@142518.1	1913748	1914157	w59437_3	+
P9	740.7	NC@U@142503.1	92975064	92975485	w13284_3	-
P9	739.8	NC@U@142514.1	62162340	62162824	w41685_3	-
P9	739.5	NC@U@142503.1	154773457	154773943	w15382_3	+
P9	739.3	NC@U@142515.1	77110597	77111089	w48022_3	+
P9	738.6	NC@U@142517.1	71303025	71303435	w55993_3	+
P9	738.3	NC@U@142504.1	77472218	77472646	w19319_3	-
P9	737.3	NC@U@142502.1	49583170	49583579	w7114_3	-
P9	737.2	NC@U@142502.1	137900548	137900958	w9619_3	-
P9	736	NC@U@142502.1	70724198	70724638	w7517_3	-
P9	734.7	NC@U@142504.1	73869558	73869995	w19163_3	-
P9	732.8	NC@U@142515.1	98588336	98588818	w48835_3	+
P9	732.2	NC@U@142503.1	155530662	155531132	w15407_3	-
P9	732.2	NC@U@142503.1	157883827	157884238	w15547_3	+
P9	732.2	NC@U@142515.1	43474366	43474776	w46877_3	-
P9	732.1	NC@U@142518.1	5121317	5121725	w59515_3	-
P9	731.7	NC@U@142516.1	75365549	75365979	w51673_3	+
P9	731.3	NC@U@142518.1	68724535	68724996	w62189_3	+
P9	730.7	NC@U@142503.1	107320802	107321276	w13842_3	-
P9	729.4	NC@U@142503.1	82786730	82787162	w12873_3	+
P9	728.7	NC@U@142517.1	62610220	62610676	w55786_3	+
P9	727.1	NC@U@142503.1	193605563	193605972	w16770_3	-
P9	726.9	NC@U@142518.1	91031824	91032233	w62894_3	-
P9	724.8	NC@U@142514.1	20881514	20881924	w40259_3	+
P9	724.3	NC@U@142514.1	81255045	81255454	w42214_3	-
P9	724.2	NC@U@142501.1	5993158	5993560	w128_3	+
P9	724.1	NC@U@142503.1	28725745	28726156	w11635_3	-
P9	723.9	NC@U@142503.1	110161287	110161765	w13880_3	+
P9	723.9	NC@U@142516.1	168286630	168287040	w53815_3	+
P9	723.6	NC@U@142503.1	131460423	131460833	w14628_3	-
P9	723.2	NC@U@142517.1	122151967	122152435	w57188_3	+
P9	723	NC@U@142517.1	9527886	9528297	w54549_3	-
P9	722.3	NC@U@142503.1	130010850	130011315	w14537_3	-
P9	722	NC@U@142517.1	159118705	159119176	w57995_3	-
P9	721.8	NC@U@142518.1	37547375	37547785	w61185_3	-
P9	720.3	NC@U@142517.1	138001788	138002197	w57577_3	-
P9	720.2	NC@U@142517.1	54961095	54961504	w55455_3	-
P9	719.5	NC@U@142517.1	21174122	21174577	w54748_3	-
P9	719.2	NC@U@142514.1	106227783	106228190	w43006_3	-
P9	719	NC@U@142502.1	44601467	44601951	w6931_3	+
P9	717.4	NC@U@142517.1	72466298	72466753	w56013_3	+
P9	717.2	NC@U@142517.1	57594779	57595255	w55539_3	+
P9	717	NC@U@142515.1	130660192	130660602	w49388_3	-
P9	717	NC@U@142516.1	153021368	153021798	w53575_3	+
P9	717	NC@U@142517.1	69690407	69690889	w55963_3	-
P9	716.9	NC@U@142517.1	206012781	206013209	w59156_3	-
P9	716.8	NC@U@142514.1	156063736	156064148	w44604_3	-
P9	716.3	NC@U@142517.1	149614819	149615231	w57768_3	-
P9	716	NC@U@142514.1	33376870	33377292	w40981_3	+
P9	716	NC@U@142515.1	51302995	51303405	w47268_3	-
P9	715.5	NC@U@142503.1	99120196	99120605	w13460_3	+
P9	715.2	NC@U@142503.1	101896982	101897400	w13608_3	+
P9	715.1	NC@U@142502.1	21908594	21909056	w6480_3	-
P9	714.7	NC@U@142504.1	14325401	14325857	w17333_3	+
P9	714.4	NC@U@142503.1	51673963	51674449	w12327_3	-
P9	713.7	NC@U@142503.1	103663871	103664303	w13700_3	+
P9	713.1	NC@U@142516.1	100774883	100775318	w52443_3	-
P9	713	NC@U@142518.1	68764331	68764741	w62192_3	-
P9	712.9	NC@U@142514.1	129887741	129888151	w43637_3	+
P9	712.5	NC@U@142503.1	155036336	155036746	w15390_3	-
P9	711.9	NC@U@142503.1	175471199	175471687	w16186_3	-
P9	711.9	NC@U@142503.1	96186301	96186704	w13408_3	-
P9	711.4	NC@U@142513.1	49975584	49976004	w38952_3	+
P9	711.3	NC@U@142517.1	151150564	151150999	w57825_3	-
P9	711.2	NC@U@142517.1	160646137	160646547	w58077_3	-
P9	710.4	NC@U@142508.1	10179683	10180092	w27644_3	-
P9	710.4	NC@U@142517.1	160444022	160444433	w58068_3	+
P9	709.8	NC@U@142502.1	126571960	126572483	w9292_3	+
P9	709.8	NC@U@142518.1	8597219	8597628	w59626_3	+
P9	709.7	NC@U@142508.1	65880987	65881446	w30151_3	+
P9	709.4	NC@U@142501.1	25413323	25413732	w826_3	+
P9	709.2	NC@U@142502.1	142782092	142782537	w9790_3	+
P9	708.9	NC@U@142503.1	45155205	45155653	w12106_3	-
P9	708.6	NC@U@142517.1	9680125	9680528	w54556_3	+
P9	707.7	NC@U@142503.1	199376520	199376944	w16929_3	+
P9	707.6	NC@U@142516.1	126609233	126609644	w53000_3	+
P9	707.6	NC@U@142516.1	148955212	148955621	w53494_3	-
P9	707.5	NC@U@142517.1	152269655	152270065	w57852_3	-
P9	707.2	NC@U@142501.1	186978398	186978809	w5393_3	+
P9	706.9	NC@U@142505.1	58863908	58864333	w21909_3	-
P9	706.4	NC@U@142501.1	54206371	54206781	w1755_3	+
P9	706.2	NC@U@142502.1	149706248	149706708	w10030_3	-
P9	706.1	NC@U@142503.1	138393976	138394386	w14839_3	-
P9	705.9	NC@U@142517.1	169195532	169195967	w58313_3	-
P9	705.8	NC@U@142503.1	89767611	89768017	w13059_3	-
P9	705.3	NC@U@142518.1	16262557	16263034	w59933_3	+
P9	705	NC@U@142513.1	18936220	18936655	w37740_3	+
P9	705	NC@U@142517.1	9660506	9660964	w54553_3	-
P9	704.7	NC@U@142514.1	76036586	76037012	w42033_3	-
P9	704.5	NC@U@142518.1	41462093	41462503	w61374_3	+
P9	704.4	NC@U@142501.1	170523422	170523829	w5075_3	-
P9	704.3	NC@U@142507.1	50881998	50882408	w27219_3	-
P9	704.1	NC@U@142509.1	22997683	22998093	w31664_3	+
P9	704.1	NC@U@142518.1	27193447	27193857	w60536_3	-
P9	704	NC@U@142508.1	35085373	35085784	w28460_3	-
P9	703.8	NC@U@142501.1	72463219	72463629	w2490_3	+
P9	703.8	NC@U@142508.1	47274580	47275051	w29462_3	+
P9	703	NC@U@142502.1	147010898	147011308	w9942_3	-
P9	702.5	NC@U@142515.1	23945889	23946296	w46320_3	+
P9	702.3	NC@U@142503.1	173264035	173264499	w16075_3	+
P9	702.2	NC@U@142508.1	43099421	43099823	w29134_3	-
P9	702.1	NC@U@142505.1	43727919	43728330	w21517_3	-
P9	701.7	NC@U@142518.1	8508827	8509296	w59622_3	-
P9	701.5	NC@U@142508.1	52560329	52560739	w29679_3	-
P9	701.4	NC@U@142518.1	22325296	22325767	w60234_3	-
P9	701.3	NC@U@142503.1	51002172	51002581	w12310_3	+
P9	701.1	NC@U@142501.1	129052333	129052761	w4022_3	-
P9	701	NC@U@142514.1	123769933	123770365	w43504_3	-
P9	701	NC@U@142514.1	69755168	69755638	w41866_3	-
P9	700.6	NC@U@142501.1	65335144	65335554	w2282_3	+
P9	700.6	NC@U@142518.1	18452549	18452961	w60047_3	+
P9	699.9	NC@U@142513.1	19268658	19269068	w37762_3	+
P9	699.7	NC@U@142517.1	7626137	7626598	w54503_3	+
P9	699.5	NC@U@142506.1	54350576	54350986	w25253_3	+
P9	698.8	NC@U@142505.1	75631300	75631708	w22567_3	+
P9	698.5	NC@U@142503.1	201248458	201248863	w17060_3	+
P9	697.5	NC@U@142515.1	108333277	108333707	w49028_3	+
P9	697.4	NC@U@142504.1	62502401	62502873	w18754_3	-
P9	697.2	NC@U@142501.1	8799457	8799857	w286_3	-
P9	697.1	NC@U@142503.1	152785066	152785469	w15338_3	-
P9	696.7	NC@U@142503.1	58553335	58553815	w12436_3	+
P9	696.7	NC@U@142516.1	69302913	69303395	w51487_3	+
P9	696.7	NC@U@142517.1	129940853	129941333	w57415_3	+
P9	696.4	NC@U@142516.1	71130093	71130571	w51537_3	+
P9	696.4	NC@U@142517.1	150406934	150407343	w57789_3	+
P9	696.3	NC@U@142517.1	146340827	146341237	w57718_3	-
P9	696.1	NC@U@142502.1	139758763	139759173	w9692_3	-
P9	695.9	NC@U@142503.1	152972607	152973062	w15339_3	-
P9	695.3	NC@U@142518.1	75403401	75403879	w62446_3	-
P9	695.2	NC@U@142514.1	157637441	157637858	w44619_3	+
P9	695.1	NC@U@142504.1	33834251	33834660	w17813_3	+
P9	695.1	NC@U@142504.1	57693191	57693602	w18555_3	+
P9	695.1	NC@U@142516.1	53811004	53811422	w51176_3	-
P9	695	NC@U@142515.1	27366778	27367259	w46455_3	-
P9	694.9	NC@U@142505.1	47443409	47443886	w21589_3	-
P9	694.5	NC@U@142501.1	124468536	124468992	w3869_3	+
P9	694.3	NC@U@142501.1	40292626	40293062	w1290_3	+
P9	693.8	NC@U@142515.1	10834569	10834969	w45983_3	+
P9	693.8	NC@U@142517.1	91915832	91916261	w56423_3	-
P9	693.6	NC@U@142507.1	21611302	21611712	w25981_3	-
P9	692.9	NC@U@142504.1	60261135	60261587	w18699_3	+
P9	692.6	NC@U@142502.1	39352045	39352491	w6826_3	-
P9	692.4	NC@U@142514.1	80491556	80492054	w42156_3	+
P9	692.3	NC@U@142501.1	26788834	26789323	w955_3	+
P9	692.2	NC@U@142515.1	116922187	116922593	w49213_3	-
P9	692.2	NC@U@142517.1	201391246	201391705	w59059_3	-
P9	692.1	NC@U@142518.1	38111024	38111431	w61223_3	+
P9	691.9	NC@U@142503.1	120627800	120628218	w14202_3	-
P9	691.6	NC@U@142509.1	24806212	24806659	w31712_3	+
P9	691.2	NC@U@142515.1	48358859	48359316	w47115_3	+
P9	691.1	NC@U@142502.1	9378524	9378945	w6234_3	+
P9	690.9	NC@U@142515.1	109092260	109092676	w49035_3	+
P9	690.6	NC@U@142518.1	81515814	81516218	w62595_3	+
P9	689.7	NC@U@142518.1	35659546	35659965	w60981_3	+
P9	689.2	NC@U@142516.1	160030926	160031332	w53664_3	-
P9	689.2	NC@U@142517.1	19710291	19710790	w54732_3	+
P9	689.1	NC@U@142511.1	19062321	19062788	w33780_3	+
P9	688.8	NC@U@142514.1	37571804	37572223	w41119_3	-
P9	688.5	NC@U@142501.1	183914978	183915444	w5307_3	+
P9	687.7	NC@U@142502.1	97015462	97015870	w8115_3	+
P9	687.6	NC@U@142505.1	73512354	73512850	w22482_3	-
P9	687.5	NC@U@142502.1	42262395	42262803	w6892_3	-
P9	687.5	NC@U@142508.1	40328088	40328495	w28941_3	+
P9	686.9	NC@U@142517.1	48037740	48038152	w55307_3	+
P9	686.8	NC@U@142514.1	62815428	62815835	w41692_3	+
P9	686.5	NC@U@142508.1	52674222	52674640	w29681_3	-
P9	686.5	NC@U@142512.1	53678707	53679125	w37037_3	-
P9	685.9	NC@U@142512.1	29256490	29256976	w36096_3	+
P9	685.4	NC@U@142501.1	69331369	69331777	w2427_3	+
P9	685.2	NC@U@142502.1	97029824	97030305	w8116_3	-
P9	684.9	NC@U@142512.1	36513750	36514152	w36320_3	-
P9	684.7	NC@U@142502.1	8139073	8139538	w6188_3	+
P9	684.3	NC@U@142511.1	22872066	22872469	w33909_3	+
P9	684.1	NC@U@142501.1	36789124	36789530	w1193_3	-
P9	684.1	NC@U@142509.1	22540083	22540517	w31611_3	+
P9	684.1	NC@U@142515.1	77930924	77931336	w48104_3	+
P9	683.7	NC@U@142502.1	102056137	102056547	w8311_3	-
P9	683.7	NC@U@142514.1	30470147	30470620	w40758_3	-
P9	683.5	NC@U@142510.1	13876031	13876524	w32719_3	-
P9	683.3	NC@U@142516.1	171718247	171718749	w53884_3	-
P9	683.1	NC@U@142504.1	22557216	22557627	w17557_3	+
P9	682.9	NC@U@142502.1	125235661	125236121	w9250_3	-
P9	682.9	NC@U@142516.1	96495066	96495501	w52355_3	-
P9	682.9	NC@U@142517.1	174195139	174195555	w58434_3	-
P9	682.8	NC@U@142515.1	72926449	72926850	w47751_3	+
P9	682.7	NC@U@142502.1	153102666	153103069	w10115_3	+
P9	681.9	NC@U@142501.1	90742035	90742451	w2914_3	+
P9	681.4	NC@U@142508.1	33861630	33862040	w28385_3	+
P9	680.9	NC@U@142514.1	181369305	181369716	w45371_3	-
P9	680.8	NC@U@142508.1	32514003	32514449	w28292_3	-
P9	680.5	NC@U@142505.1	40606639	40607098	w21366_3	+
P9	680.4	NC@U@142503.1	132625786	132626244	w14650_3	+
P9	679.9	NC@U@142518.1	98144186	98144656	w63287_3	-
P9	679.6	NC@U@142507.1	27873216	27873706	w26174_3	+
P9	679.6	NC@U@142518.1	106933044	106933453	w63902_3	-
P9	679.5	NC@U@142514.1	99864266	99864690	w42672_3	-
P9	679.4	NC@U@142513.1	18603987	18604397	w37687_3	+
P9	679.3	NC@U@142501.1	180514217	180514706	w5250_3	+
P9	679.1	NC@U@142505.1	68899759	68900212	w22169_3	-
P9	679.1	NC@U@142516.1	20282844	20283253	w50211_3	+
P9	678.5	NC@U@142503.1	177097472	177097915	w16258_3	-
P9	678.4	NC@U@142514.1	108287861	108288315	w43082_3	+
P9	678	NC@U@142508.1	60115586	60116012	w29829_3	+
P9	677.9	NC@U@142516.1	19483503	19483927	w50155_3	+
P9	677.5	NC@U@142517.1	178867869	178868334	w58506_3	-
P9	677.1	NC@U@142503.1	5685063	5685480	w11164_3	+
P9	676.8	NC@U@142504.1	74518708	74519108	w19175_3	+
P9	676.1	NC@U@142517.1	104615464	104615981	w56745_3	-
P9	675.9	NC@U@142501.1	142218297	142218696	w4397_3	-
P9	675.8	NC@U@142513.1	19615206	19615614	w37783_3	+
P9	675.8	NC@U@142516.1	259081	259491	w49482_3	+
P9	675.6	NC@U@142513.1	52979702	52980164	w39025_3	+
P9	675.4	NC@U@142508.1	64740062	64740523	w30073_3	+
P9	675	NC@U@142505.1	60029667	60030073	w21949_3	+
P9	674.9	NC@U@142505.1	55366641	55367061	w21811_3	-
P9	674.8	NC@U@142508.1	67731076	67731570	w30174_3	+
P9	674.8	NC@U@142514.1	187812009	187812423	w45698_3	+
P9	674.7	NC@U@142502.1	52796412	52796899	w7165_3	-
P9	674.1	NC@U@142503.1	173133786	173134205	w16068_3	+
P9	673.7	NC@U@142503.1	9659851	9660260	w11235_3	+
P9	673.7	NC@U@142506.1	32819298	32819749	w24367_3	-
P9	673.4	NC@U@142513.1	47720719	47721150	w38852_3	-
P9	673.3	NC@U@142515.1	111792463	111792901	w49112_3	-
P9	673.2	NC@U@142515.1	95834940	95835369	w48769_3	-
P9	673.1	NC@U@142504.1	58972922	58973341	w18594_3	+
P9	672.5	NC@U@142501.1	107808077	107808510	w3435_3	+
P9	672.4	NC@U@142503.1	111311852	111312271	w13921_3	-
P9	672.2	NC@U@142503.1	93153495	93153898	w13294_3	+
P9	671.9	NC@U@142506.1	52684677	52685140	w25223_3	-
P9	671.7	NC@U@142503.1	153749051	153749457	w15343_3	+
P9	671.3	NC@U@142517.1	94687469	94687882	w56479_3	-
P9	671.1	NC@U@142518.1	75083158	75083578	w62420_3	+
P9	670.6	NC@U@142513.1	15504058	15504469	w37598_3	+
P9	669.4	NC@U@142503.1	84909843	84910251	w12908_3	+
P9	669.2	NC@U@142501.1	28414399	28414802	w1000_3	-
P9	669.2	NC@U@142518.1	41236994	41237399	w61346_3	+
P9	668.8	NC@U@142516.1	60273008	60273415	w51247_3	+
P9	668.4	NC@U@142506.1	47146636	47147047	w25133_3	-
P9	668.3	NC@U@142513.1	19571598	19572049	w37777_3	+
P9	668.2	NC@U@142510.1	5983097	5983504	w32405_3	-
P9	668	NC@U@142509.1	12559938	12560351	w31080_3	-
P9	666.1	NC@U@142501.1	91997024	91997419	w3036_3	+
P9	666	NC@U@142515.1	72389486	72389895	w47728_3	+
P9	665.8	NC@U@142503.1	145391577	145392057	w15075_3	-
P9	665.5	NC@U@142511.1	24891344	24891830	w34084_3	+
P9	665.3	NC@U@142509.1	6301089	6301546	w30873_3	+
P9	664.9	NC@U@142518.1	18285866	18286348	w60042_3	+
P9	664	NC@U@142510.1	1476134	1476537	w32303_3	-
P9	664	NC@U@142516.1	102336181	102336629	w52486_3	+
P9	663.6	NC@U@142509.1	28255206	28255693	w31859_3	-
P9	663.2	NC@U@142516.1	120498606	120499025	w52868_3	-
P9	663	NC@U@142505.1	35926346	35926755	w21171_3	-
P9	662.7	NC@U@142508.1	34961696	34962096	w28449_3	-
P9	662.7	NC@U@142509.1	16633139	16633546	w31218_3	+
P9	661.8	NC@U@142514.1	4420027	4420491	w39366_3	+
P9	661.2	NC@U@142501.1	148092483	148092957	w4541_3	+
P9	659.8	NC@U@142518.1	20852132	20852557	w60147_3	-
P9	659.5	NC@U@142515.1	15179713	15180124	w46068_3	+
P9	659	NC@U@142514.1	123228946	123229361	w43486_3	+
P9	658.7	NC@U@142518.1	20793771	20794178	w60146_3	+
P9	658.5	NC@U@142502.1	122815459	122815902	w9150_3	-
P9	658.1	NC@U@142509.1	18913395	18913824	w31404_3	-
P9	658	NC@U@142506.1	60392102	60392521	w25385_3	+
P9	658	NC@U@142507.1	46341574	46341974	w27102_3	+
P9	657.9	NC@U@142501.1	117729676	117730197	w3675_3	-
P9	657.8	NC@U@142512.1	13997057	13997462	w35209_3	+
P9	656.9	NC@U@142502.1	63452424	63452836	w7381_3	+
P9	656.5	NC@U@142518.1	37272382	37272787	w61160_3	-
P9	655.4	NC@U@142503.1	26914946	26915412	w11575_3	+
P9	655	NC@U@142511.1	4305460	4305867	w33399_3	-
P9	654.6	NC@U@142505.1	97166844	97167256	w23355_3	-
P9	653.8	NC@U@142518.1	55383416	55383819	w61848_3	+
P9	652.9	NC@U@142515.1	82814091	82814566	w48222_3	-
P9	652.7	NC@U@142504.1	52680218	52680618	w18427_3	+
P9	652.5	NC@U@142514.1	90027620	90028030	w42493_3	+
P9	652.2	NC@U@142509.1	6493812	6494221	w30894_3	+
P9	651.6	NC@U@142503.1	32934529	32934930	w11743_3	-
P9	649.7	NC@U@142508.1	34468238	34468650	w28428_3	+
P9	649	NC@U@142507.1	36223191	36223603	w26679_3	+
P9	648.4	NC@U@142514.1	139356597	139357000	w43910_3	+
P9	648.3	NC@U@142505.1	16557689	16558105	w20715_3	+
P9	647.4	NC@U@142501.1	172875218	172875655	w5111_3	-
P9	647.2	NC@U@142512.1	27602319	27602794	w36001_3	-
P9	646.9	NC@U@142507.1	28258310	28258757	w26191_3	+
P9	646.9	NC@U@142509.1	10922968	10923380	w31030_3	-
P9	646.5	NC@U@142508.1	46224253	46224672	w29396_3	-
P9	645	NC@U@142506.1	30161138	30161560	w24255_3	-
P9	643.7	NC@U@142515.1	54462370	54462825	w47341_3	-
P9	642.1	NC@U@142515.1	29415522	29415913	w46551_3	-
P9	641.7	NC@U@142517.1	45168616	45169019	w55224_3	+
P9	638.9	NC@U@142502.1	26923185	26923604	w6586_3	+
P9	638	NC@U@142509.1	10683662	10684149	w31003_3	-
P9	636.4	NC@U@142507.1	50228300	50228783	w27190_3	+
P9	636.3	NC@U@142514.1	2129115	2129580	w39316_3	-
P9	635.4	NC@U@142505.1	77790426	77790826	w22686_3	-
P9	634.2	NC@U@142508.1	27546108	27546581	w28038_3	-
P9	633.6	NC@U@142506.1	31534536	31535013	w24311_3	+
P9	633.1	NC@U@142503.1	163810263	163810726	w15747_3	+
P9	632.3	NC@U@142517.1	59600236	59600627	w55689_3	+
P9	631.9	NC@U@142516.1	180805892	180806293	w53991_3	-
P9	631.2	NC@U@142518.1	3545854	3546284	w59471_3	-
P9	630.6	NC@U@142504.1	15242611	15243022	w17356_3	+
P9	629	NC@U@142503.1	122122136	122122528	w14311_3	-
P9	628.8	NC@U@142504.1	94870388	94870795	w19687_3	-
P9	628.2	NC@U@142508.1	18467626	18468035	w27875_3	-
P9	628	NC@U@142503.1	57258367	57258782	w12405_3	+
P9	627.6	NC@U@142514.1	120673934	120674427	w43430_3	+
P9	627.4	NC@U@142508.1	29581171	29581607	w28081_3	+
P9	625.5	NC@U@142505.1	85135052	85135462	w23063_3	-
P9	625.5	NC@U@142508.1	29867338	29867771	w28088_3	-
P9	624.8	NC@U@142505.1	14827714	14828139	w20693_3	-
P9	622.5	NC@U@142502.1	132837696	132838156	w9491_3	+
P9	622.5	NC@U@142507.1	46359860	46360315	w27104_3	-
P9	621.3	NC@U@142515.1	125883277	125883685	w49325_3	+
P9	617.7	NC@U@142503.1	26344218	26344612	w11569_3	+
P9	616.5	NC@U@142505.1	27485312	27485723	w20970_3	-
P9	616.3	NC@U@142507.1	31721708	31722106	w26508_3	-
P9	615.9	NC@U@142518.1	49932539	49932964	w61687_3	+
P9	615.8	NC@U@142511.1	23143218	23143616	w33939_3	+
P9	615.7	NC@U@142515.1	94463238	94463629	w48669_3	+
P9	615.6	NC@U@142516.1	32985840	32986264	w50553_3	+
P9	604.6	NC@U@142502.1	64219003	64219401	w7396_3	-
P9	600.1	NC@U@142501.1	75439764	75440147	w2556_3	+
P9	594.4	NC@U@142515.1	67517920	67518320	w47683_3	-
P9	591.5	NC@U@142514.1	161773633	161774048	w44682_3	-
P9	585.7	NC@U@142508.1	45530670	45531066	w29314_3	+
P9	585.7	NC@U@142508.1	45590557	45590953	w29322_3	+
P9	583.3	NC@U@142501.1	111963351	111963820	w3531_3	-
P9	582.3	NC@U@142515.1	43188179	43188554	w46867_3	-
P9	572.4	NC@U@142502.1	69514909	69515343	w7497_3	+
P9	565.5	NC@U@142517.1	207521309	207521697	w59250_3	-
P9	558.4	NC@U@142516.1	29813146	29813542	w50410_3	-
P9	547	NC@U@142501.1	119644577	119644964	w3711_3	-
P9	542.3	NC@U@142504.1	48218134	48218533	w18165_3	+
P9	542.2	NC@U@142514.1	84532465	84532840	w42305_3	-
P9	506.8	NC@U@142513.1	25899756	25900176	w38201_3	-
P9	465.5	NC@U@142516.1	145923457	145923860	w53408_3	-
P9	461.8	NC@U@142503.1	197883057	197883466	w16874_3	+
P9	455.3	NC@U@142503.1	162371222	162371641	w15717_3	+
P9	449.9	NC@U@142514.1	100368449	100368859	w42686_3	+
P9	446.7	NC@U@142501.1	101009689	101010071	w3219_3	-
P9	445.3	NC@U@142517.1	35418941	35419357	w55035_3	-
P9	442.1	NC@U@142504.1	47671367	47671781	w18151_3	+
P9	440.2	NC@U@142504.1	75452864	75453275	w19193_3	+
P9	438.9	NC@U@142501.1	56053310	56053728	w1856_3	-
P9	438.5	NC@U@142503.1	197469184	197469603	w16850_3	-
P9	436.9	NC@U@142515.1	27919875	27920286	w46489_3	+
P9	436.6	NC@U@142518.1	39326801	39327214	w61268_3	+
P9	435.7	NC@U@142509.1	15824111	15824593	w31189_3	-
P9	433.7	NC@U@142502.1	26348037	26348444	w6575_3	+
P9	430.4	NC@U@142503.1	45401056	45401466	w12127_3	+
P9	429.5	NC@U@142507.1	40896327	40896758	w26824_3	+
P9	425.8	NC@U@142505.1	89444777	89445191	w23183_3	+
P9	422.6	NC@U@142503.1	192626914	192627325	w16740_3	-
P9	422.4	NC@U@142503.1	6706285	6706694	w11187_3	-
P9	421.5	NC@U@142501.1	90991365	90991772	w2955_3	-
P9	421	NC@U@142515.1	46243561	46244028	w46913_3	+
P9	418.7	NC@U@142512.1	26804655	26805095	w35936_3	+
P9	417.1	NC@U@142507.1	46472511	46472922	w27109_3	-
P9	407.3	NC@U@142514.1	147128625	147129070	w44288_3	+
P9	405.9	NC@U@142504.1	59325687	59326150	w18629_3	-
P9	405.3	NC@U@142502.1	122806618	122807099	w9149_3	-
P9	399.8	NC@U@142517.1	76513301	76513732	w56116_3	+
P9	389.2	NC@U@142506.1	31551015	31551416	w24312_3	+
P9	369.3	NC@U@142517.1	114868585	114868985	w57010_3	+
