fam	qs	qe
r8_83seqs	1	180
r8_83seqs	1	178
r8_83seqs	1	181
r8_83seqs	1	180
r8_83seqs	1	181
r8_83seqs	1	181
r8_83seqs	1	181
r8_83seqs	1	181
r8_83seqs	1	181
r8_83seqs	1	178
r8_83seqs	1	181
r8_83seqs	1	181
r8_83seqs	1	181
r8_83seqs	1	181
r8_83seqs	1	181
r8_83seqs	1	181
r8_83seqs	1	181
r8_83seqs	1	181
r8_83seqs	1	181
r8_83seqs	1	179
r8_83seqs	1	177
r8_83seqs	1	180
r8_83seqs	1	178
r8_83seqs	1	178
r8_83seqs	1	178
r8_83seqs	2	175
r8_83seqs	1	181
r8_83seqs	1	178
r8_83seqs	1	180
r8_83seqs	1	181
r8_83seqs	1	181
r8_83seqs	1	181
r8_83seqs	1	181
r8_83seqs	1	181
r8_83seqs	1	181
r8_83seqs	1	181
r8_83seqs	1	181
r8_83seqs	1	181
r8_83seqs	1	181
r8_83seqs	1	181
r8_83seqs	1	181
r8_83seqs	1	181
r8_83seqs	1	181
r8_83seqs	1	181
r8_83seqs	1	178
r8_83seqs	1	180
r8_83seqs	1	180
r8_83seqs	1	181
r8_83seqs	1	178
r8_83seqs	1	178
r8_83seqs	1	181
r8_83seqs	1	181
r8_83seqs	1	181
r8_83seqs	1	178
r8_83seqs	1	181
r8_83seqs	1	181
r8_83seqs	1	181
r8_83seqs	1	181
r8_83seqs	1	181
r8_83seqs	1	181
r8_83seqs	1	181
r8_83seqs	1	181
r8_83seqs	1	181
r8_83seqs	1	181
r8_83seqs	1	179
r8_83seqs	1	181
r8_83seqs	1	179
r8_83seqs	2	178
r8_83seqs	2	181
r8_83seqs	1	181
r8_83seqs	1	181
r8_83seqs	1	181
r8_83seqs	1	178
r8_83seqs	1	180
r8_83seqs	1	180
r8_83seqs	1	178
r8_83seqs	1	178
r8_83seqs	1	178
r8_83seqs	1	178
r8_83seqs	1	178
r8_83seqs	1	178
r8_83seqs	1	178
r8_83seqs	1	178
r8_83seqs	1	178
r8_83seqs	1	178
r8_83seqs	1	180
r8_83seqs	1	180
r8_83seqs	1	180
r8_83seqs	8	181
r8_83seqs	1	181
r8_83seqs	1	181
r8_83seqs	1	178
r8_83seqs	1	181
r8_83seqs	1	181
r8_83seqs	1	181
r8_83seqs	1	181
r8_83seqs	1	181
r8_83seqs	1	181
r8_83seqs	1	181
r8_83seqs	1	181
r8_83seqs	1	181
r8_83seqs	1	178
r8_83seqs	1	178
r8_83seqs	1	181
r8_83seqs	1	179
r8_83seqs	1	179
r8_83seqs	2	181
r8_83seqs	1	177
r8_83seqs	1	177
r8_83seqs	1	181
r8_83seqs	1	181
r8_83seqs	1	181
r8_83seqs	1	181
r8_83seqs	1	181
r8_83seqs	1	181
r8_83seqs	1	180
r8_83seqs	1	180
r8_83seqs	2	181
r8_83seqs	2	181
r8_83seqs	1	177
r8_83seqs	2	181
r8_83seqs	1	180
r8_83seqs	1	178
r8_83seqs	1	178
r8_83seqs	1	178
r8_83seqs	1	178
r8_83seqs	1	178
r8_83seqs	1	178
r8_83seqs	1	178
r8_83seqs	1	178
r8_83seqs	1	181
r8_83seqs	1	178
r8_83seqs	1	178
r8_83seqs	1	178
r8_83seqs	1	178
r8_83seqs	1	176
r8_83seqs	1	181
r8_83seqs	1	181
r8_83seqs	1	178
r8_83seqs	1	180
r8_83seqs	5	178
r8_83seqs	1	181
r8_83seqs	1	178
r8_83seqs	1	181
r8_83seqs	1	178
r8_83seqs	1	178
r8_83seqs	1	178
r8_83seqs	1	181
r8_83seqs	1	178
r8_83seqs	1	181
r8_83seqs	1	181
r8_83seqs	1	181
r8_83seqs	1	181
r8_83seqs	1	181
r8_83seqs	1	178
r8_83seqs	1	181
r8_83seqs	1	181
r8_83seqs	1	181
r8_83seqs	1	181
r8_83seqs	1	181
r8_83seqs	1	181
r8_83seqs	1	181
r8_83seqs	1	181
r8_83seqs	1	181
r8_83seqs	1	178
r8_83seqs	1	178
r8_83seqs	3	181
r8_83seqs	1	179
r8_83seqs	6	181
r8_83seqs	9	178
r8_83seqs	1	181
r8_83seqs	2	178
r8_83seqs	1	177
r8_83seqs	2	181
r8_83seqs	1	181
r8_83seqs	1	178
r8_83seqs	1	181
r8_83seqs	2	181
r8_83seqs	1	181
r8_83seqs	1	181
r8_83seqs	1	181
r8_83seqs	1	181
r8_83seqs	1	181
r8_83seqs	1	181
r8_83seqs	1	181
r8_83seqs	1	181
r8_83seqs	1	181
r8_83seqs	1	181
r8_83seqs	1	181
r8_83seqs	1	175
r8_83seqs	1	178
r8_83seqs	1	179
r8_83seqs	1	164
r8_83seqs	1	180
r8_83seqs	1	180
r8_83seqs	1	180
r8_83seqs	1	180
r8_83seqs	2	181
r8_83seqs	1	180
r8_83seqs	1	178
r8_83seqs	1	178
r8_83seqs	1	181
r8_83seqs	1	178
r8_83seqs	1	178
r8_83seqs	1	178
r8_83seqs	1	178
r8_83seqs	1	178
r8_83seqs	1	178
r8_83seqs	1	178
r8_83seqs	1	178
r8_83seqs	1	178
r8_83seqs	1	178
r8_83seqs	1	178
r8_83seqs	1	178
r8_83seqs	1	178
r8_83seqs	1	178
r8_83seqs	1	178
r8_83seqs	1	181
r8_83seqs	2	181
r8_83seqs	1	181
r8_83seqs	1	178
r8_83seqs	1	178
r8_83seqs	1	178
r8_83seqs	1	178
r8_83seqs	1	181
r8_83seqs	1	179
r8_83seqs	1	181
r8_83seqs	1	181
r8_83seqs	1	181
r8_83seqs	1	176
r8_83seqs	1	178
r8_83seqs	1	178
r8_83seqs	1	181
r8_83seqs	1	178
r8_83seqs	1	178
r8_83seqs	1	180
r8_83seqs	1	180
r8_83seqs	1	180
r8_83seqs	1	180
r8_83seqs	1	178
r8_83seqs	1	178
r8_83seqs	1	181
r8_83seqs	1	178
r8_83seqs	1	181
r8_83seqs	1	178
r8_83seqs	1	181
r8_83seqs	1	181
r8_83seqs	1	181
r8_83seqs	1	181
r8_83seqs	1	181
r8_83seqs	1	181
r8_83seqs	1	181
r8_83seqs	1	181
r8_83seqs	1	181
r8_83seqs	1	181
r8_83seqs	1	178
r8_83seqs	1	181
r8_83seqs	1	181
r8_83seqs	1	181
r8_83seqs	1	181
r8_83seqs	1	181
r8_83seqs	1	181
r8_83seqs	1	181
r8_83seqs	1	181
r8_83seqs	1	181
r8_83seqs	1	181
r8_83seqs	1	181
r8_83seqs	1	181
r8_83seqs	2	177
r8_83seqs	2	178
r8_83seqs	1	178
r8_83seqs	1	181
r8_83seqs	1	180
r8_83seqs	1	179
r8_83seqs	1	179
r8_83seqs	1	176
r8_83seqs	5	180
r8_83seqs	1	181
r8_83seqs	1	181
r8_83seqs	1	177
r8_83seqs	1	177
r8_83seqs	1	177
r8_83seqs	2	176
r8_83seqs	1	181
r8_83seqs	1	181
r8_83seqs	1	178
r8_83seqs	1	181
r8_83seqs	1	181
r8_83seqs	1	181
r8_83seqs	1	181
r8_83seqs	1	181
r8_83seqs	1	181
r8_83seqs	1	181
r8_83seqs	1	181
r8_83seqs	1	181
r8_83seqs	1	181
r8_83seqs	1	181
r8_83seqs	1	181
r8_83seqs	1	181
r8_83seqs	2	178
r8_83seqs	1	179
r8_83seqs	2	178
r8_83seqs	9	181
r8_83seqs	1	173
r8_83seqs	1	178
r8_83seqs	1	181
r8_83seqs	3	178
r8_83seqs	1	181
r8_83seqs	1	180
r8_83seqs	2	178
r8_83seqs	1	180
r8_83seqs	2	181
r8_83seqs	1	180
r8_83seqs	2	181
r8_83seqs	2	181
r8_83seqs	5	181
r8_83seqs	7	177
r8_83seqs	1	178
r8_83seqs	1	178
r8_83seqs	1	178
r8_83seqs	1	178
r8_83seqs	1	178
r8_83seqs	1	178
r8_83seqs	1	178
r8_83seqs	1	178
r8_83seqs	1	178
r8_83seqs	1	178
r8_83seqs	1	178
r8_83seqs	1	178
r8_83seqs	1	178
r8_83seqs	1	178
r8_83seqs	1	178
r8_83seqs	1	178
r8_83seqs	1	181
r8_83seqs	1	178
r8_83seqs	1	178
r8_83seqs	1	178
r8_83seqs	1	180
r8_83seqs	1	181
r8_83seqs	1	181
r8_83seqs	1	181
r8_83seqs	1	181
r8_83seqs	1	181
r8_83seqs	1	181
r8_83seqs	2	181
r8_83seqs	1	181
r8_83seqs	1	181
r8_83seqs	1	181
r8_83seqs	1	176
r8_83seqs	1	179
r8_83seqs	1	179
r8_83seqs	1	180
r8_83seqs	1	180
r8_83seqs	2	180
r8_83seqs	2	181
r8_83seqs	6	179
r8_83seqs	1	181
r8_83seqs	1	181
r8_83seqs	1	178
r8_83seqs	2	179
r8_83seqs	1	178
r8_83seqs	1	181
r8_83seqs	1	178
r8_83seqs	1	178
r8_83seqs	1	181
r8_83seqs	1	178
r8_83seqs	1	181
r8_83seqs	1	181
r8_83seqs	1	181
r8_83seqs	1	181
r8_83seqs	1	181
r8_83seqs	1	181
r8_83seqs	1	181
r8_83seqs	1	181
r8_83seqs	1	178
r8_83seqs	1	181
r8_83seqs	1	181
r8_83seqs	1	181
r8_83seqs	1	181
r8_83seqs	1	181
r8_83seqs	1	181
r8_83seqs	1	181
r8_83seqs	1	181
r8_83seqs	1	181
r8_83seqs	1	181
r8_83seqs	1	178
r8_83seqs	1	178
r8_83seqs	1	178
r8_83seqs	9	180
r8_83seqs	1	178
r8_83seqs	1	181
r8_83seqs	1	181
r8_83seqs	1	179
r8_83seqs	1	181
r8_83seqs	3	181
r8_83seqs	3	181
r8_83seqs	1	181
r8_83seqs	1	181
r8_83seqs	1	179
r8_83seqs	1	176
r8_83seqs	1	178
r8_83seqs	1	181
r8_83seqs	1	181
r8_83seqs	2	178
r8_83seqs	3	181
r8_83seqs	2	181
r8_83seqs	1	177
r8_83seqs	2	181
r8_83seqs	2	178
r8_83seqs	2	181
r8_83seqs	1	181
r8_83seqs	1	181
r8_83seqs	1	178
r8_83seqs	1	180
r8_83seqs	1	181
r8_83seqs	1	178
r8_83seqs	2	181
r8_83seqs	1	181
r8_83seqs	1	181
r8_83seqs	1	181
r8_83seqs	1	181
r8_83seqs	1	181
r8_83seqs	1	181
r8_83seqs	1	181
r8_83seqs	1	178
r8_83seqs	1	181
r8_83seqs	1	181
r8_83seqs	1	181
r8_83seqs	1	181
r8_83seqs	1	181
r8_83seqs	1	176
r8_83seqs	1	181
r8_83seqs	1	181
r8_83seqs	1	178
r8_83seqs	3	181
r8_83seqs	1	164
r8_83seqs	1	181
r8_83seqs	1	180
r8_83seqs	2	178
r8_83seqs	1	181
r8_83seqs	1	180
r8_83seqs	2	181
r8_83seqs	1	180
r8_83seqs	1	180
r8_83seqs	2	181
r8_83seqs	1	177
r8_83seqs	1	178
r8_83seqs	1	181
r8_83seqs	1	178
r8_83seqs	1	178
r8_83seqs	1	178
r8_83seqs	1	178
r8_83seqs	1	178
r8_83seqs	1	178
r8_83seqs	1	178
r8_83seqs	1	178
r8_83seqs	1	178
r8_83seqs	1	178
r8_83seqs	1	178
r8_83seqs	1	178
r8_83seqs	1	178
r8_83seqs	1	180
r8_83seqs	1	178
r8_83seqs	1	181
r8_83seqs	2	181
r8_83seqs	1	181
r8_83seqs	1	181
r8_83seqs	1	181
r8_83seqs	1	178
r8_83seqs	1	178
r8_83seqs	1	178
r8_83seqs	1	178
r8_83seqs	1	179
r8_83seqs	1	179
r8_83seqs	1	178
r8_83seqs	1	178
r8_83seqs	1	181
r8_83seqs	1	179
r8_83seqs	2	181
r8_83seqs	1	180
r8_83seqs	1	177
r8_83seqs	1	177
r8_83seqs	2	181
r8_83seqs	2	181
r8_83seqs	1	180
r8_83seqs	1	180
r8_83seqs	1	180
r8_83seqs	1	180
r8_83seqs	1	181
r8_83seqs	1	177
r8_83seqs	1	178
r8_83seqs	1	181
r8_83seqs	1	178
r8_83seqs	1	178
r8_83seqs	1	178
r8_83seqs	1	181
r8_83seqs	1	181
r8_83seqs	1	181
r8_83seqs	1	181
r8_83seqs	1	181
r8_83seqs	1	181
r8_83seqs	1	181
r8_83seqs	1	181
r8_83seqs	1	181
r8_83seqs	1	181
r8_83seqs	1	181
r8_83seqs	1	181
r8_83seqs	1	181
r8_83seqs	1	181
r8_83seqs	1	181
r8_83seqs	1	181
r8_83seqs	1	181
r8_83seqs	1	181
r8_83seqs	1	181
r8_83seqs	1	181
r8_83seqs	1	181
r8_83seqs	1	181
r8_83seqs	1	181
r8_83seqs	1	180
r8_83seqs	1	177
r8_83seqs	1	181
r8_83seqs	1	178
r8_83seqs	1	178
r8_83seqs	1	178
r8_83seqs	2	178
r8_83seqs	1	178
r8_83seqs	1	181
r8_83seqs	1	179
r8_83seqs	2	180
r8_83seqs	1	181
r8_83seqs	1	181
r8_83seqs	1	180
r8_83seqs	1	178
r8_83seqs	2	177
r8_83seqs	1	176
r8_83seqs	1	181
r8_83seqs	1	177
r8_83seqs	1	178
r8_83seqs	1	181
r8_83seqs	1	178
r8_83seqs	1	181
r8_83seqs	1	181
r8_83seqs	1	181
r8_83seqs	1	181
r8_83seqs	1	181
r8_83seqs	1	178
r8_83seqs	1	181
r8_83seqs	1	181
r8_83seqs	1	181
r8_83seqs	1	181
r8_83seqs	1	181
r8_83seqs	1	181
r8_83seqs	1	181
r8_83seqs	1	181
r8_83seqs	1	181
r8_83seqs	1	181
r8_83seqs	1	181
r8_83seqs	1	181
r8_83seqs	1	181
r8_83seqs	1	181
r8_83seqs	1	181
r8_83seqs	1	181
r8_83seqs	1	181
r8_83seqs	1	181
r8_83seqs	1	181
r8_83seqs	1	178
r8_83seqs	1	175
r8_83seqs	1	178
r8_83seqs	1	178
r8_83seqs	1	181
r8_83seqs	1	178
r8_83seqs	1	179
r8_83seqs	1	178
r8_83seqs	1	178
r8_83seqs	1	178
r8_83seqs	1	164
r8_83seqs	1	178
r8_83seqs	1	179
r8_83seqs	1	179
r8_83seqs	1	181
r8_83seqs	3	181
r8_83seqs	1	178
r8_83seqs	1	178
r8_83seqs	1	178
r8_83seqs	1	178
r8_83seqs	1	179
r8_83seqs	1	179
r8_83seqs	1	164
r8_83seqs	1	164
r8_83seqs	1	164
r8_83seqs	1	181
r8_83seqs	1	181
r8_83seqs	2	181
r8_83seqs	1	180
r8_83seqs	1	180
r8_83seqs	2	178
r8_83seqs	1	180
r8_83seqs	1	180
r8_83seqs	1	180
r8_83seqs	3	178
r8_83seqs	1	177
r8_83seqs	1	177
r8_83seqs	1	177
r8_83seqs	2	178
r8_83seqs	1	178
r8_83seqs	1	178
r8_83seqs	1	178
r8_83seqs	1	181
r8_83seqs	1	178
r8_83seqs	1	178
r8_83seqs	1	178
r8_83seqs	1	178
r8_83seqs	1	178
r8_83seqs	1	178
r8_83seqs	1	178
r8_83seqs	1	178
r8_83seqs	1	178
r8_83seqs	1	178
r8_83seqs	1	178
r8_83seqs	1	180
r8_83seqs	1	178
r8_83seqs	1	181
r8_83seqs	1	178
r8_83seqs	1	181
r8_83seqs	1	180
r8_83seqs	1	180
r8_83seqs	1	178
r8_83seqs	1	178
r8_83seqs	1	178
r8_83seqs	1	181
r8_83seqs	1	181
r8_83seqs	1	178
r8_83seqs	1	181
r8_83seqs	6	181
r8_83seqs	1	181
r8_83seqs	1	181
r8_83seqs	1	176
r8_83seqs	1	176
r8_83seqs	1	178
r8_83seqs	1	173
r8_83seqs	1	178
r8_83seqs	1	181
r8_83seqs	1	174
r8_83seqs	1	178
r8_83seqs	1	175
r8_83seqs	1	179
r8_83seqs	2	172
r8_83seqs	3	181
r8_83seqs	1	180
r8_83seqs	1	180
r8_83seqs	2	181
r8_83seqs	2	178
r8_83seqs	1	180
r8_83seqs	1	180
r8_83seqs	1	165
r8_83seqs	2	181
r8_83seqs	1	178
r8_83seqs	1	178
r8_83seqs	1	178
r8_83seqs	1	181
r8_83seqs	1	177
r8_83seqs	1	178
r8_83seqs	1	181
r8_83seqs	1	178
r8_83seqs	1	178
r8_83seqs	1	178
r8_83seqs	1	178
r8_83seqs	1	178
r8_83seqs	1	178
r8_83seqs	1	181
r8_83seqs	1	181
r8_83seqs	1	181
r8_83seqs	1	181
r8_83seqs	1	178
r8_83seqs	1	181
r8_83seqs	1	178
r8_83seqs	1	181
r8_83seqs	1	181
r8_83seqs	1	181
r8_83seqs	1	181
r8_83seqs	1	181
r8_83seqs	1	181
r8_83seqs	1	181
r8_83seqs	1	181
r8_83seqs	1	178
r8_83seqs	1	181
r8_83seqs	1	181
r8_83seqs	1	181
r8_83seqs	1	181
r8_83seqs	1	181
r8_83seqs	1	178
r8_83seqs	1	181
r8_83seqs	1	178
r8_83seqs	1	181
r8_83seqs	1	178
r8_83seqs	1	180
r8_83seqs	1	181
r8_83seqs	1	178
r8_83seqs	2	164
r8_83seqs	1	180
r8_83seqs	1	181
r8_83seqs	1	180
r8_83seqs	2	177
r8_83seqs	1	181
r8_83seqs	1	181
r8_83seqs	1	181
r8_83seqs	3	178
r8_83seqs	1	181
r8_83seqs	1	181
r8_83seqs	1	178
r8_83seqs	1	178
r8_83seqs	2	178
r8_83seqs	1	181
r8_83seqs	9	181
r8_83seqs	1	180
r8_83seqs	2	181
r8_83seqs	1	177
r8_83seqs	1	178
r8_83seqs	1	181
r8_83seqs	1	180
r8_83seqs	1	181
r8_83seqs	1	178
r8_83seqs	1	177
r8_83seqs	2	179
r8_83seqs	1	181
r8_83seqs	1	181
r8_83seqs	1	181
r8_83seqs	1	181
r8_83seqs	1	181
r8_83seqs	1	181
r8_83seqs	1	181
r8_83seqs	1	181
r8_83seqs	1	181
r8_83seqs	1	181
r8_83seqs	1	181
r8_83seqs	1	181
r8_83seqs	1	181
r8_83seqs	1	181
r8_83seqs	1	181
r8_83seqs	1	178
r8_83seqs	1	181
r8_83seqs	1	181
r8_83seqs	1	181
r8_83seqs	1	181
r8_83seqs	1	181
r8_83seqs	1	181
r8_83seqs	7	181
r8_83seqs	1	181
r8_83seqs	1	181
r8_83seqs	4	178
r8_83seqs	1	180
r8_83seqs	1	170
r8_83seqs	1	178
r8_83seqs	1	181
r8_83seqs	1	180
r8_83seqs	5	181
r8_83seqs	1	178
r8_83seqs	9	178
r8_83seqs	1	176
r8_83seqs	1	170
r8_83seqs	1	164
r8_83seqs	1	178
r8_83seqs	1	181
r8_83seqs	1	177
r8_83seqs	2	178
r8_83seqs	1	181
r8_83seqs	1	181
r8_83seqs	1	180
r8_83seqs	1	180
r8_83seqs	2	181
r8_83seqs	1	180
r8_83seqs	5	181
r8_83seqs	1	177
r8_83seqs	1	178
r8_83seqs	1	180
r8_83seqs	1	178
r8_83seqs	1	178
r8_83seqs	1	178
r8_83seqs	1	178
r8_83seqs	1	178
r8_83seqs	1	178
r8_83seqs	1	178
r8_83seqs	1	178
r8_83seqs	1	178
r8_83seqs	1	178
r8_83seqs	1	181
r8_83seqs	1	180
r8_83seqs	1	181
r8_83seqs	1	179
r8_83seqs	1	181
r8_83seqs	1	178
r8_83seqs	1	178
r8_83seqs	1	181
r8_83seqs	1	178
r8_83seqs	1	178
r8_83seqs	2	179
r8_83seqs	1	181
r8_83seqs	2	181
r8_83seqs	1	175
r8_83seqs	1	170
r8_83seqs	1	178
r8_83seqs	1	176
r8_83seqs	1	178
r8_83seqs	1	180
r8_83seqs	1	181
r8_83seqs	1	178
r8_83seqs	1	181
r8_83seqs	1	176
r8_83seqs	1	178
r8_83seqs	2	180
r8_83seqs	15	181
r8_83seqs	1	179
r8_83seqs	1	180
r8_83seqs	1	181
r8_83seqs	1	180
r8_83seqs	1	180
r8_83seqs	1	180
r8_83seqs	1	180
r8_83seqs	1	180
r8_83seqs	1	180
r8_83seqs	2	181
r8_83seqs	1	180
r8_83seqs	11	181
r8_83seqs	7	180
r8_83seqs	1	177
r8_83seqs	1	181
r8_83seqs	1	181
r8_83seqs	1	178
r8_83seqs	1	177
r8_83seqs	1	178
r8_83seqs	1	181
r8_83seqs	1	178
r8_83seqs	1	178
r8_83seqs	1	181
r8_83seqs	1	181
r8_83seqs	1	178
r8_83seqs	1	178
r8_83seqs	1	181
r8_83seqs	1	181
r8_83seqs	1	178
r8_83seqs	1	178
r8_83seqs	1	181
r8_83seqs	1	181
r8_83seqs	1	178
r8_83seqs	1	178
r8_83seqs	1	181
r8_83seqs	1	178
r8_83seqs	1	181
r8_83seqs	1	181
r8_83seqs	1	178
r8_83seqs	1	181
r8_83seqs	1	181
r8_83seqs	1	181
r8_83seqs	1	178
r8_83seqs	1	178
r8_83seqs	1	178
r8_83seqs	1	181
r8_83seqs	1	177
r8_83seqs	1	179
r8_83seqs	1	181
r8_83seqs	1	179
r8_83seqs	1	181
r8_83seqs	1	181
r8_83seqs	1	181
r8_83seqs	1	179
r8_83seqs	2	177
r8_83seqs	1	176
r8_83seqs	1	181
r8_83seqs	1	181
r8_83seqs	1	170
r8_83seqs	1	181
r8_83seqs	1	174
r8_83seqs	1	181
r8_83seqs	1	177
r8_83seqs	1	181
r8_83seqs	1	177
r8_83seqs	1	180
r8_83seqs	1	180
r8_83seqs	1	177
r8_83seqs	2	178
r8_83seqs	1	180
r8_83seqs	19	181
r8_83seqs	1	181
r8_83seqs	1	181
r8_83seqs	1	180
r8_83seqs	1	178
r8_83seqs	1	181
r8_83seqs	1	181
r8_83seqs	1	181
r8_83seqs	1	181
r8_83seqs	1	181
r8_83seqs	1	181
r8_83seqs	1	181
r8_83seqs	1	177
r8_83seqs	1	181
r8_83seqs	1	181
r8_83seqs	1	181
r8_83seqs	1	181
r8_83seqs	1	181
r8_83seqs	1	181
r8_83seqs	1	181
r8_83seqs	1	180
r8_83seqs	1	181
r8_83seqs	1	181
r8_83seqs	1	181
r8_83seqs	1	181
r8_83seqs	1	181
r8_83seqs	1	181
r8_83seqs	1	181
r8_83seqs	1	181
r8_83seqs	1	181
r8_83seqs	1	178
r8_83seqs	1	181
r8_83seqs	1	179
r8_83seqs	1	178
r8_83seqs	1	179
r8_83seqs	1	181
r8_83seqs	1	173
r8_83seqs	1	181
r8_83seqs	1	181
r8_83seqs	4	181
r8_83seqs	1	177
r8_83seqs	1	179
r8_83seqs	1	179
r8_83seqs	1	179
r8_83seqs	1	179
r8_83seqs	1	164
r8_83seqs	1	181
r8_83seqs	1	178
r8_83seqs	1	180
r8_83seqs	1	177
r8_83seqs	1	181
r8_83seqs	1	181
r8_83seqs	2	181
r8_83seqs	1	180
r8_83seqs	1	180
r8_83seqs	2	181
r8_83seqs	1	177
r8_83seqs	1	177
r8_83seqs	1	177
r8_83seqs	1	177
r8_83seqs	2	181
r8_83seqs	1	173
r8_83seqs	1	180
r8_83seqs	1	181
r8_83seqs	1	178
r8_83seqs	1	178
r8_83seqs	1	180
r8_83seqs	1	178
r8_83seqs	2	178
r8_83seqs	1	178
r8_83seqs	2	181
r8_83seqs	2	181
r8_83seqs	1	181
r8_83seqs	1	181
r8_83seqs	1	181
r8_83seqs	1	181
r8_83seqs	1	181
r8_83seqs	1	178
r8_83seqs	1	181
r8_83seqs	1	181
r8_83seqs	1	178
r8_83seqs	1	178
r8_83seqs	1	181
r8_83seqs	1	175
r8_83seqs	1	175
r8_83seqs	1	181
r8_83seqs	1	178
r8_83seqs	1	177
r8_83seqs	1	178
r8_83seqs	1	176
r8_83seqs	1	178
r8_83seqs	1	179
r8_83seqs	1	178
r8_83seqs	1	180
r8_83seqs	1	178
r8_83seqs	3	181
r8_83seqs	1	180
r8_83seqs	2	181
r8_83seqs	1	177
r8_83seqs	1	181
r8_83seqs	1	181
r8_83seqs	1	180
r8_83seqs	2	181
r8_83seqs	9	181
r8_83seqs	1	178
r8_83seqs	1	181
r8_83seqs	1	181
r8_83seqs	2	180
r8_83seqs	1	180
r8_83seqs	1	181
r8_83seqs	1	181
r8_83seqs	1	181
r8_83seqs	1	181
r8_83seqs	1	178
r8_83seqs	1	181
r8_83seqs	2	180
r8_83seqs	1	180
r8_83seqs	1	178
r8_83seqs	1	181
r8_83seqs	2	181
r8_83seqs	1	181
r8_83seqs	9	181
r8_83seqs	1	178
r8_83seqs	1	178
r8_83seqs	1	180
r8_83seqs	1	177
r8_83seqs	5	178
r8_83seqs	1	180
r8_83seqs	1	178
r8_83seqs	12	181
r8_83seqs	1	181
r8_83seqs	2	178
r8_83seqs	1	181
r8_83seqs	2	178
r8_83seqs	1	178
r8_83seqs	1	178
r8_83seqs	1	178
r8_83seqs	1	178
r8_83seqs	1	178
r8_83seqs	1	178
r8_83seqs	1	178
r8_83seqs	1	178
r8_83seqs	1	181
r8_83seqs	1	181
r8_83seqs	1	181
r8_83seqs	1	181
r8_83seqs	1	181
r8_83seqs	1	178
r8_83seqs	1	178
r8_83seqs	1	181
r8_83seqs	1	181
r8_83seqs	1	181
r8_83seqs	1	181
r8_83seqs	1	181
r8_83seqs	1	181
r8_83seqs	1	178
r8_83seqs	1	178
r8_83seqs	1	180
r8_83seqs	1	179
r8_83seqs	1	179
r8_83seqs	1	181
r8_83seqs	1	181
r8_83seqs	5	180
r8_83seqs	9	178
r8_83seqs	1	176
r8_83seqs	1	176
r8_83seqs	1	181
r8_83seqs	1	181
r8_83seqs	1	178
r8_83seqs	1	181
r8_83seqs	1	181
r8_83seqs	1	180
r8_83seqs	6	178
r8_83seqs	2	181
r8_83seqs	1	181
r8_83seqs	1	181
r8_83seqs	1	177
r8_83seqs	1	181
r8_83seqs	1	178
r8_83seqs	1	181
r8_83seqs	1	181
r8_83seqs	1	181
r8_83seqs	1	181
r8_83seqs	1	181
r8_83seqs	1	181
r8_83seqs	1	181
r8_83seqs	1	178
r8_83seqs	1	181
r8_83seqs	1	181
r8_83seqs	1	178
r8_83seqs	1	181
r8_83seqs	1	181
r8_83seqs	1	181
r8_83seqs	1	178
r8_83seqs	1	181
r8_83seqs	1	181
r8_83seqs	1	181
r8_83seqs	1	180
r8_83seqs	1	181
r8_83seqs	1	181
r8_83seqs	1	181
r8_83seqs	1	181
r8_83seqs	1	181
r8_83seqs	1	181
r8_83seqs	1	178
r8_83seqs	1	181
r8_83seqs	1	174
r8_83seqs	2	178
r8_83seqs	3	181
r8_83seqs	1	179
r8_83seqs	1	179
r8_83seqs	1	181
r8_83seqs	1	179
r8_83seqs	1	178
r8_83seqs	2	178
r8_83seqs	1	179
r8_83seqs	1	181
r8_83seqs	1	179
r8_83seqs	1	179
r8_83seqs	1	179
r8_83seqs	3	181
r8_83seqs	17	180
r8_83seqs	1	164
r8_83seqs	1	164
r8_83seqs	1	164
r8_83seqs	1	178
r8_83seqs	2	178
r8_83seqs	1	181
r8_83seqs	1	177
r8_83seqs	1	178
r8_83seqs	1	177
r8_83seqs	2	181
r8_83seqs	1	178
r8_83seqs	1	177
r8_83seqs	2	181
r8_83seqs	2	178
r8_83seqs	1	180
r8_83seqs	1	177
r8_83seqs	1	180
r8_83seqs	17	178
r8_83seqs	5	181
r8_83seqs	1	178
r8_83seqs	1	179
r8_83seqs	2	170
r8_83seqs	1	178
r8_83seqs	1	178
r8_83seqs	1	181
r8_83seqs	1	181
r8_83seqs	1	180
r8_83seqs	1	181
r8_83seqs	1	181
r8_83seqs	2	180
r8_83seqs	1	181
r8_83seqs	1	181
r8_83seqs	1	181
r8_83seqs	1	181
r8_83seqs	1	181
r8_83seqs	1	178
r8_83seqs	1	178
r8_83seqs	1	181
r8_83seqs	1	178
r8_83seqs	1	178
r8_83seqs	1	178
r8_83seqs	1	178
r8_83seqs	1	181
r8_83seqs	2	178
r8_83seqs	2	178
r8_83seqs	1	178
r8_83seqs	1	178
r8_83seqs	1	181
r8_83seqs	1	181
r8_83seqs	3	181
r8_83seqs	1	178
r8_83seqs	2	178
r8_83seqs	7	179
r8_83seqs	1	164
r8_83seqs	1	181
r8_83seqs	2	181
r8_83seqs	1	178
r8_83seqs	1	181
r8_83seqs	6	181
r8_83seqs	1	180
r8_83seqs	2	181
r8_83seqs	2	178
r8_83seqs	1	180
r8_83seqs	1	180
r8_83seqs	1	180
r8_83seqs	1	180
r8_83seqs	1	178
r8_83seqs	1	181
r8_83seqs	1	181
r8_83seqs	1	181
r8_83seqs	1	181
r8_83seqs	1	178
r8_83seqs	1	178
r8_83seqs	1	181
r8_83seqs	1	178
r8_83seqs	1	181
r8_83seqs	1	178
r8_83seqs	1	178
r8_83seqs	1	181
r8_83seqs	1	181
r8_83seqs	1	181
r8_83seqs	1	181
r8_83seqs	1	181
r8_83seqs	1	181
r8_83seqs	1	181
r8_83seqs	1	178
r8_83seqs	1	181
r8_83seqs	1	178
r8_83seqs	1	181
r8_83seqs	1	178
r8_83seqs	1	178
r8_83seqs	1	181
r8_83seqs	1	181
r8_83seqs	1	181
r8_83seqs	1	181
r8_83seqs	1	181
r8_83seqs	1	181
r8_83seqs	1	181
r8_83seqs	3	178
r8_83seqs	6	181
r8_83seqs	2	178
r8_83seqs	1	176
r8_83seqs	6	177
r8_83seqs	1	178
r8_83seqs	1	181
r8_83seqs	1	178
r8_83seqs	1	181
r8_83seqs	1	178
r8_83seqs	1	180
r8_83seqs	1	181
r8_83seqs	1	180
r8_83seqs	1	177
r8_83seqs	1	180
r8_83seqs	4	180
r8_83seqs	2	181
r8_83seqs	2	181
r8_83seqs	3	181
r8_83seqs	2	181
r8_83seqs	1	177
r8_83seqs	1	180
r8_83seqs	8	181
r8_83seqs	1	165
r8_83seqs	1	178
r8_83seqs	1	181
r8_83seqs	1	181
r8_83seqs	1	178
r8_83seqs	1	181
r8_83seqs	1	177
r8_83seqs	1	181
r8_83seqs	1	181
r8_83seqs	1	181
r8_83seqs	1	181
r8_83seqs	1	181
r8_83seqs	1	181
r8_83seqs	1	181
r8_83seqs	1	181
r8_83seqs	1	181
r8_83seqs	1	181
r8_83seqs	1	180
r8_83seqs	1	181
r8_83seqs	1	181
r8_83seqs	1	181
r8_83seqs	1	181
r8_83seqs	2	176
r8_83seqs	1	181
r8_83seqs	1	181
r8_83seqs	1	166
r8_83seqs	1	177
r8_83seqs	1	181
r8_83seqs	1	178
r8_83seqs	1	179
r8_83seqs	1	178
r8_83seqs	1	164
r8_83seqs	1	164
r8_83seqs	1	164
r8_83seqs	1	164
r8_83seqs	1	181
r8_83seqs	1	181
r8_83seqs	1	176
r8_83seqs	2	178
r8_83seqs	1	178
r8_83seqs	1	181
r8_83seqs	1	180
r8_83seqs	1	177
r8_83seqs	2	181
r8_83seqs	1	181
r8_83seqs	1	177
r8_83seqs	1	180
r8_83seqs	2	178
r8_83seqs	1	177
r8_83seqs	2	181
r8_83seqs	1	181
r8_83seqs	1	177
r8_83seqs	1	180
r8_83seqs	1	177
r8_83seqs	1	181
r8_83seqs	1	177
r8_83seqs	1	178
r8_83seqs	1	178
r8_83seqs	2	178
r8_83seqs	1	178
r8_83seqs	1	178
r8_83seqs	1	178
r8_83seqs	2	179
r8_83seqs	1	181
r8_83seqs	1	178
r8_83seqs	1	180
r8_83seqs	1	181
r8_83seqs	1	181
r8_83seqs	1	181
r8_83seqs	1	180
r8_83seqs	1	180
r8_83seqs	1	181
r8_83seqs	1	181
r8_83seqs	1	177
r8_83seqs	1	181
r8_83seqs	1	181
r8_83seqs	2	179
r8_83seqs	2	176
r8_83seqs	1	181
r8_83seqs	1	177
r8_83seqs	1	181
r8_83seqs	1	178
r8_83seqs	1	179
r8_83seqs	1	178
r8_83seqs	1	181
r8_83seqs	1	181
r8_83seqs	1	178
r8_83seqs	1	164
r8_83seqs	2	181
r8_83seqs	1	181
r8_83seqs	1	178
r8_83seqs	2	180
r8_83seqs	9	181
r8_83seqs	22	170
r8_83seqs	1	178
r8_83seqs	4	177
r8_83seqs	1	181
r8_83seqs	1	180
r8_83seqs	1	180
r8_83seqs	1	180
r8_83seqs	1	179
r8_83seqs	1	180
r8_83seqs	1	180
r8_83seqs	1	180
r8_83seqs	1	180
r8_83seqs	1	174
r8_83seqs	1	174
r8_83seqs	1	181
r8_83seqs	1	178
r8_83seqs	1	178
r8_83seqs	1	178
r8_83seqs	1	181
r8_83seqs	1	181
r8_83seqs	1	178
r8_83seqs	1	178
r8_83seqs	1	178
r8_83seqs	1	178
r8_83seqs	1	178
r8_83seqs	1	178
r8_83seqs	1	178
r8_83seqs	1	178
r8_83seqs	1	181
r8_83seqs	1	181
r8_83seqs	1	181
r8_83seqs	1	181
r8_83seqs	1	178
r8_83seqs	1	181
r8_83seqs	1	181
r8_83seqs	1	181
r8_83seqs	1	178
r8_83seqs	2	179
r8_83seqs	1	178
r8_83seqs	1	181
r8_83seqs	1	178
r8_83seqs	1	179
r8_83seqs	1	163
r8_83seqs	1	165
r8_83seqs	1	179
r8_83seqs	1	179
r8_83seqs	6	181
r8_83seqs	1	181
r8_83seqs	1	181
r8_83seqs	1	181
r8_83seqs	1	181
r8_83seqs	1	181
r8_83seqs	1	181
r8_83seqs	1	181
r8_83seqs	1	181
r8_83seqs	1	181
r8_83seqs	1	181
r8_83seqs	2	181
r8_83seqs	1	180
r8_83seqs	1	181
r8_83seqs	1	179
r8_83seqs	1	181
r8_83seqs	1	178
r8_83seqs	1	181
r8_83seqs	1	178
r8_83seqs	1	174
r8_83seqs	1	181
r8_83seqs	1	178
r8_83seqs	1	181
r8_83seqs	3	181
r8_83seqs	1	181
r8_83seqs	1	181
r8_83seqs	1	180
r8_83seqs	1	180
r8_83seqs	2	177
r8_83seqs	1	180
r8_83seqs	1	180
r8_83seqs	1	164
r8_83seqs	1	181
r8_83seqs	1	181
r8_83seqs	1	181
r8_83seqs	1	181
r8_83seqs	1	181
r8_83seqs	1	181
r8_83seqs	1	178
r8_83seqs	1	181
r8_83seqs	1	181
r8_83seqs	1	181
r8_83seqs	1	178
r8_83seqs	1	181
r8_83seqs	1	181
r8_83seqs	1	178
r8_83seqs	1	181
r8_83seqs	1	181
r8_83seqs	1	181
r8_83seqs	1	181
r8_83seqs	2	180
r8_83seqs	1	181
r8_83seqs	1	178
r8_83seqs	1	181
r8_83seqs	1	181
r8_83seqs	1	181
r8_83seqs	1	181
r8_83seqs	2	181
r8_83seqs	1	181
r8_83seqs	5	181
r8_83seqs	7	180
r8_83seqs	1	181
r8_83seqs	1	181
r8_83seqs	10	178
r8_83seqs	1	172
r8_83seqs	2	181
r8_83seqs	2	181
r8_83seqs	1	181
r8_83seqs	1	178
r8_83seqs	1	178
r8_83seqs	1	178
r8_83seqs	1	179
r8_83seqs	1	179
r8_83seqs	1	181
r8_83seqs	1	164
r8_83seqs	2	180
r8_83seqs	1	181
r8_83seqs	1	177
r8_83seqs	1	164
r8_83seqs	1	181
r8_83seqs	1	181
r8_83seqs	1	179
r8_83seqs	1	181
r8_83seqs	1	164
r8_83seqs	1	164
r8_83seqs	6	181
r8_83seqs	1	180
r8_83seqs	8	181
r8_83seqs	1	181
r8_83seqs	1	181
r8_83seqs	1	180
r8_83seqs	1	181
r8_83seqs	1	180
r8_83seqs	1	181
r8_83seqs	2	180
r8_83seqs	1	177
r8_83seqs	1	181
r8_83seqs	1	177
r8_83seqs	1	179
r8_83seqs	3	176
r8_83seqs	6	179
r8_83seqs	1	178
r8_83seqs	1	181
r8_83seqs	1	178
r8_83seqs	1	177
r8_83seqs	1	178
r8_83seqs	1	178
r8_83seqs	1	181
r8_83seqs	1	181
r8_83seqs	1	181
r8_83seqs	1	181
r8_83seqs	1	181
r8_83seqs	1	181
r8_83seqs	1	181
r8_83seqs	1	181
r8_83seqs	1	181
r8_83seqs	1	175
r8_83seqs	1	164
r8_83seqs	1	181
r8_83seqs	1	180
r8_83seqs	1	178
r8_83seqs	1	181
r8_83seqs	2	176
r8_83seqs	1	181
r8_83seqs	1	181
r8_83seqs	1	181
r8_83seqs	1	181
r8_83seqs	1	181
r8_83seqs	1	178
r8_83seqs	1	179
r8_83seqs	9	181
r8_83seqs	12	178
r8_83seqs	3	175
r8_83seqs	1	180
r8_83seqs	1	164
r8_83seqs	1	164
r8_83seqs	1	181
r8_83seqs	1	165
r8_83seqs	1	181
r8_83seqs	1	181
r8_83seqs	1	180
r8_83seqs	1	180
r8_83seqs	1	181
r8_83seqs	1	181
r8_83seqs	2	181
r8_83seqs	1	180
r8_83seqs	1	181
r8_83seqs	1	179
r8_83seqs	1	180
r8_83seqs	1	180
r8_83seqs	1	180
r8_83seqs	1	180
r8_83seqs	1	180
r8_83seqs	2	178
r8_83seqs	14	180
r8_83seqs	1	181
r8_83seqs	1	181
r8_83seqs	1	178
r8_83seqs	1	181
r8_83seqs	1	178
r8_83seqs	1	178
r8_83seqs	1	178
r8_83seqs	1	178
r8_83seqs	1	178
r8_83seqs	1	181
r8_83seqs	1	178
r8_83seqs	1	181
r8_83seqs	1	178
r8_83seqs	1	181
r8_83seqs	1	181
r8_83seqs	1	178
r8_83seqs	1	181
r8_83seqs	1	181
r8_83seqs	1	181
r8_83seqs	1	178
r8_83seqs	1	181
r8_83seqs	1	178
r8_83seqs	1	181
r8_83seqs	1	180
r8_83seqs	1	178
r8_83seqs	1	163
r8_83seqs	1	174
r8_83seqs	1	178
r8_83seqs	1	181
r8_83seqs	1	179
r8_83seqs	1	170
r8_83seqs	1	181
r8_83seqs	1	178
r8_83seqs	1	181
r8_83seqs	1	181
r8_83seqs	1	181
r8_83seqs	1	179
r8_83seqs	1	178
r8_83seqs	1	181
r8_83seqs	1	181
r8_83seqs	1	176
r8_83seqs	1	179
r8_83seqs	1	170
r8_83seqs	1	181
r8_83seqs	1	181
r8_83seqs	1	178
r8_83seqs	1	178
r8_83seqs	1	179
r8_83seqs	1	181
r8_83seqs	1	181
r8_83seqs	2	178
r8_83seqs	1	178
r8_83seqs	2	181
r8_83seqs	2	181
r8_83seqs	1	179
r8_83seqs	1	178
r8_83seqs	1	164
r8_83seqs	2	181
r8_83seqs	1	180
r8_83seqs	2	175
r8_83seqs	1	165
r8_83seqs	1	181
r8_83seqs	9	178
r8_83seqs	1	181
r8_83seqs	1	181
r8_83seqs	1	171
r8_83seqs	1	177
r8_83seqs	1	179
r8_83seqs	1	181
r8_83seqs	1	181
r8_83seqs	1	181
r8_83seqs	3	181
r8_83seqs	1	181
r8_83seqs	1	181
r8_83seqs	1	181
r8_83seqs	1	181
r8_83seqs	1	181
r8_83seqs	1	181
r8_83seqs	1	181
r8_83seqs	1	181
r8_83seqs	1	178
r8_83seqs	1	178
r8_83seqs	1	181
r8_83seqs	1	181
r8_83seqs	1	181
r8_83seqs	1	181
r8_83seqs	1	181
r8_83seqs	1	178
r8_83seqs	1	178
r8_83seqs	1	181
r8_83seqs	1	164
r8_83seqs	2	181
r8_83seqs	2	178
r8_83seqs	1	178
r8_83seqs	1	181
r8_83seqs	1	178
r8_83seqs	1	164
r8_83seqs	1	181
r8_83seqs	1	175
r8_83seqs	1	170
r8_83seqs	1	164
r8_83seqs	1	164
r8_83seqs	1	164
r8_83seqs	1	181
r8_83seqs	1	178
r8_83seqs	1	181
r8_83seqs	1	181
r8_83seqs	1	180
r8_83seqs	1	175
r8_83seqs	2	180
r8_83seqs	2	178
r8_83seqs	2	178
r8_83seqs	1	181
r8_83seqs	2	181
r8_83seqs	2	181
r8_83seqs	2	178
r8_83seqs	2	178
r8_83seqs	1	181
r8_83seqs	1	181
r8_83seqs	1	178
r8_83seqs	1	178
r8_83seqs	1	178
r8_83seqs	1	180
r8_83seqs	1	181
r8_83seqs	1	181
r8_83seqs	2	178
r8_83seqs	1	181
r8_83seqs	1	180
r8_83seqs	1	181
r8_83seqs	1	181
r8_83seqs	1	181
r8_83seqs	1	181
r8_83seqs	1	181
r8_83seqs	1	181
r8_83seqs	1	181
r8_83seqs	1	181
r8_83seqs	1	181
r8_83seqs	1	181
r8_83seqs	4	181
r8_83seqs	1	181
r8_83seqs	1	178
r8_83seqs	1	181
r8_83seqs	1	181
r8_83seqs	1	180
r8_83seqs	1	181
r8_83seqs	1	179
r8_83seqs	1	181
r8_83seqs	1	179
r8_83seqs	1	179
r8_83seqs	1	164
r8_83seqs	1	178
r8_83seqs	1	180
r8_83seqs	1	181
r8_83seqs	1	181
r8_83seqs	1	174
r8_83seqs	1	178
r8_83seqs	1	181
r8_83seqs	1	165
r8_83seqs	1	178
r8_83seqs	1	180
r8_83seqs	1	176
r8_83seqs	1	180
r8_83seqs	1	162
r8_83seqs	1	180
r8_83seqs	1	180
r8_83seqs	5	178
r8_83seqs	1	181
r8_83seqs	1	176
r8_83seqs	2	181
r8_83seqs	2	181
r8_83seqs	1	178
r8_83seqs	1	178
r8_83seqs	1	181
r8_83seqs	1	178
r8_83seqs	1	181
r8_83seqs	1	178
r8_83seqs	1	178
r8_83seqs	1	181
r8_83seqs	1	181
r8_83seqs	1	178
r8_83seqs	1	181
r8_83seqs	1	178
r8_83seqs	1	181
r8_83seqs	1	181
r8_83seqs	1	181
r8_83seqs	1	178
r8_83seqs	1	181
r8_83seqs	1	178
r8_83seqs	1	177
r8_83seqs	1	178
r8_83seqs	1	181
r8_83seqs	1	178
r8_83seqs	1	178
r8_83seqs	1	181
r8_83seqs	1	178
r8_83seqs	7	181
r8_83seqs	1	164
r8_83seqs	1	163
r8_83seqs	1	181
r8_83seqs	1	178
r8_83seqs	2	179
r8_83seqs	2	177
r8_83seqs	9	180
r8_83seqs	1	181
r8_83seqs	1	181
r8_83seqs	1	178
r8_83seqs	1	181
r8_83seqs	2	178
r8_83seqs	1	181
r8_83seqs	2	181
r8_83seqs	1	181
r8_83seqs	1	180
r8_83seqs	2	178
r8_83seqs	1	180
r8_83seqs	3	179
r8_83seqs	1	180
r8_83seqs	1	164
r8_83seqs	1	165
r8_83seqs	6	164
r8_83seqs	1	181
r8_83seqs	1	178
r8_83seqs	1	178
r8_83seqs	1	178
r8_83seqs	1	178
r8_83seqs	1	181
r8_83seqs	1	181
r8_83seqs	1	181
r8_83seqs	1	181
r8_83seqs	1	181
r8_83seqs	1	178
r8_83seqs	1	181
r8_83seqs	1	181
r8_83seqs	2	181
r8_83seqs	1	181
r8_83seqs	1	181
r8_83seqs	1	181
r8_83seqs	1	178
r8_83seqs	1	178
r8_83seqs	1	181
r8_83seqs	1	180
r8_83seqs	1	181
r8_83seqs	1	181
r8_83seqs	1	178
r8_83seqs	1	181
r8_83seqs	1	178
r8_83seqs	1	181
r8_83seqs	1	178
r8_83seqs	1	178
r8_83seqs	1	175
r8_83seqs	17	177
r8_83seqs	9	180
r8_83seqs	5	178
r8_83seqs	1	178
r8_83seqs	1	164
r8_83seqs	1	164
r8_83seqs	1	181
r8_83seqs	2	180
r8_83seqs	1	179
r8_83seqs	5	181
r8_83seqs	1	176
r8_83seqs	2	176
r8_83seqs	1	181
r8_83seqs	1	179
r8_83seqs	1	164
r8_83seqs	1	164
r8_83seqs	1	163
r8_83seqs	18	178
r8_83seqs	1	164
r8_83seqs	1	164
r8_83seqs	1	164
r8_83seqs	1	181
r8_83seqs	1	178
r8_83seqs	1	177
r8_83seqs	1	166
r8_83seqs	1	181
r8_83seqs	1	178
r8_83seqs	1	177
r8_83seqs	1	178
r8_83seqs	1	180
r8_83seqs	1	180
r8_83seqs	5	181
r8_83seqs	2	181
r8_83seqs	1	180
r8_83seqs	1	181
r8_83seqs	1	177
r8_83seqs	1	181
r8_83seqs	1	177
r8_83seqs	1	178
r8_83seqs	1	181
r8_83seqs	1	178
r8_83seqs	1	179
r8_83seqs	1	178
r8_83seqs	1	181
r8_83seqs	2	181
r8_83seqs	1	181
r8_83seqs	1	181
r8_83seqs	1	181
r8_83seqs	2	178
r8_83seqs	1	181
r8_83seqs	2	178
r8_83seqs	1	181
r8_83seqs	1	181
r8_83seqs	1	181
r8_83seqs	1	181
r8_83seqs	1	181
r8_83seqs	1	181
r8_83seqs	1	181
r8_83seqs	1	181
r8_83seqs	2	170
r8_83seqs	1	181
r8_83seqs	28	178
r8_83seqs	7	177
r8_83seqs	2	164
r8_83seqs	1	180
r8_83seqs	1	178
r8_83seqs	1	178
r8_83seqs	1	181
r8_83seqs	1	178
r8_83seqs	1	180
r8_83seqs	9	181
r8_83seqs	1	158
r8_83seqs	1	179
r8_83seqs	1	170
r8_83seqs	1	164
r8_83seqs	1	164
r8_83seqs	1	164
r8_83seqs	7	178
r8_83seqs	1	178
r8_83seqs	1	181
r8_83seqs	2	180
r8_83seqs	1	181
r8_83seqs	1	181
r8_83seqs	1	180
r8_83seqs	2	181
r8_83seqs	1	177
r8_83seqs	1	178
r8_83seqs	1	179
r8_83seqs	1	181
r8_83seqs	2	173
r8_83seqs	1	181
r8_83seqs	1	181
r8_83seqs	1	178
r8_83seqs	7	181
r8_83seqs	1	178
r8_83seqs	1	181
r8_83seqs	1	181
r8_83seqs	1	181
r8_83seqs	8	179
r8_83seqs	1	181
r8_83seqs	1	178
r8_83seqs	1	181
r8_83seqs	2	178
r8_83seqs	1	181
r8_83seqs	1	181
r8_83seqs	1	177
r8_83seqs	1	181
r8_83seqs	1	181
r8_83seqs	1	180
r8_83seqs	1	178
r8_83seqs	2	172
r8_83seqs	1	170
r8_83seqs	1	164
r8_83seqs	1	164
r8_83seqs	1	181
r8_83seqs	1	178
r8_83seqs	1	178
r8_83seqs	1	164
r8_83seqs	1	181
r8_83seqs	1	181
r8_83seqs	2	181
r8_83seqs	1	180
r8_83seqs	1	164
r8_83seqs	2	181
r8_83seqs	2	166
r8_83seqs	1	180
r8_83seqs	1	181
r8_83seqs	1	181
r8_83seqs	1	181
r8_83seqs	1	181
r8_83seqs	1	178
r8_83seqs	1	181
r8_83seqs	1	178
r8_83seqs	1	178
r8_83seqs	1	181
r8_83seqs	1	172
r8_83seqs	1	181
r8_83seqs	5	178
r8_83seqs	1	181
r8_83seqs	1	181
r8_83seqs	1	181
r8_83seqs	1	181
r8_83seqs	1	178
r8_83seqs	1	178
r8_83seqs	1	181
r8_83seqs	1	181
r8_83seqs	1	181
r8_83seqs	5	181
r8_83seqs	1	181
r8_83seqs	4	181
r8_83seqs	1	181
r8_83seqs	1	178
r8_83seqs	1	166
r8_83seqs	1	163
r8_83seqs	5	178
r8_83seqs	1	179
r8_83seqs	1	164
r8_83seqs	1	179
r8_83seqs	1	164
r8_83seqs	9	181
r8_83seqs	2	180
r8_83seqs	1	177
r8_83seqs	1	181
r8_83seqs	3	178
r8_83seqs	2	181
r8_83seqs	1	180
r8_83seqs	1	178
r8_83seqs	1	181
r8_83seqs	1	181
r8_83seqs	1	181
r8_83seqs	1	178
r8_83seqs	2	178
r8_83seqs	10	181
r8_83seqs	1	180
r8_83seqs	1	180
r8_83seqs	1	180
r8_83seqs	1	180
r8_83seqs	2	164
r8_83seqs	2	180
r8_83seqs	1	181
r8_83seqs	1	178
r8_83seqs	1	181
r8_83seqs	1	181
r8_83seqs	1	181
r8_83seqs	1	181
r8_83seqs	1	181
r8_83seqs	1	181
r8_83seqs	1	181
r8_83seqs	1	181
r8_83seqs	1	181
r8_83seqs	1	164
r8_83seqs	1	181
r8_83seqs	1	164
r8_83seqs	1	178
r8_83seqs	1	181
r8_83seqs	1	179
r8_83seqs	1	181
r8_83seqs	1	180
r8_83seqs	1	181
r8_83seqs	2	178
r8_83seqs	2	181
r8_83seqs	1	180
r8_83seqs	1	180
r8_83seqs	1	177
r8_83seqs	17	178
r8_83seqs	1	181
r8_83seqs	1	181
r8_83seqs	1	181
r8_83seqs	1	178
r8_83seqs	1	181
r8_83seqs	1	181
r8_83seqs	16	181
r8_83seqs	1	164
r8_83seqs	1	180
r8_83seqs	1	180
r8_83seqs	1	181
r8_83seqs	1	181
r8_83seqs	1	178
r8_83seqs	1	178
r8_83seqs	1	180
r8_83seqs	1	181
r8_83seqs	1	178
r8_83seqs	3	181
r8_83seqs	1	181
r8_83seqs	1	176
r8_83seqs	1	181
r8_83seqs	1	181
r8_83seqs	1	178
r8_83seqs	1	181
r8_83seqs	1	181
r8_83seqs	1	180
r8_83seqs	1	181
r8_83seqs	1	181
r8_83seqs	2	181
r8_83seqs	1	180
r8_83seqs	1	153
r8_83seqs	1	165
r8_83seqs	1	175
r8_83seqs	4	178
r8_83seqs	6	178
r8_83seqs	1	178
r8_83seqs	1	181
r8_83seqs	1	176
r8_83seqs	9	181
r8_83seqs	1	164
r8_83seqs	1	158
r8_83seqs	1	180
r8_83seqs	1	180
r8_83seqs	1	180
r8_83seqs	2	181
r8_83seqs	2	181
r8_83seqs	1	175
r8_83seqs	2	178
r8_83seqs	1	165
r8_83seqs	1	181
r8_83seqs	1	160
r8_83seqs	1	178
r8_83seqs	1	178
r8_83seqs	1	178
r8_83seqs	1	178
r8_83seqs	1	181
r8_83seqs	1	181
r8_83seqs	1	181
r8_83seqs	1	181
r8_83seqs	1	178
r8_83seqs	1	178
r8_83seqs	1	175
r8_83seqs	1	169
r8_83seqs	1	163
r8_83seqs	1	178
r8_83seqs	1	181
r8_83seqs	1	181
r8_83seqs	1	181
r8_83seqs	1	180
r8_83seqs	1	181
r8_83seqs	1	180
r8_83seqs	1	181
r8_83seqs	1	181
r8_83seqs	1	181
r8_83seqs	1	179
r8_83seqs	1	164
r8_83seqs	6	181
r8_83seqs	2	181
r8_83seqs	1	181
r8_83seqs	2	181
r8_83seqs	1	165
r8_83seqs	1	180
r8_83seqs	1	180
r8_83seqs	1	180
r8_83seqs	1	180
r8_83seqs	1	172
r8_83seqs	1	163
r8_83seqs	1	181
r8_83seqs	1	181
r8_83seqs	1	181
r8_83seqs	1	181
r8_83seqs	1	178
r8_83seqs	1	181
r8_83seqs	1	178
r8_83seqs	1	181
r8_83seqs	1	181
r8_83seqs	1	181
r8_83seqs	1	181
r8_83seqs	1	181
r8_83seqs	1	181
r8_83seqs	1	181
r8_83seqs	1	178
r8_83seqs	1	178
r8_83seqs	1	164
r8_83seqs	1	179
r8_83seqs	1	178
r8_83seqs	1	164
r8_83seqs	1	178
r8_83seqs	1	181
r8_83seqs	1	180
r8_83seqs	19	178
r8_83seqs	1	170
r8_83seqs	1	164
r8_83seqs	5	178
r8_83seqs	1	181
r8_83seqs	1	181
r8_83seqs	1	180
r8_83seqs	2	178
r8_83seqs	1	178
r8_83seqs	1	176
r8_83seqs	1	180
r8_83seqs	1	180
r8_83seqs	3	164
r8_83seqs	1	181
r8_83seqs	1	166
r8_83seqs	1	181
r8_83seqs	1	178
r8_83seqs	2	181
r8_83seqs	1	181
r8_83seqs	1	180
r8_83seqs	1	181
r8_83seqs	1	178
r8_83seqs	1	181
r8_83seqs	1	181
r8_83seqs	1	181
r8_83seqs	1	181
r8_83seqs	7	178
r8_83seqs	1	181
r8_83seqs	1	177
r8_83seqs	2	179
r8_83seqs	1	164
r8_83seqs	10	181
r8_83seqs	2	164
r8_83seqs	2	164
r8_83seqs	1	181
r8_83seqs	1	164
r8_83seqs	1	164
r8_83seqs	1	178
r8_83seqs	1	181
r8_83seqs	24	178
r8_83seqs	1	164
r8_83seqs	1	164
r8_83seqs	2	178
r8_83seqs	2	181
r8_83seqs	1	178
r8_83seqs	1	181
r8_83seqs	2	181
r8_83seqs	2	178
r8_83seqs	1	180
r8_83seqs	1	178
r8_83seqs	1	180
r8_83seqs	1	165
r8_83seqs	1	178
r8_83seqs	1	164
r8_83seqs	1	181
r8_83seqs	1	181
r8_83seqs	1	180
r8_83seqs	4	178
r8_83seqs	1	178
r8_83seqs	1	180
r8_83seqs	1	181
r8_83seqs	1	181
r8_83seqs	1	178
r8_83seqs	1	181
r8_83seqs	1	181
r8_83seqs	1	181
r8_83seqs	1	164
r8_83seqs	1	178
r8_83seqs	1	181
r8_83seqs	1	181
r8_83seqs	1	181
r8_83seqs	1	181
r8_83seqs	9	178
r8_83seqs	1	178
r8_83seqs	3	181
r8_83seqs	5	181
r8_83seqs	1	178
r8_83seqs	1	181
r8_83seqs	1	177
r8_83seqs	1	180
r8_83seqs	1	181
r8_83seqs	2	181
r8_83seqs	1	180
r8_83seqs	1	180
r8_83seqs	1	177
r8_83seqs	1	164
r8_83seqs	1	181
r8_83seqs	1	180
r8_83seqs	1	181
r8_83seqs	1	178
r8_83seqs	1	181
r8_83seqs	1	181
r8_83seqs	1	181
r8_83seqs	1	177
r8_83seqs	1	181
r8_83seqs	1	181
r8_83seqs	1	178
r8_83seqs	1	181
r8_83seqs	1	164
r8_83seqs	8	164
r8_83seqs	31	178
r8_83seqs	1	181
r8_83seqs	1	181
r8_83seqs	1	179
r8_83seqs	1	178
r8_83seqs	1	181
r8_83seqs	1	178
r8_83seqs	1	180
r8_83seqs	1	167
r8_83seqs	1	181
r8_83seqs	1	164
r8_83seqs	1	181
r8_83seqs	1	164
r8_83seqs	1	170
r8_83seqs	1	170
r8_83seqs	1	180
r8_83seqs	1	179
r8_83seqs	1	180
r8_83seqs	1	181
r8_83seqs	1	181
r8_83seqs	1	181
r8_83seqs	6	178
r8_83seqs	1	178
r8_83seqs	1	180
r8_83seqs	2	181
r8_83seqs	11	178
r8_83seqs	1	180
r8_83seqs	2	178
r8_83seqs	6	164
r8_83seqs	1	181
r8_83seqs	1	181
r8_83seqs	6	178
r8_83seqs	1	181
r8_83seqs	2	179
r8_83seqs	2	177
r8_83seqs	2	179
r8_83seqs	1	181
r8_83seqs	1	181
r8_83seqs	1	178
r8_83seqs	1	181
r8_83seqs	2	181
r8_83seqs	1	181
r8_83seqs	1	180
r8_83seqs	1	181
r8_83seqs	1	172
r8_83seqs	1	172
r8_83seqs	1	181
r8_83seqs	1	181
r8_83seqs	1	181
r8_83seqs	1	178
r8_83seqs	1	164
r8_83seqs	1	178
r8_83seqs	1	178
r8_83seqs	1	178
r8_83seqs	1	181
r8_83seqs	1	179
r8_83seqs	1	164
r8_83seqs	1	174
r8_83seqs	1	164
r8_83seqs	1	164
r8_83seqs	1	180
r8_83seqs	2	181
r8_83seqs	1	181
r8_83seqs	1	181
r8_83seqs	2	181
r8_83seqs	6	181
r8_83seqs	1	180
r8_83seqs	5	181
r8_83seqs	1	181
r8_83seqs	1	181
r8_83seqs	1	181
r8_83seqs	1	181
r8_83seqs	1	181
r8_83seqs	1	178
r8_83seqs	1	180
r8_83seqs	1	181
r8_83seqs	1	163
r8_83seqs	1	164
r8_83seqs	1	178
r8_83seqs	1	179
r8_83seqs	1	181
r8_83seqs	1	164
r8_83seqs	1	178
r8_83seqs	1	181
r8_83seqs	1	181
r8_83seqs	1	181
r8_83seqs	1	178
r8_83seqs	1	173
r8_83seqs	1	180
r8_83seqs	1	176
r8_83seqs	3	181
r8_83seqs	2	181
r8_83seqs	1	180
r8_83seqs	29	178
r8_83seqs	17	181
r8_83seqs	1	181
r8_83seqs	1	178
r8_83seqs	1	178
r8_83seqs	1	178
r8_83seqs	1	178
r8_83seqs	1	179
r8_83seqs	1	181
r8_83seqs	1	181
r8_83seqs	1	181
r8_83seqs	1	164
r8_83seqs	1	178
r8_83seqs	16	181
r8_83seqs	1	166
r8_83seqs	1	178
r8_83seqs	2	181
r8_83seqs	1	181
r8_83seqs	1	181
r8_83seqs	1	180
r8_83seqs	1	165
r8_83seqs	1	181
r8_83seqs	1	170
r8_83seqs	1	170
r8_83seqs	1	164
r8_83seqs	17	180
r8_83seqs	19	181
r8_83seqs	1	163
r8_83seqs	1	163
r8_83seqs	20	180
r8_83seqs	1	180
r8_83seqs	1	181
r8_83seqs	1	181
r8_83seqs	1	181
r8_83seqs	1	181
r8_83seqs	1	180
r8_83seqs	5	178
r8_83seqs	1	180
r8_83seqs	1	180
r8_83seqs	1	164
r8_83seqs	1	164
r8_83seqs	1	166
r8_83seqs	1	181
r8_83seqs	1	178
r8_83seqs	1	181
r8_83seqs	1	178
r8_83seqs	1	180
r8_83seqs	1	181
r8_83seqs	1	178
r8_83seqs	1	181
r8_83seqs	1	180
r8_83seqs	1	181
r8_83seqs	1	181
r8_83seqs	1	181
r8_83seqs	2	178
r8_83seqs	1	181
r8_83seqs	1	181
r8_83seqs	1	181
r8_83seqs	1	181
r8_83seqs	2	171
r8_83seqs	1	181
r8_83seqs	1	163
r8_83seqs	1	151
r8_83seqs	1	181
r8_83seqs	1	181
r8_83seqs	1	181
r8_83seqs	2	178
r8_83seqs	1	181
r8_83seqs	1	180
r8_83seqs	1	164
r8_83seqs	1	173
r8_83seqs	1	164
r8_83seqs	1	170
r8_83seqs	1	164
r8_83seqs	2	181
r8_83seqs	7	180
r8_83seqs	2	181
r8_83seqs	1	180
r8_83seqs	2	175
r8_83seqs	1	177
r8_83seqs	1	178
r8_83seqs	1	175
r8_83seqs	1	165
r8_83seqs	3	180
r8_83seqs	1	180
r8_83seqs	1	181
r8_83seqs	1	178
r8_83seqs	1	181
r8_83seqs	1	181
r8_83seqs	2	178
r8_83seqs	1	178
r8_83seqs	1	178
r8_83seqs	1	181
r8_83seqs	1	181
r8_83seqs	1	164
r8_83seqs	1	181
r8_83seqs	1	181
r8_83seqs	1	178
r8_83seqs	1	177
r8_83seqs	1	176
r8_83seqs	2	181
r8_83seqs	1	165
r8_83seqs	21	178
r8_83seqs	1	181
r8_83seqs	1	181
r8_83seqs	1	181
r8_83seqs	8	181
r8_83seqs	1	178
r8_83seqs	1	181
r8_83seqs	1	181
r8_83seqs	1	164
r8_83seqs	1	181
r8_83seqs	1	178
r8_83seqs	1	178
r8_83seqs	1	180
r8_83seqs	1	181
r8_83seqs	1	164
r8_83seqs	1	181
r8_83seqs	1	181
r8_83seqs	1	164
r8_83seqs	1	177
r8_83seqs	1	181
r8_83seqs	1	181
r8_83seqs	1	179
r8_83seqs	10	164
r8_83seqs	1	178
r8_83seqs	1	181
r8_83seqs	1	164
r8_83seqs	2	164
r8_83seqs	1	181
r8_83seqs	1	177
r8_83seqs	1	181
r8_83seqs	1	181
r8_83seqs	1	181
r8_83seqs	1	166
r8_83seqs	1	164
r8_83seqs	1	181
r8_83seqs	1	181
r8_83seqs	1	181
r8_83seqs	1	181
r8_83seqs	1	181
r8_83seqs	1	181
r8_83seqs	1	181
r8_83seqs	3	180
r8_83seqs	1	181
r8_83seqs	1	181
r8_83seqs	1	181
r8_83seqs	1	178
r8_83seqs	1	163
r8_83seqs	1	179
r8_83seqs	1	181
r8_83seqs	1	181
r8_83seqs	1	178
r8_83seqs	1	181
r8_83seqs	1	181
r8_83seqs	1	164
r8_83seqs	1	165
r8_83seqs	1	164
r8_83seqs	6	181
r8_83seqs	17	181
r8_83seqs	1	168
r8_83seqs	1	178
r8_83seqs	1	181
r8_83seqs	1	181
r8_83seqs	1	180
r8_83seqs	1	179
r8_83seqs	1	181
r8_83seqs	1	181
r8_83seqs	1	181
r8_83seqs	1	178
r8_83seqs	1	174
r8_83seqs	1	181
r8_83seqs	1	164
r8_83seqs	1	167
r8_83seqs	1	181
r8_83seqs	1	164
r8_83seqs	2	164
r8_83seqs	1	180
r8_83seqs	1	181
r8_83seqs	1	181
r8_83seqs	1	181
r8_83seqs	1	180
r8_83seqs	1	180
r8_83seqs	1	181
r8_83seqs	1	180
r8_83seqs	5	178
r8_83seqs	7	181
r8_83seqs	1	181
r8_83seqs	2	178
r8_83seqs	2	181
r8_83seqs	5	181
r8_83seqs	1	181
r8_83seqs	1	181
r8_83seqs	1	153
r8_83seqs	1	180
r8_83seqs	1	181
r8_83seqs	1	178
r8_83seqs	1	181
r8_83seqs	1	178
r8_83seqs	1	180
r8_83seqs	1	178
r8_83seqs	1	181
r8_83seqs	1	181
r8_83seqs	1	177
r8_83seqs	1	170
r8_83seqs	2	180
r8_83seqs	1	173
r8_83seqs	1	181
r8_83seqs	1	164
r8_83seqs	35	180
r8_83seqs	1	180
r8_83seqs	1	181
r8_83seqs	1	181
r8_83seqs	1	181
r8_83seqs	1	180
r8_83seqs	1	178
r8_83seqs	1	164
r8_83seqs	1	181
r8_83seqs	1	181
r8_83seqs	1	181
r8_83seqs	1	180
r8_83seqs	1	181
r8_83seqs	1	181
r8_83seqs	1	180
r8_83seqs	1	181
r8_83seqs	1	181
r8_83seqs	9	176
r8_83seqs	12	181
r8_83seqs	3	181
r8_83seqs	1	181
r8_83seqs	1	181
r8_83seqs	1	163
r8_83seqs	17	181
r8_83seqs	1	181
r8_83seqs	1	164
r8_83seqs	1	180
r8_83seqs	1	164
r8_83seqs	1	181
r8_83seqs	3	181
r8_83seqs	1	181
r8_83seqs	1	165
r8_83seqs	1	164
r8_83seqs	27	181
r8_83seqs	1	180
r8_83seqs	1	165
r8_83seqs	1	164
r8_83seqs	1	179
r8_83seqs	2	181
r8_83seqs	5	181
r8_83seqs	9	181
r8_83seqs	1	165
r8_83seqs	20	181
r8_83seqs	1	181
r8_83seqs	5	181
r8_83seqs	1	181
r8_83seqs	1	164
r8_83seqs	1	178
r8_83seqs	1	181
r8_83seqs	1	181
r8_83seqs	1	178
r8_83seqs	2	181
r8_83seqs	1	181
r8_83seqs	1	164
r8_83seqs	1	181
r8_83seqs	6	181
r8_83seqs	1	181
r8_83seqs	1	180
r8_83seqs	2	180
r8_83seqs	1	171
r8_83seqs	1	181
r8_83seqs	1	181
r8_83seqs	1	181
r8_83seqs	1	181
r8_83seqs	1	180
r8_83seqs	1	181
r8_83seqs	1	164
r8_83seqs	1	181
r8_83seqs	1	181
r8_83seqs	12	181
r8_83seqs	1	181
r8_83seqs	22	181
r8_83seqs	1	181
r8_83seqs	1	178
r8_83seqs	1	181
r8_83seqs	1	178
r8_83seqs	1	181
r8_83seqs	1	178
r8_83seqs	1	181
r8_83seqs	1	181
r8_83seqs	1	164
r8_83seqs	1	164
r8_83seqs	1	179
r8_83seqs	1	179
r8_83seqs	1	181
r8_83seqs	1	181
r8_83seqs	1	178
r8_83seqs	1	178
r8_83seqs	1	181
r8_83seqs	1	180
r8_83seqs	1	181
r8_83seqs	4	181
r8_83seqs	1	181
r8_83seqs	1	181
r8_83seqs	1	180
r8_83seqs	2	180
r8_83seqs	1	180
r8_83seqs	1	180
r8_83seqs	1	178
r8_83seqs	1	181
r8_83seqs	4	181
r8_83seqs	1	164
r8_83seqs	1	164
r8_83seqs	1	164
r8_83seqs	1	181
r8_83seqs	1	181
r8_83seqs	2	181
r8_83seqs	1	180
r8_83seqs	1	180
r8_83seqs	1	180
r8_83seqs	1	180
r8_83seqs	1	181
r8_83seqs	1	181
r8_83seqs	1	178
r8_83seqs	1	180
r8_83seqs	1	178
r8_83seqs	2	181
r8_83seqs	1	179
r8_83seqs	1	164
r8_83seqs	5	178
r8_83seqs	1	181
r8_83seqs	1	181
r8_83seqs	1	180
r8_83seqs	2	180
r8_83seqs	7	164
r8_83seqs	1	181
r8_83seqs	1	163
r8_83seqs	1	181
r8_83seqs	1	164
r8_83seqs	8	181
r8_83seqs	1	179
r8_83seqs	1	181
r8_83seqs	1	180
r8_83seqs	1	180
r8_83seqs	1	180
r8_83seqs	2	178
r8_83seqs	1	181
r8_83seqs	1	181
r8_83seqs	1	181
r8_83seqs	1	181
r8_83seqs	1	181
r8_83seqs	1	166
r8_83seqs	1	171
r8_83seqs	1	178
r8_83seqs	1	178
r8_83seqs	1	181
r8_83seqs	1	179
r8_83seqs	1	181
r8_83seqs	1	164
r8_83seqs	1	164
r8_83seqs	1	173
r8_83seqs	1	181
r8_83seqs	1	178
r8_83seqs	1	177
r8_83seqs	1	180
r8_83seqs	2	180
r8_83seqs	1	180
r8_83seqs	2	164
r8_83seqs	1	170
r8_83seqs	1	181
r8_83seqs	1	181
r8_83seqs	1	181
r8_83seqs	1	181
r8_83seqs	1	164
r8_83seqs	1	181
r8_83seqs	1	178
r8_83seqs	1	181
r8_83seqs	5	180
r8_83seqs	1	181
r8_83seqs	1	164
r8_83seqs	1	181
r8_83seqs	2	181
r8_83seqs	1	178
r8_83seqs	1	181
r8_83seqs	1	181
r8_83seqs	1	181
r8_83seqs	1	181
r8_83seqs	1	180
r8_83seqs	2	181
r8_83seqs	1	181
r8_83seqs	2	178
r8_83seqs	4	181
r8_83seqs	1	181
r8_83seqs	1	179
r8_83seqs	1	170
r8_83seqs	2	150
r8_83seqs	1	163
r8_83seqs	5	178
r8_83seqs	1	180
r8_83seqs	1	153
r8_83seqs	1	177
r8_83seqs	9	181
r8_83seqs	1	181
r8_83seqs	1	181
r8_83seqs	1	181
r8_83seqs	1	181
r8_83seqs	1	178
r8_83seqs	1	181
r8_83seqs	1	181
r8_83seqs	1	181
r8_83seqs	1	180
r8_83seqs	1	180
r8_83seqs	1	181
r8_83seqs	1	165
r8_83seqs	2	163
r8_83seqs	1	178
r8_83seqs	1	178
r8_83seqs	5	180
r8_83seqs	1	181
r8_83seqs	1	181
r8_83seqs	1	179
r8_83seqs	1	180
r8_83seqs	1	181
r8_83seqs	1	181
r8_83seqs	1	181
r8_83seqs	1	181
r8_83seqs	1	180
r8_83seqs	1	181
r8_83seqs	1	181
r8_83seqs	1	181
r8_83seqs	1	181
r8_83seqs	1	181
r8_83seqs	1	181
r8_83seqs	1	181
r8_83seqs	8	164
r8_83seqs	12	180
r8_83seqs	1	174
r8_83seqs	1	180
r8_83seqs	1	178
r8_83seqs	1	165
r8_83seqs	1	181
r8_83seqs	1	181
r8_83seqs	1	180
r8_83seqs	1	181
r8_83seqs	1	164
r8_83seqs	1	176
r8_83seqs	1	179
r8_83seqs	1	164
r8_83seqs	3	181
r8_83seqs	1	181
r8_83seqs	1	177
r8_83seqs	1	178
r8_83seqs	1	178
r8_83seqs	1	181
r8_83seqs	1	181
r8_83seqs	9	180
r8_83seqs	1	180
r8_83seqs	1	178
r8_83seqs	1	181
r8_83seqs	1	181
r8_83seqs	1	181
r8_83seqs	1	180
r8_83seqs	4	181
r8_83seqs	1	181
r8_83seqs	1	181
r8_83seqs	1	181
r8_83seqs	2	181
r8_83seqs	1	181
r8_83seqs	8	181
r8_83seqs	5	181
r8_83seqs	1	178
r8_83seqs	1	179
r8_83seqs	1	181
r8_83seqs	1	181
r8_83seqs	1	178
r8_83seqs	2	181
r8_83seqs	1	165
r8_83seqs	33	180
r8_83seqs	23	181
r8_83seqs	1	181
r8_83seqs	1	181
r8_83seqs	1	178
r8_83seqs	9	181
r8_83seqs	1	181
r8_83seqs	1	181
r8_83seqs	1	150
r8_83seqs	1	178
r8_83seqs	1	178
r8_83seqs	1	177
r8_83seqs	1	181
r8_83seqs	1	178
r8_83seqs	2	178
r8_83seqs	1	180
r8_83seqs	2	181
r8_83seqs	1	163
r8_83seqs	9	164
r8_83seqs	1	178
r8_83seqs	1	165
r8_83seqs	3	181
r8_83seqs	2	180
r8_83seqs	11	178
r8_83seqs	1	180
r8_83seqs	14	180
r8_83seqs	1	164
r8_83seqs	1	181
r8_83seqs	1	181
r8_83seqs	1	181
r8_83seqs	1	178
r8_83seqs	1	181
r8_83seqs	1	181
r8_83seqs	1	180
r8_83seqs	1	164
r8_83seqs	1	163
r8_83seqs	1	181
r8_83seqs	1	164
r8_83seqs	23	181
r8_83seqs	1	181
r8_83seqs	1	178
r8_83seqs	1	178
r8_83seqs	1	180
r8_83seqs	1	180
r8_83seqs	1	164
r8_83seqs	1	181
r8_83seqs	1	164
r8_83seqs	1	178
r8_83seqs	1	178
r8_83seqs	1	180
r8_83seqs	1	181
r8_83seqs	1	178
r8_83seqs	1	181
r8_83seqs	1	181
r8_83seqs	1	181
r8_83seqs	1	181
r8_83seqs	1	181
r8_83seqs	1	181
r8_83seqs	29	177
r8_83seqs	1	181
r8_83seqs	1	162
r8_83seqs	1	181
r8_83seqs	1	181
r8_83seqs	1	181
r8_83seqs	1	180
r8_83seqs	1	181
r8_83seqs	1	181
r8_83seqs	1	181
r8_83seqs	2	179
r8_83seqs	1	180
r8_83seqs	4	181
r8_83seqs	1	181
r8_83seqs	1	181
r8_83seqs	2	181
r8_83seqs	1	181
r8_83seqs	1	163
r8_83seqs	1	181
r8_83seqs	1	178
r8_83seqs	1	181
r8_83seqs	2	181
r8_83seqs	1	181
r8_83seqs	1	164
r8_83seqs	2	181
r8_83seqs	1	181
r8_83seqs	1	178
r8_83seqs	1	178
r8_83seqs	1	181
r8_83seqs	1	178
r8_83seqs	2	179
r8_83seqs	1	132
r8_83seqs	1	181
r8_83seqs	1	181
r8_83seqs	1	181
r8_83seqs	1	181
r8_83seqs	5	181
r8_83seqs	1	181
r8_83seqs	1	181
r8_83seqs	1	179
r8_83seqs	8	181
r8_83seqs	1	181
r8_83seqs	1	178
r8_83seqs	1	181
r8_83seqs	1	181
r8_83seqs	1	181
r8_83seqs	1	181
r8_83seqs	1	181
r8_83seqs	2	181
r8_83seqs	1	181
r8_83seqs	1	181
r8_83seqs	5	181
r8_83seqs	5	131
r8_83seqs	1	180
r8_83seqs	1	181
r8_83seqs	2	164
r8_83seqs	1	163
r8_83seqs	1	181
r8_83seqs	1	180
r8_83seqs	1	180
r8_83seqs	1	181
r8_83seqs	1	178
r8_83seqs	1	154
r8_83seqs	1	160
r8_83seqs	1	165
r8_83seqs	1	147
r8_83seqs	1	173
r8_83seqs	6	158
r8_83seqs	47	178
r8_83seqs	1	181
r8_83seqs	1	178
r8_83seqs	1	178
r8_83seqs	1	180
r8_83seqs	1	181
r8_83seqs	1	181
r8_83seqs	1	181
r8_83seqs	1	180
r8_83seqs	1	180
r8_83seqs	1	181
r8_83seqs	1	179
r8_83seqs	13	178
r8_83seqs	1	181
r8_83seqs	1	172
r8_83seqs	1	181
r8_83seqs	1	180
r8_83seqs	1	181
r8_83seqs	2	164
r8_83seqs	1	181
r8_83seqs	2	180
r8_83seqs	1	181
r8_83seqs	1	178
r8_83seqs	1	181
r8_83seqs	1	181
r8_83seqs	1	181
r8_83seqs	1	174
r8_83seqs	1	178
r8_83seqs	13	178
r8_83seqs	2	181
r8_83seqs	1	181
r8_83seqs	1	164
r8_83seqs	1	181
r8_83seqs	1	181
r8_83seqs	1	132
r8_83seqs	1	181
r8_83seqs	1	132
r8_83seqs	1	178
r8_83seqs	2	181
r8_83seqs	1	181
r8_83seqs	30	181
r8_83seqs	12	180
r8_83seqs	6	180
r8_83seqs	1	163
r8_83seqs	1	178
r8_83seqs	1	179
r8_83seqs	1	181
r8_83seqs	2	166
r8_83seqs	1	180
r8_83seqs	1	179
r8_83seqs	1	178
r8_83seqs	1	178
r8_83seqs	1	181
r8_83seqs	36	181
r8_83seqs	1	180
r8_83seqs	1	179
r8_83seqs	1	180
r8_83seqs	1	181
r8_83seqs	1	180
r8_83seqs	1	181
r8_83seqs	1	179
r8_83seqs	5	178
r8_83seqs	1	181
r8_83seqs	1	164
r8_83seqs	1	181
r8_83seqs	1	168
r8_83seqs	1	181
r8_83seqs	1	164
r8_83seqs	1	181
r8_83seqs	1	163
r8_83seqs	3	181
r8_83seqs	2	178
r8_83seqs	1	181
r8_83seqs	1	164
r8_83seqs	29	164
r8_83seqs	1	179
r8_83seqs	5	181
r8_83seqs	14	181
r8_83seqs	1	181
r8_83seqs	1	178
r8_83seqs	55	177
r8_83seqs	1	180
r8_83seqs	2	181
r8_83seqs	1	181
r8_83seqs	2	180
r8_83seqs	1	181
r8_83seqs	1	181
r8_83seqs	1	181
r8_83seqs	3	180
r8_83seqs	21	181
r8_83seqs	1	164
r8_83seqs	1	181
r8_83seqs	1	181
r8_83seqs	1	163
r8_83seqs	1	178
r8_83seqs	23	164
r8_83seqs	1	181
r8_83seqs	3	181
r8_83seqs	1	178
r8_83seqs	3	181
r8_83seqs	1	164
r8_83seqs	2	180
r8_83seqs	2	178
r8_83seqs	1	164
r8_83seqs	1	178
r8_83seqs	1	152
r8_83seqs	1	181
r8_83seqs	1	178
r8_83seqs	1	178
r8_83seqs	1	180
r8_83seqs	1	181
r8_83seqs	1	181
r8_83seqs	1	178
r8_83seqs	1	181
r8_83seqs	1	177
r8_83seqs	1	132
r8_83seqs	1	179
r8_83seqs	1	178
r8_83seqs	12	177
r8_83seqs	3	178
r8_83seqs	1	181
r8_83seqs	1	181
r8_83seqs	1	180
r8_83seqs	1	125
r8_83seqs	1	181
r8_83seqs	5	181
r8_83seqs	1	133
r8_83seqs	1	181
r8_83seqs	1	180
r8_83seqs	1	180
r8_83seqs	1	156
r8_83seqs	1	181
r8_83seqs	1	152
r8_83seqs	1	181
r8_83seqs	1	181
r8_83seqs	3	151
r8_83seqs	1	181
r8_83seqs	1	160
r8_83seqs	1	164
r8_83seqs	30	179
r8_83seqs	1	132
r8_83seqs	1	181
r8_83seqs	1	181
r8_83seqs	7	153
r8_83seqs	35	178
r8_83seqs	1	132
r8_83seqs	1	154
r8_83seqs	2	181
r8_83seqs	1	180
r8_83seqs	1	180
r8_83seqs	1	180
r8_83seqs	1	181
r8_83seqs	1	132
r8_83seqs	1	132
r8_83seqs	1	181
r8_83seqs	1	181
r8_83seqs	1	181
r8_83seqs	1	164
r8_83seqs	1	181
r8_83seqs	2	132
r8_83seqs	1	166
r8_83seqs	1	180
r8_83seqs	1	181
r8_83seqs	21	180
r8_83seqs	1	180
r8_83seqs	1	180
r8_83seqs	1	135
r8_83seqs	1	164
r8_83seqs	1	154
r8_83seqs	1	181
r8_83seqs	1	164
r8_83seqs	1	164
r8_83seqs	1	181
r8_83seqs	1	163
r8_83seqs	2	180
r8_83seqs	1	164
r8_83seqs	1	176
r8_83seqs	1	181
r8_83seqs	1	180
r8_83seqs	1	180
r8_83seqs	1	136
r8_83seqs	1	181
r8_83seqs	1	180
r8_83seqs	2	132
r8_83seqs	1	167
r8_83seqs	1	178
r8_83seqs	1	164
r8_83seqs	32	181
r8_83seqs	1	132
r8_83seqs	1	181
r8_83seqs	2	181
r8_83seqs	1	181
r8_83seqs	1	181
r8_83seqs	1	180
r8_83seqs	1	180
r8_83seqs	1	179
r8_83seqs	1	181
r8_83seqs	1	158
r8_83seqs	1	138
r8_83seqs	1	180
r8_83seqs	1	175
r8_83seqs	1	180
r8_83seqs	1	180
r8_83seqs	17	181
r8_83seqs	1	154
r8_83seqs	1	163
r8_83seqs	1	180
r8_83seqs	1	181
r8_83seqs	1	180
r8_83seqs	13	179
r8_83seqs	1	181
r8_83seqs	1	181
r8_83seqs	6	181
r8_83seqs	1	180
r8_83seqs	1	181
r8_83seqs	1	181
r8_83seqs	1	178
r8_83seqs	1	135
r8_83seqs	50	181
r8_83seqs	2	171
r8_83seqs	2	181
r8_83seqs	1	132
r8_83seqs	1	132
r8_83seqs	1	181
r8_83seqs	6	179
r8_83seqs	1	132
r8_83seqs	1	136
r8_83seqs	1	152
r8_83seqs	1	181
r8_83seqs	1	180
r8_83seqs	1	122
r8_83seqs	1	129
r8_83seqs	2	144
r8_83seqs	1	146
r8_83seqs	1	181
r8_83seqs	1	128
r8_83seqs	1	181
r8_83seqs	1	164
r8_83seqs	1	131
r8_83seqs	11	178
r8_83seqs	1	151
r8_83seqs	1	132
r8_83seqs	34	180
r8_83seqs	6	181
r8_83seqs	1	170
r8_83seqs	1	154
r8_83seqs	36	180
r8_83seqs	1	181
r8_83seqs	1	181
r8_83seqs	1	164
r8_83seqs	4	146
r8_83seqs	1	180
r8_83seqs	1	179
r8_83seqs	1	181
r8_83seqs	1	132
r8_83seqs	14	181
r8_83seqs	1	154
r8_83seqs	1	159
r8_83seqs	1	181
r8_83seqs	1	164
r8_83seqs	1	181
r8_83seqs	1	180
r8_83seqs	1	180
r8_83seqs	1	180
r8_83seqs	1	181
r8_83seqs	1	121
r8_83seqs	1	132
r8_83seqs	1	145
r8_83seqs	1	181
r8_83seqs	19	181
r8_83seqs	1	136
r8_83seqs	5	132
r8_83seqs	1	181
r8_83seqs	1	180
r8_83seqs	1	125
r8_83seqs	1	122
r8_83seqs	4	164
r8_83seqs	1	135
r8_83seqs	1	135
r8_83seqs	1	154
r8_83seqs	1	176
r8_83seqs	1	178
r8_83seqs	22	132
r8_83seqs	1	142
r8_83seqs	1	180
r8_83seqs	1	136
r8_83seqs	1	113
r8_83seqs	1	181
r8_83seqs	1	180
r8_83seqs	1	178
r8_83seqs	1	178
r8_83seqs	1	141
r8_83seqs	2	181
r8_83seqs	1	155
r8_83seqs	1	136
r8_83seqs	1	178
r8_83seqs	1	180
r8_83seqs	1	143
r8_83seqs	1	128
r8_83seqs	2	159
r8_83seqs	1	116
r8_83seqs	1	124
r8_83seqs	1	177
r8_83seqs	1	114
r8_83seqs	1	138
r8_83seqs	1	176
r8_83seqs	1	180
r8_83seqs	1	178
r8_83seqs	63	170
r8_83seqs	38	179
r8_83seqs	21	164
r8_83seqs	1	180
r8_83seqs	1	112
r8_83seqs	1	181
r8_83seqs	1	124
r8_83seqs	1	180
r8_83seqs	2	151
r8_83seqs	7	181
r8_83seqs	17	179
r8_83seqs	1	157
r8_83seqs	1	122
r8_83seqs	6	180
r8_83seqs	1	167
r8_83seqs	1	132
r8_83seqs	1	131
r8_83seqs	3	181
r8_83seqs	1	131
r8_83seqs	1	181
r8_83seqs	36	156
r8_83seqs	1	113
r8_83seqs	1	131
r8_83seqs	1	181
r8_83seqs	1	181
r8_83seqs	1	178
r8_83seqs	1	126
r8_83seqs	1	144
r8_83seqs	1	180
r8_83seqs	1	135
r8_83seqs	1	118
r8_83seqs	1	136
r8_83seqs	1	148
r8_83seqs	1	181
r8_83seqs	1	117
r8_83seqs	1	181
r8_83seqs	1	181
r8_83seqs	1	136
r8_83seqs	2	164
r8_83seqs	1	122
r8_83seqs	1	113
r8_83seqs	1	131
r8_83seqs	1	131
r8_83seqs	2	125
r8_83seqs	41	181
r8_83seqs	1	169
r8_83seqs	1	110
r8_83seqs	1	113
r8_83seqs	1	113
r8_83seqs	1	135
r8_83seqs	1	147
r8_83seqs	1	151
r8_83seqs	1	119
r8_83seqs	1	130
r8_83seqs	1	132
r8_83seqs	1	148
r8_83seqs	1	101
r8_83seqs	1	128
r8_83seqs	1	142
r8_83seqs	1	101
r8_83seqs	1	147
r8_83seqs	1	181
r8_83seqs	1	146
r8_83seqs	1	154
r8_83seqs	1	147
r8_83seqs	1	147
r8_83seqs	2	132
r8_83seqs	1	178
r8_83seqs	1	181
r8_83seqs	1	113
r8_83seqs	12	136
r8_83seqs	1	131
r8_83seqs	1	116
r8_83seqs	1	181
r8_83seqs	1	181
r8_83seqs	1	151
r8_83seqs	1	181
r8_83seqs	1	181
r8_83seqs	1	181
r8_83seqs	1	125
r8_83seqs	1	112
r8_83seqs	1	112
r8_83seqs	1	131
r8_83seqs	1	113
r8_83seqs	1	180
r8_83seqs	1	132
r8_83seqs	1	121
r8_83seqs	1	145
r8_83seqs	1	113
r8_83seqs	1	113
r8_83seqs	1	113
r8_83seqs	3	113
r8_83seqs	2	131
r8_83seqs	1	151
r8_83seqs	1	128
r8_83seqs	1	131
r8_83seqs	1	136
r8_83seqs	1	132
r8_83seqs	1	179
r8_83seqs	1	109
r8_83seqs	1	115
r8_83seqs	1	119
r8_83seqs	1	128
r8_83seqs	1	128
r8_83seqs	1	178
r8_83seqs	1	116
r8_83seqs	1	101
r8_83seqs	1	147
r8_83seqs	2	113
r8_83seqs	37	136
r8_83seqs	1	181
r8_83seqs	1	107
r8_83seqs	1	178
r8_83seqs	1	124
r8_83seqs	1	124
r8_83seqs	1	135
r8_83seqs	27	181
r8_83seqs	1	136
r8_83seqs	1	181
r8_83seqs	1	181
r8_83seqs	1	105
r8_83seqs	7	179
r8_83seqs	9	181
r8_83seqs	1	181
r8_83seqs	1	181
r8_83seqs	2	101
r9_15seqs	1	113
r8_83seqs	1	147
r8_83seqs	1	181
r9_15seqs	1	113
r8_83seqs	1	121
r8_83seqs	80	181
r8_83seqs	1	145
r8_83seqs	2	106
r9_15seqs	1	149
r8_83seqs	1	151
r8_83seqs	1	178
r8_83seqs	1	136
r8_83seqs	1	136
r8_83seqs	34	181
r8_83seqs	1	137
r8_83seqs	1	116
r9_15seqs	1	115
r8_83seqs	1	147
r9_15seqs	1	113
r9_15seqs	1	149
r9_15seqs	1	117
r8_83seqs	9	131
r9_15seqs	1	122
r8_83seqs	1	136
r8_83seqs	1	181
r9_15seqs	1	164
r8_83seqs	1	152
r9_15seqs	1	116
r9_15seqs	1	113
r9_15seqs	1	155
r9_15seqs	1	115
r9_15seqs	1	113
r9_15seqs	1	113
r9_15seqs	1	113
r8_83seqs	1	136
r9_15seqs	1	98
r9_15seqs	1	116
r8_83seqs	1	101
r9_15seqs	1	121
r8_83seqs	2	131
r9_15seqs	1	152
r9_15seqs	1	131
r9_15seqs	1	121
r8_83seqs	1	128
r9_15seqs	1	110
r9_15seqs	1	110
r9_15seqs	1	110
r9_15seqs	1	110
r9_15seqs	1	121
r9_15seqs	1	181
r9_15seqs	1	142
r9_15seqs	1	111
r9_15seqs	1	113
r9_15seqs	1	113
r9_15seqs	1	112
r9_15seqs	1	121
r8_83seqs	1	121
r8_83seqs	1	181
r9_15seqs	1	113
r9_15seqs	1	124
r9_15seqs	1	113
r9_15seqs	1	113
r9_15seqs	1	113
r9_15seqs	1	113
r9_15seqs	1	113
r9_15seqs	1	113
r9_15seqs	1	113
r9_15seqs	1	113
r8_83seqs	1	147
r8_83seqs	2	96
r9_15seqs	1	98
r8_83seqs	1	147
r9_15seqs	1	137
r9_15seqs	1	116
r9_15seqs	1	116
r9_15seqs	1	121
r9_15seqs	1	113
r9_15seqs	1	116
r9_15seqs	1	121
r9_15seqs	1	140
r9_15seqs	1	181
r9_15seqs	1	98
r9_15seqs	1	98
r9_15seqs	1	118
r9_15seqs	1	161
r9_15seqs	1	128
r9_15seqs	1	94
r9_15seqs	1	112
r8_83seqs	1	144
r9_15seqs	2	126
r8_83seqs	9	164
r9_15seqs	1	151
r9_15seqs	1	120
r8_83seqs	3	176
r9_15seqs	1	110
r9_15seqs	1	110
r9_15seqs	1	113
r9_15seqs	1	110
r9_15seqs	1	110
r9_15seqs	1	110
r9_15seqs	1	134
r9_15seqs	1	110
r9_15seqs	1	113
r9_15seqs	1	123
r9_15seqs	1	117
r9_15seqs	1	106
r9_15seqs	1	119
r9_15seqs	1	119
r9_15seqs	1	113
r9_15seqs	1	113
r9_15seqs	1	113
r9_15seqs	1	113
r9_15seqs	1	113
r9_15seqs	1	113
r9_15seqs	1	113
r9_15seqs	1	113
r9_15seqs	1	113
r9_15seqs	1	113
r9_15seqs	1	117
r9_15seqs	1	113
r9_15seqs	1	113
r9_15seqs	1	113
r9_15seqs	3	113
r9_15seqs	3	113
r9_15seqs	1	93
r9_15seqs	1	125
r9_15seqs	2	134
r9_15seqs	1	117
r9_15seqs	2	117
r9_15seqs	1	175
r9_15seqs	1	109
r9_15seqs	1	123
r9_15seqs	1	118
r9_15seqs	1	115
r9_15seqs	1	124
r9_15seqs	1	141
r9_15seqs	1	109
r9_15seqs	2	120
r9_15seqs	1	98
r9_15seqs	1	113
r9_15seqs	1	98
r9_15seqs	1	116
r9_15seqs	1	116
r9_15seqs	1	113
r9_15seqs	1	98
r9_15seqs	1	116
r9_15seqs	1	116
r9_15seqs	1	116
r9_15seqs	1	116
r9_15seqs	1	98
r9_15seqs	1	98
r9_15seqs	1	116
r9_15seqs	1	114
r9_15seqs	1	109
r9_15seqs	1	119
r9_15seqs	1	144
r9_15seqs	1	110
r9_15seqs	1	114
r9_15seqs	1	112
r9_15seqs	1	94
r9_15seqs	1	112
r9_15seqs	1	112
r9_15seqs	1	103
r9_15seqs	1	94
r9_15seqs	1	130
r8_83seqs	1	136
r9_15seqs	1	142
r9_15seqs	1	112
r9_15seqs	1	94
r9_15seqs	1	121
r9_15seqs	1	173
r9_15seqs	1	98
r9_15seqs	1	110
r9_15seqs	1	113
r9_15seqs	1	113
r9_15seqs	1	125
r9_15seqs	1	110
r9_15seqs	1	110
r9_15seqs	1	153
r9_15seqs	1	110
r9_15seqs	1	117
r9_15seqs	1	141
r9_15seqs	2	117
r8_83seqs	7	121
r9_15seqs	1	115
r9_15seqs	1	132
r9_15seqs	1	108
r9_15seqs	1	115
r9_15seqs	1	120
r9_15seqs	1	124
r8_83seqs	1	131
r9_15seqs	1	115
r9_15seqs	1	179
r9_15seqs	1	110
r9_15seqs	1	113
r9_15seqs	1	110
r9_15seqs	1	113
r9_15seqs	1	113
r9_15seqs	1	113
r9_15seqs	1	104
r9_15seqs	1	113
r9_15seqs	1	113
r9_15seqs	1	113
r9_15seqs	1	113
r9_15seqs	1	113
r9_15seqs	1	113
r9_15seqs	1	113
r9_15seqs	1	113
r9_15seqs	1	113
r9_15seqs	1	113
r9_15seqs	1	113
r9_15seqs	1	113
r9_15seqs	1	113
r9_15seqs	1	113
r9_15seqs	1	113
r9_15seqs	1	128
r9_15seqs	1	113
r9_15seqs	1	113
r9_15seqs	1	153
r9_15seqs	1	113
r9_15seqs	1	113
r9_15seqs	1	104
r9_15seqs	1	117
r9_15seqs	1	117
r9_15seqs	1	113
r9_15seqs	2	132
r8_83seqs	1	180
r9_15seqs	2	110
r9_15seqs	1	115
r9_15seqs	1	109
r9_15seqs	10	127
r9_15seqs	1	109
r9_15seqs	1	118
r9_15seqs	1	105
r9_15seqs	1	118
r9_15seqs	2	116
r9_15seqs	1	160
r9_15seqs	1	181
r9_15seqs	1	113
r9_15seqs	1	113
r9_15seqs	1	113
r9_15seqs	1	98
r9_15seqs	1	98
r9_15seqs	1	113
r9_15seqs	1	113
r9_15seqs	1	98
r9_15seqs	1	113
r9_15seqs	1	98
r9_15seqs	1	98
r9_15seqs	1	98
r9_15seqs	1	116
r9_15seqs	1	98
r9_15seqs	1	98
r9_15seqs	1	98
r9_15seqs	1	98
r9_15seqs	1	113
r9_15seqs	1	98
r9_15seqs	1	121
r9_15seqs	1	98
r9_15seqs	1	98
r9_15seqs	1	109
r9_15seqs	1	113
r9_15seqs	1	113
r9_15seqs	1	98
r9_15seqs	1	114
r9_15seqs	1	98
r9_15seqs	1	98
r9_15seqs	1	98
r9_15seqs	1	98
r9_15seqs	1	110
r9_15seqs	1	119
r9_15seqs	1	105
r9_15seqs	1	110
r9_15seqs	1	129
r9_15seqs	1	138
r9_15seqs	1	120
r9_15seqs	1	157
r9_15seqs	2	106
r9_15seqs	2	113
r9_15seqs	1	113
r9_15seqs	1	124
r9_15seqs	1	112
r9_15seqs	1	112
r9_15seqs	1	112
r9_15seqs	1	112
r9_15seqs	1	116
r9_15seqs	1	116
r9_15seqs	1	103
r9_15seqs	1	121
r9_15seqs	1	112
r9_15seqs	1	94
r8_83seqs	1	131
r9_15seqs	1	112
r9_15seqs	1	114
r9_15seqs	1	112
r9_15seqs	1	94
r9_15seqs	1	163
r9_15seqs	2	117
r9_15seqs	1	124
r9_15seqs	1	116
r9_15seqs	1	116
r9_15seqs	1	110
r9_15seqs	1	116
r9_15seqs	1	110
r9_15seqs	1	116
r9_15seqs	1	119
r9_15seqs	1	125
r9_15seqs	1	110
r9_15seqs	1	141
r9_15seqs	1	110
r9_15seqs	1	110
r9_15seqs	1	181
r9_15seqs	1	98
r9_15seqs	1	99
r9_15seqs	2	118
r9_15seqs	1	113
r9_15seqs	1	119
r9_15seqs	1	117
r9_15seqs	1	112
r9_15seqs	1	113
r9_15seqs	1	121
r9_15seqs	1	126
r9_15seqs	1	122
r9_15seqs	5	112
r8_83seqs	1	108
r9_15seqs	1	109
r9_15seqs	1	117
r9_15seqs	1	121
r9_15seqs	1	110
r9_15seqs	1	115
r9_15seqs	1	121
r9_15seqs	1	136
r9_15seqs	1	127
r9_15seqs	1	126
r9_15seqs	1	110
r9_15seqs	1	112
r9_15seqs	1	113
r9_15seqs	1	113
r9_15seqs	1	113
r9_15seqs	1	113
r9_15seqs	1	113
r9_15seqs	1	113
r9_15seqs	1	104
r9_15seqs	1	113
r9_15seqs	1	113
r9_15seqs	1	113
r9_15seqs	1	113
r9_15seqs	1	113
r9_15seqs	1	113
r9_15seqs	1	113
r9_15seqs	1	113
r9_15seqs	1	113
r9_15seqs	1	113
r9_15seqs	1	113
r9_15seqs	1	121
r9_15seqs	1	129
r9_15seqs	1	113
r9_15seqs	1	134
r9_15seqs	1	113
r9_15seqs	1	113
r9_15seqs	1	110
r9_15seqs	1	104
r9_15seqs	1	169
r9_15seqs	2	112
r9_15seqs	1	123
r9_15seqs	2	112
r9_15seqs	1	158
r9_15seqs	2	110
r9_15seqs	1	109
r9_15seqs	1	109
r9_15seqs	1	113
r9_15seqs	1	118
r9_15seqs	1	109
r9_15seqs	1	146
r9_15seqs	1	113
r9_15seqs	1	98
r9_15seqs	1	113
r9_15seqs	1	98
r9_15seqs	1	112
r9_15seqs	1	116
r9_15seqs	1	116
r9_15seqs	1	113
r9_15seqs	1	110
r9_15seqs	1	98
r9_15seqs	1	98
r9_15seqs	1	116
r9_15seqs	1	98
r9_15seqs	1	121
r9_15seqs	1	110
r9_15seqs	1	98
r9_15seqs	1	116
r9_15seqs	1	113
r9_15seqs	1	113
r9_15seqs	1	132
r9_15seqs	1	98
r9_15seqs	2	117
r9_15seqs	1	98
r9_15seqs	1	98
r9_15seqs	1	98
r9_15seqs	1	181
r9_15seqs	2	110
r9_15seqs	1	116
r9_15seqs	1	105
r9_15seqs	1	117
r9_15seqs	1	104
r9_15seqs	1	93
r9_15seqs	1	126
r8_83seqs	1	142
r9_15seqs	1	146
r9_15seqs	2	113
r9_15seqs	1	115
r9_15seqs	2	113
r9_15seqs	1	127
r9_15seqs	1	112
r9_15seqs	1	115
r9_15seqs	1	121
r9_15seqs	1	112
r9_15seqs	1	94
r9_15seqs	6	108
r9_15seqs	1	112
r9_15seqs	1	118
r9_15seqs	1	94
r9_15seqs	5	149
r9_15seqs	1	94
r9_15seqs	1	136
r9_15seqs	1	112
r9_15seqs	1	101
r9_15seqs	1	110
r9_15seqs	1	113
r9_15seqs	2	117
r9_15seqs	1	110
r9_15seqs	1	116
r9_15seqs	1	116
r9_15seqs	1	116
r9_15seqs	1	110
r9_15seqs	1	110
r9_15seqs	1	116
r9_15seqs	1	116
r9_15seqs	1	110
r9_15seqs	1	110
r9_15seqs	1	110
r9_15seqs	1	112
r9_15seqs	1	110
r9_15seqs	1	110
r9_15seqs	1	114
r9_15seqs	1	110
r9_15seqs	1	112
r9_15seqs	1	110
r9_15seqs	1	110
r9_15seqs	1	161
r9_15seqs	1	110
r9_15seqs	2	113
r9_15seqs	1	114
r9_15seqs	1	121
r9_15seqs	1	114
r9_15seqs	1	123
r9_15seqs	1	113
r9_15seqs	1	98
r9_15seqs	1	113
r9_15seqs	2	98
r9_15seqs	2	98
r9_15seqs	1	112
r9_15seqs	1	110
r9_15seqs	1	124
r9_15seqs	1	112
r9_15seqs	2	98
r9_15seqs	1	152
r9_15seqs	1	144
r9_15seqs	1	148
r9_15seqs	1	113
r9_15seqs	1	113
r9_15seqs	1	110
r9_15seqs	1	113
r9_15seqs	1	113
r9_15seqs	1	113
r9_15seqs	1	113
r9_15seqs	1	104
r9_15seqs	1	124
r9_15seqs	1	113
r9_15seqs	1	113
r9_15seqs	1	113
r9_15seqs	1	113
r9_15seqs	1	113
r9_15seqs	1	113
r9_15seqs	1	113
r9_15seqs	1	113
r9_15seqs	1	113
r9_15seqs	1	113
r9_15seqs	1	113
r9_15seqs	1	113
r9_15seqs	1	104
r9_15seqs	1	116
r9_15seqs	1	128
r9_15seqs	1	125
r9_15seqs	1	113
r9_15seqs	1	113
r9_15seqs	1	113
r9_15seqs	2	155
r9_15seqs	1	113
r9_15seqs	2	116
r9_15seqs	1	113
r9_15seqs	1	117
r9_15seqs	1	111
r9_15seqs	1	117
r9_15seqs	1	123
r9_15seqs	1	117
r9_15seqs	1	181
r9_15seqs	5	113
r9_15seqs	1	109
r9_15seqs	1	109
r9_15seqs	1	124
r9_15seqs	1	109
r9_15seqs	1	109
r9_15seqs	1	109
r9_15seqs	1	110
r9_15seqs	1	124
r9_15seqs	1	115
r9_15seqs	1	132
r9_15seqs	1	137
r9_15seqs	2	110
r9_15seqs	1	98
r9_15seqs	1	98
r9_15seqs	1	113
r9_15seqs	1	98
r9_15seqs	1	98
r9_15seqs	1	98
r9_15seqs	1	113
r9_15seqs	1	98
r9_15seqs	1	98
r9_15seqs	1	98
r9_15seqs	1	98
r9_15seqs	1	113
r9_15seqs	1	98
r9_15seqs	1	98
r9_15seqs	1	98
r9_15seqs	1	98
r9_15seqs	1	98
r9_15seqs	1	98
r9_15seqs	1	121
r9_15seqs	1	116
r9_15seqs	1	98
r9_15seqs	1	146
r9_15seqs	1	113
r9_15seqs	1	98
r9_15seqs	1	98
r9_15seqs	2	115
r9_15seqs	1	109
r9_15seqs	1	98
r9_15seqs	1	122
r9_15seqs	2	113
r9_15seqs	1	94
r9_15seqs	1	94
r9_15seqs	1	112
r9_15seqs	1	94
r9_15seqs	1	94
r9_15seqs	1	94
r9_15seqs	1	132
r9_15seqs	1	94
r9_15seqs	1	94
r9_15seqs	1	112
r9_15seqs	1	94
r9_15seqs	1	117
r9_15seqs	1	130
r9_15seqs	1	169
r9_15seqs	1	116
r9_15seqs	1	119
r9_15seqs	1	110
r9_15seqs	1	116
r9_15seqs	1	119
r9_15seqs	1	119
r9_15seqs	1	110
r9_15seqs	1	116
r9_15seqs	1	98
r9_15seqs	1	113
r9_15seqs	1	119
r9_15seqs	2	118
r9_15seqs	2	118
r9_15seqs	1	113
r9_15seqs	1	110
r9_15seqs	1	113
r9_15seqs	1	121
r9_15seqs	1	128
r8_83seqs	1	117
r9_15seqs	1	151
r9_15seqs	1	161
r9_15seqs	2	98
r9_15seqs	1	110
r9_15seqs	2	98
r9_15seqs	1	115
r9_15seqs	1	125
r9_15seqs	2	122
r9_15seqs	1	112
r9_15seqs	1	110
r9_15seqs	1	121
r9_15seqs	1	110
r9_15seqs	1	113
r9_15seqs	1	113
r9_15seqs	1	113
r9_15seqs	1	113
r9_15seqs	1	113
r9_15seqs	1	113
r9_15seqs	1	104
r9_15seqs	1	113
r9_15seqs	1	110
r9_15seqs	1	113
r9_15seqs	1	113
r9_15seqs	1	113
r9_15seqs	1	117
r9_15seqs	1	113
r9_15seqs	1	113
r9_15seqs	1	93
r9_15seqs	1	112
r9_15seqs	1	98
r9_15seqs	1	116
r9_15seqs	1	113
r8_83seqs	9	177
r9_15seqs	2	98
r9_15seqs	1	114
r9_15seqs	1	113
r9_15seqs	1	113
r9_15seqs	1	137
r9_15seqs	1	98
r9_15seqs	1	98
r9_15seqs	1	98
r9_15seqs	1	124
r9_15seqs	1	116
r9_15seqs	1	98
r9_15seqs	1	98
r9_15seqs	1	98
r9_15seqs	1	110
r9_15seqs	1	98
r9_15seqs	1	123
r9_15seqs	1	151
r9_15seqs	1	94
r9_15seqs	1	94
r9_15seqs	1	94
r9_15seqs	1	113
r9_15seqs	2	113
r9_15seqs	1	130
r9_15seqs	1	94
r9_15seqs	2	146
r9_15seqs	1	94
r9_15seqs	1	115
r9_15seqs	1	112
r9_15seqs	1	110
r9_15seqs	1	110
r9_15seqs	1	110
r9_15seqs	1	110
r9_15seqs	1	110
r9_15seqs	1	110
r9_15seqs	1	113
r9_15seqs	1	117
r9_15seqs	1	123
r8_83seqs	24	180
r9_15seqs	2	98
r9_15seqs	1	110
r9_15seqs	1	98
r9_15seqs	1	113
r9_15seqs	1	104
r9_15seqs	1	113
r9_15seqs	1	113
r9_15seqs	1	111
r9_15seqs	1	111
r9_15seqs	1	164
r9_15seqs	1	109
r9_15seqs	1	109
r9_15seqs	1	109
r9_15seqs	1	94
r9_15seqs	1	116
r9_15seqs	1	98
r9_15seqs	1	98
r9_15seqs	1	98
r9_15seqs	1	98
r9_15seqs	1	98
r9_15seqs	1	98
r9_15seqs	1	98
r9_15seqs	1	98
r9_15seqs	1	113
r9_15seqs	1	110
r9_15seqs	1	94
r9_15seqs	2	124
r9_15seqs	1	110
r9_15seqs	1	116
r9_15seqs	1	123
r9_15seqs	1	119
r9_15seqs	1	115
r9_15seqs	1	137
r9_15seqs	1	109
r9_15seqs	1	98
r9_15seqs	1	128
r9_15seqs	1	132
r9_15seqs	2	180
r9_15seqs	1	113
r9_15seqs	1	113
r9_15seqs	1	179
r9_15seqs	1	113
r9_15seqs	1	113
r9_15seqs	1	113
r9_15seqs	1	116
r9_15seqs	1	127
r9_15seqs	1	112
r9_15seqs	1	112
r9_15seqs	1	133
r9_15seqs	1	116
r9_15seqs	1	113
r9_15seqs	1	98
r9_15seqs	1	121
r9_15seqs	1	117
r9_15seqs	1	106
r9_15seqs	1	110
r9_15seqs	1	113
r9_15seqs	1	138
r9_15seqs	1	181
r9_15seqs	1	180
r9_15seqs	1	113
r9_15seqs	1	113
r9_15seqs	1	113
r9_15seqs	1	113
r9_15seqs	1	124
r9_15seqs	1	180
r9_15seqs	1	113
r9_15seqs	1	124
r9_15seqs	1	163
r9_15seqs	1	113
r9_15seqs	1	112
r9_15seqs	2	113
r9_15seqs	1	154
r9_15seqs	1	123
r9_15seqs	1	123
r9_15seqs	1	94
r9_15seqs	1	116
r9_15seqs	1	112
r9_15seqs	1	121
r9_15seqs	1	103
r9_15seqs	1	121
r9_15seqs	1	110
r9_15seqs	1	134
r9_15seqs	1	113
r9_15seqs	1	105
r9_15seqs	1	117
r9_15seqs	1	174
r9_15seqs	1	113
r9_15seqs	1	115
r9_15seqs	1	120
r9_15seqs	1	142
r9_15seqs	1	97
r9_15seqs	1	113
r9_15seqs	1	108
r9_15seqs	1	113
r9_15seqs	1	113
r9_15seqs	1	113
r9_15seqs	1	113
r9_15seqs	1	113
r9_15seqs	1	113
r9_15seqs	1	113
r9_15seqs	1	117
r9_15seqs	1	110
r9_15seqs	1	110
r9_15seqs	1	113
r9_15seqs	1	113
r9_15seqs	1	117
r9_15seqs	1	93
r9_15seqs	1	135
r9_15seqs	1	135
r9_15seqs	1	112
r9_15seqs	1	109
r9_15seqs	1	113
r9_15seqs	1	118
r9_15seqs	1	156
r9_15seqs	1	113
r9_15seqs	1	98
r9_15seqs	1	113
r9_15seqs	1	98
r9_15seqs	1	116
r9_15seqs	1	113
r9_15seqs	1	113
r9_15seqs	1	116
r9_15seqs	1	98
r9_15seqs	1	98
r9_15seqs	1	107
r9_15seqs	1	133
r9_15seqs	1	98
r9_15seqs	1	112
r9_15seqs	1	116
r9_15seqs	1	110
r9_15seqs	1	114
r9_15seqs	1	123
r9_15seqs	2	143
r9_15seqs	1	157
r9_15seqs	1	112
r9_15seqs	1	94
r9_15seqs	1	112
r9_15seqs	1	94
r9_15seqs	1	112
r9_15seqs	6	119
r9_15seqs	1	150
r9_15seqs	1	153
r9_15seqs	1	116
r9_15seqs	1	116
r9_15seqs	1	116
r9_15seqs	1	119
r9_15seqs	1	110
r9_15seqs	1	116
r9_15seqs	1	119
r9_15seqs	1	110
r9_15seqs	1	123
r9_15seqs	1	117
r9_15seqs	1	113
r9_15seqs	1	121
r9_15seqs	1	131
r9_15seqs	1	140
r9_15seqs	1	180
r9_15seqs	1	121
r9_15seqs	1	145
r9_15seqs	1	121
r9_15seqs	1	110
r9_15seqs	1	121
r9_15seqs	1	112
r9_15seqs	1	115
r9_15seqs	1	124
r9_15seqs	2	110
r9_15seqs	1	121
r9_15seqs	1	110
r9_15seqs	1	110
r9_15seqs	1	113
r9_15seqs	1	113
r9_15seqs	1	113
r9_15seqs	1	113
r9_15seqs	1	113
r9_15seqs	1	113
r9_15seqs	1	113
r9_15seqs	1	113
r9_15seqs	1	113
r9_15seqs	1	113
r9_15seqs	1	113
r9_15seqs	1	110
r9_15seqs	1	113
r9_15seqs	1	113
r9_15seqs	1	113
r9_15seqs	1	113
r9_15seqs	1	113
r9_15seqs	1	117
r9_15seqs	1	113
r9_15seqs	1	113
r9_15seqs	1	109
r9_15seqs	1	126
r9_15seqs	1	143
r9_15seqs	1	113
r9_15seqs	1	157
r9_15seqs	1	124
r9_15seqs	5	112
r9_15seqs	3	113
r9_15seqs	2	94
r9_15seqs	1	116
r9_15seqs	1	117
r9_15seqs	1	117
r9_15seqs	1	113
r9_15seqs	1	143
r9_15seqs	1	98
r9_15seqs	1	116
r9_15seqs	1	108
r9_15seqs	1	116
r9_15seqs	1	113
r9_15seqs	1	115
r9_15seqs	1	109
r9_15seqs	1	113
r9_15seqs	1	113
r9_15seqs	1	113
r9_15seqs	1	113
r9_15seqs	2	112
r9_15seqs	1	110
r9_15seqs	1	124
r9_15seqs	1	133
r9_15seqs	2	109
r9_15seqs	1	98
r9_15seqs	1	116
r9_15seqs	1	113
r9_15seqs	1	110
r9_15seqs	1	98
r9_15seqs	1	116
r9_15seqs	1	126
r9_15seqs	1	113
r9_15seqs	1	113
r9_15seqs	1	98
r9_15seqs	1	113
r9_15seqs	1	116
r9_15seqs	1	98
r9_15seqs	1	98
r9_15seqs	1	116
r9_15seqs	1	127
r9_15seqs	1	128
r9_15seqs	1	113
r9_15seqs	1	98
r9_15seqs	1	141
r9_15seqs	1	98
r9_15seqs	1	98
r9_15seqs	1	110
r9_15seqs	2	113
r9_15seqs	2	113
r9_15seqs	1	94
r9_15seqs	1	112
r9_15seqs	1	94
r9_15seqs	1	112
r9_15seqs	1	103
r9_15seqs	1	113
r9_15seqs	1	112
r9_15seqs	1	116
r9_15seqs	1	121
r9_15seqs	6	117
r9_15seqs	1	113
r9_15seqs	1	101
r9_15seqs	1	98
r9_15seqs	1	98
r9_15seqs	1	119
r9_15seqs	1	110
r9_15seqs	1	110
r9_15seqs	1	110
r9_15seqs	1	116
r9_15seqs	1	110
r9_15seqs	1	116
r9_15seqs	1	112
r9_15seqs	1	113
r9_15seqs	1	116
r9_15seqs	1	139
r9_15seqs	1	116
r9_15seqs	1	101
r9_15seqs	1	110
r9_15seqs	1	173
r9_15seqs	1	110
r9_15seqs	1	116
r9_15seqs	2	115
r9_15seqs	1	113
r9_15seqs	1	113
r9_15seqs	1	113
r9_15seqs	1	113
r9_15seqs	1	112
r9_15seqs	1	113
r9_15seqs	1	123
r9_15seqs	1	122
r9_15seqs	2	121
r9_15seqs	1	113
r9_15seqs	1	112
r9_15seqs	2	98
r9_15seqs	2	98
r9_15seqs	1	115
r9_15seqs	1	110
r9_15seqs	1	115
r9_15seqs	1	110
r9_15seqs	1	111
r9_15seqs	1	121
r9_15seqs	1	133
r9_15seqs	1	133
r9_15seqs	1	117
r9_15seqs	1	121
r9_15seqs	1	115
r9_15seqs	1	113
r9_15seqs	1	113
r9_15seqs	1	113
r9_15seqs	1	110
r9_15seqs	1	113
r9_15seqs	1	113
r9_15seqs	1	113
r9_15seqs	1	113
r9_15seqs	1	113
r9_15seqs	1	113
r9_15seqs	1	113
r9_15seqs	1	113
r9_15seqs	1	113
r9_15seqs	1	113
r9_15seqs	1	113
r9_15seqs	1	113
r9_15seqs	1	113
r9_15seqs	1	113
r9_15seqs	1	113
r9_15seqs	1	113
r9_15seqs	1	113
r9_15seqs	1	113
r9_15seqs	1	113
r9_15seqs	1	136
r9_15seqs	1	113
r9_15seqs	1	113
r9_15seqs	1	113
r9_15seqs	1	113
r9_15seqs	1	113
r9_15seqs	1	113
r9_15seqs	1	113
r9_15seqs	1	113
r9_15seqs	1	113
r9_15seqs	1	113
r9_15seqs	1	113
r9_15seqs	1	104
r9_15seqs	1	113
r9_15seqs	1	108
r9_15seqs	1	113
r9_15seqs	1	113
r9_15seqs	1	150
r9_15seqs	1	115
r9_15seqs	1	113
r9_15seqs	1	113
r9_15seqs	1	110
r9_15seqs	1	149
r9_15seqs	6	98
r9_15seqs	3	113
r9_15seqs	1	102
r9_15seqs	2	113
r9_15seqs	1	117
r9_15seqs	1	111
r9_15seqs	1	115
r9_15seqs	1	111
r9_15seqs	1	93
r9_15seqs	1	113
r9_15seqs	1	113
r9_15seqs	1	114
r9_15seqs	1	128
r9_15seqs	1	135
r9_15seqs	1	156
r9_15seqs	2	134
r9_15seqs	1	125
r9_15seqs	5	113
r9_15seqs	5	113
r9_15seqs	2	124
r9_15seqs	1	121
r9_15seqs	2	112
r9_15seqs	1	113
r9_15seqs	1	113
r9_15seqs	1	113
r9_15seqs	1	118
r9_15seqs	1	113
r9_15seqs	1	113
r9_15seqs	1	109
r9_15seqs	1	113
r9_15seqs	1	124
r9_15seqs	1	115
r9_15seqs	2	131
r9_15seqs	1	118
r9_15seqs	1	151
r9_15seqs	1	109
r9_15seqs	1	136
r9_15seqs	1	137
r9_15seqs	1	132
r9_15seqs	1	181
r9_15seqs	1	113
r9_15seqs	1	98
r9_15seqs	1	116
r9_15seqs	2	112
r9_15seqs	1	98
r9_15seqs	1	98
r9_15seqs	1	127
r9_15seqs	1	98
r9_15seqs	1	98
r9_15seqs	1	116
r9_15seqs	1	128
r9_15seqs	1	116
r9_15seqs	1	98
r9_15seqs	1	116
r9_15seqs	1	98
r9_15seqs	1	113
r9_15seqs	1	113
r9_15seqs	1	113
r9_15seqs	1	116
r9_15seqs	1	98
r9_15seqs	1	116
r9_15seqs	1	113
r9_15seqs	1	113
r9_15seqs	1	98
r9_15seqs	1	113
r9_15seqs	1	131
r9_15seqs	1	137
r9_15seqs	1	116
r9_15seqs	1	98
r9_15seqs	1	113
r9_15seqs	1	98
r9_15seqs	1	98
r9_15seqs	1	98
r9_15seqs	1	98
r9_15seqs	1	98
r9_15seqs	1	98
r9_15seqs	3	98
r9_15seqs	1	112
r9_15seqs	2	110
r9_15seqs	2	130
r9_15seqs	1	105
r9_15seqs	1	110
r9_15seqs	1	113
r9_15seqs	1	135
r9_15seqs	1	159
r9_15seqs	2	136
r9_15seqs	1	115
r9_15seqs	1	113
r9_15seqs	2	113
r9_15seqs	2	119
r9_15seqs	1	112
r9_15seqs	1	94
r9_15seqs	1	94
r9_15seqs	1	112
r9_15seqs	1	112
r9_15seqs	1	112
r9_15seqs	1	116
r9_15seqs	1	94
r9_15seqs	1	130
r9_15seqs	1	109
r9_15seqs	1	121
r9_15seqs	1	112
r9_15seqs	1	121
r9_15seqs	1	133
r9_15seqs	1	132
r9_15seqs	1	94
r9_15seqs	1	147
r9_15seqs	1	94
r9_15seqs	1	131
r9_15seqs	1	127
r9_15seqs	1	116
r9_15seqs	1	113
r9_15seqs	1	98
r9_15seqs	1	116
r9_15seqs	1	113
r9_15seqs	1	92
r9_15seqs	1	110
r9_15seqs	1	110
r9_15seqs	1	116
r9_15seqs	1	110
r9_15seqs	1	110
r9_15seqs	1	110
r9_15seqs	1	110
r9_15seqs	1	110
r9_15seqs	1	125
r9_15seqs	1	123
r9_15seqs	1	125
r9_15seqs	1	140
r9_15seqs	1	110
r9_15seqs	1	114
r9_15seqs	1	113
r9_15seqs	1	119
r9_15seqs	1	110
r9_15seqs	2	110
r9_15seqs	3	124
r9_15seqs	1	123
r9_15seqs	1	113
r9_15seqs	1	113
r9_15seqs	1	113
r9_15seqs	6	113
r9_15seqs	1	123
r9_15seqs	1	132
r9_15seqs	1	123
r9_15seqs	1	158
r9_15seqs	1	114
r9_15seqs	1	123
r9_15seqs	1	113
r9_15seqs	1	99
r9_15seqs	7	112
r9_15seqs	1	98
r9_15seqs	1	94
r9_15seqs	1	112
r9_15seqs	2	118
r9_15seqs	1	121
r9_15seqs	1	110
r9_15seqs	1	112
r9_15seqs	1	110
r9_15seqs	1	115
r9_15seqs	1	110
r9_15seqs	1	120
r9_15seqs	2	98
r9_15seqs	1	115
r9_15seqs	1	114
r9_15seqs	2	113
r9_15seqs	1	153
r9_15seqs	1	151
r9_15seqs	2	98
r9_15seqs	1	115
r9_15seqs	5	135
r9_15seqs	1	113
r9_15seqs	1	113
r9_15seqs	1	113
r9_15seqs	1	119
r9_15seqs	1	110
r9_15seqs	1	113
r9_15seqs	1	113
r9_15seqs	1	113
r9_15seqs	1	113
r9_15seqs	1	113
r9_15seqs	1	113
r9_15seqs	1	127
r9_15seqs	1	117
r9_15seqs	1	113
r9_15seqs	1	113
r9_15seqs	1	113
r9_15seqs	1	113
r9_15seqs	1	113
r9_15seqs	1	113
r9_15seqs	1	113
r9_15seqs	1	113
r9_15seqs	1	113
r9_15seqs	1	104
r9_15seqs	1	113
r9_15seqs	1	104
r9_15seqs	1	113
r9_15seqs	1	113
r9_15seqs	1	113
r9_15seqs	1	113
r9_15seqs	1	113
r9_15seqs	1	113
r9_15seqs	1	113
r9_15seqs	1	113
r9_15seqs	1	113
r9_15seqs	1	117
r9_15seqs	1	113
r9_15seqs	1	113
r9_15seqs	1	113
r9_15seqs	1	115
r9_15seqs	1	122
r9_15seqs	5	143
r9_15seqs	1	110
r9_15seqs	1	128
r9_15seqs	1	113
r9_15seqs	1	107
r9_15seqs	2	112
r9_15seqs	2	112
r9_15seqs	2	94
r9_15seqs	1	93
r9_15seqs	1	124
r9_15seqs	1	110
r9_15seqs	1	93
r9_15seqs	1	120
r9_15seqs	1	121
r9_15seqs	1	113
r9_15seqs	1	118
r9_15seqs	1	98
r9_15seqs	1	156
r9_15seqs	1	170
r9_15seqs	1	113
r9_15seqs	1	113
r9_15seqs	1	124
r9_15seqs	1	113
r9_15seqs	1	118
r9_15seqs	1	113
r9_15seqs	1	113
r9_15seqs	1	141
r9_15seqs	1	144
r9_15seqs	5	113
r9_15seqs	1	113
r9_15seqs	1	98
r9_15seqs	1	113
r9_15seqs	1	98
r9_15seqs	1	98
r9_15seqs	1	98
r9_15seqs	1	98
r9_15seqs	1	112
r9_15seqs	1	98
r9_15seqs	1	98
r9_15seqs	1	116
r9_15seqs	1	113
r9_15seqs	1	98
r9_15seqs	1	113
r9_15seqs	1	98
r9_15seqs	1	98
r9_15seqs	1	98
r9_15seqs	1	110
r9_15seqs	1	113
r9_15seqs	1	107
r9_15seqs	1	98
r9_15seqs	1	113
r9_15seqs	1	98
r9_15seqs	1	98
r9_15seqs	1	116
r9_15seqs	1	98
r9_15seqs	1	121
r9_15seqs	1	94
r9_15seqs	1	98
r9_15seqs	1	98
r9_15seqs	1	98
r9_15seqs	1	98
r9_15seqs	1	116
r9_15seqs	3	122
r9_15seqs	1	98
r9_15seqs	1	98
r9_15seqs	1	98
r9_15seqs	1	107
r9_15seqs	1	98
r9_15seqs	2	147
r9_15seqs	1	98
r9_15seqs	1	98
r9_15seqs	1	98
r9_15seqs	2	113
r9_15seqs	1	98
r9_15seqs	1	113
r9_15seqs	1	98
r9_15seqs	1	123
r9_15seqs	1	112
r9_15seqs	1	109
r9_15seqs	1	129
r9_15seqs	1	144
r9_15seqs	3	98
r9_15seqs	1	147
r9_15seqs	1	142
r9_15seqs	5	166
r9_15seqs	2	115
r9_15seqs	5	98
r9_15seqs	1	118
r9_15seqs	1	113
r9_15seqs	1	109
r9_15seqs	2	113
r9_15seqs	2	113
r9_15seqs	1	94
r9_15seqs	2	113
r9_15seqs	2	113
r9_15seqs	2	113
r9_15seqs	1	109
r9_15seqs	1	112
r9_15seqs	1	94
r9_15seqs	1	94
r9_15seqs	1	94
r9_15seqs	1	94
r9_15seqs	1	112
r9_15seqs	1	112
r9_15seqs	1	112
r9_15seqs	1	112
r9_15seqs	1	94
r9_15seqs	1	116
r9_15seqs	1	112
r9_15seqs	1	94
r9_15seqs	1	113
r9_15seqs	1	112
r9_15seqs	1	121
r9_15seqs	1	130
r9_15seqs	2	113
r9_15seqs	1	94
r9_15seqs	1	125
r9_15seqs	1	112
r9_15seqs	2	123
r9_15seqs	1	110
r9_15seqs	1	110
r9_15seqs	1	113
r9_15seqs	1	110
r9_15seqs	1	116
r9_15seqs	1	110
r9_15seqs	1	110
r9_15seqs	1	110
r9_15seqs	1	110
r9_15seqs	1	110
r9_15seqs	1	116
r9_15seqs	1	115
r9_15seqs	1	98
r9_15seqs	1	110
r9_15seqs	1	116
r9_15seqs	1	128
r9_15seqs	1	116
r9_15seqs	2	109
r9_15seqs	1	108
r9_15seqs	1	113
r9_15seqs	1	113
r9_15seqs	1	108
r9_15seqs	1	108
r9_15seqs	1	113
r9_15seqs	1	113
r9_15seqs	1	132
r9_15seqs	1	119
r9_15seqs	1	117
r9_15seqs	1	172
r9_15seqs	1	108
r9_15seqs	2	98
r9_15seqs	2	98
r9_15seqs	1	121
r9_15seqs	2	98
r9_15seqs	1	112
r9_15seqs	2	113
r9_15seqs	1	127
r9_15seqs	1	115
r9_15seqs	1	110
r9_15seqs	1	121
r9_15seqs	1	110
r9_15seqs	1	113
r9_15seqs	1	110
r9_15seqs	1	112
r9_15seqs	1	113
r9_15seqs	1	113
r9_15seqs	1	113
r9_15seqs	1	113
r9_15seqs	1	113
r9_15seqs	1	113
r9_15seqs	1	113
r9_15seqs	1	113
r9_15seqs	1	113
r9_15seqs	1	113
r9_15seqs	1	113
r9_15seqs	1	113
r9_15seqs	1	113
r9_15seqs	1	113
r9_15seqs	1	113
r9_15seqs	1	113
r9_15seqs	1	113
r9_15seqs	1	113
r9_15seqs	1	113
r9_15seqs	1	113
r9_15seqs	1	113
r9_15seqs	1	113
r9_15seqs	1	113
r9_15seqs	1	113
r9_15seqs	1	113
r9_15seqs	1	113
r9_15seqs	1	113
r9_15seqs	1	113
r9_15seqs	1	104
r9_15seqs	1	119
r9_15seqs	1	113
r9_15seqs	1	113
r9_15seqs	1	110
r9_15seqs	1	113
r9_15seqs	1	110
r9_15seqs	1	110
r9_15seqs	1	113
r9_15seqs	1	113
r9_15seqs	1	134
r9_15seqs	1	113
r9_15seqs	1	113
r9_15seqs	1	113
r9_15seqs	1	120
r9_15seqs	1	116
r9_15seqs	1	113
r9_15seqs	1	113
r9_15seqs	1	108
r9_15seqs	1	110
r9_15seqs	1	113
r9_15seqs	1	117
r9_15seqs	1	113
r9_15seqs	1	98
r9_15seqs	2	132
r9_15seqs	1	110
r9_15seqs	6	105
r9_15seqs	5	113
r9_15seqs	1	113
r9_15seqs	1	109
r9_15seqs	1	109
r9_15seqs	1	113
r9_15seqs	1	113
r9_15seqs	1	113
r9_15seqs	2	98
r9_15seqs	2	152
r9_15seqs	1	113
r9_15seqs	1	136
r9_15seqs	1	110
r9_15seqs	1	113
r9_15seqs	1	113
r9_15seqs	1	98
r9_15seqs	1	98
r9_15seqs	1	98
r9_15seqs	1	98
r9_15seqs	1	98
r9_15seqs	1	98
r9_15seqs	1	98
r9_15seqs	1	116
r9_15seqs	1	98
r9_15seqs	1	98
r9_15seqs	1	116
r9_15seqs	1	98
r9_15seqs	1	89
r9_15seqs	1	98
r9_15seqs	1	107
r9_15seqs	1	116
r9_15seqs	1	98
r9_15seqs	1	117
r9_15seqs	1	113
r9_15seqs	1	116
r9_15seqs	1	113
r9_15seqs	1	98
r9_15seqs	1	116
r9_15seqs	1	98
r9_15seqs	1	98
r9_15seqs	1	98
r9_15seqs	1	113
r9_15seqs	1	113
r9_15seqs	1	113
r9_15seqs	1	98
r9_15seqs	1	110
r9_15seqs	1	98
r9_15seqs	2	123
r9_15seqs	2	138
r9_15seqs	1	98
r9_15seqs	1	113
r9_15seqs	1	98
r9_15seqs	1	98
r9_15seqs	1	98
r9_15seqs	1	98
r9_15seqs	1	98
r9_15seqs	1	98
r9_15seqs	1	98
r9_15seqs	1	98
r9_15seqs	1	113
r9_15seqs	2	111
r9_15seqs	2	115
r9_15seqs	1	117
r9_15seqs	1	120
r9_15seqs	1	120
r9_15seqs	1	116
r9_15seqs	1	120
r9_15seqs	1	113
r9_15seqs	1	155
r9_15seqs	1	152
r9_15seqs	1	135
r9_15seqs	5	98
r9_15seqs	5	113
r9_15seqs	2	113
r9_15seqs	2	113
r9_15seqs	1	118
r9_15seqs	1	103
r9_15seqs	1	94
r9_15seqs	1	94
r9_15seqs	1	94
r9_15seqs	1	94
r9_15seqs	1	112
r9_15seqs	1	94
r9_15seqs	1	112
r9_15seqs	1	112
r9_15seqs	1	103
r9_15seqs	1	112
r9_15seqs	1	94
r9_15seqs	1	112
r9_15seqs	1	94
r9_15seqs	1	94
r9_15seqs	1	113
r9_15seqs	1	94
r9_15seqs	1	109
r9_15seqs	2	113
r9_15seqs	1	94
r9_15seqs	1	121
r9_15seqs	1	98
r9_15seqs	1	113
r9_15seqs	1	110
r9_15seqs	1	110
r9_15seqs	1	110
r9_15seqs	1	110
r9_15seqs	1	113
r9_15seqs	1	114
r9_15seqs	1	98
r9_15seqs	1	110
r9_15seqs	1	98
r9_15seqs	1	116
r9_15seqs	1	116
r9_15seqs	2	121
r9_15seqs	1	113
r9_15seqs	6	113
r9_15seqs	1	110
r9_15seqs	1	117
r9_15seqs	1	113
r9_15seqs	1	112
r9_15seqs	1	113
r9_15seqs	1	113
r9_15seqs	1	98
r9_15seqs	1	113
r9_15seqs	1	124
r9_15seqs	1	110
r9_15seqs	1	112
r9_15seqs	2	98
r9_15seqs	3	113
r9_15seqs	2	98
r9_15seqs	1	110
r9_15seqs	1	110
r9_15seqs	1	112
r9_15seqs	1	112
r9_15seqs	1	112
r9_15seqs	1	113
r9_15seqs	1	110
r9_15seqs	1	110
r9_15seqs	1	117
r9_15seqs	1	127
r9_15seqs	1	120
r9_15seqs	5	161
r9_15seqs	1	113
r9_15seqs	1	113
r9_15seqs	1	113
r9_15seqs	1	113
r9_15seqs	1	119
r9_15seqs	1	113
r9_15seqs	1	119
r9_15seqs	1	113
r9_15seqs	1	113
r9_15seqs	1	113
r9_15seqs	1	113
r9_15seqs	1	113
r9_15seqs	1	113
r9_15seqs	1	113
r9_15seqs	1	98
r9_15seqs	1	113
r9_15seqs	1	113
r9_15seqs	1	117
r9_15seqs	1	111
r9_15seqs	1	98
r9_15seqs	1	113
r9_15seqs	1	98
r9_15seqs	2	136
r9_15seqs	1	98
r9_15seqs	1	113
r9_15seqs	1	113
r9_15seqs	1	113
r9_15seqs	1	113
r9_15seqs	1	109
r9_15seqs	1	109
r9_15seqs	1	133
r9_15seqs	1	113
r9_15seqs	1	109
r9_15seqs	1	151
r9_15seqs	6	94
r9_15seqs	1	113
r9_15seqs	1	98
r9_15seqs	1	98
r9_15seqs	1	98
r9_15seqs	1	98
r9_15seqs	1	98
r9_15seqs	1	98
r9_15seqs	1	98
r9_15seqs	1	98
r9_15seqs	1	98
r9_15seqs	1	116
r9_15seqs	1	98
r9_15seqs	1	98
r9_15seqs	1	98
r9_15seqs	1	98
r9_15seqs	1	113
r9_15seqs	1	98
r9_15seqs	1	98
r9_15seqs	1	98
r9_15seqs	1	98
r9_15seqs	1	128
r9_15seqs	5	109
r9_15seqs	5	113
r9_15seqs	1	123
r9_15seqs	1	109
r9_15seqs	1	112
r9_15seqs	1	112
r9_15seqs	1	94
r9_15seqs	1	94
r9_15seqs	1	158
r9_15seqs	1	98
r9_15seqs	2	113
r9_15seqs	1	116
r9_15seqs	1	98
r9_15seqs	1	113
r9_15seqs	2	98
r9_15seqs	1	110
r9_15seqs	1	110
r9_15seqs	5	109
r9_15seqs	1	125
r9_15seqs	1	98
r9_15seqs	1	137
r9_15seqs	1	113
r9_15seqs	1	103
r9_15seqs	1	113
r9_15seqs	1	113
r9_15seqs	2	128
r9_15seqs	1	113
r9_15seqs	1	112
r9_15seqs	2	98
r9_15seqs	1	113
r9_15seqs	1	110
r9_15seqs	1	113
r9_15seqs	1	113
r9_15seqs	1	113
r9_15seqs	1	113
r9_15seqs	1	113
r9_15seqs	1	140
r9_15seqs	1	122
r9_15seqs	1	117
r9_15seqs	1	111
r9_15seqs	1	113
r9_15seqs	1	109
r9_15seqs	1	113
r9_15seqs	1	115
r9_15seqs	1	109
r9_15seqs	1	98
r9_15seqs	1	98
r9_15seqs	1	98
r9_15seqs	1	98
r9_15seqs	1	98
r9_15seqs	1	98
r9_15seqs	1	98
r9_15seqs	1	98
r9_15seqs	1	113
r9_15seqs	1	98
r9_15seqs	1	105
r9_15seqs	1	109
r9_15seqs	1	94
r9_15seqs	1	94
r9_15seqs	1	98
r9_15seqs	1	98
r9_15seqs	1	110
r9_15seqs	2	98
r9_15seqs	1	117
r9_15seqs	1	98
r9_15seqs	1	98
r9_15seqs	1	98
r9_15seqs	1	116
r9_15seqs	1	152
r9_15seqs	1	110
r9_15seqs	1	113
r9_15seqs	1	113
r9_15seqs	1	115
r9_15seqs	1	130
r9_15seqs	1	113
r9_15seqs	2	128
r9_15seqs	1	113
r9_15seqs	1	115
r9_15seqs	1	127
r9_15seqs	1	128
r9_15seqs	1	113
r9_15seqs	1	113
r9_15seqs	1	133
r9_15seqs	1	151
r9_15seqs	1	98
r9_15seqs	1	107
r9_15seqs	1	110
r9_15seqs	1	116
r9_15seqs	1	134
r9_15seqs	1	112
r9_15seqs	1	106
r9_15seqs	1	113
r9_15seqs	1	128
r9_15seqs	1	128
r9_15seqs	1	116
r9_15seqs	1	113
r9_15seqs	1	122
r9_15seqs	1	113
r9_15seqs	1	113
r9_15seqs	1	113
r9_15seqs	1	110
r9_15seqs	1	113
r9_15seqs	1	170
r9_15seqs	1	134
r9_15seqs	1	138
r9_15seqs	2	112
r9_15seqs	1	175
r9_15seqs	1	126
r9_15seqs	1	112
r9_15seqs	1	162
r9_15seqs	1	113
r9_15seqs	1	112
r9_15seqs	1	180
r9_15seqs	1	153
r9_15seqs	1	147
r9_15seqs	1	162
r9_15seqs	2	95
r9_15seqs	1	112
r9_15seqs	2	113
r9_15seqs	1	94
r9_15seqs	1	103
r9_15seqs	1	94
r9_15seqs	1	94
r9_15seqs	1	117
r9_15seqs	1	135
r9_15seqs	1	123
r9_15seqs	1	110
r9_15seqs	1	110
r9_15seqs	1	110
r9_15seqs	1	110
r9_15seqs	1	110
r9_15seqs	1	117
r9_15seqs	1	112
r9_15seqs	1	113
r9_15seqs	1	160
r9_15seqs	1	113
r9_15seqs	1	116
r9_15seqs	1	121
r9_15seqs	2	121
r9_15seqs	1	112
r9_15seqs	1	181
r9_15seqs	1	161
r9_15seqs	1	113
r9_15seqs	1	113
r9_15seqs	1	113
r9_15seqs	1	113
r9_15seqs	1	113
r9_15seqs	1	124
r9_15seqs	1	120
r9_15seqs	1	159
r9_15seqs	1	113
r9_15seqs	1	98
r9_15seqs	178	264
r9_15seqs	1	113
r9_15seqs	1	118
r9_15seqs	1	131
r9_15seqs	1	117
r9_15seqs	1	121
r9_15seqs	1	180
r9_15seqs	1	181
r9_15seqs	1	113
r9_15seqs	1	113
r9_15seqs	1	124
r9_15seqs	2	116
r9_15seqs	1	181
r9_15seqs	1	94
r9_15seqs	1	121
r9_15seqs	1	113
r9_15seqs	1	98
r9_15seqs	1	113
r9_15seqs	1	121
r9_15seqs	1	116
r9_15seqs	1	113
r9_15seqs	1	116
r9_15seqs	1	116
r9_15seqs	1	116
r9_15seqs	1	98
r9_15seqs	1	110
r9_15seqs	3	113
r9_15seqs	6	138
r9_15seqs	2	110
r9_15seqs	1	116
r9_15seqs	1	94
r9_15seqs	1	112
r9_15seqs	1	175
r9_15seqs	1	116
r9_15seqs	1	127
r9_15seqs	1	110
r9_15seqs	1	138
r9_15seqs	2	93
r9_15seqs	1	113
r9_15seqs	1	119
r9_15seqs	1	110
r9_15seqs	1	110
r9_15seqs	1	116
r9_15seqs	1	110
r9_15seqs	1	116
r9_15seqs	1	113
r9_15seqs	1	132
r9_15seqs	3	110
r9_15seqs	1	113
r9_15seqs	1	108
r9_15seqs	1	113
r9_15seqs	1	121
r9_15seqs	1	115
r9_15seqs	1	153
r9_15seqs	1	134
r9_15seqs	1	113
r9_15seqs	1	93
r9_15seqs	1	113
r9_15seqs	1	113
r9_15seqs	1	113
r9_15seqs	1	113
r9_15seqs	1	165
r9_15seqs	1	113
r9_15seqs	1	113
r9_15seqs	1	113
r9_15seqs	1	113
r9_15seqs	1	104
r9_15seqs	1	113
r9_15seqs	1	113
r9_15seqs	1	113
r9_15seqs	1	108
r9_15seqs	1	113
r9_15seqs	1	113
r9_15seqs	1	113
r9_15seqs	1	110
r9_15seqs	1	113
r9_15seqs	1	113
r9_15seqs	1	154
r9_15seqs	1	108
r9_15seqs	1	132
r9_15seqs	1	117
r9_15seqs	1	113
r9_15seqs	1	98
r9_15seqs	1	93
r9_15seqs	1	115
r9_15seqs	1	123
r9_15seqs	8	98
r9_15seqs	1	114
r9_15seqs	1	109
r9_15seqs	1	115
r9_15seqs	1	109
r9_15seqs	1	113
r9_15seqs	1	113
r9_15seqs	1	113
r9_15seqs	2	110
r9_15seqs	1	113
r9_15seqs	6	114
r9_15seqs	1	119
r9_15seqs	1	98
r9_15seqs	1	116
r9_15seqs	1	113
r9_15seqs	1	116
r9_15seqs	1	113
r9_15seqs	1	113
r9_15seqs	1	116
r9_15seqs	1	113
r9_15seqs	1	116
r9_15seqs	1	98
r9_15seqs	1	98
r9_15seqs	1	116
r9_15seqs	1	98
r9_15seqs	1	109
r9_15seqs	1	98
r9_15seqs	1	98
r9_15seqs	1	98
r9_15seqs	1	113
r9_15seqs	1	98
r9_15seqs	1	110
r9_15seqs	1	120
r9_15seqs	1	123
r9_15seqs	1	124
r9_15seqs	1	123
r9_15seqs	1	121
r9_15seqs	1	120
r9_15seqs	1	114
r9_15seqs	1	131
r9_15seqs	1	120
r9_15seqs	1	114
r9_15seqs	3	98
r9_15seqs	1	180
r9_15seqs	5	121
r9_15seqs	5	113
r9_15seqs	1	118
r9_15seqs	1	94
r9_15seqs	1	94
r9_15seqs	2	117
r9_15seqs	1	116
r9_15seqs	1	94
r9_15seqs	1	94
r9_15seqs	1	94
r9_15seqs	1	94
r9_15seqs	1	94
r9_15seqs	1	94
r9_15seqs	2	113
r9_15seqs	1	94
r9_15seqs	1	116
r9_15seqs	1	94
r9_15seqs	1	110
r9_15seqs	1	110
r9_15seqs	1	116
r9_15seqs	1	127
r9_15seqs	1	141
r9_15seqs	1	110
r9_15seqs	1	116
r9_15seqs	1	92
r9_15seqs	1	110
r9_15seqs	1	116
r9_15seqs	1	116
r9_15seqs	1	98
r9_15seqs	3	109
r9_15seqs	1	151
r9_15seqs	1	171
r9_15seqs	1	132
r9_15seqs	1	123
r9_15seqs	1	113
r9_15seqs	1	113
r9_15seqs	2	115
r9_15seqs	5	117
r9_15seqs	1	117
r9_15seqs	1	127
r9_15seqs	1	123
r9_15seqs	1	112
r9_15seqs	1	113
r9_15seqs	1	110
r9_15seqs	2	113
r9_15seqs	1	112
r9_15seqs	1	180
r9_15seqs	2	98
r9_15seqs	1	97
r9_15seqs	1	113
r9_15seqs	1	113
r9_15seqs	1	113
r9_15seqs	1	122
r9_15seqs	1	135
r9_15seqs	1	116
r9_15seqs	1	113
r9_15seqs	1	113
r9_15seqs	1	113
r9_15seqs	1	113
r9_15seqs	1	113
r9_15seqs	1	113
r9_15seqs	1	113
r9_15seqs	1	104
r9_15seqs	1	113
r9_15seqs	1	113
r9_15seqs	1	104
r9_15seqs	1	116
r9_15seqs	1	113
r9_15seqs	1	113
r9_15seqs	1	113
r9_15seqs	1	113
r9_15seqs	1	113
r9_15seqs	1	113
r9_15seqs	1	110
r9_15seqs	1	113
r9_15seqs	1	108
r9_15seqs	2	94
r9_15seqs	1	98
r9_15seqs	1	113
r9_15seqs	1	117
r9_15seqs	1	116
r9_15seqs	2	121
r9_15seqs	1	117
r9_15seqs	1	102
r9_15seqs	1	135
r9_15seqs	1	118
r9_15seqs	1	118
r9_15seqs	1	110
r9_15seqs	1	113
r9_15seqs	1	110
r9_15seqs	1	124
r9_15seqs	1	127
r9_15seqs	1	112
r9_15seqs	1	113
r9_15seqs	1	113
r9_15seqs	1	181
r9_15seqs	1	166
r9_15seqs	1	113
r9_15seqs	1	167
r9_15seqs	1	156
r9_15seqs	1	98
r9_15seqs	2	151
r9_15seqs	1	149
r9_15seqs	5	134
r9_15seqs	1	98
r9_15seqs	1	98
r9_15seqs	1	110
r9_15seqs	1	116
r9_15seqs	1	113
r9_15seqs	1	116
r9_15seqs	1	112
r9_15seqs	1	113
r9_15seqs	1	98
r9_15seqs	1	98
r9_15seqs	1	113
r9_15seqs	1	98
r9_15seqs	1	98
r9_15seqs	1	124
r9_15seqs	1	98
r9_15seqs	1	113
r9_15seqs	1	113
r9_15seqs	1	98
r9_15seqs	1	110
r9_15seqs	1	98
r9_15seqs	1	98
r9_15seqs	1	125
r9_15seqs	1	92
r9_15seqs	1	123
r9_15seqs	1	119
r9_15seqs	1	118
r9_15seqs	1	139
r9_15seqs	1	126
r9_15seqs	1	94
r9_15seqs	1	112
r9_15seqs	1	112
r9_15seqs	1	94
r9_15seqs	5	98
r9_15seqs	1	112
r9_15seqs	1	94
r9_15seqs	5	125
r9_15seqs	1	115
r9_15seqs	1	94
r9_15seqs	1	94
r9_15seqs	1	94
r9_15seqs	1	112
r9_15seqs	1	112
r9_15seqs	2	113
r9_15seqs	1	123
r9_15seqs	1	110
r9_15seqs	1	134
r9_15seqs	1	110
r9_15seqs	1	117
r9_15seqs	1	110
r9_15seqs	1	110
r9_15seqs	1	119
r9_15seqs	1	119
r9_15seqs	1	110
r9_15seqs	1	92
r9_15seqs	1	110
r9_15seqs	1	110
r9_15seqs	1	101
r9_15seqs	3	112
r9_15seqs	1	113
r9_15seqs	2	109
r9_15seqs	1	113
r9_15seqs	6	113
r9_15seqs	1	115
r9_15seqs	1	117
r9_15seqs	1	137
r9_15seqs	1	113
r9_15seqs	1	113
r9_15seqs	1	114
r9_15seqs	1	113
r9_15seqs	1	97
r9_15seqs	1	130
r9_15seqs	1	114
r9_15seqs	1	115
r9_15seqs	1	110
r9_15seqs	1	121
r9_15seqs	1	110
r9_15seqs	1	115
r9_15seqs	2	98
r9_15seqs	1	94
r9_15seqs	1	94
r9_15seqs	2	98
r9_15seqs	1	109
r9_15seqs	1	166
r9_15seqs	1	113
r9_15seqs	1	131
r9_15seqs	1	113
r9_15seqs	1	113
r9_15seqs	1	113
r9_15seqs	1	113
r9_15seqs	1	113
r9_15seqs	1	113
r9_15seqs	1	113
r9_15seqs	1	113
r9_15seqs	1	113
r9_15seqs	1	113
r9_15seqs	1	113
r9_15seqs	1	113
r9_15seqs	1	113
r9_15seqs	1	113
r9_15seqs	1	113
r9_15seqs	1	113
r9_15seqs	1	113
r9_15seqs	1	113
r9_15seqs	1	113
r9_15seqs	1	118
r9_15seqs	1	113
r9_15seqs	1	113
r9_15seqs	1	113
r9_15seqs	1	113
r9_15seqs	1	113
r9_15seqs	1	109
r9_15seqs	1	113
r9_15seqs	1	113
r9_15seqs	1	143
r9_15seqs	2	110
r9_15seqs	1	110
r9_15seqs	7	119
r9_15seqs	1	178
r9_15seqs	1	150
r9_15seqs	1	146
r9_15seqs	1	115
r9_15seqs	1	180
r9_15seqs	1	116
r9_15seqs	1	138
r9_15seqs	1	93
r9_15seqs	1	117
r9_15seqs	1	116
r9_15seqs	1	113
r9_15seqs	2	112
r9_15seqs	8	98
r9_15seqs	1	104
r9_15seqs	1	145
r9_15seqs	1	114
r9_15seqs	1	127
r9_15seqs	8	118
r9_15seqs	1	94
r9_15seqs	1	113
r9_15seqs	1	98
r9_15seqs	1	110
r9_15seqs	1	113
r9_15seqs	1	118
r9_15seqs	1	113
r9_15seqs	1	110
r9_15seqs	1	113
r9_15seqs	1	113
r9_15seqs	1	113
r9_15seqs	1	104
r9_15seqs	1	113
r9_15seqs	1	109
r9_15seqs	1	113
r9_15seqs	1	124
r9_15seqs	1	91
r9_15seqs	1	116
r9_15seqs	1	123
r9_15seqs	1	116
r9_15seqs	1	181
r9_15seqs	1	180
r9_15seqs	1	111
r9_15seqs	1	113
r9_15seqs	2	132
r9_15seqs	1	98
r9_15seqs	1	98
r9_15seqs	1	113
r9_15seqs	1	104
r9_15seqs	1	121
r9_15seqs	1	116
r9_15seqs	1	98
r9_15seqs	1	116
r9_15seqs	1	98
r9_15seqs	1	98
r9_15seqs	1	98
r9_15seqs	1	98
r9_15seqs	1	116
r9_15seqs	1	98
r9_15seqs	1	98
r9_15seqs	1	98
r9_15seqs	1	116
r9_15seqs	1	98
r9_15seqs	1	113
r9_15seqs	1	116
r9_15seqs	1	98
r9_15seqs	1	98
r9_15seqs	1	98
r9_15seqs	1	127
r9_15seqs	1	116
r9_15seqs	1	113
r9_15seqs	1	104
r9_15seqs	1	98
r9_15seqs	2	112
r9_15seqs	1	113
r9_15seqs	1	113
r9_15seqs	1	113
r9_15seqs	1	147
r9_15seqs	1	114
r9_15seqs	2	152
r9_15seqs	1	120
r9_15seqs	2	181
r9_15seqs	1	96
r9_15seqs	1	94
r9_15seqs	1	113
r9_15seqs	1	110
r9_15seqs	1	117
r9_15seqs	2	110
r9_15seqs	2	110
r9_15seqs	1	113
r9_15seqs	6	110
r9_15seqs	1	94
r9_15seqs	2	113
r9_15seqs	1	94
r9_15seqs	1	112
r9_15seqs	1	135
r9_15seqs	1	112
r9_15seqs	1	112
r9_15seqs	1	94
r9_15seqs	1	94
r9_15seqs	1	94
r9_15seqs	1	110
r9_15seqs	1	94
r9_15seqs	1	113
r9_15seqs	1	112
r9_15seqs	1	94
r9_15seqs	1	113
r9_15seqs	1	112
r9_15seqs	1	112
r9_15seqs	6	126
r9_15seqs	1	112
r9_15seqs	1	94
r9_15seqs	1	94
r9_15seqs	1	112
r9_15seqs	1	112
r9_15seqs	1	94
r9_15seqs	2	113
r9_15seqs	2	113
r9_15seqs	5	122
r9_15seqs	5	98
r9_15seqs	1	116
r9_15seqs	1	110
r9_15seqs	2	150
r9_15seqs	1	116
r9_15seqs	1	110
r9_15seqs	1	110
r9_15seqs	1	110
r9_15seqs	1	113
r9_15seqs	1	110
r9_15seqs	1	110
r9_15seqs	1	110
r9_15seqs	1	110
r9_15seqs	6	110
r9_15seqs	1	115
r9_15seqs	1	116
r9_15seqs	1	92
r9_15seqs	1	113
r9_15seqs	1	113
r9_15seqs	1	98
r9_15seqs	1	98
r9_15seqs	1	113
r9_15seqs	1	110
r9_15seqs	2	126
r9_15seqs	1	166
r9_15seqs	1	112
r9_15seqs	1	113
r9_15seqs	1	112
r9_15seqs	1	113
r9_15seqs	1	117
r9_15seqs	1	113
r9_15seqs	1	113
r9_15seqs	5	94
r9_15seqs	5	116
r9_15seqs	2	113
r9_15seqs	1	120
r9_15seqs	1	131
r9_15seqs	2	98
r9_15seqs	2	98
r9_15seqs	1	110
r9_15seqs	1	124
r9_15seqs	1	110
r9_15seqs	1	110
r9_15seqs	1	121
r9_15seqs	1	115
r9_15seqs	2	98
r9_15seqs	1	116
r9_15seqs	2	113
r9_15seqs	1	94
r9_15seqs	2	113
r9_15seqs	1	113
r9_15seqs	1	113
r9_15seqs	1	124
r9_15seqs	1	131
r9_15seqs	1	113
r9_15seqs	1	113
r9_15seqs	1	113
r9_15seqs	1	113
r9_15seqs	1	113
r9_15seqs	1	113
r9_15seqs	1	127
r9_15seqs	1	113
r9_15seqs	1	113
r9_15seqs	1	113
r9_15seqs	1	113
r9_15seqs	1	113
r9_15seqs	1	110
r9_15seqs	1	113
r9_15seqs	1	113
r9_15seqs	1	113
r9_15seqs	1	113
r9_15seqs	1	113
r9_15seqs	1	113
r9_15seqs	7	110
r9_15seqs	1	113
r9_15seqs	1	113
r9_15seqs	1	113
r9_15seqs	1	104
r9_15seqs	1	113
r9_15seqs	1	113
r9_15seqs	1	113
r9_15seqs	1	119
r9_15seqs	1	113
r9_15seqs	1	113
r9_15seqs	2	94
r9_15seqs	1	181
r9_15seqs	4	98
r9_15seqs	1	117
r9_15seqs	1	151
r9_15seqs	1	106
r9_15seqs	1	113
r9_15seqs	1	126
r9_15seqs	1	98
r9_15seqs	9	113
r9_15seqs	1	147
r9_15seqs	2	98
r9_15seqs	2	152
r9_15seqs	1	124
r9_15seqs	1	132
r9_15seqs	1	98
r9_15seqs	1	110
r9_15seqs	1	113
r9_15seqs	1	109
r9_15seqs	1	109
r9_15seqs	1	124
r9_15seqs	1	109
r9_15seqs	1	112
r9_15seqs	1	113
r9_15seqs	1	109
r9_15seqs	1	113
r9_15seqs	1	109
r9_15seqs	1	109
r9_15seqs	1	109
r9_15seqs	1	113
r9_15seqs	2	116
r9_15seqs	1	125
r9_15seqs	1	107
r9_15seqs	1	113
r9_15seqs	1	118
r9_15seqs	1	98
r9_15seqs	1	113
r9_15seqs	2	144
r9_15seqs	1	113
r9_15seqs	1	98
r9_15seqs	1	116
r9_15seqs	1	98
r9_15seqs	1	134
r9_15seqs	1	116
r9_15seqs	1	98
r9_15seqs	1	113
r9_15seqs	1	98
r9_15seqs	1	98
r9_15seqs	1	113
r9_15seqs	1	116
r9_15seqs	1	113
r9_15seqs	1	116
r9_15seqs	1	113
r9_15seqs	1	98
r9_15seqs	1	116
r9_15seqs	1	98
r9_15seqs	1	98
r9_15seqs	1	113
r9_15seqs	1	98
r9_15seqs	1	98
r9_15seqs	1	98
r9_15seqs	1	116
r9_15seqs	1	116
r9_15seqs	1	113
r9_15seqs	1	116
r9_15seqs	1	98
r9_15seqs	1	113
r9_15seqs	1	98
r9_15seqs	1	98
r9_15seqs	1	113
r9_15seqs	1	98
r9_15seqs	1	113
r9_15seqs	1	113
r9_15seqs	1	98
r9_15seqs	1	98
r9_15seqs	1	113
r9_15seqs	9	113
r9_15seqs	1	123
r9_15seqs	1	113
r9_15seqs	2	124
r9_15seqs	1	113
r9_15seqs	1	109
r9_15seqs	1	123
r9_15seqs	1	117
r9_15seqs	2	121
r9_15seqs	1	116
r9_15seqs	3	127
r9_15seqs	5	124
r9_15seqs	1	112
r9_15seqs	1	118
r9_15seqs	1	117
r9_15seqs	1	129
r9_15seqs	1	94
r9_15seqs	1	94
r9_15seqs	1	117
r9_15seqs	1	94
r9_15seqs	1	124
r9_15seqs	1	94
r9_15seqs	10	94
r9_15seqs	1	112
r9_15seqs	1	112
r9_15seqs	1	113
r9_15seqs	1	112
r9_15seqs	1	94
r9_15seqs	1	94
r9_15seqs	1	94
r9_15seqs	1	94
r9_15seqs	1	94
r9_15seqs	5	98
r9_15seqs	1	94
r9_15seqs	2	113
r9_15seqs	1	108
r9_15seqs	1	157
r9_15seqs	1	110
r9_15seqs	1	113
r9_15seqs	1	110
r9_15seqs	1	110
r9_15seqs	1	110
r9_15seqs	1	110
r9_15seqs	1	116
r9_15seqs	1	110
r9_15seqs	1	110
r9_15seqs	1	110
r9_15seqs	2	117
r9_15seqs	1	113
r9_15seqs	1	98
r9_15seqs	1	101
r9_15seqs	1	98
r9_15seqs	1	110
r9_15seqs	1	98
r9_15seqs	1	125
r9_15seqs	2	123
r9_15seqs	6	122
r9_15seqs	1	113
r9_15seqs	1	95
r9_15seqs	1	94
r9_15seqs	1	112
r9_15seqs	1	108
r9_15seqs	1	112
r9_15seqs	1	113
r9_15seqs	1	119
r9_15seqs	1	145
r9_15seqs	1	135
r9_15seqs	1	145
r9_15seqs	1	133
r9_15seqs	1	111
r9_15seqs	2	110
r9_15seqs	1	113
r9_15seqs	1	93
r9_15seqs	1	110
r9_15seqs	1	110
r9_15seqs	1	120
r9_15seqs	1	112
r9_15seqs	1	115
r9_15seqs	1	124
r9_15seqs	1	121
r9_15seqs	1	94
r9_15seqs	2	98
r9_15seqs	1	112
r9_15seqs	1	124
r9_15seqs	1	110
r9_15seqs	1	113
r9_15seqs	1	104
r9_15seqs	1	113
r9_15seqs	1	113
r9_15seqs	1	104
r9_15seqs	10	104
r9_15seqs	1	110
r9_15seqs	1	113
r9_15seqs	1	113
r9_15seqs	1	113
r9_15seqs	1	113
r9_15seqs	1	113
r9_15seqs	1	113
r9_15seqs	1	113
r9_15seqs	1	110
r9_15seqs	1	113
r9_15seqs	6	113
r9_15seqs	1	113
r9_15seqs	1	113
r9_15seqs	1	113
r9_15seqs	6	113
r9_15seqs	1	113
r9_15seqs	1	113
r9_15seqs	1	113
r9_15seqs	1	119
r9_15seqs	1	113
r9_15seqs	1	113
r9_15seqs	1	113
r9_15seqs	1	113
r9_15seqs	5	135
r9_15seqs	1	110
r9_15seqs	1	113
r9_15seqs	1	120
r9_15seqs	1	112
r9_15seqs	7	110
r9_15seqs	1	98
r9_15seqs	1	93
r9_15seqs	1	116
r9_15seqs	1	135
r9_15seqs	1	93
r9_15seqs	1	165
r9_15seqs	1	126
r9_15seqs	1	124
r9_15seqs	1	118
r9_15seqs	2	116
r9_15seqs	1	93
r9_15seqs	1	112
r9_15seqs	1	98
r9_15seqs	1	113
r9_15seqs	1	113
r9_15seqs	1	113
r9_15seqs	1	113
r9_15seqs	1	113
r9_15seqs	1	109
r9_15seqs	1	109
r9_15seqs	1	113
r9_15seqs	1	113
r9_15seqs	1	109
r9_15seqs	1	113
r9_15seqs	1	114
r9_15seqs	2	116
r9_15seqs	1	180
r9_15seqs	1	149
r9_15seqs	1	98
r9_15seqs	1	113
r9_15seqs	1	98
r9_15seqs	1	98
r9_15seqs	1	125
r9_15seqs	1	113
r9_15seqs	1	98
r9_15seqs	1	98
r9_15seqs	1	98
r9_15seqs	1	98
r9_15seqs	1	98
r9_15seqs	1	98
r9_15seqs	1	98
r9_15seqs	1	116
r9_15seqs	1	98
r9_15seqs	1	98
r9_15seqs	1	98
r9_15seqs	1	98
r9_15seqs	1	98
r9_15seqs	1	113
r9_15seqs	1	113
r9_15seqs	1	98
r9_15seqs	5	113
r9_15seqs	1	105
r9_15seqs	2	110
r9_15seqs	3	98
r9_15seqs	1	181
r9_15seqs	1	131
r9_15seqs	1	94
r9_15seqs	1	98
r9_15seqs	1	98
r9_15seqs	1	121
r9_15seqs	1	94
r9_15seqs	1	94
r9_15seqs	1	112
r9_15seqs	1	94
r9_15seqs	1	112
r9_15seqs	1	121
r9_15seqs	1	94
r9_15seqs	1	94
r9_15seqs	1	118
r9_15seqs	2	113
r9_15seqs	1	118
r9_15seqs	2	113
r9_15seqs	1	109
r9_15seqs	1	115
r9_15seqs	1	110
r9_15seqs	1	110
r9_15seqs	1	110
r9_15seqs	10	114
r9_15seqs	1	110
r9_15seqs	1	110
r9_15seqs	1	110
r9_15seqs	1	110
r9_15seqs	1	116
r9_15seqs	1	110
r9_15seqs	1	98
r9_15seqs	1	159
r9_15seqs	1	135
r9_15seqs	1	108
r9_15seqs	1	116
r9_15seqs	1	121
r9_15seqs	1	115
r9_15seqs	1	94
r9_15seqs	2	98
r9_15seqs	1	113
r9_15seqs	1	113
r9_15seqs	1	113
r9_15seqs	1	110
r9_15seqs	1	106
r9_15seqs	1	113
r9_15seqs	2	98
r9_15seqs	2	113
r9_15seqs	1	171
r9_15seqs	1	153
r9_15seqs	1	113
r9_15seqs	1	110
r9_15seqs	1	98
r9_15seqs	1	119
r9_15seqs	1	109
r9_15seqs	1	113
r9_15seqs	1	113
r9_15seqs	1	104
r9_15seqs	1	113
r9_15seqs	1	113
r9_15seqs	1	113
r9_15seqs	1	113
r9_15seqs	1	113
r9_15seqs	1	104
r9_15seqs	1	113
r9_15seqs	2	116
r9_15seqs	1	110
r9_15seqs	1	132
r9_15seqs	1	117
r9_15seqs	1	112
r9_15seqs	1	93
r9_15seqs	1	93
r9_15seqs	1	122
r9_15seqs	3	113
r9_15seqs	1	113
r9_15seqs	1	106
r9_15seqs	1	109
r9_15seqs	1	113
r9_15seqs	1	115
r9_15seqs	1	109
r9_15seqs	1	113
r9_15seqs	1	98
r9_15seqs	1	98
r9_15seqs	1	98
r9_15seqs	1	98
r9_15seqs	1	98
r9_15seqs	6	112
r9_15seqs	1	98
r9_15seqs	1	98
r9_15seqs	1	98
r9_15seqs	3	113
r9_15seqs	1	113
r9_15seqs	1	109
r9_15seqs	1	109
r9_15seqs	1	110
r9_15seqs	1	110
r9_15seqs	1	94
r9_15seqs	1	94
r9_15seqs	1	94
r9_15seqs	1	116
r9_15seqs	1	94
r9_15seqs	2	110
r9_15seqs	1	110
r9_15seqs	1	113
r9_15seqs	1	110
r9_15seqs	1	98
r9_15seqs	2	98
r9_15seqs	1	104
r9_15seqs	1	122
r9_15seqs	1	116
r9_15seqs	1	114
r9_15seqs	1	109
r9_15seqs	1	98
r9_15seqs	1	98
r9_15seqs	1	116
r9_15seqs	1	113
r9_15seqs	1	112
r9_15seqs	1	116
r9_15seqs	1	113
r9_15seqs	1	108
r9_15seqs	1	127
r9_15seqs	1	181
r9_15seqs	1	139
r9_15seqs	1	110
r9_15seqs	1	101
r9_15seqs	1	116
r9_15seqs	1	149
r9_15seqs	1	143
r9_15seqs	1	113
r9_15seqs	1	113
r9_15seqs	1	125
r9_15seqs	1	113
r9_15seqs	1	94
r9_15seqs	1	94
r9_15seqs	1	176
r9_15seqs	1	94
r9_15seqs	1	113
r9_15seqs	9	181
r9_15seqs	1	117
r9_15seqs	8	124
r9_15seqs	1	112
r9_15seqs	1	95
r9_15seqs	1	113
r9_15seqs	1	113
r9_15seqs	1	113
r9_15seqs	1	113
r9_15seqs	1	180
r9_15seqs	5	113
r9_15seqs	1	109
r9_15seqs	1	133
r9_15seqs	1	132
r9_15seqs	1	181
r9_15seqs	1	116
r9_15seqs	1	145
r9_15seqs	1	117
r9_15seqs	1	98
r9_15seqs	1	154
r9_15seqs	1	112
r9_15seqs	1	94
r9_15seqs	1	113
r9_15seqs	1	94
r9_15seqs	2	113
r9_15seqs	1	94
r9_15seqs	1	94
r9_15seqs	1	116
r9_15seqs	1	94
r9_15seqs	1	116
r9_15seqs	1	167
r9_15seqs	1	113
r9_15seqs	1	113
r9_15seqs	8	124
r9_15seqs	1	113
r9_15seqs	1	108
r9_15seqs	1	117
r9_15seqs	1	135
r9_15seqs	1	117
r9_15seqs	1	116
r9_15seqs	1	147
r9_15seqs	1	113
r9_15seqs	1	113
r9_15seqs	1	133
r9_15seqs	2	113
r9_15seqs	1	102
r9_15seqs	1	111
r9_15seqs	1	118
r9_15seqs	1	146
r9_15seqs	1	138
r9_15seqs	1	113
r9_15seqs	1	122
r9_15seqs	1	127
r9_15seqs	1	113
r9_15seqs	1	113
r9_15seqs	1	98
r9_15seqs	1	116
r9_15seqs	1	116
r9_15seqs	1	98
r9_15seqs	5	98
r9_15seqs	1	145
r9_15seqs	1	94
r9_15seqs	1	94
r9_15seqs	1	94
r9_15seqs	1	117
r9_15seqs	1	94
r9_15seqs	1	181
r9_15seqs	2	113
r9_15seqs	2	116
r9_15seqs	3	134
r9_15seqs	1	110
r9_15seqs	1	110
r9_15seqs	1	110
r9_15seqs	1	113
r9_15seqs	1	110
r9_15seqs	1	110
r9_15seqs	1	128
r9_15seqs	4	117
r9_15seqs	1	113
r9_15seqs	1	113
r9_15seqs	1	113
r9_15seqs	1	112
r9_15seqs	1	134
r9_15seqs	1	147
r9_15seqs	1	134
r9_15seqs	1	137
r9_15seqs	9	98
r9_15seqs	1	157
r9_15seqs	1	110
r9_15seqs	1	110
r9_15seqs	1	103
r9_15seqs	2	138
r9_15seqs	1	151
r9_15seqs	1	166
r9_15seqs	9	94
r9_15seqs	1	113
r9_15seqs	1	113
r9_15seqs	1	110
r9_15seqs	1	113
r9_15seqs	1	113
r9_15seqs	1	113
r9_15seqs	1	113
r9_15seqs	1	113
r9_15seqs	1	104
r9_15seqs	1	113
r9_15seqs	1	113
r9_15seqs	1	108
r9_15seqs	1	113
r9_15seqs	1	113
r9_15seqs	1	113
r9_15seqs	1	113
r9_15seqs	1	98
r9_15seqs	1	117
r9_15seqs	1	116
r9_15seqs	1	116
r9_15seqs	1	123
r9_15seqs	1	113
r9_15seqs	1	113
r9_15seqs	2	94
r9_15seqs	1	162
r9_15seqs	1	181
r9_15seqs	9	117
r9_15seqs	6	110
r9_15seqs	2	116
r9_15seqs	1	113
r9_15seqs	2	116
r9_15seqs	1	113
r9_15seqs	1	116
r9_15seqs	1	98
r9_15seqs	2	113
r9_15seqs	1	113
r9_15seqs	1	98
r9_15seqs	1	98
r9_15seqs	1	98
r9_15seqs	1	116
r9_15seqs	1	107
r9_15seqs	1	116
r9_15seqs	1	116
r9_15seqs	1	98
r9_15seqs	1	98
r9_15seqs	1	116
r9_15seqs	1	137
r9_15seqs	1	153
r9_15seqs	1	110
r9_15seqs	1	98
r9_15seqs	5	113
r9_15seqs	2	120
r9_15seqs	1	113
r9_15seqs	1	117
r9_15seqs	1	110
r9_15seqs	1	109
r9_15seqs	6	113
r9_15seqs	1	94
r9_15seqs	1	94
r9_15seqs	8	110
r9_15seqs	2	113
r9_15seqs	1	113
r9_15seqs	6	113
r9_15seqs	1	112
r9_15seqs	1	109
r9_15seqs	1	116
r9_15seqs	1	94
r9_15seqs	2	126
r9_15seqs	1	118
r9_15seqs	1	112
r9_15seqs	1	94
r9_15seqs	2	113
r9_15seqs	1	118
r9_15seqs	1	112
r9_15seqs	1	94
r9_15seqs	1	180
r9_15seqs	1	92
r9_15seqs	1	122
r9_15seqs	1	110
r9_15seqs	1	110
r9_15seqs	1	110
r9_15seqs	1	112
r9_15seqs	2	113
r9_15seqs	1	113
r9_15seqs	1	119
r9_15seqs	1	130
r9_15seqs	2	147
r9_15seqs	1	108
r9_15seqs	2	141
r9_15seqs	1	140
r9_15seqs	2	113
r9_15seqs	1	114
r9_15seqs	1	105
r9_15seqs	1	113
r9_15seqs	1	113
r9_15seqs	1	113
r9_15seqs	1	114
r9_15seqs	1	128
r9_15seqs	1	123
r9_15seqs	1	111
r9_15seqs	2	109
r9_15seqs	1	94
r9_15seqs	1	115
r9_15seqs	1	110
r9_15seqs	1	121
r9_15seqs	1	133
r9_15seqs	2	164
r9_15seqs	1	150
r9_15seqs	1	128
r9_15seqs	1	113
r9_15seqs	1	113
r9_15seqs	1	113
r9_15seqs	1	113
r9_15seqs	2	116
r9_15seqs	1	113
r9_15seqs	1	95
r9_15seqs	2	114
r9_15seqs	1	113
r9_15seqs	1	110
r9_15seqs	1	140
r9_15seqs	1	113
r9_15seqs	1	110
r9_15seqs	1	157
r9_15seqs	2	161
r9_15seqs	2	161
r9_15seqs	1	181
r9_15seqs	9	110
r9_15seqs	7	117
r9_15seqs	1	117
r9_15seqs	1	134
r9_15seqs	1	116
r9_15seqs	1	114
r9_15seqs	1	112
r9_15seqs	1	123
r9_15seqs	1	93
r9_15seqs	1	120
r9_15seqs	1	117
r9_15seqs	1	124
r9_15seqs	1	123
r9_15seqs	1	113
r9_15seqs	1	94
r9_15seqs	1	116
r9_15seqs	1	123
r9_15seqs	1	124
r9_15seqs	1	132
r9_15seqs	1	112
r9_15seqs	1	108
r9_15seqs	2	116
r9_15seqs	5	113
r9_15seqs	1	104
r9_15seqs	5	113
r9_15seqs	1	123
r9_15seqs	1	113
r9_15seqs	1	118
r9_15seqs	1	114
r9_15seqs	1	110
r9_15seqs	1	113
r9_15seqs	1	133
r9_15seqs	1	137
r9_15seqs	1	109
r9_15seqs	2	137
r9_15seqs	1	113
r9_15seqs	1	113
r9_15seqs	1	98
r9_15seqs	1	121
r9_15seqs	1	113
r9_15seqs	1	113
r9_15seqs	1	113
r9_15seqs	1	113
r9_15seqs	1	98
r9_15seqs	1	113
r9_15seqs	1	113
r9_15seqs	1	113
r9_15seqs	1	98
r9_15seqs	1	116
r9_15seqs	1	113
r9_15seqs	1	113
r9_15seqs	1	98
r9_15seqs	1	98
r9_15seqs	1	122
r9_15seqs	1	116
r9_15seqs	1	98
r9_15seqs	11	132
r9_15seqs	1	113
r9_15seqs	1	107
r9_15seqs	1	121
r9_15seqs	1	113
r9_15seqs	1	98
r9_15seqs	1	112
r9_15seqs	1	113
r9_15seqs	1	112
r9_15seqs	2	126
r9_15seqs	1	98
r9_15seqs	1	116
r9_15seqs	1	110
r9_15seqs	1	110
r9_15seqs	1	110
r9_15seqs	1	117
r9_15seqs	1	119
r9_15seqs	1	110
r9_15seqs	1	161
r9_15seqs	1	173
r9_15seqs	1	94
r9_15seqs	3	114
r9_15seqs	1	113
r9_15seqs	1	117
r9_15seqs	1	112
r9_15seqs	1	112
r9_15seqs	1	94
r9_15seqs	1	94
r9_15seqs	1	116
r9_15seqs	1	132
r9_15seqs	1	116
r9_15seqs	1	117
r9_15seqs	1	121
r9_15seqs	2	113
r9_15seqs	1	127
r9_15seqs	1	152
r9_15seqs	1	148
r9_15seqs	2	113
r9_15seqs	1	94
r9_15seqs	2	113
r9_15seqs	1	98
r9_15seqs	1	124
r9_15seqs	1	113
r9_15seqs	1	113
r9_15seqs	1	110
r9_15seqs	1	110
r9_15seqs	1	92
r9_15seqs	1	110
r9_15seqs	1	110
r9_15seqs	1	110
r9_15seqs	1	110
r9_15seqs	1	110
r9_15seqs	1	110
r9_15seqs	1	157
r9_15seqs	1	110
r9_15seqs	1	119
r9_15seqs	1	113
r9_15seqs	2	113
r9_15seqs	1	105
r9_15seqs	1	109
r9_15seqs	1	117
r9_15seqs	1	98
r9_15seqs	1	113
r9_15seqs	1	112
r9_15seqs	1	116
r9_15seqs	1	116
r9_15seqs	1	121
r9_15seqs	1	113
r9_15seqs	1	131
r9_15seqs	1	145
r9_15seqs	1	113
r9_15seqs	8	113
r9_15seqs	2	98
r9_15seqs	5	110
r9_15seqs	1	94
r9_15seqs	2	98
r9_15seqs	1	113
r9_15seqs	1	94
r9_15seqs	1	110
r9_15seqs	2	98
r9_15seqs	1	112
r9_15seqs	2	98
r9_15seqs	1	110
r9_15seqs	1	112
r9_15seqs	1	115
r9_15seqs	9	110
r9_15seqs	1	115
r9_15seqs	1	115
r9_15seqs	1	110
r9_15seqs	1	109
r9_15seqs	1	110
r9_15seqs	1	110
r9_15seqs	1	110
r9_15seqs	1	128
r9_15seqs	2	110
r9_15seqs	1	113
r9_15seqs	1	113
r9_15seqs	1	113
r9_15seqs	1	113
r9_15seqs	1	104
r9_15seqs	1	113
r9_15seqs	1	113
r9_15seqs	1	113
r9_15seqs	1	113
r9_15seqs	1	113
r9_15seqs	1	113
r9_15seqs	1	113
r9_15seqs	1	113
r9_15seqs	1	113
r9_15seqs	1	113
r9_15seqs	1	104
r9_15seqs	1	112
r9_15seqs	1	113
r9_15seqs	1	113
r9_15seqs	1	113
r9_15seqs	1	104
r9_15seqs	9	118
r9_15seqs	1	124
r9_15seqs	1	113
r9_15seqs	2	119
r9_15seqs	1	123
r9_15seqs	1	113
r9_15seqs	1	113
r9_15seqs	1	113
r9_15seqs	1	141
r9_15seqs	1	113
r9_15seqs	5	159
r9_15seqs	1	110
r9_15seqs	1	110
r9_15seqs	1	113
r9_15seqs	5	116
r9_15seqs	1	124
r9_15seqs	1	93
r9_15seqs	1	113
r9_15seqs	1	113
r9_15seqs	3	117
r9_15seqs	1	126
r9_15seqs	1	179
r9_15seqs	4	112
r9_15seqs	1	100
r9_15seqs	1	109
r9_15seqs	1	110
r9_15seqs	3	116
r9_15seqs	5	113
r9_15seqs	2	114
r9_15seqs	1	118
r9_15seqs	1	113
r9_15seqs	1	113
r9_15seqs	1	123
r9_15seqs	1	110
r9_15seqs	1	113
r9_15seqs	2	113
r9_15seqs	1	113
r9_15seqs	1	120
r9_15seqs	1	109
r9_15seqs	2	98
r9_15seqs	2	135
r9_15seqs	1	167
r9_15seqs	1	117
r9_15seqs	1	113
r9_15seqs	1	116
r9_15seqs	5	93
r9_15seqs	1	113
r9_15seqs	1	113
r9_15seqs	1	98
r9_15seqs	1	113
r9_15seqs	1	116
r9_15seqs	1	116
r9_15seqs	1	113
r9_15seqs	1	98
r9_15seqs	1	98
r9_15seqs	1	116
r9_15seqs	1	116
r9_15seqs	1	98
r9_15seqs	1	98
r9_15seqs	1	98
r9_15seqs	1	98
r9_15seqs	1	113
r9_15seqs	1	98
r9_15seqs	1	98
r9_15seqs	1	98
r9_15seqs	1	116
r9_15seqs	1	98
r9_15seqs	1	113
r9_15seqs	1	98
r9_15seqs	1	98
r9_15seqs	1	98
r9_15seqs	1	98
r9_15seqs	1	113
r9_15seqs	1	98
r9_15seqs	1	140
r9_15seqs	2	144
r9_15seqs	1	98
r9_15seqs	1	98
r9_15seqs	1	110
r9_15seqs	2	121
r9_15seqs	1	110
r9_15seqs	1	110
r9_15seqs	1	110
r9_15seqs	1	110
r9_15seqs	1	110
r9_15seqs	1	113
r9_15seqs	1	98
r9_15seqs	1	110
r9_15seqs	1	151
r9_15seqs	5	98
r9_15seqs	5	98
r9_15seqs	2	113
r9_15seqs	5	122
r9_15seqs	2	113
r9_15seqs	1	94
r9_15seqs	2	113
r9_15seqs	2	113
r9_15seqs	1	112
r9_15seqs	1	109
r9_15seqs	1	112
r9_15seqs	1	94
r9_15seqs	1	112
r9_15seqs	1	94
r9_15seqs	1	94
r9_15seqs	1	94
r9_15seqs	1	94
r9_15seqs	1	121
r9_15seqs	1	94
r9_15seqs	1	94
r9_15seqs	1	113
r9_15seqs	1	94
r9_15seqs	1	116
r9_15seqs	1	92
r9_15seqs	1	98
r9_15seqs	1	110
r9_15seqs	1	98
r9_15seqs	1	98
r9_15seqs	1	113
r9_15seqs	1	98
r9_15seqs	1	116
r9_15seqs	1	116
r9_15seqs	1	110
r9_15seqs	1	116
r9_15seqs	1	110
r9_15seqs	1	110
r9_15seqs	1	110
r9_15seqs	1	110
r9_15seqs	1	118
r9_15seqs	1	119
r9_15seqs	1	113
r9_15seqs	1	112
r9_15seqs	9	98
r9_15seqs	5	94
r9_15seqs	1	113
r9_15seqs	1	113
r9_15seqs	1	118
r9_15seqs	1	113
r9_15seqs	1	113
r9_15seqs	1	110
r9_15seqs	1	110
r9_15seqs	1	138
r9_15seqs	2	113
r9_15seqs	2	116
r9_15seqs	2	98
r9_15seqs	1	115
r9_15seqs	2	98
r9_15seqs	1	110
r9_15seqs	1	121
r9_15seqs	1	112
r9_15seqs	1	121
r9_15seqs	1	112
r9_15seqs	1	93
r9_15seqs	1	110
r9_15seqs	1	123
r9_15seqs	2	98
r9_15seqs	1	94
r9_15seqs	1	114
r9_15seqs	1	121
r9_15seqs	1	117
r9_15seqs	1	110
r9_15seqs	1	145
r9_15seqs	6	93
r9_15seqs	2	174
r9_15seqs	2	128
r9_15seqs	1	130
r9_15seqs	1	93
r9_15seqs	3	112
r9_15seqs	9	94
r9_15seqs	1	110
r9_15seqs	1	116
r9_15seqs	1	113
r9_15seqs	1	110
r9_15seqs	1	113
r9_15seqs	1	113
r9_15seqs	1	113
r9_15seqs	1	113
r9_15seqs	1	113
r9_15seqs	1	104
r9_15seqs	1	113
r9_15seqs	1	114
r9_15seqs	1	113
r9_15seqs	1	113
r9_15seqs	1	104
r9_15seqs	1	113
r9_15seqs	1	116
r9_15seqs	1	113
r9_15seqs	1	113
r9_15seqs	1	113
r9_15seqs	1	113
r9_15seqs	2	105
r9_15seqs	1	113
r9_15seqs	1	113
r9_15seqs	1	130
r9_15seqs	1	113
r9_15seqs	1	113
r9_15seqs	1	116
r9_15seqs	1	113
r9_15seqs	11	94
r9_15seqs	6	113
r9_15seqs	1	117
r9_15seqs	2	153
r9_15seqs	6	116
r9_15seqs	2	94
r9_15seqs	2	94
r9_15seqs	1	98
r9_15seqs	1	113
r9_15seqs	1	98
r9_15seqs	1	120
r9_15seqs	1	98
r9_15seqs	2	94
r9_15seqs	1	117
r9_15seqs	1	98
r9_15seqs	2	133
r9_15seqs	2	110
r9_15seqs	1	179
r9_15seqs	1	100
r9_15seqs	1	112
r9_15seqs	1	113
r9_15seqs	1	115
r9_15seqs	1	121
r9_15seqs	1	91
r9_15seqs	2	121
r9_15seqs	1	93
r9_15seqs	1	124
r9_15seqs	1	124
r9_15seqs	1	123
r9_15seqs	1	130
r9_15seqs	1	151
r9_15seqs	7	131
r9_15seqs	1	161
r9_15seqs	12	142
r9_15seqs	1	109
r9_15seqs	1	98
r9_15seqs	1	113
r9_15seqs	1	113
r9_15seqs	1	98
r9_15seqs	1	113
r9_15seqs	1	98
r9_15seqs	1	98
r9_15seqs	1	98
r9_15seqs	1	113
r9_15seqs	1	113
r9_15seqs	1	98
r9_15seqs	1	98
r9_15seqs	1	113
r9_15seqs	1	98
r9_15seqs	1	113
r9_15seqs	1	116
r9_15seqs	1	98
r9_15seqs	1	116
r9_15seqs	1	116
r9_15seqs	1	113
r9_15seqs	1	94
r9_15seqs	1	98
r9_15seqs	1	98
r9_15seqs	1	113
r9_15seqs	1	133
r9_15seqs	1	98
r9_15seqs	1	98
r9_15seqs	1	113
r9_15seqs	1	98
r9_15seqs	1	110
r9_15seqs	1	98
r9_15seqs	1	98
r9_15seqs	1	113
r9_15seqs	1	98
r9_15seqs	1	113
r9_15seqs	1	98
r9_15seqs	1	98
r9_15seqs	1	113
r9_15seqs	6	113
r9_15seqs	3	116
r9_15seqs	2	117
r9_15seqs	2	112
r9_15seqs	1	93
r9_15seqs	2	110
r9_15seqs	2	110
r9_15seqs	1	114
r9_15seqs	1	118
r9_15seqs	6	119
r9_15seqs	1	110
r9_15seqs	1	123
r9_15seqs	1	113
r9_15seqs	14	98
r9_15seqs	8	116
r9_15seqs	5	98
r9_15seqs	5	98
r9_15seqs	1	109
r9_15seqs	1	113
r9_15seqs	1	94
r9_15seqs	1	112
r9_15seqs	1	94
r9_15seqs	1	94
r9_15seqs	1	94
r9_15seqs	1	112
r9_15seqs	1	112
r9_15seqs	1	118
r9_15seqs	1	112
r9_15seqs	1	112
r9_15seqs	1	94
r9_15seqs	1	113
r9_15seqs	1	116
r9_15seqs	1	116
r9_15seqs	1	94
r9_15seqs	1	124
r9_15seqs	1	119
r9_15seqs	1	112
r9_15seqs	1	112
r9_15seqs	1	94
r9_15seqs	1	94
r9_15seqs	1	142
r9_15seqs	1	112
r9_15seqs	1	112
r9_15seqs	1	121
r9_15seqs	1	94
r9_15seqs	1	116
r9_15seqs	2	113
r9_15seqs	2	104
r9_15seqs	6	110
r9_15seqs	1	94
r9_15seqs	1	113
r9_15seqs	1	116
r9_15seqs	1	110
r9_15seqs	1	101
r9_15seqs	1	98
r9_15seqs	1	110
r9_15seqs	1	110
r9_15seqs	1	110
r9_15seqs	1	110
r9_15seqs	1	110
r9_15seqs	1	110
r9_15seqs	1	110
r9_15seqs	1	110
r9_15seqs	1	113
r9_15seqs	1	181
r9_15seqs	1	108
r9_15seqs	1	116
r9_15seqs	1	113
r9_15seqs	1	113
r9_15seqs	1	114
r9_15seqs	1	108
r9_15seqs	1	113
r9_15seqs	1	108
r9_15seqs	1	113
r9_15seqs	1	117
r9_15seqs	1	113
r9_15seqs	1	113
r9_15seqs	1	108
r9_15seqs	1	113
r9_15seqs	11	118
r9_15seqs	5	110
r9_15seqs	2	98
r9_15seqs	2	98
r9_15seqs	2	98
r9_15seqs	1	94
r9_15seqs	3	113
r9_15seqs	2	113
r9_15seqs	2	98
r9_15seqs	1	112
r9_15seqs	1	112
r9_15seqs	1	121
r9_15seqs	2	113
r9_15seqs	1	110
r9_15seqs	1	110
r9_15seqs	1	110
r9_15seqs	1	93
r9_15seqs	1	110
r9_15seqs	1	117
r9_15seqs	1	121
r9_15seqs	1	94
r9_15seqs	2	122
r9_15seqs	1	111
r9_15seqs	5	113
r9_15seqs	1	113
r9_15seqs	1	113
r9_15seqs	1	113
r9_15seqs	1	113
r9_15seqs	1	113
r9_15seqs	1	113
r9_15seqs	1	113
r9_15seqs	1	104
r9_15seqs	1	113
r9_15seqs	1	113
r9_15seqs	1	110
r9_15seqs	1	113
r9_15seqs	1	113
r9_15seqs	1	113
r9_15seqs	1	117
r9_15seqs	1	124
r9_15seqs	1	104
r9_15seqs	1	113
r9_15seqs	1	119
r9_15seqs	1	110
r9_15seqs	1	143
r9_15seqs	1	155
r9_15seqs	1	113
r9_15seqs	1	113
r9_15seqs	3	113
r9_15seqs	2	112
r9_15seqs	2	94
r9_15seqs	2	117
r9_15seqs	1	93
r9_15seqs	1	93
r9_15seqs	1	93
r9_15seqs	1	113
r9_15seqs	1	98
r9_15seqs	1	98
r9_15seqs	2	113
r9_15seqs	1	113
r9_15seqs	1	110
r9_15seqs	1	121
r9_15seqs	1	124
r9_15seqs	5	113
r9_15seqs	5	113
r9_15seqs	5	113
r9_15seqs	5	113
r9_15seqs	2	110
r9_15seqs	1	115
r9_15seqs	1	115
r9_15seqs	1	113
r9_15seqs	1	109
r9_15seqs	2	113
r9_15seqs	2	94
r9_15seqs	1	112
r9_15seqs	1	111
r9_15seqs	1	116
r9_15seqs	5	113
r9_15seqs	1	113
r9_15seqs	1	113
r9_15seqs	3	113
r9_15seqs	1	98
r9_15seqs	2	113
r9_15seqs	1	98
r9_15seqs	1	113
r9_15seqs	1	113
r9_15seqs	1	98
r9_15seqs	1	113
r9_15seqs	1	116
r9_15seqs	1	98
r9_15seqs	1	98
r9_15seqs	1	98
r9_15seqs	1	98
r9_15seqs	1	113
r9_15seqs	1	113
r9_15seqs	1	98
r9_15seqs	1	98
r9_15seqs	1	98
r9_15seqs	1	98
r9_15seqs	1	113
r9_15seqs	1	94
r9_15seqs	1	113
r9_15seqs	1	98
r9_15seqs	1	143
r9_15seqs	1	98
r9_15seqs	1	117
r9_15seqs	2	98
r9_15seqs	1	117
r9_15seqs	2	112
r9_15seqs	1	114
r9_15seqs	1	105
r9_15seqs	9	113
r9_15seqs	1	110
r9_15seqs	1	126
r9_15seqs	1	159
r9_15seqs	1	98
r9_15seqs	1	113
r9_15seqs	2	110
r9_15seqs	2	110
r9_15seqs	5	113
r9_15seqs	1	94
r9_15seqs	1	112
r9_15seqs	1	94
r9_15seqs	1	94
r9_15seqs	1	94
r9_15seqs	1	94
r9_15seqs	1	121
r9_15seqs	1	94
r9_15seqs	11	113
r9_15seqs	1	107
r9_15seqs	1	96
r9_15seqs	1	98
r9_15seqs	1	98
r9_15seqs	1	98
r9_15seqs	1	110
r9_15seqs	1	116
r9_15seqs	1	110
r9_15seqs	1	110
r9_15seqs	1	113
r9_15seqs	1	110
r9_15seqs	1	110
r9_15seqs	1	98
r9_15seqs	1	110
r9_15seqs	1	136
r9_15seqs	1	94
r9_15seqs	1	113
r9_15seqs	1	113
r9_15seqs	2	117
r9_15seqs	2	124
r9_15seqs	1	110
r9_15seqs	1	112
r9_15seqs	6	110
r9_15seqs	1	113
r9_15seqs	1	94
r9_15seqs	1	116
r9_15seqs	1	94
r9_15seqs	2	98
r9_15seqs	2	98
r9_15seqs	1	112
r9_15seqs	1	93
r9_15seqs	5	98
r9_15seqs	2	98
r9_15seqs	1	118
r9_15seqs	1	113
r9_15seqs	1	113
r9_15seqs	1	113
r9_15seqs	1	113
r9_15seqs	1	119
r9_15seqs	1	152
r9_15seqs	1	113
r9_15seqs	1	98
r9_15seqs	1	108
r9_15seqs	1	93
r9_15seqs	1	113
r9_15seqs	1	111
r9_15seqs	1	110
r9_15seqs	1	120
r9_15seqs	1	93
r9_15seqs	1	110
r9_15seqs	1	117
r9_15seqs	1	113
r9_15seqs	2	116
r9_15seqs	1	122
r9_15seqs	1	98
r9_15seqs	1	98
r9_15seqs	1	98
r9_15seqs	1	98
r9_15seqs	1	98
r9_15seqs	1	98
r9_15seqs	1	94
r9_15seqs	1	116
r9_15seqs	1	98
r9_15seqs	1	98
r9_15seqs	1	115
r9_15seqs	1	98
r9_15seqs	6	110
r9_15seqs	1	124
r9_15seqs	1	109
r9_15seqs	2	113
r9_15seqs	1	94
r9_15seqs	1	112
r9_15seqs	1	94
r9_15seqs	1	98
r9_15seqs	1	98
r9_15seqs	1	110
r9_15seqs	1	110
r9_15seqs	1	110
r9_15seqs	5	112
r9_15seqs	1	113
r9_15seqs	1	112
r9_15seqs	1	121
r9_15seqs	1	110
r9_15seqs	1	113
r9_15seqs	1	113
r9_15seqs	1	110
r9_15seqs	1	104
r9_15seqs	1	113
r9_15seqs	1	113
r9_15seqs	1	113
r9_15seqs	1	114
r9_15seqs	1	113
r9_15seqs	2	158
r9_15seqs	1	98
r9_15seqs	1	98
r9_15seqs	1	98
r9_15seqs	1	98
r9_15seqs	1	98
r9_15seqs	1	98
r9_15seqs	1	113
r9_15seqs	1	98
r9_15seqs	1	98
r9_15seqs	1	111
r9_15seqs	1	98
r9_15seqs	1	98
r9_15seqs	1	98
r9_15seqs	1	112
r9_15seqs	1	101
r9_15seqs	1	113
r9_15seqs	1	113
r9_15seqs	1	113
r9_15seqs	1	110
r9_15seqs	1	109
r9_15seqs	1	119
r9_15seqs	1	140
r9_15seqs	1	113
r9_15seqs	6	146
r9_15seqs	1	177
r9_15seqs	5	119
r9_15seqs	1	94
r9_15seqs	1	110
r9_15seqs	1	181
r9_15seqs	1	110
r9_15seqs	1	113
r9_15seqs	1	157
r9_15seqs	1	94
r9_15seqs	1	181
r9_15seqs	1	116
r9_15seqs	1	122
r9_15seqs	1	113
r9_15seqs	1	118
r9_15seqs	1	110
r9_15seqs	1	96
r9_15seqs	6	101
r9_15seqs	1	156
r9_15seqs	1	119
r9_15seqs	1	147
r9_15seqs	1	110
r9_15seqs	1	165
r9_15seqs	1	113
r9_15seqs	1	117
r9_15seqs	1	113
r9_15seqs	1	113
r9_15seqs	1	113
r9_15seqs	1	126
r9_15seqs	1	113
r9_15seqs	1	98
r9_15seqs	1	151
r9_15seqs	1	120
r9_15seqs	1	109
r9_15seqs	1	113
r9_15seqs	1	110
r9_15seqs	1	113
r9_15seqs	1	116
r9_15seqs	1	113
r9_15seqs	1	98
r9_15seqs	1	135
r9_15seqs	3	140
r9_15seqs	1	137
r9_15seqs	1	123
r9_15seqs	1	110
r9_15seqs	1	110
r9_15seqs	1	126
r9_15seqs	1	94
r9_15seqs	1	118
r9_15seqs	1	119
r9_15seqs	1	94
r9_15seqs	1	94
r9_15seqs	1	94
r9_15seqs	1	181
r9_15seqs	1	119
r9_15seqs	1	116
r9_15seqs	1	110
r9_15seqs	1	116
r9_15seqs	1	116
r9_15seqs	1	113
r9_15seqs	1	113
r9_15seqs	1	113
r9_15seqs	10	99
r9_15seqs	2	181
r9_15seqs	1	173
r9_15seqs	1	121
r9_15seqs	1	128
r9_15seqs	1	121
r9_15seqs	1	104
r9_15seqs	1	113
r9_15seqs	1	113
r9_15seqs	1	113
r9_15seqs	1	113
r9_15seqs	1	113
r9_15seqs	1	113
r9_15seqs	1	114
r9_15seqs	1	116
r9_15seqs	1	94
r9_15seqs	6	113
r9_15seqs	1	98
r9_15seqs	1	108
r9_15seqs	1	113
r9_15seqs	1	181
r9_15seqs	1	145
r9_15seqs	2	132
r9_15seqs	1	109
r9_15seqs	1	118
r9_15seqs	1	113
r9_15seqs	1	113
r9_15seqs	1	113
r9_15seqs	1	116
r9_15seqs	1	98
r9_15seqs	1	98
r9_15seqs	1	98
r9_15seqs	1	116
r9_15seqs	1	98
r9_15seqs	1	113
r9_15seqs	1	113
r9_15seqs	1	113
r9_15seqs	1	109
r9_15seqs	2	125
r9_15seqs	1	107
r9_15seqs	1	113
r9_15seqs	1	116
r9_15seqs	1	98
r9_15seqs	1	151
r9_15seqs	1	112
r9_15seqs	1	112
r9_15seqs	1	94
r9_15seqs	1	112
r9_15seqs	1	90
r9_15seqs	2	113
r9_15seqs	1	113
r9_15seqs	1	113
r9_15seqs	1	110
r9_15seqs	6	178
r9_15seqs	1	116
r9_15seqs	1	106
r9_15seqs	1	110
r9_15seqs	1	110
r9_15seqs	1	110
r9_15seqs	1	110
r9_15seqs	1	92
r9_15seqs	7	98
r9_15seqs	2	93
r9_15seqs	1	99
r9_15seqs	1	140
r9_15seqs	1	108
r9_15seqs	1	112
r9_15seqs	6	113
r9_15seqs	1	113
r9_15seqs	2	120
r9_15seqs	1	113
r9_15seqs	1	110
r9_15seqs	2	113
r9_15seqs	1	97
r9_15seqs	1	152
r9_15seqs	1	147
r9_15seqs	1	115
r9_15seqs	1	115
r9_15seqs	1	94
r9_15seqs	1	115
r9_15seqs	1	113
r9_15seqs	1	110
r9_15seqs	1	134
r9_15seqs	1	104
r9_15seqs	1	113
r9_15seqs	1	113
r9_15seqs	1	113
r9_15seqs	1	113
r9_15seqs	1	95
r9_15seqs	1	130
r9_15seqs	1	98
r9_15seqs	1	117
r9_15seqs	9	172
r9_15seqs	1	149
r9_15seqs	1	113
r9_15seqs	2	112
r9_15seqs	1	113
r9_15seqs	1	113
r9_15seqs	1	181
r9_15seqs	5	113
r9_15seqs	1	119
r9_15seqs	1	113
r9_15seqs	1	113
r9_15seqs	1	104
r9_15seqs	1	113
r9_15seqs	1	127
r9_15seqs	1	113
r9_15seqs	2	112
r9_15seqs	2	119
r9_15seqs	2	98
r9_15seqs	2	120
r9_15seqs	1	113
r9_15seqs	1	116
r9_15seqs	1	120
r9_15seqs	1	116
r9_15seqs	1	113
r9_15seqs	1	98
r9_15seqs	1	98
r9_15seqs	1	113
r9_15seqs	1	113
r9_15seqs	1	113
r9_15seqs	1	98
r9_15seqs	1	107
r9_15seqs	1	116
r9_15seqs	1	119
r9_15seqs	1	110
r9_15seqs	1	113
r9_15seqs	1	113
r9_15seqs	3	113
r9_15seqs	5	93
r9_15seqs	7	113
r9_15seqs	7	113
r9_15seqs	1	109
r9_15seqs	1	89
r9_15seqs	2	132
r9_15seqs	5	181
r9_15seqs	3	113
r9_15seqs	1	126
r9_15seqs	1	123
r9_15seqs	1	116
r9_15seqs	1	109
r9_15seqs	1	110
r9_15seqs	1	96
r9_15seqs	1	117
r9_15seqs	1	108
r9_15seqs	1	135
r9_15seqs	1	146
r9_15seqs	1	130
r9_15seqs	1	112
r9_15seqs	1	94
r9_15seqs	1	94
r9_15seqs	1	113
r9_15seqs	1	94
r9_15seqs	1	118
r9_15seqs	1	94
r9_15seqs	1	163
r9_15seqs	1	116
r9_15seqs	1	116
r9_15seqs	1	110
r9_15seqs	1	110
r9_15seqs	1	116
r9_15seqs	1	113
r9_15seqs	3	113
r9_15seqs	1	114
r9_15seqs	1	113
r9_15seqs	1	117
r9_15seqs	1	117
r9_15seqs	1	113
r9_15seqs	1	99
r9_15seqs	1	112
r9_15seqs	1	113
r9_15seqs	1	145
r9_15seqs	1	133
r9_15seqs	1	128
r9_15seqs	1	127
r9_15seqs	1	121
r9_15seqs	1	110
r9_15seqs	1	113
r9_15seqs	1	113
r9_15seqs	7	103
r9_15seqs	1	94
r9_15seqs	1	117
r9_15seqs	1	126
r9_15seqs	1	114
r9_15seqs	1	119
r9_15seqs	1	113
r9_15seqs	1	113
r9_15seqs	1	113
r9_15seqs	2	98
r9_15seqs	1	116
r9_15seqs	1	113
r9_15seqs	1	113
r9_15seqs	1	113
r9_15seqs	1	113
r9_15seqs	1	113
r9_15seqs	1	113
r9_15seqs	1	113
r9_15seqs	1	113
r9_15seqs	1	113
r9_15seqs	1	113
r9_15seqs	1	113
r9_15seqs	1	113
r9_15seqs	1	113
r9_15seqs	1	95
r9_15seqs	1	113
r9_15seqs	1	112
r9_15seqs	1	113
r9_15seqs	1	113
r9_15seqs	1	113
r9_15seqs	1	98
r9_15seqs	1	93
r9_15seqs	1	135
r9_15seqs	1	93
r9_15seqs	2	103
r9_15seqs	1	113
r9_15seqs	1	113
r9_15seqs	1	93
r9_15seqs	1	93
r9_15seqs	1	93
r9_15seqs	1	111
r9_15seqs	2	116
r9_15seqs	1	93
r9_15seqs	3	113
r9_15seqs	1	113
r9_15seqs	2	121
r9_15seqs	1	113
r9_15seqs	1	98
r9_15seqs	1	124
r9_15seqs	1	113
r9_15seqs	2	114
r9_15seqs	1	113
r9_15seqs	1	109
r9_15seqs	2	116
r9_15seqs	1	118
r9_15seqs	1	113
r9_15seqs	1	113
r9_15seqs	2	113
r9_15seqs	1	98
r9_15seqs	1	113
r9_15seqs	1	145
r9_15seqs	1	118
r9_15seqs	1	116
r9_15seqs	1	112
r9_15seqs	1	119
r9_15seqs	2	110
r9_15seqs	1	116
r9_15seqs	1	113
r9_15seqs	1	98
r9_15seqs	1	113
r9_15seqs	1	113
r9_15seqs	1	98
r9_15seqs	1	98
r9_15seqs	1	98
r9_15seqs	1	113
r9_15seqs	1	113
r9_15seqs	1	98
r9_15seqs	2	110
r9_15seqs	1	98
r9_15seqs	1	110
r9_15seqs	2	114
r9_15seqs	1	126
r9_15seqs	6	110
r9_15seqs	1	96
r9_15seqs	1	108
r9_15seqs	1	116
r9_15seqs	1	114
r9_15seqs	1	110
r9_15seqs	1	110
r9_15seqs	1	94
r9_15seqs	1	113
r9_15seqs	1	98
r9_15seqs	1	94
r9_15seqs	1	94
r9_15seqs	9	108
r9_15seqs	1	132
r9_15seqs	1	94
r9_15seqs	1	112
r9_15seqs	1	123
r9_15seqs	1	112
r9_15seqs	1	112
r9_15seqs	1	117
r9_15seqs	1	94
r9_15seqs	1	112
r9_15seqs	1	112
r9_15seqs	1	112
r9_15seqs	2	95
r9_15seqs	1	94
r9_15seqs	2	113
r9_15seqs	2	110
r9_15seqs	1	123
r9_15seqs	1	94
r9_15seqs	1	94
r9_15seqs	1	128
r9_15seqs	1	116
r9_15seqs	1	180
r9_15seqs	1	149
r9_15seqs	1	110
r9_15seqs	1	128
r9_15seqs	1	128
r9_15seqs	1	110
r9_15seqs	1	110
r9_15seqs	1	113
r9_15seqs	1	110
r9_15seqs	1	98
r9_15seqs	1	98
r9_15seqs	1	104
r9_15seqs	1	113
r9_15seqs	1	98
r9_15seqs	10	110
r9_15seqs	1	165
r9_15seqs	1	168
r9_15seqs	1	108
r9_15seqs	1	123
r9_15seqs	1	122
r9_15seqs	1	113
r9_15seqs	1	110
r9_15seqs	1	113
r9_15seqs	1	113
r9_15seqs	1	117
r9_15seqs	1	107
r9_15seqs	1	120
r9_15seqs	6	113
r9_15seqs	2	113
r9_15seqs	5	113
r9_15seqs	2	121
r9_15seqs	6	110
r9_15seqs	6	117
r9_15seqs	1	181
r9_15seqs	6	120
r9_15seqs	1	110
r9_15seqs	1	128
r9_15seqs	1	124
r9_15seqs	1	124
r9_15seqs	1	112
r9_15seqs	1	115
r9_15seqs	1	121
r9_15seqs	1	94
r9_15seqs	1	116
r9_15seqs	1	112
r9_15seqs	1	112
r9_15seqs	2	113
r9_15seqs	2	98
r9_15seqs	1	94
r9_15seqs	1	112
r9_15seqs	1	136
r9_15seqs	14	101
r9_15seqs	1	152
r9_15seqs	1	113
r9_15seqs	1	130
r9_15seqs	1	113
r9_15seqs	1	113
r9_15seqs	1	113
r9_15seqs	1	113
r9_15seqs	9	121
r9_15seqs	1	113
r9_15seqs	1	116
r9_15seqs	1	113
r9_15seqs	1	113
r9_15seqs	1	113
r9_15seqs	1	113
r9_15seqs	1	113
r9_15seqs	1	113
r9_15seqs	1	113
r9_15seqs	1	113
r9_15seqs	1	113
r9_15seqs	5	113
r9_15seqs	1	119
r9_15seqs	1	110
r9_15seqs	1	110
r9_15seqs	1	110
r9_15seqs	1	113
r9_15seqs	1	116
r9_15seqs	4	98
r9_15seqs	1	95
r9_15seqs	1	159
r9_15seqs	1	108
r9_15seqs	1	113
r9_15seqs	6	116
r9_15seqs	1	93
r9_15seqs	1	115
r9_15seqs	1	120
r9_15seqs	2	121
r9_15seqs	1	116
r9_15seqs	6	113
r9_15seqs	3	116
r9_15seqs	2	94
r9_15seqs	1	116
r9_15seqs	9	110
r9_15seqs	1	109
r9_15seqs	1	166
r9_15seqs	1	146
r9_15seqs	1	118
r9_15seqs	1	148
r9_15seqs	2	109
r9_15seqs	1	100
r9_15seqs	1	133
r9_15seqs	1	127
r9_15seqs	1	109
r9_15seqs	1	119
r9_15seqs	1	113
r9_15seqs	1	113
r9_15seqs	1	114
r9_15seqs	5	113
r9_15seqs	1	112
r9_15seqs	5	113
r9_15seqs	1	113
r9_15seqs	1	116
r9_15seqs	1	113
r9_15seqs	1	98
r9_15seqs	1	137
r9_15seqs	1	98
r9_15seqs	1	98
r9_15seqs	1	98
r9_15seqs	1	113
r9_15seqs	1	113
r9_15seqs	1	117
r9_15seqs	1	112
r9_15seqs	1	98
r9_15seqs	1	116
r9_15seqs	1	98
r9_15seqs	1	98
r9_15seqs	1	113
r9_15seqs	1	98
r9_15seqs	1	98
r9_15seqs	1	98
r9_15seqs	1	98
r9_15seqs	1	113
r9_15seqs	1	116
r9_15seqs	1	116
r9_15seqs	1	98
r9_15seqs	1	113
r9_15seqs	1	113
r9_15seqs	1	98
r9_15seqs	1	113
r9_15seqs	1	120
r9_15seqs	1	98
r9_15seqs	1	112
r9_15seqs	2	117
r9_15seqs	1	98
r9_15seqs	1	98
r9_15seqs	1	98
r9_15seqs	1	98
r9_15seqs	1	89
r9_15seqs	1	105
r9_15seqs	1	170
r9_15seqs	1	156
r9_15seqs	1	116
r9_15seqs	1	114
r9_15seqs	1	117
r9_15seqs	2	110
r9_15seqs	1	117
r9_15seqs	1	116
r9_15seqs	5	113
r9_15seqs	9	113
r9_15seqs	9	113
r9_15seqs	1	96
r9_15seqs	2	95
r9_15seqs	1	172
r9_15seqs	1	124
r9_15seqs	1	124
r9_15seqs	1	94
r9_15seqs	2	155
r9_15seqs	1	121
r9_15seqs	1	124
r9_15seqs	1	112
r9_15seqs	1	94
r9_15seqs	1	124
r9_15seqs	1	94
r9_15seqs	1	112
r9_15seqs	1	113
r9_15seqs	1	112
r9_15seqs	1	94
r9_15seqs	1	103
r9_15seqs	1	94
r9_15seqs	1	112
r9_15seqs	1	94
r9_15seqs	1	116
r9_15seqs	1	94
r9_15seqs	1	94
r9_15seqs	1	113
r9_15seqs	10	94
r9_15seqs	2	95
r9_15seqs	1	116
r9_15seqs	1	109
r9_15seqs	1	128
r9_15seqs	1	128
r9_15seqs	1	110
r9_15seqs	1	123
r9_15seqs	1	98
r9_15seqs	1	112
r9_15seqs	1	113
r9_15seqs	1	113
r9_15seqs	1	110
r9_15seqs	1	110
r9_15seqs	1	125
r9_15seqs	1	110
r9_15seqs	1	155
r9_15seqs	1	110
r9_15seqs	1	119
r9_15seqs	1	110
r9_15seqs	1	119
r9_15seqs	1	116
r9_15seqs	1	110
r9_15seqs	1	122
r9_15seqs	2	93
r9_15seqs	1	117
r9_15seqs	1	113
r9_15seqs	1	116
r9_15seqs	1	92
r9_15seqs	1	113
r9_15seqs	6	115
r9_15seqs	1	98
r9_15seqs	1	113
r9_15seqs	1	130
r9_15seqs	1	113
r9_15seqs	1	124
r9_15seqs	1	113
r9_15seqs	1	118
r9_15seqs	1	123
r9_15seqs	1	116
r9_15seqs	1	98
r9_15seqs	1	136
r9_15seqs	1	94
r9_15seqs	1	114
r9_15seqs	1	112
r9_15seqs	1	113
r9_15seqs	1	113
r9_15seqs	1	113
r9_15seqs	2	113
r9_15seqs	1	113
r9_15seqs	1	98
r9_15seqs	2	113
r9_15seqs	1	128
r9_15seqs	1	119
r9_15seqs	1	110
r9_15seqs	1	110
r9_15seqs	2	98
r9_15seqs	1	103
r9_15seqs	1	110
r9_15seqs	5	113
r9_15seqs	1	110
r9_15seqs	1	116
r9_15seqs	1	112
r9_15seqs	1	121
r9_15seqs	1	115
r9_15seqs	5	110
r9_15seqs	1	113
r9_15seqs	1	112
r9_15seqs	1	98
r9_15seqs	2	98
r9_15seqs	2	113
r9_15seqs	1	113
r9_15seqs	1	113
r9_15seqs	1	104
r9_15seqs	1	113
r9_15seqs	1	117
r9_15seqs	1	113
r9_15seqs	1	92
r9_15seqs	1	128
r9_15seqs	1	113
r9_15seqs	1	113
r9_15seqs	1	116
r9_15seqs	1	113
r9_15seqs	1	113
r9_15seqs	1	113
r9_15seqs	1	133
r9_15seqs	1	113
r9_15seqs	1	113
r9_15seqs	1	113
r9_15seqs	1	113
r9_15seqs	1	113
r9_15seqs	1	113
r9_15seqs	1	113
r9_15seqs	1	113
r9_15seqs	1	113
r9_15seqs	1	104
r9_15seqs	1	113
r9_15seqs	1	113
r9_15seqs	1	118
r9_15seqs	2	120
r9_15seqs	7	101
r9_15seqs	17	113
r9_15seqs	1	117
r9_15seqs	1	98
r9_15seqs	1	155
r9_15seqs	1	146
r9_15seqs	1	113
r9_15seqs	1	93
r9_15seqs	2	129
r9_15seqs	2	94
r9_15seqs	1	98
r9_15seqs	1	117
r9_15seqs	1	93
r9_15seqs	1	93
r9_15seqs	1	98
r9_15seqs	1	135
r9_15seqs	1	113
r9_15seqs	1	137
r9_15seqs	6	113
r9_15seqs	1	89
r9_15seqs	2	130
r9_15seqs	1	113
r9_15seqs	1	173
r9_15seqs	2	116
r9_15seqs	1	115
r9_15seqs	1	113
r9_15seqs	1	113
r9_15seqs	1	124
r9_15seqs	1	114
r9_15seqs	1	110
r9_15seqs	1	94
r9_15seqs	1	104
r9_15seqs	1	98
r9_15seqs	1	98
r9_15seqs	1	98
r9_15seqs	1	116
r9_15seqs	1	149
r9_15seqs	1	113
r9_15seqs	1	113
r9_15seqs	1	98
r9_15seqs	1	113
r9_15seqs	1	146
r9_15seqs	2	112
r9_15seqs	1	98
r9_15seqs	1	98
r9_15seqs	1	98
r9_15seqs	1	98
r9_15seqs	1	98
r9_15seqs	1	112
r9_15seqs	1	113
r9_15seqs	1	107
r9_15seqs	1	113
r9_15seqs	1	98
r9_15seqs	1	98
r9_15seqs	1	98
r9_15seqs	1	113
r9_15seqs	1	113
r9_15seqs	1	113
r9_15seqs	1	113
r9_15seqs	8	109
r9_15seqs	3	123
r9_15seqs	1	98
r9_15seqs	3	109
r9_15seqs	3	109
r9_15seqs	6	115
r9_15seqs	1	113
r9_15seqs	1	113
r9_15seqs	1	147
r9_15seqs	1	159
r9_15seqs	1	107
r9_15seqs	1	124
r9_15seqs	1	116
r9_15seqs	1	116
r9_15seqs	1	93
r9_15seqs	3	98
r9_15seqs	2	112
r9_15seqs	3	116
r9_15seqs	1	107
r9_15seqs	1	113
r9_15seqs	5	109
r9_15seqs	1	120
r9_15seqs	1	94
r9_15seqs	1	94
r9_15seqs	2	128
r9_15seqs	1	116
r9_15seqs	10	113
r9_15seqs	1	113
r9_15seqs	1	112
r9_15seqs	1	112
r9_15seqs	1	94
r9_15seqs	1	109
r9_15seqs	1	94
r9_15seqs	1	103
r9_15seqs	1	94
r9_15seqs	1	113
r9_15seqs	1	113
r9_15seqs	1	124
r9_15seqs	1	113
r9_15seqs	1	98
r9_15seqs	1	110
r9_15seqs	1	165
r9_15seqs	6	115
r9_15seqs	1	110
r9_15seqs	1	130
r9_15seqs	1	113
r9_15seqs	1	113
r9_15seqs	1	113
r9_15seqs	1	110
r9_15seqs	1	110
r9_15seqs	1	110
r9_15seqs	1	110
r9_15seqs	1	110
r9_15seqs	1	113
r9_15seqs	1	101
r9_15seqs	1	113
r9_15seqs	1	120
r9_15seqs	1	98
r9_15seqs	1	98
r9_15seqs	1	98
r9_15seqs	8	114
r9_15seqs	1	112
r9_15seqs	1	113
r9_15seqs	1	113
r9_15seqs	1	112
r9_15seqs	1	113
r9_15seqs	1	113
r9_15seqs	2	114
r9_15seqs	1	109
r9_15seqs	10	113
r9_15seqs	2	113
r9_15seqs	1	94
r9_15seqs	1	110
r9_15seqs	2	94
r9_15seqs	1	109
r9_15seqs	1	110
r9_15seqs	3	113
r9_15seqs	5	110
r9_15seqs	2	104
r9_15seqs	1	151
r9_15seqs	1	181
r9_15seqs	1	113
r9_15seqs	1	137
r9_15seqs	1	108
r9_15seqs	2	117
r9_15seqs	1	113
r9_15seqs	1	113
r9_15seqs	1	113
r9_15seqs	1	113
r9_15seqs	1	128
r9_15seqs	1	113
r9_15seqs	1	113
r9_15seqs	1	113
r9_15seqs	7	113
r9_15seqs	1	113
r9_15seqs	1	113
r9_15seqs	1	113
r9_15seqs	1	109
r9_15seqs	1	110
r9_15seqs	1	113
r9_15seqs	1	117
r9_15seqs	1	98
r9_15seqs	1	109
r9_15seqs	1	113
r9_15seqs	2	103
r9_15seqs	1	93
r9_15seqs	1	93
r9_15seqs	6	98
r9_15seqs	1	108
r9_15seqs	1	116
r9_15seqs	1	123
r9_15seqs	1	117
r9_15seqs	1	113
r9_15seqs	1	113
r9_15seqs	1	116
r9_15seqs	1	148
r9_15seqs	1	121
r9_15seqs	1	113
r9_15seqs	1	113
r9_15seqs	1	113
r9_15seqs	2	98
r9_15seqs	1	117
r9_15seqs	1	98
r9_15seqs	1	131
r9_15seqs	1	127
r9_15seqs	1	113
r9_15seqs	1	104
r9_15seqs	1	98
r9_15seqs	7	113
r9_15seqs	1	117
r9_15seqs	1	89
r9_15seqs	1	110
r9_15seqs	1	112
r9_15seqs	1	113
r9_15seqs	1	113
r9_15seqs	1	98
r9_15seqs	1	98
r9_15seqs	1	111
r9_15seqs	1	113
r9_15seqs	1	98
r9_15seqs	1	98
r9_15seqs	1	116
r9_15seqs	16	113
r9_15seqs	9	113
r9_15seqs	1	128
r9_15seqs	1	112
r9_15seqs	1	113
r9_15seqs	1	117
r9_15seqs	2	110
r9_15seqs	1	98
r9_15seqs	1	103
r9_15seqs	2	163
r9_15seqs	2	159
r9_15seqs	1	94
r9_15seqs	1	123
r9_15seqs	1	113
r9_15seqs	10	94
r9_15seqs	1	94
r9_15seqs	1	121
r9_15seqs	1	94
r9_15seqs	1	112
r9_15seqs	6	117
r9_15seqs	1	112
r9_15seqs	1	94
r9_15seqs	1	94
r9_15seqs	1	110
r9_15seqs	1	113
r9_15seqs	1	110
r9_15seqs	1	116
r9_15seqs	1	110
r9_15seqs	1	110
r9_15seqs	1	110
r9_15seqs	1	98
r9_15seqs	7	113
r9_15seqs	1	110
r9_15seqs	1	110
r9_15seqs	2	109
r9_15seqs	3	116
r9_15seqs	1	118
r9_15seqs	1	119
r9_15seqs	3	122
r9_15seqs	1	112
r9_15seqs	1	118
r9_15seqs	1	110
r9_15seqs	2	116
r9_15seqs	2	98
r9_15seqs	1	123
r9_15seqs	1	113
r9_15seqs	1	110
r9_15seqs	1	112
r9_15seqs	1	125
r9_15seqs	1	113
r9_15seqs	1	113
r9_15seqs	1	113
r9_15seqs	1	113
r9_15seqs	6	113
r9_15seqs	1	119
r9_15seqs	1	116
r9_15seqs	1	113
r9_15seqs	3	116
r9_15seqs	5	115
r9_15seqs	1	113
r9_15seqs	1	117
r9_15seqs	1	117
r9_15seqs	1	113
r9_15seqs	1	102
r9_15seqs	1	110
r9_15seqs	1	118
r9_15seqs	1	118
r9_15seqs	1	106
r9_15seqs	2	98
r9_15seqs	1	113
r9_15seqs	1	180
r9_15seqs	1	113
r9_15seqs	1	132
r9_15seqs	1	98
r9_15seqs	1	98
r9_15seqs	1	122
r9_15seqs	1	98
r9_15seqs	1	126
r9_15seqs	1	98
r9_15seqs	1	116
r9_15seqs	1	98
r9_15seqs	1	98
r9_15seqs	1	113
r9_15seqs	1	113
r9_15seqs	15	112
r9_15seqs	1	98
r9_15seqs	2	112
r9_15seqs	2	98
r9_15seqs	7	98
r9_15seqs	1	94
r9_15seqs	5	113
r9_15seqs	1	94
r9_15seqs	1	113
r9_15seqs	1	94
r9_15seqs	1	94
r9_15seqs	1	113
r9_15seqs	1	124
r9_15seqs	1	113
r9_15seqs	1	110
r9_15seqs	1	110
r9_15seqs	1	113
r9_15seqs	1	98
r9_15seqs	1	116
r9_15seqs	3	112
r9_15seqs	1	98
r9_15seqs	2	110
r9_15seqs	1	113
r9_15seqs	1	113
r9_15seqs	9	98
r9_15seqs	1	113
r9_15seqs	5	94
r9_15seqs	2	98
r9_15seqs	1	104
r9_15seqs	1	110
r9_15seqs	1	104
r9_15seqs	1	113
r9_15seqs	1	110
r9_15seqs	1	109
r9_15seqs	1	127
r9_15seqs	1	115
r9_15seqs	1	104
r9_15seqs	1	94
r9_15seqs	2	113
r9_15seqs	1	110
r9_15seqs	1	98
r9_15seqs	6	112
r9_15seqs	1	113
r9_15seqs	1	110
r9_15seqs	1	113
r9_15seqs	3	98
r9_15seqs	1	94
r9_15seqs	1	112
r9_15seqs	1	112
r9_15seqs	1	111
r9_15seqs	1	110
r9_15seqs	1	116
r9_15seqs	3	98
r9_15seqs	1	98
r9_15seqs	2	128
r9_15seqs	2	94
r9_15seqs	1	110
r9_15seqs	1	98
r9_15seqs	2	98
r9_15seqs	1	118
r9_15seqs	1	98
r9_15seqs	1	98
r9_15seqs	1	98
r9_15seqs	1	116
r9_15seqs	9	98
r9_15seqs	16	124
r9_15seqs	1	110
r9_15seqs	1	119
r9_15seqs	1	110
r9_15seqs	1	99
r9_15seqs	1	109
r9_15seqs	1	124
r9_15seqs	1	116
r9_15seqs	1	113
r9_15seqs	1	181
r9_15seqs	1	113
r9_15seqs	1	178
r9_15seqs	1	109
r9_15seqs	1	117
r9_15seqs	1	116
r9_15seqs	1	116
r9_15seqs	2	94
r9_15seqs	1	91
r9_15seqs	1	98
r9_15seqs	1	98
r9_15seqs	1	134
r9_15seqs	6	113
r9_15seqs	1	181
r9_15seqs	1	130
r9_15seqs	1	113
r9_15seqs	1	113
r9_15seqs	1	110
r9_15seqs	1	113
r9_15seqs	1	104
r9_15seqs	1	113
r9_15seqs	1	181
r9_15seqs	1	115
r9_15seqs	1	92
r9_15seqs	2	113
r9_15seqs	2	110
r9_15seqs	1	136
r9_15seqs	1	116
r9_15seqs	1	94
r9_15seqs	2	163
r9_15seqs	1	94
r9_15seqs	1	113
r9_15seqs	2	151
r9_15seqs	2	98
r9_15seqs	1	113
r9_15seqs	2	93
r9_15seqs	1	119
r9_15seqs	1	121
r9_15seqs	1	110
r9_15seqs	1	112
r9_15seqs	1	125
r9_15seqs	2	113
r9_15seqs	1	112
r9_15seqs	1	112
r9_15seqs	1	104
r9_15seqs	1	113
r9_15seqs	1	136
r9_15seqs	1	128
r9_15seqs	1	98
r9_15seqs	6	128
r9_15seqs	1	126
r9_15seqs	1	113
r9_15seqs	1	117
r9_15seqs	1	126
r9_15seqs	9	117
r9_15seqs	1	117
r9_15seqs	1	181
r9_15seqs	1	94
r9_15seqs	2	121
r9_15seqs	1	98
r9_15seqs	1	98
r9_15seqs	1	121
r9_15seqs	1	112
r9_15seqs	1	105
r9_15seqs	1	105
r9_15seqs	1	121
r9_15seqs	1	120
r9_15seqs	1	127
r9_15seqs	10	153
r9_15seqs	1	117
r9_15seqs	1	123
r9_15seqs	1	93
r9_15seqs	3	125
r9_15seqs	1	118
r9_15seqs	1	157
r9_15seqs	1	131
r9_15seqs	1	92
r9_15seqs	1	97
r9_15seqs	1	120
r9_15seqs	1	101
r9_15seqs	1	121
r9_15seqs	1	146
r9_15seqs	1	142
r9_15seqs	2	94
r9_15seqs	3	113
r9_15seqs	1	113
r9_15seqs	1	117
r9_15seqs	1	98
r9_15seqs	1	112
r9_15seqs	6	113
r9_15seqs	1	88
r9_15seqs	10	121
r9_15seqs	3	114
r9_15seqs	1	123
r9_15seqs	2	113
r9_15seqs	1	112
r9_15seqs	1	113
r9_15seqs	1	117
r9_15seqs	1	93
r9_15seqs	1	94
r9_15seqs	1	97
r9_15seqs	2	96
r9_15seqs	6	113
r9_15seqs	1	113
r9_15seqs	1	110
r9_15seqs	1	113
r9_15seqs	1	113
r9_15seqs	1	113
r9_15seqs	1	113
r9_15seqs	1	117
r9_15seqs	1	113
r9_15seqs	1	140
r9_15seqs	1	152
r9_15seqs	1	110
r9_15seqs	1	124
r9_15seqs	3	113
r9_15seqs	1	135
r9_15seqs	1	135
r9_15seqs	14	113
r9_15seqs	8	113
r9_15seqs	1	101
r9_15seqs	1	109
r9_15seqs	1	94
r9_15seqs	2	119
r9_15seqs	2	121
r9_15seqs	2	110
r9_15seqs	1	91
r9_15seqs	8	113
r9_15seqs	5	116
r9_15seqs	1	98
r9_15seqs	1	98
r9_15seqs	1	116
r9_15seqs	1	112
r9_15seqs	1	113
r9_15seqs	1	98
r9_15seqs	2	121
r9_15seqs	1	113
r9_15seqs	1	98
r9_15seqs	8	94
r9_15seqs	1	110
r9_15seqs	1	113
r9_15seqs	1	110
r9_15seqs	1	113
r9_15seqs	1	109
r9_15seqs	1	149
r9_15seqs	1	116
r9_15seqs	1	124
r9_15seqs	1	112
r9_15seqs	1	94
r9_15seqs	2	113
r9_15seqs	1	121
r9_15seqs	5	110
r9_15seqs	1	151
r9_15seqs	1	94
r9_15seqs	1	101
r9_15seqs	1	101
r9_15seqs	1	113
r9_15seqs	1	113
r9_15seqs	1	110
r9_15seqs	1	110
r9_15seqs	1	107
r9_15seqs	1	116
r9_15seqs	6	124
r9_15seqs	1	119
r9_15seqs	1	180
r9_15seqs	1	110
r9_15seqs	1	108
r9_15seqs	1	108
r9_15seqs	5	110
r9_15seqs	1	127
r9_15seqs	1	114
r9_15seqs	1	113
r9_15seqs	11	118
r9_15seqs	1	113
r9_15seqs	1	110
r9_15seqs	1	117
r9_15seqs	1	113
r9_15seqs	1	151
r9_15seqs	1	98
r9_15seqs	11	116
r9_15seqs	3	109
r9_15seqs	1	117
r9_15seqs	2	113
r9_15seqs	1	103
r9_15seqs	1	115
r9_15seqs	1	124
r9_15seqs	1	112
r9_15seqs	1	112
r9_15seqs	1	118
r9_15seqs	4	116
r9_15seqs	6	113
r9_15seqs	1	113
r9_15seqs	1	113
r9_15seqs	9	116
r9_15seqs	1	113
r9_15seqs	1	113
r9_15seqs	1	113
r9_15seqs	1	113
r9_15seqs	2	87
r9_15seqs	1	112
r9_15seqs	1	124
r9_15seqs	5	112
r9_15seqs	1	110
r9_15seqs	1	113
r9_15seqs	1	155
r9_15seqs	6	118
r9_15seqs	1	93
r9_15seqs	3	113
r9_15seqs	1	113
r9_15seqs	1	117
r9_15seqs	1	98
r9_15seqs	1	98
r9_15seqs	1	116
r9_15seqs	2	94
r9_15seqs	1	111
r9_15seqs	1	117
r9_15seqs	1	180
r9_15seqs	13	114
r9_15seqs	1	113
r9_15seqs	1	109
r9_15seqs	1	113
r9_15seqs	1	118
r9_15seqs	1	113
r9_15seqs	1	115
r9_15seqs	1	118
r9_15seqs	1	124
r9_15seqs	1	113
r9_15seqs	2	92
r9_15seqs	1	168
r9_15seqs	1	89
r9_15seqs	1	98
r9_15seqs	1	113
r9_15seqs	1	98
r9_15seqs	1	113
r9_15seqs	1	98
r9_15seqs	1	113
r9_15seqs	1	116
r9_15seqs	1	98
r9_15seqs	1	109
r9_15seqs	3	118
r9_15seqs	1	98
r9_15seqs	1	118
r9_15seqs	1	98
r9_15seqs	1	113
r9_15seqs	1	98
r9_15seqs	1	90
r9_15seqs	2	110
r9_15seqs	1	164
r9_15seqs	1	181
r9_15seqs	1	118
r9_15seqs	1	110
r9_15seqs	1	96
r9_15seqs	1	110
r9_15seqs	1	136
r9_15seqs	1	110
r9_15seqs	1	151
r9_15seqs	1	155
r9_15seqs	1	181
r9_15seqs	1	85
r9_15seqs	18	131
r9_15seqs	9	123
r9_15seqs	1	94
r9_15seqs	2	110
r9_15seqs	1	119
r9_15seqs	1	94
r9_15seqs	1	103
r9_15seqs	1	121
r9_15seqs	1	94
r9_15seqs	1	94
r9_15seqs	1	94
r9_15seqs	1	92
r9_15seqs	1	92
r9_15seqs	1	98
r9_15seqs	2	123
r9_15seqs	1	101
r9_15seqs	1	110
r9_15seqs	1	124
r9_15seqs	1	106
r9_15seqs	1	106
r9_15seqs	1	113
r9_15seqs	6	88
r9_15seqs	1	106
r9_15seqs	1	110
r9_15seqs	1	116
r9_15seqs	1	117
r9_15seqs	1	174
r9_15seqs	1	134
r9_15seqs	1	103
r9_15seqs	9	98
r9_15seqs	1	111
r9_15seqs	1	110
r9_15seqs	1	113
r9_15seqs	1	109
r9_15seqs	2	115
r9_15seqs	1	123
r9_15seqs	1	113
r9_15seqs	1	113
r9_15seqs	1	113
r9_15seqs	1	117
r9_15seqs	1	116
r9_15seqs	1	130
r9_15seqs	5	94
r9_15seqs	9	114
r9_15seqs	2	89
r9_15seqs	1	120
r9_15seqs	1	116
r9_15seqs	2	98
r9_15seqs	1	124
r9_15seqs	1	93
r9_15seqs	1	119
r9_15seqs	1	112
r9_15seqs	2	98
r9_15seqs	1	94
r9_15seqs	2	116
r9_15seqs	1	120
r9_15seqs	1	95
r9_15seqs	1	110
r9_15seqs	1	113
r9_15seqs	1	109
r9_15seqs	1	122
r9_15seqs	1	113
r9_15seqs	1	113
r9_15seqs	1	113
r9_15seqs	1	113
r9_15seqs	1	137
r9_15seqs	1	104
r9_15seqs	1	113
r9_15seqs	1	113
r9_15seqs	1	104
r9_15seqs	1	113
r9_15seqs	1	113
r9_15seqs	1	113
r9_15seqs	1	113
r9_15seqs	1	97
r9_15seqs	10	113
r9_15seqs	19	117
r9_15seqs	12	136
r9_15seqs	2	147
r9_15seqs	1	169
r9_15seqs	1	109
r9_15seqs	1	167
r9_15seqs	15	107
r9_15seqs	3	95
r9_15seqs	4	124
r9_15seqs	1	113
r9_15seqs	1	98
r9_15seqs	1	116
r9_15seqs	1	113
r9_15seqs	1	113
r9_15seqs	1	113
r9_15seqs	1	113
r9_15seqs	1	108
r9_15seqs	1	176
r9_15seqs	1	91
r9_15seqs	8	117
r9_15seqs	6	119
r9_15seqs	1	109
r9_15seqs	1	113
r9_15seqs	1	113
r9_15seqs	1	121
r9_15seqs	1	120
r9_15seqs	1	124
r9_15seqs	1	119
r9_15seqs	1	116
r9_15seqs	1	98
r9_15seqs	1	134
r9_15seqs	1	94
r9_15seqs	1	113
r9_15seqs	1	116
r9_15seqs	1	113
r9_15seqs	1	116
r9_15seqs	1	98
r9_15seqs	1	98
r9_15seqs	1	98
r9_15seqs	2	111
r9_15seqs	1	113
r9_15seqs	1	113
r9_15seqs	1	113
r9_15seqs	1	98
r9_15seqs	1	116
r9_15seqs	1	113
r9_15seqs	1	113
r9_15seqs	1	116
r9_15seqs	7	113
r9_15seqs	2	117
r9_15seqs	1	113
r9_15seqs	1	98
r9_15seqs	1	113
r9_15seqs	1	98
r9_15seqs	1	166
r9_15seqs	6	113
r9_15seqs	1	145
r9_15seqs	1	83
r9_15seqs	1	110
r9_15seqs	1	93
r9_15seqs	3	98
r9_15seqs	1	113
r9_15seqs	1	110
r9_15seqs	1	119
r9_15seqs	1	121
r9_15seqs	2	127
r9_15seqs	1	93
r9_15seqs	1	128
r9_15seqs	1	117
r9_15seqs	1	116
r9_15seqs	1	113
r9_15seqs	1	119
r9_15seqs	3	116
r9_15seqs	1	113
r9_15seqs	1	116
r9_15seqs	1	126
r9_15seqs	3	98
r9_15seqs	3	126
r9_15seqs	1	138
r9_15seqs	1	96
r9_15seqs	2	142
r9_15seqs	1	114
r9_15seqs	1	117
r9_15seqs	5	116
r9_15seqs	1	94
r9_15seqs	2	113
r9_15seqs	1	94
r9_15seqs	1	94
r9_15seqs	1	94
r9_15seqs	1	94
r9_15seqs	1	94
r9_15seqs	1	94
r9_15seqs	1	118
r9_15seqs	1	117
r9_15seqs	1	109
r9_15seqs	1	121
r9_15seqs	5	98
r9_15seqs	1	94
r9_15seqs	1	94
r9_15seqs	1	92
r9_15seqs	1	98
r9_15seqs	1	98
r9_15seqs	1	113
r9_15seqs	1	113
r9_15seqs	1	93
r9_15seqs	1	113
r9_15seqs	1	110
r9_15seqs	1	110
r9_15seqs	1	110
r9_15seqs	1	110
r9_15seqs	1	110
r9_15seqs	1	94
r9_15seqs	1	132
r9_15seqs	1	113
r9_15seqs	1	110
r9_15seqs	1	110
r9_15seqs	1	113
r9_15seqs	1	113
r9_15seqs	1	125
r9_15seqs	2	166
r9_15seqs	1	181
r9_15seqs	1	116
r9_15seqs	6	127
r9_15seqs	1	114
r9_15seqs	1	113
r9_15seqs	1	123
r9_15seqs	1	113
r9_15seqs	1	108
r9_15seqs	1	113
r9_15seqs	1	113
r9_15seqs	1	113
r9_15seqs	1	113
r9_15seqs	6	115
r9_15seqs	1	90
r9_15seqs	1	113
r9_15seqs	9	98
r9_15seqs	2	154
r9_15seqs	1	165
r9_15seqs	2	116
r9_15seqs	1	97
r9_15seqs	1	98
r9_15seqs	1	97
r9_15seqs	2	116
r9_15seqs	2	116
r9_15seqs	2	98
r9_15seqs	1	112
r9_15seqs	2	98
r9_15seqs	1	124
r9_15seqs	1	112
r9_15seqs	1	112
r9_15seqs	1	94
r9_15seqs	1	110
r9_15seqs	2	98
r9_15seqs	1	179
r9_15seqs	2	98
r9_15seqs	6	113
r9_15seqs	8	123
r9_15seqs	1	110
r9_15seqs	1	112
r9_15seqs	1	116
r9_15seqs	1	110
r9_15seqs	1	109
r9_15seqs	1	113
r9_15seqs	1	104
r9_15seqs	1	113
r9_15seqs	1	113
r9_15seqs	1	113
r9_15seqs	1	113
r9_15seqs	1	109
r9_15seqs	1	113
r9_15seqs	1	113
r9_15seqs	1	113
r9_15seqs	1	113
r9_15seqs	1	130
r9_15seqs	84	153
r9_15seqs	14	151
r9_15seqs	1	146
r9_15seqs	1	146
r9_15seqs	1	176
r9_15seqs	1	132
r9_15seqs	1	94
r9_15seqs	9	122
r9_15seqs	1	113
r9_15seqs	1	117
r9_15seqs	1	114
r9_15seqs	1	93
r9_15seqs	1	117
r9_15seqs	1	93
r9_15seqs	1	112
r9_15seqs	1	94
r9_15seqs	1	121
r9_15seqs	1	114
r9_15seqs	1	147
r9_15seqs	1	93
r9_15seqs	7	157
r9_15seqs	1	108
r9_15seqs	1	91
r9_15seqs	14	113
r9_15seqs	8	95
r9_15seqs	2	116
r9_15seqs	1	124
r9_15seqs	1	113
r9_15seqs	1	113
r9_15seqs	1	113
r9_15seqs	1	113
r9_15seqs	1	113
r9_15seqs	7	151
r9_15seqs	1	114
r9_15seqs	2	159
r9_15seqs	1	94
r9_15seqs	1	94
r9_15seqs	6	144
r9_15seqs	1	149
r9_15seqs	1	179
r9_15seqs	12	113
r9_15seqs	1	113
r9_15seqs	1	98
r9_15seqs	1	119
r9_15seqs	1	113
r9_15seqs	1	98
r9_15seqs	1	98
r9_15seqs	1	98
r9_15seqs	10	98
r9_15seqs	1	113
r9_15seqs	2	117
r9_15seqs	1	98
r9_15seqs	1	98
r9_15seqs	1	116
r9_15seqs	1	113
r9_15seqs	1	98
r9_15seqs	1	98
r9_15seqs	1	98
r9_15seqs	1	115
r9_15seqs	1	94
r9_15seqs	1	113
r9_15seqs	1	130
r9_15seqs	1	112
r9_15seqs	1	151
r9_15seqs	1	98
r9_15seqs	1	128
r9_15seqs	1	113
r9_15seqs	1	98
r9_15seqs	1	115
r9_15seqs	1	180
r9_15seqs	1	98
r9_15seqs	1	98
r9_15seqs	1	110
r9_15seqs	1	93
r9_15seqs	7	108
r9_15seqs	2	121
r9_15seqs	1	116
r9_15seqs	1	113
r9_15seqs	1	116
r9_15seqs	1	137
r9_15seqs	1	98
r9_15seqs	1	123
r9_15seqs	6	132
r9_15seqs	10	94
r9_15seqs	1	113
r9_15seqs	1	113
r9_15seqs	6	113
r9_15seqs	1	112
r9_15seqs	1	115
r9_15seqs	1	90
r9_15seqs	1	94
r9_15seqs	1	94
r9_15seqs	1	133
r9_15seqs	1	114
r9_15seqs	1	90
r9_15seqs	1	124
r9_15seqs	1	146
r9_15seqs	1	177
r9_15seqs	2	113
r9_15seqs	1	116
r9_15seqs	1	113
r9_15seqs	1	98
r9_15seqs	1	116
r9_15seqs	1	116
r9_15seqs	1	113
r9_15seqs	6	112
r9_15seqs	1	110
r9_15seqs	1	128
r9_15seqs	1	128
r9_15seqs	1	110
r9_15seqs	2	93
r9_15seqs	1	108
r9_15seqs	1	113
r9_15seqs	1	116
r9_15seqs	2	109
r9_15seqs	1	110
r9_15seqs	1	98
r9_15seqs	1	108
r9_15seqs	1	110
r9_15seqs	2	127
r9_15seqs	1	120
r9_15seqs	1	120
r9_15seqs	1	108
r9_15seqs	2	130
r9_15seqs	1	129
r9_15seqs	7	121
r9_15seqs	1	113
r9_15seqs	1	94
r9_15seqs	1	94
r9_15seqs	1	112
r9_15seqs	1	110
r9_15seqs	1	110
r9_15seqs	1	112
r9_15seqs	1	110
r9_15seqs	1	112
r9_15seqs	1	113
r9_15seqs	1	113
r9_15seqs	1	114
r9_15seqs	1	110
r9_15seqs	1	120
r9_15seqs	1	94
r9_15seqs	1	98
r9_15seqs	1	86
r9_15seqs	6	113
r9_15seqs	1	98
r9_15seqs	1	113
r9_15seqs	1	110
r9_15seqs	1	113
r9_15seqs	2	110
r9_15seqs	1	119
r9_15seqs	1	113
r9_15seqs	1	113
r9_15seqs	1	104
r9_15seqs	1	113
r9_15seqs	1	104
r9_15seqs	1	113
r9_15seqs	1	113
r9_15seqs	1	113
r9_15seqs	1	110
r9_15seqs	1	109
r9_15seqs	1	113
r9_15seqs	1	113
r9_15seqs	1	113
r9_15seqs	1	113
r9_15seqs	1	134
r9_15seqs	2	109
r9_15seqs	1	110
r9_15seqs	3	149
r9_15seqs	1	113
r9_15seqs	2	118
r9_15seqs	9	145
r9_15seqs	1	181
r9_15seqs	1	110
r9_15seqs	9	110
r9_15seqs	6	98
r9_15seqs	1	113
r9_15seqs	5	130
r9_15seqs	2	114
r9_15seqs	2	112
r9_15seqs	1	117
r9_15seqs	1	116
r9_15seqs	1	115
r9_15seqs	1	93
r9_15seqs	1	113
r9_15seqs	4	123
r9_15seqs	1	113
r9_15seqs	1	113
r9_15seqs	1	172
r9_15seqs	12	112
r9_15seqs	11	113
r9_15seqs	1	118
r9_15seqs	1	121
r9_15seqs	1	124
r9_15seqs	1	113
r9_15seqs	1	113
r9_15seqs	1	115
r9_15seqs	1	104
r9_15seqs	1	113
r9_15seqs	1	113
r9_15seqs	1	113
r9_15seqs	1	116
r9_15seqs	16	113
r9_15seqs	1	113
r9_15seqs	1	113
r9_15seqs	2	113
r9_15seqs	1	98
r9_15seqs	1	98
r9_15seqs	1	98
r9_15seqs	1	98
r9_15seqs	1	98
r9_15seqs	1	98
r9_15seqs	1	113
r9_15seqs	2	116
r9_15seqs	1	113
r9_15seqs	1	94
r9_15seqs	1	113
r9_15seqs	1	113
r9_15seqs	1	110
r9_15seqs	1	98
r9_15seqs	1	122
r9_15seqs	1	98
r9_15seqs	5	145
r9_15seqs	1	117
r9_15seqs	1	179
r9_15seqs	1	113
r9_15seqs	1	143
r9_15seqs	1	113
r9_15seqs	18	113
r9_15seqs	1	116
r9_15seqs	2	110
r9_15seqs	1	116
r9_15seqs	1	113
r9_15seqs	2	94
r9_15seqs	1	113
r9_15seqs	2	94
r9_15seqs	1	121
r9_15seqs	1	109
r9_15seqs	1	127
r9_15seqs	1	129
r9_15seqs	1	181
r9_15seqs	5	113
r9_15seqs	1	94
r9_15seqs	1	123
r9_15seqs	1	109
r9_15seqs	1	94
r9_15seqs	1	139
r9_15seqs	1	117
r9_15seqs	1	110
r9_15seqs	1	110
r9_15seqs	1	113
r9_15seqs	1	94
r9_15seqs	1	98
r9_15seqs	1	94
r9_15seqs	1	94
r9_15seqs	1	110
r9_15seqs	19	113
r9_15seqs	16	98
r9_15seqs	1	113
r9_15seqs	1	98
r9_15seqs	1	92
r9_15seqs	1	113
r9_15seqs	1	116
r9_15seqs	1	116
r9_15seqs	1	98
r9_15seqs	1	94
r9_15seqs	1	101
r9_15seqs	1	101
r9_15seqs	1	110
r9_15seqs	2	98
r9_15seqs	1	110
r9_15seqs	1	116
r9_15seqs	1	110
r9_15seqs	5	126
r9_15seqs	1	98
r9_15seqs	1	116
r9_15seqs	1	125
r9_15seqs	1	92
r9_15seqs	1	180
r9_15seqs	11	123
r9_15seqs	1	113
r9_15seqs	1	113
r9_15seqs	1	92
r9_15seqs	1	113
r9_15seqs	1	94
r9_15seqs	1	113
r9_15seqs	2	113
r9_15seqs	1	112
r9_15seqs	2	98
r9_15seqs	1	112
r9_15seqs	2	113
r9_15seqs	2	113
r9_15seqs	1	166
r9_15seqs	1	94
r9_15seqs	1	118
r9_15seqs	1	117
r9_15seqs	1	116
r9_15seqs	6	109
r9_15seqs	1	116
r9_15seqs	1	110
r9_15seqs	10	113
r9_15seqs	1	113
r9_15seqs	1	113
r9_15seqs	1	113
r9_15seqs	1	119
r9_15seqs	1	113
r9_15seqs	1	113
r9_15seqs	1	134
r9_15seqs	1	131
r9_15seqs	1	137
r9_15seqs	2	112
r9_15seqs	1	110
r9_15seqs	1	98
r9_15seqs	1	112
r9_15seqs	1	111
r9_15seqs	1	94
r9_15seqs	1	96
r9_15seqs	1	115
r9_15seqs	1	112
r9_15seqs	1	113
r9_15seqs	19	114
r9_15seqs	9	114
r9_15seqs	5	113
r9_15seqs	2	116
r9_15seqs	1	113
r9_15seqs	8	98
r9_15seqs	1	139
r9_15seqs	1	113
r9_15seqs	1	113
r9_15seqs	5	113
r9_15seqs	1	113
r9_15seqs	1	113
r9_15seqs	1	110
r9_15seqs	1	89
r9_15seqs	2	113
r9_15seqs	1	98
r9_15seqs	1	98
r9_15seqs	1	110
r9_15seqs	1	113
r9_15seqs	1	113
r9_15seqs	1	113
r9_15seqs	1	113
r9_15seqs	5	98
r9_15seqs	2	119
r9_15seqs	3	113
r9_15seqs	1	116
r9_15seqs	1	117
r9_15seqs	1	108
r9_15seqs	1	98
r9_15seqs	2	106
r9_15seqs	1	113
r9_15seqs	1	147
r9_15seqs	1	98
r9_15seqs	1	110
r9_15seqs	1	109
r9_15seqs	1	110
r9_15seqs	1	94
r9_15seqs	1	112
r9_15seqs	1	103
r9_15seqs	1	113
r9_15seqs	1	118
r9_15seqs	1	135
r9_15seqs	5	113
r9_15seqs	1	113
r9_15seqs	1	98
r9_15seqs	1	110
r9_15seqs	1	101
r9_15seqs	1	112
r9_15seqs	1	113
r9_15seqs	1	109
r9_15seqs	1	113
r9_15seqs	1	127
r9_15seqs	1	110
r9_15seqs	1	110
r9_15seqs	1	128
r9_15seqs	2	156
r9_15seqs	1	121
r9_15seqs	1	110
r9_15seqs	6	113
r9_15seqs	1	110
r9_15seqs	1	112
r9_15seqs	1	149
r9_15seqs	20	98
r9_15seqs	2	119
r9_15seqs	2	113
r9_15seqs	1	94
r9_15seqs	1	119
r9_15seqs	2	98
r9_15seqs	1	124
r9_15seqs	1	123
r9_15seqs	1	94
r9_15seqs	1	94
r9_15seqs	2	87
r9_15seqs	1	110
r9_15seqs	1	117
r9_15seqs	1	113
r9_15seqs	1	113
r9_15seqs	1	113
r9_15seqs	1	113
r9_15seqs	1	98
r9_15seqs	1	98
r9_15seqs	1	144
r9_15seqs	6	116
r9_15seqs	1	113
r9_15seqs	2	112
r9_15seqs	1	112
r9_15seqs	1	120
r9_15seqs	1	112
r9_15seqs	1	98
r9_15seqs	1	116
r9_15seqs	1	113
r9_15seqs	1	98
r9_15seqs	1	113
r9_15seqs	1	98
r9_15seqs	1	110
r9_15seqs	1	104
r9_15seqs	1	98
r9_15seqs	1	98
r9_15seqs	1	113
r9_15seqs	1	93
r9_15seqs	1	111
r9_15seqs	1	98
r9_15seqs	1	108
r9_15seqs	5	93
r9_15seqs	1	113
r9_15seqs	1	113
r9_15seqs	1	112
r9_15seqs	1	94
r9_15seqs	1	98
r9_15seqs	1	116
r9_15seqs	1	127
r9_15seqs	1	109
r9_15seqs	1	157
r9_15seqs	2	126
r9_15seqs	2	113
r9_15seqs	1	98
r9_15seqs	1	98
r9_15seqs	6	113
r9_15seqs	6	110
r9_15seqs	1	113
r9_15seqs	1	112
r9_15seqs	1	117
r9_15seqs	1	110
r9_15seqs	1	119
r9_15seqs	1	113
r9_15seqs	1	113
r9_15seqs	1	93
r9_15seqs	8	109
r9_15seqs	1	113
r9_15seqs	2	112
r9_15seqs	1	113
r9_15seqs	1	93
r9_15seqs	3	113
r9_15seqs	1	98
r9_15seqs	1	113
r9_15seqs	1	98
r9_15seqs	1	113
r9_15seqs	1	110
r9_15seqs	1	98
r9_15seqs	1	129
r9_15seqs	2	139
r9_15seqs	1	112
r9_15seqs	1	94
r9_15seqs	1	98
r9_15seqs	1	114
r9_15seqs	1	110
r9_15seqs	2	126
r9_15seqs	1	117
r9_15seqs	1	117
r9_15seqs	1	113
r9_15seqs	1	110
r9_15seqs	1	98
r9_15seqs	1	98
r9_15seqs	1	117
r9_15seqs	1	115
r9_15seqs	1	98
r9_15seqs	1	94
r9_15seqs	1	98
r9_15seqs	1	98
r9_15seqs	25	98
r9_15seqs	1	109
r9_15seqs	1	166
r9_15seqs	87	181
r9_15seqs	1	121
r9_15seqs	1	116
r9_15seqs	1	94
r9_15seqs	1	113
r9_15seqs	1	101
r9_15seqs	1	115
r9_15seqs	1	113
r9_15seqs	2	119
r9_15seqs	1	109
r9_15seqs	89	181
r9_15seqs	1	113
r9_15seqs	1	128
r9_15seqs	1	85
r9_15seqs	1	113
r9_15seqs	1	83
r9_15seqs	10	179
r9_15seqs	1	113
r9_15seqs	1	101
r9_15seqs	1	110
r9_15seqs	1	112
r9_15seqs	9	94
r9_15seqs	1	113
r9_15seqs	2	115
r9_15seqs	1	93
r9_15seqs	1	141
r9_15seqs	18	117
r9_15seqs	1	110
r9_15seqs	1	100
r9_15seqs	1	94
r9_15seqs	1	117
r9_15seqs	1	112
r9_15seqs	1	103
r9_15seqs	3	126
r9_15seqs	1	101
r9_15seqs	1	123
r9_15seqs	4	98
r9_15seqs	1	93
r9_15seqs	2	112
r9_15seqs	1	137
r9_15seqs	1	119
r9_15seqs	1	98
r9_15seqs	1	112
r9_15seqs	1	109
r9_15seqs	1	114
r9_15seqs	1	115
r9_15seqs	6	116
r9_15seqs	1	112
r9_15seqs	1	113
r9_15seqs	1	113
r9_15seqs	1	135
r9_15seqs	5	101
r9_15seqs	1	89
r9_15seqs	1	110
r9_15seqs	1	116
r9_15seqs	1	110
r9_15seqs	1	112
r9_15seqs	1	115
r9_15seqs	1	113
r9_15seqs	1	83
r9_15seqs	1	99
r9_15seqs	1	135
r9_15seqs	9	156
r9_15seqs	1	110
r9_15seqs	1	181
r9_15seqs	1	113
r9_15seqs	1	95
r9_15seqs	1	104
r9_15seqs	1	110
r9_15seqs	1	145
r9_15seqs	1	117
r9_15seqs	1	123
r9_15seqs	1	113
r9_15seqs	1	113
r9_15seqs	1	129
r9_15seqs	1	117
r9_15seqs	1	113
r9_15seqs	5	124
r9_15seqs	1	123
r9_15seqs	1	94
r9_15seqs	1	119
r9_15seqs	1	94
r9_15seqs	16	116
r9_15seqs	1	180
r9_15seqs	1	114
r9_15seqs	1	117
r9_15seqs	1	113
r9_15seqs	6	92
r9_15seqs	1	114
r9_15seqs	1	121
r9_15seqs	1	97
r9_15seqs	1	121
r9_15seqs	1	116
r9_15seqs	1	94
r9_15seqs	1	113
r9_15seqs	1	109
r9_15seqs	1	113
r9_15seqs	1	167
r9_15seqs	1	124
r9_15seqs	1	101
r9_15seqs	1	117
r9_15seqs	9	113
r9_15seqs	2	93
r9_15seqs	1	119
r9_15seqs	5	175
r9_15seqs	1	132
r9_15seqs	2	133
r9_15seqs	1	113
r9_15seqs	1	77
r9_15seqs	5	134
r9_15seqs	1	124
r9_15seqs	1	112
r9_15seqs	1	105
r9_15seqs	1	165
r9_15seqs	1	113
r9_15seqs	1	95
r9_15seqs	1	82
r9_15seqs	1	113
r9_15seqs	1	113
r9_15seqs	1	110
r9_15seqs	1	95
r9_15seqs	1	119
r9_15seqs	1	100
r9_15seqs	1	91
r9_15seqs	1	98
r9_15seqs	1	110
r9_15seqs	1	113
r9_15seqs	1	93
r9_15seqs	1	132
r9_15seqs	1	91
r9_15seqs	1	113
r9_15seqs	1	124
r9_15seqs	1	101
r9_15seqs	1	123
r9_15seqs	1	113
r9_15seqs	1	100
r9_15seqs	1	91
r9_15seqs	15	115
r9_15seqs	1	116
r9_15seqs	1	98
r9_15seqs	5	93
r9_15seqs	1	95
r9_15seqs	1	89
r9_15seqs	1	116
r9_15seqs	1	94
r9_15seqs	9	117
r9_15seqs	1	83
r9_15seqs	7	131
r9_15seqs	2	113
r9_15seqs	1	94
r9_15seqs	1	94
r9_15seqs	1	94
r9_15seqs	1	94
r9_15seqs	2	113
r9_15seqs	2	113
r9_15seqs	1	81
r9_15seqs	6	180
r9_15seqs	1	98
r9_15seqs	1	81
r9_15seqs	1	98
r9_15seqs	2	108
r9_15seqs	9	115
r9_15seqs	2	93
r9_15seqs	1	113
r9_15seqs	2	158
r9_15seqs	1	117
r9_15seqs	1	98
r9_15seqs	1	113
r9_15seqs	1	109
r9_15seqs	1	117
r9_15seqs	1	112
r9_15seqs	1	113
r9_15seqs	1	116
r9_15seqs	2	113
r9_15seqs	1	113
r9_15seqs	1	94
r9_15seqs	2	124
r9_15seqs	2	89
r9_15seqs	7	113
r9_15seqs	1	113
r9_15seqs	13	142
r9_15seqs	1	121
r9_15seqs	4	107
r9_15seqs	1	110
r9_15seqs	1	109
r9_15seqs	1	113
r9_15seqs	2	124
r9_15seqs	1	94
r9_15seqs	1	94
r9_15seqs	1	117
r9_15seqs	5	110
r9_15seqs	1	116
r9_15seqs	1	113
r9_15seqs	9	110
r9_15seqs	4	87
r9_15seqs	1	90
r9_15seqs	1	150
r9_15seqs	1	115
r9_15seqs	1	124
r9_15seqs	1	93
r9_15seqs	3	114
r9_15seqs	9	123
r9_15seqs	1	112
r9_15seqs	1	116
r9_15seqs	1	118
r9_15seqs	9	116
r9_15seqs	5	80
r9_15seqs	1	113
r9_15seqs	1	121
r9_15seqs	1	110
r9_15seqs	1	113
r9_15seqs	1	110
r9_15seqs	1	116
r9_15seqs	1	98
r9_15seqs	1	98
r9_15seqs	1	113
r9_15seqs	1	98
r9_15seqs	1	98
r9_15seqs	1	113
r9_15seqs	1	116
r9_15seqs	2	178
r9_15seqs	1	113
r9_15seqs	1	112
r9_15seqs	1	137
r9_15seqs	1	83
r9_15seqs	1	123
r9_15seqs	1	103
r9_15seqs	1	83
r9_15seqs	3	124
r9_15seqs	1	113
r9_15seqs	1	96
r9_15seqs	1	136
r9_15seqs	1	140
r9_15seqs	1	94
r9_15seqs	1	111
r9_15seqs	1	100
r9_15seqs	1	94
r9_15seqs	1	94
r9_15seqs	2	113
r9_15seqs	1	110
r9_15seqs	1	124
r9_15seqs	10	94
r9_15seqs	1	109
r9_15seqs	1	94
r9_15seqs	11	112
r9_15seqs	1	116
r9_15seqs	7	98
r9_15seqs	10	147
r9_15seqs	1	92
r9_15seqs	1	113
r9_15seqs	1	110
r9_15seqs	1	92
r9_15seqs	1	110
r9_15seqs	1	112
r9_15seqs	5	117
r9_15seqs	1	98
r9_15seqs	1	98
r9_15seqs	1	116
r9_15seqs	9	113
r9_15seqs	9	113
r9_15seqs	1	92
r9_15seqs	1	113
r9_15seqs	2	119
r9_15seqs	1	117
r9_15seqs	1	117
r9_15seqs	9	117
r9_15seqs	1	113
r9_15seqs	2	109
r9_15seqs	1	114
r9_15seqs	7	110
r9_15seqs	1	110
r9_15seqs	1	110
r9_15seqs	1	112
r9_15seqs	95	179
r9_15seqs	9	123
r9_15seqs	2	78
r9_15seqs	1	113
r9_15seqs	1	112
r9_15seqs	1	121
r9_15seqs	1	117
r9_15seqs	2	98
r9_15seqs	1	98
r9_15seqs	1	112
r9_15seqs	1	113
r9_15seqs	1	75
r9_15seqs	1	88
r9_15seqs	3	90
r9_15seqs	1	87
r9_15seqs	1	113
r9_15seqs	5	110
r9_15seqs	3	94
r9_15seqs	1	114
r9_15seqs	1	133
r9_15seqs	1	113
r9_15seqs	1	119
r9_15seqs	1	113
r9_15seqs	1	104
r9_15seqs	7	113
r9_15seqs	2	117
r9_15seqs	1	134
r9_15seqs	1	98
r9_15seqs	1	93
r9_15seqs	1	94
r9_15seqs	1	93
r9_15seqs	1	113
r9_15seqs	1	93
r9_15seqs	1	93
r9_15seqs	10	113
r9_15seqs	1	93
r9_15seqs	1	93
r9_15seqs	1	116
r9_15seqs	1	113
r9_15seqs	1	113
r9_15seqs	1	118
r9_15seqs	1	109
r9_15seqs	1	124
r9_15seqs	1	121
r9_15seqs	2	119
r9_15seqs	2	110
r9_15seqs	1	97
r9_15seqs	2	112
r9_15seqs	1	78
r9_15seqs	17	113
r9_15seqs	16	113
r9_15seqs	1	144
r9_15seqs	1	134
r9_15seqs	1	126
r9_15seqs	1	112
r9_15seqs	1	94
r9_15seqs	1	107
r9_15seqs	22	136
r9_15seqs	1	94
r9_15seqs	1	98
r9_15seqs	1	113
r9_15seqs	1	113
r9_15seqs	1	113
r9_15seqs	1	98
r9_15seqs	1	113
r9_15seqs	1	113
r9_15seqs	1	98
r9_15seqs	1	109
r9_15seqs	1	113
r9_15seqs	1	113
r9_15seqs	7	113
r9_15seqs	12	118
r9_15seqs	1	115
r9_15seqs	1	154
r9_15seqs	1	83
r9_15seqs	1	116
r9_15seqs	9	110
r9_15seqs	1	95
r9_15seqs	1	110
r9_15seqs	1	119
r9_15seqs	9	113
r9_15seqs	3	113
r9_15seqs	1	113
r9_15seqs	1	93
r9_15seqs	1	98
r9_15seqs	1	83
r9_15seqs	7	95
r9_15seqs	1	83
r9_15seqs	1	83
r9_15seqs	1	83
r9_15seqs	1	83
r9_15seqs	1	83
r9_15seqs	2	126
r9_15seqs	1	94
r9_15seqs	1	114
r9_15seqs	1	117
r9_15seqs	1	94
r9_15seqs	1	112
r9_15seqs	9	113
r9_15seqs	1	128
r9_15seqs	1	85
r9_15seqs	1	85
r9_15seqs	1	153
r9_15seqs	1	92
r9_15seqs	7	113
r9_15seqs	1	96
r9_15seqs	1	112
r9_15seqs	1	116
r9_15seqs	13	113
r9_15seqs	19	113
r9_15seqs	1	180
r9_15seqs	2	136
r9_15seqs	1	140
r9_15seqs	2	127
r9_15seqs	1	111
r9_15seqs	4	123
r9_15seqs	1	98
r9_15seqs	1	107
r9_15seqs	2	98
r9_15seqs	9	113
r9_15seqs	3	92
r9_15seqs	1	181
r9_15seqs	11	122
r9_15seqs	6	113
r9_15seqs	1	98
r9_15seqs	1	97
r9_15seqs	1	114
r9_15seqs	1	154
r9_15seqs	9	147
r9_15seqs	1	113
r9_15seqs	1	113
r9_15seqs	1	113
r9_15seqs	1	110
r9_15seqs	7	108
r9_15seqs	1	124
r9_15seqs	1	110
r9_15seqs	5	110
r9_15seqs	1	120
r9_15seqs	1	123
r9_15seqs	5	113
r9_15seqs	1	110
r9_15seqs	5	112
r9_15seqs	1	113
r9_15seqs	1	93
r9_15seqs	9	113
r9_15seqs	1	113
r9_15seqs	15	121
r9_15seqs	1	181
r9_15seqs	1	164
r9_15seqs	14	166
r9_15seqs	1	78
r9_15seqs	1	112
r9_15seqs	1	118
r9_15seqs	1	113
r9_15seqs	1	110
r9_15seqs	10	104
r9_15seqs	14	113
r9_15seqs	1	180
r9_15seqs	1	137
r9_15seqs	11	130
r9_15seqs	1	113
r9_15seqs	1	113
r9_15seqs	1	98
r9_15seqs	1	104
r9_15seqs	1	116
r9_15seqs	1	98
r9_15seqs	1	116
r9_15seqs	2	113
r9_15seqs	1	113
r9_15seqs	1	98
r9_15seqs	1	116
r9_15seqs	1	110
r9_15seqs	16	113
r9_15seqs	1	113
r9_15seqs	1	113
r9_15seqs	1	113
r9_15seqs	1	104
r9_15seqs	1	86
r9_15seqs	1	158
r9_15seqs	1	130
r9_15seqs	1	123
r9_15seqs	6	126
r9_15seqs	1	113
r9_15seqs	1	101
r9_15seqs	11	120
r9_15seqs	1	116
r9_15seqs	2	127
r9_15seqs	2	121
r9_15seqs	1	120
r9_15seqs	1	113
r9_15seqs	2	112
r9_15seqs	1	113
r9_15seqs	1	110
r9_15seqs	2	143
r9_15seqs	1	147
r9_15seqs	1	104
r9_15seqs	1	112
r9_15seqs	1	94
r9_15seqs	1	94
r9_15seqs	1	112
r9_15seqs	1	115
r9_15seqs	5	116
r9_15seqs	1	109
r9_15seqs	5	94
r9_15seqs	5	83
r9_15seqs	1	112
r9_15seqs	1	94
r9_15seqs	1	98
r9_15seqs	2	90
r9_15seqs	22	113
r9_15seqs	1	119
r9_15seqs	6	113
r9_15seqs	1	116
r9_15seqs	1	113
r9_15seqs	1	98
r9_15seqs	1	110
r9_15seqs	1	98
r9_15seqs	10	110
r9_15seqs	1	94
r9_15seqs	1	116
r9_15seqs	1	92
r9_15seqs	1	89
r9_15seqs	1	68
r9_15seqs	12	110
r9_15seqs	1	119
r9_15seqs	1	115
r9_15seqs	1	108
r9_15seqs	1	109
r9_15seqs	1	127
r9_15seqs	1	114
r9_15seqs	1	110
r9_15seqs	1	116
r9_15seqs	9	98
r9_15seqs	1	98
r9_15seqs	10	113
r9_15seqs	2	92
r9_15seqs	17	110
r9_15seqs	1	116
r9_15seqs	1	166
r9_15seqs	1	171
r9_15seqs	1	134
r9_15seqs	1	134
r9_15seqs	1	84
r9_15seqs	1	94
r9_15seqs	1	94
r9_15seqs	10	110
r9_15seqs	10	110
r9_15seqs	1	110
r9_15seqs	2	116
r9_15seqs	1	94
r9_15seqs	1	88
r9_15seqs	1	88
r9_15seqs	1	85
r9_15seqs	1	110
r9_15seqs	1	82
r9_15seqs	18	94
r9_15seqs	1	113
r9_15seqs	1	116
r9_15seqs	1	110
r9_15seqs	1	110
r9_15seqs	1	93
r9_15seqs	1	150
r9_15seqs	1	154
r9_15seqs	1	116
r9_15seqs	2	94
r9_15seqs	2	103
r9_15seqs	5	103
r9_15seqs	1	99
r9_15seqs	10	116
r9_15seqs	1	117
r9_15seqs	1	119
r9_15seqs	19	110
r9_15seqs	1	89
r9_15seqs	1	84
r9_15seqs	21	113
r9_15seqs	1	80
r9_15seqs	1	113
r9_15seqs	2	98
r9_15seqs	1	157
r9_15seqs	1	91
r9_15seqs	1	136
r9_15seqs	1	69
r9_15seqs	14	113
r9_15seqs	1	113
r9_15seqs	1	113
r9_15seqs	1	116
r9_15seqs	1	113
r9_15seqs	16	113
r9_15seqs	1	116
r9_15seqs	1	103
r9_15seqs	1	98
r9_15seqs	1	94
r9_15seqs	1	98
r9_15seqs	1	95
r9_15seqs	1	116
r9_15seqs	1	98
r9_15seqs	1	98
r9_15seqs	2	116
r9_15seqs	1	113
r9_15seqs	1	110
r9_15seqs	1	113
r9_15seqs	1	104
r9_15seqs	1	94
r9_15seqs	1	115
r9_15seqs	1	113
r9_15seqs	8	98
r9_15seqs	1	76
r9_15seqs	1	152
r9_15seqs	1	110
r9_15seqs	1	117
r9_15seqs	1	113
r9_15seqs	14	110
r9_15seqs	2	113
r9_15seqs	1	83
r9_15seqs	1	83
r9_15seqs	1	83
r9_15seqs	2	113
r9_15seqs	1	109
r9_15seqs	1	118
r9_15seqs	3	120
r9_15seqs	2	119
r9_15seqs	5	98
r9_15seqs	1	94
r9_15seqs	1	98
r9_15seqs	1	94
r9_15seqs	1	94
r9_15seqs	1	94
r9_15seqs	1	94
r9_15seqs	7	97
r9_15seqs	1	113
r9_15seqs	2	151
r9_15seqs	1	98
r9_15seqs	1	76
r9_15seqs	1	117
r9_15seqs	1	98
r9_15seqs	1	96
r9_15seqs	1	110
r9_15seqs	1	98
r9_15seqs	1	116
r9_15seqs	2	113
r9_15seqs	1	113
r9_15seqs	2	108
r9_15seqs	1	116
r9_15seqs	16	116
r9_15seqs	1	122
r9_15seqs	2	91
r9_15seqs	1	113
r9_15seqs	1	90
r9_15seqs	1	144
r9_15seqs	1	110
r9_15seqs	1	137
r9_15seqs	1	123
r9_15seqs	2	94
r9_15seqs	1	113
r9_15seqs	1	121
r9_15seqs	5	85
r9_15seqs	10	112
r9_15seqs	1	92
r9_15seqs	3	117
r9_15seqs	1	123
r9_15seqs	9	112
r9_15seqs	2	115
r9_15seqs	1	90
r9_15seqs	1	68
r9_15seqs	1	132
r9_15seqs	1	123
r9_15seqs	1	110
r9_15seqs	2	98
r9_15seqs	5	98
r9_15seqs	11	117
r9_15seqs	15	181
r9_15seqs	22	151
r9_15seqs	1	113
r9_15seqs	1	119
r9_15seqs	1	110
r9_15seqs	1	117
r9_15seqs	2	108
r9_15seqs	1	113
r9_15seqs	22	113
r9_15seqs	2	110
r9_15seqs	1	80
r9_15seqs	1	80
r9_15seqs	1	123
r9_15seqs	1	113
r9_15seqs	1	113
r9_15seqs	1	112
r9_15seqs	1	98
r9_15seqs	1	98
r9_15seqs	1	110
r9_15seqs	1	113
r9_15seqs	5	117
r9_15seqs	14	94
r9_15seqs	18	116
r9_15seqs	19	117
r9_15seqs	1	112
r9_15seqs	1	94
r9_15seqs	2	122
r9_15seqs	2	93
r9_15seqs	1	113
r9_15seqs	1	110
r9_15seqs	1	107
r9_15seqs	1	110
r9_15seqs	18	121
r9_15seqs	9	108
r9_15seqs	1	87
r9_15seqs	1	113
r9_15seqs	1	113
r9_15seqs	1	85
r9_15seqs	1	116
r9_15seqs	1	98
r9_15seqs	1	98
r9_15seqs	1	113
r9_15seqs	1	113
r9_15seqs	1	113
r9_15seqs	17	114
r9_15seqs	1	113
r9_15seqs	1	104
r9_15seqs	1	116
r9_15seqs	1	113
r9_15seqs	1	113
r9_15seqs	1	113
r9_15seqs	1	113
r9_15seqs	8	94
r9_15seqs	1	113
r9_15seqs	13	110
r9_15seqs	1	108
r9_15seqs	9	116
r9_15seqs	1	119
r9_15seqs	1	83
r9_15seqs	1	120
r9_15seqs	1	112
r9_15seqs	1	98
r9_15seqs	1	113
r9_15seqs	1	112
r9_15seqs	1	98
r9_15seqs	1	113
r9_15seqs	9	95
r9_15seqs	1	113
r9_15seqs	1	83
r9_15seqs	1	83
r9_15seqs	1	113
r9_15seqs	1	112
r9_15seqs	2	94
r9_15seqs	1	94
r9_15seqs	1	94
r9_15seqs	1	94
r9_15seqs	1	120
r9_15seqs	5	119
r9_15seqs	1	109
r9_15seqs	1	113
r9_15seqs	1	113
r9_15seqs	1	116
r9_15seqs	1	110
r9_15seqs	1	113
r9_15seqs	2	126
r9_15seqs	1	112
r9_15seqs	1	113
r9_15seqs	19	107
r9_15seqs	1	155
r9_15seqs	1	113
r9_15seqs	6	134
r9_15seqs	1	110
r9_15seqs	1	98
r9_15seqs	1	110
r9_15seqs	1	113
r9_15seqs	1	109
r9_15seqs	1	77
r9_15seqs	1	83
r9_15seqs	1	179
r9_15seqs	14	128
r9_15seqs	1	130
r9_15seqs	5	114
r9_15seqs	6	93
r9_15seqs	1	94
r9_15seqs	19	101
r9_15seqs	1	113
r9_15seqs	1	113
r9_15seqs	1	113
r9_15seqs	1	110
r9_15seqs	1	113
r9_15seqs	1	98
r9_15seqs	1	110
r9_15seqs	2	94
r9_15seqs	1	113
r9_15seqs	2	98
r9_15seqs	1	73
r9_15seqs	19	113
r9_15seqs	31	119
r9_15seqs	12	110
r9_15seqs	1	98
r9_15seqs	1	110
r9_15seqs	1	138
r9_15seqs	1	109
r9_15seqs	1	98
r9_15seqs	1	98
r9_15seqs	11	115
r9_15seqs	22	133
r9_15seqs	1	90
r9_15seqs	2	126
r9_15seqs	6	146
r9_15seqs	8	113
r9_15seqs	1	118
r9_15seqs	5	110
r9_15seqs	1	93
r9_15seqs	1	94
r9_15seqs	2	98
r9_15seqs	1	113
r9_15seqs	11	110
r9_15seqs	1	110
r9_15seqs	20	117
r9_15seqs	2	126
r9_15seqs	1	113
r9_15seqs	1	116
r9_15seqs	1	98
r9_15seqs	1	113
r9_15seqs	6	113
r9_15seqs	1	113
r9_15seqs	1	113
r9_15seqs	1	113
r9_15seqs	5	93
r9_15seqs	1	113
r9_15seqs	1	106
r9_15seqs	1	113
r9_15seqs	1	113
r9_15seqs	1	82
r9_15seqs	2	118
r9_15seqs	19	113
r9_15seqs	2	124
r9_15seqs	6	92
r9_15seqs	2	113
r9_15seqs	9	113
r9_15seqs	1	121
r9_15seqs	1	83
r9_15seqs	1	110
r9_15seqs	1	94
r9_15seqs	2	110
r9_15seqs	1	113
r9_15seqs	1	177
r9_15seqs	1	133
r9_15seqs	1	98
r9_15seqs	1	94
r9_15seqs	1	92
r9_15seqs	1	110
r9_15seqs	1	111
r9_15seqs	7	113
r9_15seqs	17	113
r9_15seqs	1	98
r9_15seqs	1	113
r9_15seqs	1	98
r9_15seqs	1	104
r9_15seqs	13	109
r9_15seqs	20	136
r9_15seqs	19	98
r9_15seqs	22	113
r9_15seqs	1	113
r9_15seqs	1	98
r9_15seqs	9	109
r9_15seqs	1	110
r9_15seqs	1	90
r9_15seqs	1	92
r9_15seqs	9	113
r9_15seqs	10	109
r9_15seqs	1	94
r9_15seqs	1	109
r9_15seqs	1	90
r9_15seqs	1	113
r9_15seqs	1	94
r9_15seqs	1	113
r9_15seqs	1	118
r9_15seqs	1	110
r9_15seqs	1	101
r9_15seqs	1	116
r9_15seqs	1	93
r9_15seqs	1	113
r9_15seqs	1	113
r9_15seqs	1	77
r9_15seqs	1	94
r9_15seqs	1	113
r9_15seqs	2	113
r9_15seqs	2	113
r9_15seqs	1	113
r9_15seqs	2	120
r9_15seqs	1	110
r9_15seqs	1	129
r9_15seqs	1	83
r9_15seqs	1	98
r9_15seqs	1	113
r9_15seqs	1	112
r9_15seqs	1	109
r9_15seqs	1	110
r9_15seqs	1	113
r9_15seqs	5	113
r9_15seqs	1	86
r9_15seqs	1	119
r9_15seqs	1	166
r9_15seqs	6	98
r9_15seqs	1	113
r9_15seqs	1	93
r9_15seqs	1	98
r9_15seqs	1	94
r9_15seqs	1	166
r9_15seqs	2	158
r9_15seqs	3	113
r9_15seqs	1	110
r9_15seqs	1	98
r9_15seqs	1	94
r9_15seqs	1	94
r9_15seqs	1	91
r9_15seqs	1	113
r9_15seqs	1	98
r9_15seqs	1	124
r9_15seqs	1	98
r9_15seqs	1	119
r9_15seqs	7	90
r9_15seqs	1	117
r9_15seqs	9	109
r9_15seqs	3	68
r9_15seqs	14	98
r9_15seqs	1	113
r9_15seqs	1	113
r9_15seqs	1	94
r9_15seqs	17	113
r9_15seqs	1	113
r9_15seqs	7	112
r9_15seqs	1	110
r9_15seqs	1	113
r9_15seqs	1	64
r9_15seqs	5	94
r9_15seqs	20	94
r9_15seqs	1	94
r9_15seqs	1	116
r9_15seqs	1	98
r9_15seqs	1	113
r9_15seqs	1	113
r9_15seqs	6	113
r9_15seqs	12	98
r9_15seqs	19	98
r9_15seqs	1	78
r9_15seqs	1	113
r9_15seqs	1	113
r9_15seqs	1	113
r9_15seqs	1	131
r9_15seqs	1	113
r9_15seqs	1	94
r9_15seqs	5	113
r9_15seqs	1	118
r9_15seqs	24	94
r9_15seqs	1	113
r9_15seqs	2	137
r9_15seqs	1	93
r9_15seqs	1	87
r9_15seqs	3	113
r9_15seqs	1	113
r9_15seqs	1	115
r9_15seqs	1	113
r9_15seqs	19	111
r9_15seqs	9	98
r9_15seqs	2	152
r9_15seqs	1	109
r9_15seqs	1	96
r9_15seqs	1	70
r9_15seqs	1	113
r9_15seqs	1	98
r9_15seqs	19	113
r9_15seqs	5	113
r9_15seqs	1	98
r9_15seqs	1	113
r9_15seqs	1	113
r9_15seqs	1	102
r9_15seqs	1	116
r9_15seqs	1	110
r9_15seqs	15	113
r9_15seqs	5	119
r9_15seqs	2	114
r9_15seqs	2	118
r9_15seqs	1	94
r9_15seqs	1	110
r9_15seqs	1	150
r9_15seqs	1	92
r9_15seqs	1	98
r9_15seqs	19	113
r9_15seqs	1	98
r9_15seqs	1	113
r9_15seqs	1	125
r9_15seqs	1	126
r9_15seqs	1	98
r9_15seqs	1	112
r9_15seqs	1	116
r9_15seqs	1	104
r9_15seqs	19	98
r9_15seqs	1	110
r9_15seqs	1	127
r9_15seqs	1	93
r9_15seqs	1	76
r9_15seqs	1	98
r9_15seqs	1	113
r9_15seqs	2	113
r9_15seqs	18	113
r9_15seqs	1	115
r9_15seqs	34	98
r9_15seqs	1	94
r9_15seqs	5	112
r9_15seqs	1	113
r9_15seqs	1	110
r9_15seqs	1	113
r9_15seqs	1	110
r9_15seqs	1	113
r9_15seqs	1	113
r9_15seqs	1	113
r9_15seqs	19	110
r9_15seqs	1	115
r9_15seqs	1	98
r9_15seqs	10	98
r9_15seqs	1	98
r9_15seqs	1	98
r9_15seqs	25	113
r9_15seqs	1	123
r9_15seqs	7	131
r9_15seqs	1	94
r9_15seqs	1	98
r9_15seqs	2	94
r9_15seqs	1	120
r9_15seqs	1	78
r9_15seqs	1	113
r9_15seqs	2	113
r9_15seqs	1	147
r9_15seqs	95	181
r9_15seqs	1	80
r9_15seqs	1	78
r9_15seqs	1	109
r9_15seqs	1	78
r9_15seqs	1	114
r9_15seqs	1	113
r9_15seqs	8	113
r9_15seqs	1	113
r9_15seqs	1	71
r9_15seqs	1	94
r9_15seqs	1	112
r9_15seqs	1	94
r9_15seqs	1	113
r9_15seqs	12	113
r9_15seqs	104	181
r9_15seqs	8	80
r9_15seqs	1	143
r9_15seqs	120	177
r9_15seqs	1	113
r9_15seqs	1	124
r9_15seqs	2	75
r9_15seqs	1	113
r9_15seqs	1	110
r9_15seqs	1	87
r9_15seqs	1	83
r9_15seqs	1	110
r9_15seqs	1	80
r9_15seqs	1	115
r9_15seqs	1	76
r9_15seqs	12	119
r9_15seqs	11	117
r9_15seqs	1	153
r9_15seqs	22	123
r9_15seqs	1	83
r9_15seqs	1	63
r9_15seqs	17	97
r9_15seqs	1	119
r9_15seqs	1	112
r9_15seqs	1	113
r9_15seqs	10	181
r9_15seqs	7	117
r9_15seqs	1	113
r9_15seqs	2	86
r9_15seqs	1	62
r9_15seqs	7	113
r9_15seqs	25	151
r9_15seqs	1	116
r9_15seqs	6	85
r9_15seqs	9	112
r9_15seqs	1	107
r9_15seqs	1	113
r9_15seqs	28	109
r9_15seqs	1	67
r9_15seqs	1	67
r9_15seqs	1	98
r9_15seqs	2	110
r9_15seqs	1	98
r9_15seqs	1	82
r9_15seqs	1	110
r9_15seqs	9	116
r9_15seqs	1	86
r9_15seqs	1	93
r9_15seqs	9	111
r9_15seqs	1	94
r9_15seqs	35	98
r9_15seqs	1	76
r9_15seqs	1	83
r9_15seqs	3	116
r9_15seqs	1	151
r9_15seqs	1	93
r9_15seqs	5	113
r9_15seqs	1	61
r9_15seqs	1	98
r9_15seqs	1	113
r9_15seqs	7	126
r9_15seqs	1	116
r9_15seqs	5	77
r9_15seqs	22	98
r9_15seqs	1	121
r9_15seqs	2	94
r9_15seqs	35	126
r9_15seqs	1	62
r9_15seqs	1	78
r9_15seqs	1	121
r9_15seqs	5	149
r9_15seqs	1	67
r9_15seqs	1	113
r9_15seqs	19	128
r9_15seqs	6	94
r9_15seqs	1	76
r9_15seqs	1	70
r9_15seqs	1	98
r9_15seqs	1	124
r9_15seqs	43	98
r9_15seqs	2	60
r9_15seqs	34	174
r9_15seqs	42	113
r9_15seqs	1	68
r9_15seqs	2	110
r9_15seqs	7	126
r9_15seqs	35	113
r9_15seqs	1	64
r9_15seqs	1	113
r9_15seqs	6	113
r9_15seqs	9	104
r9_15seqs	1	108
r9_15seqs	1	135
r9_15seqs	17	113
r9_15seqs	1	62
r9_15seqs	9	104
r9_15seqs	2	113
r9_15seqs	1	121
r9_15seqs	1	98
r9_15seqs	17	98
r9_15seqs	14	112
r9_15seqs	1	89
r9_15seqs	9	67
r9_15seqs	7	113
r9_15seqs	1	162
r9_15seqs	6	62
r9_15seqs	1	94
r9_15seqs	1	112
r9_15seqs	9	71
r9_15seqs	1	110
r9_15seqs	20	98
r9_15seqs	1	110
r9_15seqs	1	93
r9_15seqs	1	113
r9_15seqs	6	83
r9_15seqs	1	65
r9_15seqs	1	93
r9_15seqs	1	78
r9_15seqs	1	63
r9_15seqs	35	110
r9_15seqs	9	117
r9_15seqs	1	118
r9_15seqs	1	98
r9_15seqs	1	124
r9_15seqs	3	83
r9_15seqs	1	113
r9_15seqs	9	94
r9_15seqs	28	110
r9_15seqs	1	64
r9_15seqs	1	113
r9_15seqs	1	98
r9_15seqs	9	113
r9_15seqs	1	113
r9_15seqs	1	77
r9_15seqs	41	104
r9_15seqs	1	127
r9_15seqs	9	126
r9_15seqs	1	94
r9_15seqs	2	63
r9_15seqs	1	123
r9_15seqs	1	116
r9_15seqs	28	98
r9_15seqs	5	94
r9_15seqs	17	113
r9_15seqs	1	67
r9_15seqs	1	113
r9_15seqs	1	68
r9_15seqs	1	57
r9_15seqs	1	98
r9_15seqs	18	98
r9_15seqs	7	113
r9_15seqs	1	111
r9_15seqs	1	127
r9_15seqs	1	64
r9_15seqs	1	106
r9_15seqs	1	166
r9_15seqs	1	110
r9_15seqs	1	47
r9_15seqs	2	110
r9_15seqs	1	113
r9_15seqs	1	110
r9_15seqs	19	115
r9_15seqs	1	98
r9_15seqs	1	116
r9_15seqs	1	110
r9_15seqs	20	113
r9_15seqs	1	118
r9_15seqs	1	151
r9_15seqs	41	113
r9_15seqs	1	93
r9_15seqs	1	112
r9_15seqs	1	94
r9_15seqs	1	127
r9_15seqs	1	98
r9_15seqs	51	98
r9_15seqs	1	139
r9_15seqs	1	113
r9_15seqs	2	116
r9_15seqs	5	98
