fam	qs	qe
r5_27seqs	1	177
r5_27seqs	1	178
r5_27seqs	1	173
r5_27seqs	1	178
r5_27seqs	1	178
r5_27seqs	1	173
r5_27seqs	1	178
r5_27seqs	1	178
r5_27seqs	1	178
r5_27seqs	1	178
r5_27seqs	1	178
r5_27seqs	1	178
r5_27seqs	1	178
r5_27seqs	2	178
r5_27seqs	1	177
r5_27seqs	1	178
r5_27seqs	1	178
r5_27seqs	1	178
r5_27seqs	1	178
r5_27seqs	1	178
r5_27seqs	1	178
r5_27seqs	1	176
r5_27seqs	1	174
r5_27seqs	1	177
r5_27seqs	1	177
r5_27seqs	1	178
r5_27seqs	1	173
r5_27seqs	1	173
r5_27seqs	1	177
r5_27seqs	1	177
r5_27seqs	1	177
r5_27seqs	2	178
r5_27seqs	1	178
r5_27seqs	1	178
r5_27seqs	1	178
r5_27seqs	1	178
r5_27seqs	1	178
r5_27seqs	1	178
r5_27seqs	1	178
r5_27seqs	1	178
r5_27seqs	1	178
r5_27seqs	1	176
r5_27seqs	1	178
r5_27seqs	2	172
r5_27seqs	1	174
r5_27seqs	1	174
r5_27seqs	1	178
r5_27seqs	1	178
r5_27seqs	1	178
r5_27seqs	1	178
r5_27seqs	1	178
r5_27seqs	2	178
r5_27seqs	1	177
r5_27seqs	1	178
r5_27seqs	1	173
r5_27seqs	1	173
r5_27seqs	1	178
r5_27seqs	1	177
r5_27seqs	1	177
r5_27seqs	1	177
r5_27seqs	1	178
r5_27seqs	1	178
r5_27seqs	1	178
r5_27seqs	1	178
r5_27seqs	1	178
r5_27seqs	1	178
r5_27seqs	1	178
r5_27seqs	1	178
r5_27seqs	1	178
r5_27seqs	1	178
r5_27seqs	1	178
r5_27seqs	1	178
r5_27seqs	1	178
r5_27seqs	1	178
r5_27seqs	1	178
r5_27seqs	1	176
r5_27seqs	1	176
r5_27seqs	2	178
r5_27seqs	1	178
r5_27seqs	1	178
r5_27seqs	1	178
r5_27seqs	1	178
r5_27seqs	1	172
r5_27seqs	2	178
r5_27seqs	1	177
r5_27seqs	1	177
r5_27seqs	1	176
r5_27seqs	1	178
r5_27seqs	1	175
r5_27seqs	2	172
r5_27seqs	1	172
r5_27seqs	1	173
r5_27seqs	1	173
r5_27seqs	1	173
r5_27seqs	1	173
r5_27seqs	1	173
r5_27seqs	1	173
r5_27seqs	1	173
r5_27seqs	1	178
r5_27seqs	1	177
r5_27seqs	1	178
r5_27seqs	1	178
r5_27seqs	1	178
r5_27seqs	1	178
r5_27seqs	1	178
r5_27seqs	1	178
r5_27seqs	1	178
r5_27seqs	1	178
r5_27seqs	1	178
r5_27seqs	1	178
r5_27seqs	1	176
r5_27seqs	1	178
r5_27seqs	1	173
r5_27seqs	1	178
r5_27seqs	1	174
r5_27seqs	2	173
r5_27seqs	1	178
r5_27seqs	1	172
r5_27seqs	1	178
r5_27seqs	1	178
r5_27seqs	1	178
r5_27seqs	1	178
r5_27seqs	1	172
r5_27seqs	1	178
r5_27seqs	1	176
r5_27seqs	2	177
r5_27seqs	6	175
r5_27seqs	1	176
r5_27seqs	2	178
r5_27seqs	1	177
r5_27seqs	1	177
r5_27seqs	1	177
r5_27seqs	2	178
r5_27seqs	1	178
r5_27seqs	1	178
r5_27seqs	1	178
r5_27seqs	1	178
r5_27seqs	2	176
r5_27seqs	1	178
r5_27seqs	1	178
r5_27seqs	1	173
r5_27seqs	1	173
r5_27seqs	1	173
r5_27seqs	1	173
r5_27seqs	1	173
r5_27seqs	1	173
r5_27seqs	2	178
r5_27seqs	1	178
r5_27seqs	1	178
r5_27seqs	1	178
r5_27seqs	1	178
r5_27seqs	1	178
r5_27seqs	1	178
r5_27seqs	1	178
r5_27seqs	1	178
r5_27seqs	1	178
r5_27seqs	1	178
r5_27seqs	1	178
r5_27seqs	1	178
r5_27seqs	1	178
r5_27seqs	1	178
r5_27seqs	1	178
r5_27seqs	1	173
r5_27seqs	1	173
r5_27seqs	1	173
r5_27seqs	1	173
r5_27seqs	7	173
r5_27seqs	1	176
r5_27seqs	2	177
r5_27seqs	1	176
r5_27seqs	1	178
r5_27seqs	1	178
r5_27seqs	5	178
r5_27seqs	1	165
r5_27seqs	1	178
r5_27seqs	1	178
r5_27seqs	1	178
r5_27seqs	1	172
r5_27seqs	1	178
r5_27seqs	1	178
r5_27seqs	1	178
r5_27seqs	1	178
r5_27seqs	1	178
r5_27seqs	11	173
r5_27seqs	1	172
r5_27seqs	1	172
r5_27seqs	1	172
r5_27seqs	1	178
r5_27seqs	2	173
r5_27seqs	1	172
r5_27seqs	1	173
r5_27seqs	2	177
r5_27seqs	1	176
r5_27seqs	2	177
r5_27seqs	1	173
r5_27seqs	1	177
r5_27seqs	2	178
r5_27seqs	1	177
r5_27seqs	1	177
r5_27seqs	2	178
r5_27seqs	2	178
r5_27seqs	1	177
r5_27seqs	1	178
r5_27seqs	1	175
r5_27seqs	1	175
r5_27seqs	1	175
r5_27seqs	1	175
r5_27seqs	1	175
r5_27seqs	1	175
r5_27seqs	1	178
r5_27seqs	1	178
r5_27seqs	1	178
r5_27seqs	1	173
r5_27seqs	1	173
r5_27seqs	1	173
r5_27seqs	1	172
r5_27seqs	1	173
r5_27seqs	1	173
r5_27seqs	1	173
r5_27seqs	1	173
r5_27seqs	1	173
r5_27seqs	1	173
r5_27seqs	1	173
r5_27seqs	1	178
r5_27seqs	1	178
r5_27seqs	1	178
r5_27seqs	2	178
r5_27seqs	2	178
r5_27seqs	1	177
r5_27seqs	1	177
r5_27seqs	1	178
r5_27seqs	1	177
r5_27seqs	1	178
r5_27seqs	1	178
r5_27seqs	1	178
r5_27seqs	1	178
r5_27seqs	1	178
r5_27seqs	1	178
r5_27seqs	1	178
r5_27seqs	1	178
r5_27seqs	1	178
r5_27seqs	1	178
r5_27seqs	1	178
r5_27seqs	1	178
r5_27seqs	1	178
r5_27seqs	1	178
r5_27seqs	1	178
r5_27seqs	1	178
r5_27seqs	1	178
r5_27seqs	1	178
r5_27seqs	1	178
r5_27seqs	1	178
r5_27seqs	1	178
r5_27seqs	1	178
r5_27seqs	1	178
r5_27seqs	1	175
r5_27seqs	1	178
r5_27seqs	1	178
r5_27seqs	1	178
r5_27seqs	1	169
r5_27seqs	1	178
r5_27seqs	1	176
r5_27seqs	1	178
r5_27seqs	1	178
r5_27seqs	1	173
r5_27seqs	1	173
r5_27seqs	1	174
r5_27seqs	1	174
r5_27seqs	1	178
r5_27seqs	1	178
r5_27seqs	1	178
r5_27seqs	1	178
r5_27seqs	1	178
r5_27seqs	1	178
r5_27seqs	1	178
r5_27seqs	1	172
r5_27seqs	1	178
r5_27seqs	1	178
r5_27seqs	1	178
r5_27seqs	1	178
r5_27seqs	1	178
r5_27seqs	1	178
r5_27seqs	1	178
r5_27seqs	1	172
r5_27seqs	1	178
r5_27seqs	1	178
r5_27seqs	1	176
r5_27seqs	1	174
r5_27seqs	1	177
r5_27seqs	1	177
r5_27seqs	1	177
r5_27seqs	1	177
r5_27seqs	1	177
r5_27seqs	1	173
r5_27seqs	1	173
r5_27seqs	2	176
r5_27seqs	1	175
r5_27seqs	9	177
r5_27seqs	1	178
r5_27seqs	1	178
r5_27seqs	1	178
r5_27seqs	1	177
r5_27seqs	1	173
r5_27seqs	1	173
r5_27seqs	1	173
r5_27seqs	1	173
r5_27seqs	1	173
r5_27seqs	1	173
r5_27seqs	1	178
r5_27seqs	1	178
r5_27seqs	1	178
r5_27seqs	1	178
r5_27seqs	1	171
r5_27seqs	1	177
r5_27seqs	1	177
r5_27seqs	1	177
r5_27seqs	1	177
r5_27seqs	3	173
r5_27seqs	1	177
r5_27seqs	1	173
r5_27seqs	1	178
r5_27seqs	1	178
r5_27seqs	1	178
r5_27seqs	1	178
r5_27seqs	1	178
r5_27seqs	1	178
r5_27seqs	1	178
r5_27seqs	1	178
r5_27seqs	1	178
r5_27seqs	1	178
r5_27seqs	1	178
r5_27seqs	1	178
r5_27seqs	1	178
r5_27seqs	1	175
r5_27seqs	1	178
r5_27seqs	6	178
r5_27seqs	1	173
r5_27seqs	1	173
r5_27seqs	1	173
r5_27seqs	1	173
r5_27seqs	1	173
r5_27seqs	1	173
r5_27seqs	1	178
r5_27seqs	1	177
r5_27seqs	2	175
r5_27seqs	1	172
r5_27seqs	1	177
r5_27seqs	1	172
r5_27seqs	1	172
r5_27seqs	1	178
r5_27seqs	1	178
r5_27seqs	1	178
r5_27seqs	1	178
r5_27seqs	1	178
r5_27seqs	1	178
r5_27seqs	1	178
r5_27seqs	1	178
r5_27seqs	1	178
r5_27seqs	1	172
r5_27seqs	1	178
r5_27seqs	4	173
r5_27seqs	2	175
r5_27seqs	1	174
r5_27seqs	1	178
r5_27seqs	1	178
r5_27seqs	1	177
r5_27seqs	2	178
r5_27seqs	1	177
r5_27seqs	2	178
r5_27seqs	1	177
r5_27seqs	1	177
r5_27seqs	1	173
r5_27seqs	1	178
r5_27seqs	2	172
r5_27seqs	1	175
r5_27seqs	1	175
r5_27seqs	1	177
r5_27seqs	1	172
r5_27seqs	1	172
r5_27seqs	1	172
r5_27seqs	1	178
r5_27seqs	1	178
r5_27seqs	2	178
r5_27seqs	1	173
r5_27seqs	1	173
r5_27seqs	1	173
r5_27seqs	1	175
r5_27seqs	1	173
r5_27seqs	1	173
r5_27seqs	1	173
r5_27seqs	1	173
r5_27seqs	1	173
r5_27seqs	1	173
r5_27seqs	1	173
r5_27seqs	1	173
r5_27seqs	1	173
r5_27seqs	1	173
r5_27seqs	1	173
r5_27seqs	1	173
r5_27seqs	3	175
r5_27seqs	1	178
r5_27seqs	1	178
r5_27seqs	1	178
r5_27seqs	1	178
r5_27seqs	1	178
r5_27seqs	1	177
r5_27seqs	2	172
r5_27seqs	1	178
r5_27seqs	3	178
r5_27seqs	3	173
r5_27seqs	8	178
r5_27seqs	2	178
r5_27seqs	1	177
r5_27seqs	1	177
r5_27seqs	1	174
r5_27seqs	1	178
r5_27seqs	1	178
r5_27seqs	1	178
r5_27seqs	1	178
r5_27seqs	1	178
r5_27seqs	1	178
r5_27seqs	1	178
r5_27seqs	1	178
r5_27seqs	1	178
r5_27seqs	1	178
r5_27seqs	1	178
r5_27seqs	1	178
r5_27seqs	1	178
r5_27seqs	1	178
r5_27seqs	1	178
r5_27seqs	1	178
r5_27seqs	1	178
r5_27seqs	1	178
r5_27seqs	1	178
r5_27seqs	1	178
r5_27seqs	1	178
r5_27seqs	1	172
r5_27seqs	2	178
r5_27seqs	2	178
r5_27seqs	1	178
r5_27seqs	1	178
r5_27seqs	2	178
r5_27seqs	1	178
r5_27seqs	1	178
r5_27seqs	1	178
r5_27seqs	1	172
r5_27seqs	1	173
r5_27seqs	1	178
r5_27seqs	1	173
r5_27seqs	1	173
r5_27seqs	1	173
r5_27seqs	2	177
r5_27seqs	1	176
r5_27seqs	1	176
r5_27seqs	1	176
r5_27seqs	1	178
r5_27seqs	1	174
r5_27seqs	1	176
r5_27seqs	1	178
r5_27seqs	1	178
r5_27seqs	1	178
r5_27seqs	1	178
r5_27seqs	1	178
r5_27seqs	1	178
r5_27seqs	1	178
r5_27seqs	1	172
r5_27seqs	1	178
r5_27seqs	1	175
r5_27seqs	1	172
r5_27seqs	1	178
r5_27seqs	1	169
r5_27seqs	1	178
r5_27seqs	1	178
r5_27seqs	2	173
r5_27seqs	1	172
r5_27seqs	2	173
r5_27seqs	2	173
r5_27seqs	1	178
r5_27seqs	1	178
r5_27seqs	1	178
r5_27seqs	1	176
r5_27seqs	1	178
r5_27seqs	1	178
r5_27seqs	6	178
r5_27seqs	1	173
r5_27seqs	1	161
r5_27seqs	1	173
r5_27seqs	1	178
r5_27seqs	1	177
r5_27seqs	1	178
r5_27seqs	1	177
r5_27seqs	1	177
r5_27seqs	1	177
r5_27seqs	2	178
r5_27seqs	1	177
r5_27seqs	1	174
r5_27seqs	1	177
r5_27seqs	1	175
r5_27seqs	2	176
r5_27seqs	1	175
r5_27seqs	1	175
r5_27seqs	1	175
r5_27seqs	1	178
r5_27seqs	1	178
r5_27seqs	8	173
r5_27seqs	2	173
r5_27seqs	1	178
r5_27seqs	1	173
r5_27seqs	1	173
r5_27seqs	1	173
r5_27seqs	1	173
r5_27seqs	1	173
r5_27seqs	1	173
r5_27seqs	1	173
r5_27seqs	1	173
r5_27seqs	1	173
r5_27seqs	1	173
r5_27seqs	1	173
r5_27seqs	1	173
r5_27seqs	1	173
r5_27seqs	1	177
r5_27seqs	1	177
r5_27seqs	1	177
r5_27seqs	1	177
r5_27seqs	1	173
r5_27seqs	1	173
r5_27seqs	1	178
r5_27seqs	1	173
r5_27seqs	2	178
r5_27seqs	1	171
r5_27seqs	1	177
r5_27seqs	1	177
r5_27seqs	1	174
r5_27seqs	1	173
r5_27seqs	1	178
r5_27seqs	1	172
r5_27seqs	1	178
r5_27seqs	1	178
r5_27seqs	1	160
r5_27seqs	1	178
r5_27seqs	1	178
r5_27seqs	1	178
r5_27seqs	1	178
r5_27seqs	1	178
r5_27seqs	1	178
r5_27seqs	1	178
r5_27seqs	1	178
r5_27seqs	1	178
r5_27seqs	1	178
r5_27seqs	1	178
r5_27seqs	1	178
r5_27seqs	1	178
r5_27seqs	1	178
r5_27seqs	1	175
r5_27seqs	1	178
r5_27seqs	1	178
r5_27seqs	1	178
r5_27seqs	1	178
r5_27seqs	1	158
r5_27seqs	1	178
r5_27seqs	1	158
r5_27seqs	1	173
r5_27seqs	1	173
r5_27seqs	1	173
r5_27seqs	1	173
r5_27seqs	1	173
r5_27seqs	1	176
r5_27seqs	5	178
r5_27seqs	1	174
r5_27seqs	2	175
r5_27seqs	1	174
r5_27seqs	1	174
r5_27seqs	1	178
r5_27seqs	1	178
r5_27seqs	1	178
r5_27seqs	1	178
r5_27seqs	1	178
r5_27seqs	1	178
r5_27seqs	1	178
r5_27seqs	1	178
r5_27seqs	1	178
r5_27seqs	1	178
r5_27seqs	1	178
r5_27seqs	1	178
r5_27seqs	1	178
r5_27seqs	1	178
r5_27seqs	1	178
r5_27seqs	1	178
r5_27seqs	1	178
r5_27seqs	1	178
r5_27seqs	1	178
r5_27seqs	1	172
r5_27seqs	1	177
r5_27seqs	1	178
r5_27seqs	1	178
r5_27seqs	1	178
r5_27seqs	1	178
r5_27seqs	1	178
r5_27seqs	1	170
r5_27seqs	1	176
r5_27seqs	1	178
r5_27seqs	1	178
r5_27seqs	1	173
r5_27seqs	1	178
r5_27seqs	1	173
r5_27seqs	1	173
r5_27seqs	1	174
r5_27seqs	1	159
r5_27seqs	1	177
r5_27seqs	2	178
r5_27seqs	1	177
r5_27seqs	1	174
r5_27seqs	1	173
r5_27seqs	1	175
r5_27seqs	1	172
r5_27seqs	8	173
r5_27seqs	2	173
r5_27seqs	1	178
r5_27seqs	1	172
r5_27seqs	1	171
r5_27seqs	1	177
r5_27seqs	1	178
r5_27seqs	1	177
r5_27seqs	3	172
r5_27seqs	1	173
r5_27seqs	1	173
r5_27seqs	1	173
r5_27seqs	1	173
r5_27seqs	1	173
r5_27seqs	1	173
r5_27seqs	6	178
r5_27seqs	1	173
r5_27seqs	1	173
r5_27seqs	1	173
r5_27seqs	1	173
r5_27seqs	1	178
r5_27seqs	1	178
r5_27seqs	1	178
r5_27seqs	1	171
r5_27seqs	1	178
r5_27seqs	1	171
r5_27seqs	1	176
r5_27seqs	2	178
r5_27seqs	2	172
r5_27seqs	1	177
r5_27seqs	1	177
r5_27seqs	1	173
r5_27seqs	1	178
r5_27seqs	1	178
r5_27seqs	1	178
r5_27seqs	1	178
r5_27seqs	1	178
r5_27seqs	1	178
r5_27seqs	1	178
r5_27seqs	1	178
r5_27seqs	1	178
r5_27seqs	1	178
r5_27seqs	1	178
r5_27seqs	1	175
r5_27seqs	1	178
r5_27seqs	1	178
r5_27seqs	1	178
r5_27seqs	6	178
r5_27seqs	1	178
r5_27seqs	1	173
r5_27seqs	1	178
r5_27seqs	2	178
r5_27seqs	1	173
r5_27seqs	1	173
r5_27seqs	1	178
r5_27seqs	1	178
r5_27seqs	1	172
r5_27seqs	1	173
r5_27seqs	1	177
r5_27seqs	1	177
r5_27seqs	1	178
r5_27seqs	9	173
r5_27seqs	2	178
r5_27seqs	1	178
r5_27seqs	1	178
r5_27seqs	1	178
r5_27seqs	1	178
r5_27seqs	1	178
r5_27seqs	1	178
r5_27seqs	1	178
r5_27seqs	1	177
r5_27seqs	1	178
r5_27seqs	5	173
r5_27seqs	1	178
r5_27seqs	1	178
r5_27seqs	2	173
r5_27seqs	1	172
r5_27seqs	1	178
r5_27seqs	1	178
r5_27seqs	1	178
r5_27seqs	1	176
r5_27seqs	1	176
r5_27seqs	1	176
r5_27seqs	1	178
r5_27seqs	1	177
r5_27seqs	2	178
r5_27seqs	1	178
r5_27seqs	1	177
r5_27seqs	2	178
r5_27seqs	1	174
r5_27seqs	1	159
r5_27seqs	1	173
r5_27seqs	1	178
r5_27seqs	1	159
r5_27seqs	1	178
r5_27seqs	2	176
r5_27seqs	1	178
r5_27seqs	1	175
r5_27seqs	1	178
r5_27seqs	1	172
r5_27seqs	1	178
r5_27seqs	1	178
r5_27seqs	1	178
r5_27seqs	2	173
r5_27seqs	2	173
r5_27seqs	1	173
r5_27seqs	1	173
r5_27seqs	1	173
r5_27seqs	1	173
r5_27seqs	6	178
r5_27seqs	1	173
r5_27seqs	1	173
r5_27seqs	1	173
r5_27seqs	1	178
r5_27seqs	1	178
r5_27seqs	1	178
r5_27seqs	1	178
r5_27seqs	1	178
r5_27seqs	1	178
r5_27seqs	1	172
r5_27seqs	1	172
r5_27seqs	1	176
r5_27seqs	2	178
r5_27seqs	2	178
r5_27seqs	1	177
r5_27seqs	1	177
r5_27seqs	1	177
r5_27seqs	1	177
r5_27seqs	5	173
r5_27seqs	1	178
r5_27seqs	1	178
r5_27seqs	1	178
r5_27seqs	1	178
r5_27seqs	1	178
r5_27seqs	1	178
r5_27seqs	1	178
r5_27seqs	1	178
r5_27seqs	1	160
r5_27seqs	1	178
r5_27seqs	1	178
r5_27seqs	1	178
r5_27seqs	1	178
r5_27seqs	1	178
r5_27seqs	1	177
r5_27seqs	1	158
r5_27seqs	1	173
r5_27seqs	1	173
r5_27seqs	1	176
r5_27seqs	3	178
r5_27seqs	1	177
r5_27seqs	2	178
r5_27seqs	1	178
r5_27seqs	1	176
r5_27seqs	3	178
r5_27seqs	1	178
r5_27seqs	1	178
r5_27seqs	1	178
r5_27seqs	1	178
r5_27seqs	1	178
r5_27seqs	1	173
r5_27seqs	1	173
r5_27seqs	1	178
r5_27seqs	1	172
r5_27seqs	1	178
r5_27seqs	1	175
r5_27seqs	1	178
r5_27seqs	1	178
r5_27seqs	1	178
r5_27seqs	1	178
r5_27seqs	4	178
r5_27seqs	1	178
r5_27seqs	1	178
r5_27seqs	1	178
r5_27seqs	1	178
r5_27seqs	1	178
r5_27seqs	9	178
r5_27seqs	1	172
r5_27seqs	1	175
r5_27seqs	1	176
r5_27seqs	1	173
r5_27seqs	1	175
r5_27seqs	1	178
r5_27seqs	1	174
r5_27seqs	2	178
r5_27seqs	1	159
r5_27seqs	1	177
r5_27seqs	1	177
r5_27seqs	1	177
r5_27seqs	1	177
r5_27seqs	1	178
r5_27seqs	1	178
r5_27seqs	2	172
r5_27seqs	1	175
r5_27seqs	1	178
r5_27seqs	1	176
r5_27seqs	1	178
r5_27seqs	1	178
r5_27seqs	1	178
r5_27seqs	5	173
r5_27seqs	1	178
r5_27seqs	1	173
r5_27seqs	1	173
r5_27seqs	1	173
r5_27seqs	1	173
r5_27seqs	1	170
r5_27seqs	1	178
r5_27seqs	1	178
r5_27seqs	1	173
r5_27seqs	1	178
r5_27seqs	4	173
r5_27seqs	2	178
r5_27seqs	1	173
r5_27seqs	1	177
r5_27seqs	1	177
r5_27seqs	1	175
r5_27seqs	2	178
r5_27seqs	1	177
r5_27seqs	1	178
r5_27seqs	9	159
r5_27seqs	2	175
r5_27seqs	1	178
r5_27seqs	1	178
r5_27seqs	1	178
r5_27seqs	1	178
r5_27seqs	1	178
r5_27seqs	1	178
r5_27seqs	1	178
r5_27seqs	1	178
r5_27seqs	1	178
r5_27seqs	2	178
r5_27seqs	1	178
r5_27seqs	1	178
r5_27seqs	1	178
r5_27seqs	2	173
r5_27seqs	1	178
r5_27seqs	1	178
r5_27seqs	1	172
r5_27seqs	2	178
r5_27seqs	1	173
r5_27seqs	1	173
r5_27seqs	1	178
r5_27seqs	2	159
r5_27seqs	1	173
r5_27seqs	1	173
r5_27seqs	1	173
r5_27seqs	1	173
r5_27seqs	1	172
r5_27seqs	1	165
r5_27seqs	1	178
r5_27seqs	1	165
r5_27seqs	4	177
r5_27seqs	1	174
r5_27seqs	1	178
r5_27seqs	1	178
r5_27seqs	1	178
r5_27seqs	1	178
r5_27seqs	1	178
r5_27seqs	1	178
r5_27seqs	1	178
r5_27seqs	1	178
r5_27seqs	1	178
r5_27seqs	1	178
r5_27seqs	1	178
r5_27seqs	1	178
r5_27seqs	1	177
r5_27seqs	1	178
r5_27seqs	1	178
r5_27seqs	1	178
r5_27seqs	1	173
r5_27seqs	1	176
r5_27seqs	1	174
r5_27seqs	1	176
r5_27seqs	1	178
r5_27seqs	10	176
r5_27seqs	2	177
r5_27seqs	1	178
r5_27seqs	1	174
r5_27seqs	1	177
r5_27seqs	1	172
r5_27seqs	2	178
r5_27seqs	1	177
r5_27seqs	2	178
r5_27seqs	1	159
r5_27seqs	1	177
r5_27seqs	1	177
r5_27seqs	1	178
r5_27seqs	2	172
r5_27seqs	1	178
r5_27seqs	1	178
r5_27seqs	1	157
r5_27seqs	1	175
r5_27seqs	1	178
r5_27seqs	7	178
r5_27seqs	1	172
r5_27seqs	1	172
r5_27seqs	2	173
r5_27seqs	1	178
r5_27seqs	1	173
r5_27seqs	1	178
r5_27seqs	1	178
r5_27seqs	5	178
r5_27seqs	1	175
r5_27seqs	1	171
r5_27seqs	1	177
r5_27seqs	1	177
r5_27seqs	1	177
r5_27seqs	2	178
r5_27seqs	1	177
r5_27seqs	1	159
r5_27seqs	1	175
r5_27seqs	2	176
r5_27seqs	1	178
r5_27seqs	6	178
r5_27seqs	1	178
r5_27seqs	1	178
r5_27seqs	1	178
r5_27seqs	1	178
r5_27seqs	1	178
r5_27seqs	1	178
r5_27seqs	1	178
r5_27seqs	1	178
r5_27seqs	1	172
r5_27seqs	1	160
r5_27seqs	1	178
r5_27seqs	2	176
r5_27seqs	1	178
r5_27seqs	1	178
r5_27seqs	1	178
r5_27seqs	1	172
r5_27seqs	2	159
r5_27seqs	1	178
r5_27seqs	1	173
r5_27seqs	1	178
r5_27seqs	1	173
r5_27seqs	1	173
r5_27seqs	1	176
r5_27seqs	1	173
r5_27seqs	1	177
r5_27seqs	1	178
r5_27seqs	1	174
r5_27seqs	1	174
r5_27seqs	1	178
r5_27seqs	2	178
r5_27seqs	1	175
r5_27seqs	2	178
r5_27seqs	1	178
r5_27seqs	2	173
r5_27seqs	1	178
r5_27seqs	1	178
r5_27seqs	1	178
r5_27seqs	1	178
r5_27seqs	1	178
r5_27seqs	1	178
r5_27seqs	1	178
r5_27seqs	1	160
r5_27seqs	1	178
r5_27seqs	1	178
r5_27seqs	1	178
r5_27seqs	1	178
r5_27seqs	1	178
r5_27seqs	1	178
r5_27seqs	1	173
r5_27seqs	1	173
r5_27seqs	8	178
r5_27seqs	1	161
r5_27seqs	1	177
r5_27seqs	1	178
r5_27seqs	1	165
r5_27seqs	1	178
r5_27seqs	1	178
r5_27seqs	1	178
r5_27seqs	1	177
r5_27seqs	1	178
r5_27seqs	1	178
r5_27seqs	1	174
r5_27seqs	1	178
r5_27seqs	1	178
r5_27seqs	1	177
r5_27seqs	1	175
r5_27seqs	4	178
r5_27seqs	1	175
r5_27seqs	1	169
r5_27seqs	2	178
r5_27seqs	1	178
r5_27seqs	1	178
r5_27seqs	1	173
r5_27seqs	1	159
r5_27seqs	1	177
r5_27seqs	1	173
r5_27seqs	1	178
r5_27seqs	1	168
r5_27seqs	1	178
r5_27seqs	1	178
r5_27seqs	1	177
r5_27seqs	1	163
r5_27seqs	1	163
r5_27seqs	2	171
r5_27seqs	1	175
r5_27seqs	2	178
r5_27seqs	1	159
r5_27seqs	1	159
r5_27seqs	1	159
r5_27seqs	1	178
r5_27seqs	2	176
r5_27seqs	1	178
r5_27seqs	1	175
r5_27seqs	13	178
r5_27seqs	1	173
r5_27seqs	1	173
r5_27seqs	1	178
r5_27seqs	1	178
r5_27seqs	1	178
r5_27seqs	2	177
r5_27seqs	1	173
r5_27seqs	1	173
r5_27seqs	1	165
r5_27seqs	1	177
r5_27seqs	3	178
r5_27seqs	1	177
r5_27seqs	2	178
r5_27seqs	2	178
r5_27seqs	1	173
r5_27seqs	1	177
r5_27seqs	1	159
r5_27seqs	1	159
r5_27seqs	1	178
r5_27seqs	1	178
r5_27seqs	1	178
r5_27seqs	1	178
r5_27seqs	1	178
r5_27seqs	1	178
r5_27seqs	1	173
r5_27seqs	1	160
r5_27seqs	18	175
r5_27seqs	1	173
r5_27seqs	1	176
r5_27seqs	1	178
r5_27seqs	1	173
r5_27seqs	1	173
r5_27seqs	1	173
r5_27seqs	1	173
r5_27seqs	1	173
r5_27seqs	1	156
r5_27seqs	1	177
r5_27seqs	1	171
r5_27seqs	1	177
r5_27seqs	2	178
r5_27seqs	1	176
r5_27seqs	1	178
r5_27seqs	1	178
r5_27seqs	1	178
r5_27seqs	1	178
r5_27seqs	5	173
r5_27seqs	1	178
r5_27seqs	1	178
r5_27seqs	1	178
r5_27seqs	1	178
r5_27seqs	1	175
r5_27seqs	1	177
r5_27seqs	9	178
r5_27seqs	2	172
r5_27seqs	1	173
r5_27seqs	2	159
r5_27seqs	1	159
r5_27seqs	1	159
r5_27seqs	2	178
r5_27seqs	1	178
r5_27seqs	2	178
r5_27seqs	1	159
r5_27seqs	1	159
r5_27seqs	1	177
r5_27seqs	1	178
r5_27seqs	1	178
r5_27seqs	1	173
r5_27seqs	1	178
r5_27seqs	1	173
r5_27seqs	1	174
r5_27seqs	1	178
r5_27seqs	1	178
r5_27seqs	1	178
r5_27seqs	1	173
r5_27seqs	1	173
r5_27seqs	1	173
r5_27seqs	2	174
r5_27seqs	1	176
r5_27seqs	1	173
r5_27seqs	24	178
r5_27seqs	1	159
r5_27seqs	1	173
r5_27seqs	1	178
r5_27seqs	1	177
r5_27seqs	1	177
r5_27seqs	2	178
r5_27seqs	2	178
r5_27seqs	1	174
r5_27seqs	1	178
r5_27seqs	1	172
r5_27seqs	1	178
r5_27seqs	1	178
r5_27seqs	1	178
r5_27seqs	1	169
r5_27seqs	1	178
r5_27seqs	1	173
r5_27seqs	1	169
r5_27seqs	1	172
r5_27seqs	1	166
r5_27seqs	17	173
r5_27seqs	1	178
r5_27seqs	1	178
r5_27seqs	1	177
r5_27seqs	2	175
r5_27seqs	1	176
r5_27seqs	1	173
r5_27seqs	1	173
r5_27seqs	1	158
r5_27seqs	1	178
r5_27seqs	2	176
r5_27seqs	1	174
r5_27seqs	2	178
r5_27seqs	2	178
r5_27seqs	1	178
r5_27seqs	1	178
r5_27seqs	1	173
r5_27seqs	1	176
r5_27seqs	1	178
r5_27seqs	1	178
r5_27seqs	1	178
r5_27seqs	1	178
r5_27seqs	1	178
r5_27seqs	2	173
r5_27seqs	1	178
r5_27seqs	1	172
r5_27seqs	1	178
r5_27seqs	1	178
r5_27seqs	1	178
r5_27seqs	1	178
r5_27seqs	1	178
r5_27seqs	1	165
r5_27seqs	1	173
r5_27seqs	1	159
r5_27seqs	1	159
r5_27seqs	1	175
r5_27seqs	1	159
r5_27seqs	1	177
r5_27seqs	1	178
r5_27seqs	1	173
r5_27seqs	1	168
r5_27seqs	1	159
r5_27seqs	1	159
r5_27seqs	2	178
r5_27seqs	5	175
r5_27seqs	1	161
r5_27seqs	2	173
r5_27seqs	1	173
r5_27seqs	1	168
r5_27seqs	2	178
r5_27seqs	1	178
r5_27seqs	1	178
r5_27seqs	1	173
r5_27seqs	1	173
r5_27seqs	1	176
r5_27seqs	1	176
r5_27seqs	1	178
r5_27seqs	1	178
r5_27seqs	2	178
r5_27seqs	1	158
r5_27seqs	1	177
r5_27seqs	1	177
r5_27seqs	1	176
r5_27seqs	1	177
r5_27seqs	1	178
r5_27seqs	1	178
r5_27seqs	1	175
r5_27seqs	1	178
r5_27seqs	1	178
r5_27seqs	1	178
r5_27seqs	1	173
r5_27seqs	1	178
r5_27seqs	1	176
r5_27seqs	1	175
r5_27seqs	1	173
r5_27seqs	2	178
r5_27seqs	1	173
r5_27seqs	1	178
r5_27seqs	1	178
r5_27seqs	5	177
r5_27seqs	1	173
r5_27seqs	2	172
r5_27seqs	1	173
r5_27seqs	1	161
r5_27seqs	2	178
r5_27seqs	1	177
r5_27seqs	1	178
r5_27seqs	1	178
r5_27seqs	1	178
r5_27seqs	1	178
r5_27seqs	2	173
r5_27seqs	1	178
r5_27seqs	1	178
r5_27seqs	1	178
r5_27seqs	2	176
r5_27seqs	1	178
r5_27seqs	1	178
r5_27seqs	1	178
r5_27seqs	1	178
r5_27seqs	1	173
r5_27seqs	3	178
r5_27seqs	1	158
r5_27seqs	1	173
r5_27seqs	14	178
r5_27seqs	1	159
r5_27seqs	1	169
r5_27seqs	1	173
r5_27seqs	9	173
r5_27seqs	1	159
r5_27seqs	1	159
r5_27seqs	23	178
r5_27seqs	1	159
r5_27seqs	1	178
r5_27seqs	1	178
r5_27seqs	1	176
r5_27seqs	2	178
r5_27seqs	1	178
r5_27seqs	1	178
r5_27seqs	1	178
r5_27seqs	1	178
r5_27seqs	1	172
r5_27seqs	2	173
r5_27seqs	20	173
r5_27seqs	1	178
r5_27seqs	1	178
r5_27seqs	1	176
r5_27seqs	24	178
r5_27seqs	1	173
r5_27seqs	1	173
r5_27seqs	1	178
r5_27seqs	1	159
r5_27seqs	1	178
r5_27seqs	5	177
r5_27seqs	1	175
r5_27seqs	1	178
r5_27seqs	1	178
r5_27seqs	1	178
r5_27seqs	1	178
r5_27seqs	1	173
r5_27seqs	1	178
r5_27seqs	1	178
r5_27seqs	3	173
r5_27seqs	1	178
r5_27seqs	1	178
r5_27seqs	1	178
r5_27seqs	1	159
r5_27seqs	1	178
r5_27seqs	1	177
r5_27seqs	1	178
r5_27seqs	1	178
r5_27seqs	1	173
r5_27seqs	2	172
r5_27seqs	1	178
r5_27seqs	2	159
r5_27seqs	1	178
r5_27seqs	1	178
r5_27seqs	1	178
r5_27seqs	5	178
r5_27seqs	1	178
r5_27seqs	1	175
r5_27seqs	1	173
r5_27seqs	1	177
r5_27seqs	1	178
r5_27seqs	1	178
r5_27seqs	1	178
r5_27seqs	1	178
r5_27seqs	1	178
r5_27seqs	1	160
r5_27seqs	1	159
r5_27seqs	1	178
r5_27seqs	1	178
r5_27seqs	1	164
r5_27seqs	1	158
r5_27seqs	2	178
r5_27seqs	1	178
r5_27seqs	1	178
r5_27seqs	1	177
r5_27seqs	1	177
r5_27seqs	1	159
r5_27seqs	1	159
r5_27seqs	1	172
r5_27seqs	1	166
r5_27seqs	1	178
r5_27seqs	1	178
r5_27seqs	7	172
r5_27seqs	1	178
r5_27seqs	1	178
r5_27seqs	1	178
r5_27seqs	1	177
r5_27seqs	1	166
r5_27seqs	1	172
r5_27seqs	1	178
r5_27seqs	1	175
r5_27seqs	1	178
r5_27seqs	1	178
r5_27seqs	1	178
r5_27seqs	1	173
r5_27seqs	21	178
r5_27seqs	1	159
r5_27seqs	1	178
r5_27seqs	1	178
r5_27seqs	1	175
r5_27seqs	2	178
r5_27seqs	1	159
r5_27seqs	1	177
r5_27seqs	1	178
r5_27seqs	5	178
r5_27seqs	1	177
r5_27seqs	1	153
r5_27seqs	1	178
r5_27seqs	1	160
r5_27seqs	3	172
r5_27seqs	1	173
r5_27seqs	1	173
r5_27seqs	1	172
r5_27seqs	1	177
r5_27seqs	3	159
r5_27seqs	1	177
r5_27seqs	1	178
r5_27seqs	1	178
r5_27seqs	1	178
r5_27seqs	1	178
r5_27seqs	1	173
r5_27seqs	1	159
r5_27seqs	1	159
r5_27seqs	1	173
r5_27seqs	28	176
r5_27seqs	1	173
r5_27seqs	1	178
r5_27seqs	1	178
r5_27seqs	1	178
r5_27seqs	1	178
r5_27seqs	1	178
r5_27seqs	1	175
r5_27seqs	1	178
r5_27seqs	1	178
r5_27seqs	1	178
r5_27seqs	1	178
r5_27seqs	6	178
r5_27seqs	1	178
r5_27seqs	1	160
r5_27seqs	1	178
r5_27seqs	1	178
r5_27seqs	2	178
r5_27seqs	1	176
r5_27seqs	1	173
r5_27seqs	1	159
r5_27seqs	1	178
r5_27seqs	1	169
r5_27seqs	1	176
r5_27seqs	1	178
r5_27seqs	1	178
r5_27seqs	3	173
r5_27seqs	1	178
r5_27seqs	1	159
r5_27seqs	1	178
r5_27seqs	1	175
r5_27seqs	1	177
r5_27seqs	1	174
r5_27seqs	1	177
r5_27seqs	1	173
r5_27seqs	1	159
r5_27seqs	1	178
r5_27seqs	1	178
r5_27seqs	1	178
r5_27seqs	1	177
r5_27seqs	1	178
r5_27seqs	1	172
r5_27seqs	1	172
r5_27seqs	1	178
r5_27seqs	1	177
r5_27seqs	1	173
r5_27seqs	1	175
r5_27seqs	13	178
r5_27seqs	6	177
r5_27seqs	19	173
r5_27seqs	1	178
r5_27seqs	2	173
r5_27seqs	1	174
r5_27seqs	1	178
r5_27seqs	1	174
r5_27seqs	1	178
r5_27seqs	1	173
r5_27seqs	1	173
r5_27seqs	1	158
r5_27seqs	1	178
r5_27seqs	1	178
r5_27seqs	2	178
r5_27seqs	1	177
r5_27seqs	1	177
r5_27seqs	11	178
r5_27seqs	1	178
r5_27seqs	1	177
r5_27seqs	1	178
r5_27seqs	1	178
r5_27seqs	1	169
r5_27seqs	1	173
r5_27seqs	1	158
r5_27seqs	6	178
r5_27seqs	2	178
r5_27seqs	1	173
r5_27seqs	1	178
r5_27seqs	28	177
r5_27seqs	2	173
r5_27seqs	1	172
r5_27seqs	1	177
r5_27seqs	1	178
r5_27seqs	1	178
r5_27seqs	1	178
r5_27seqs	1	177
r5_27seqs	13	178
r5_27seqs	1	178
r5_27seqs	1	172
r5_27seqs	1	173
r5_27seqs	1	173
r5_27seqs	1	176
r5_27seqs	1	177
r5_27seqs	1	177
r5_27seqs	2	178
r5_27seqs	1	173
r5_27seqs	1	178
r5_27seqs	1	176
r5_27seqs	1	175
r5_27seqs	2	160
r5_27seqs	1	158
r5_27seqs	1	178
r5_27seqs	1	169
r5_27seqs	1	178
r5_27seqs	1	178
r5_27seqs	1	177
r5_27seqs	1	176
r5_27seqs	1	178
r5_27seqs	1	178
r5_27seqs	1	178
r5_27seqs	1	178
r5_27seqs	1	178
r5_27seqs	1	178
r5_27seqs	1	178
r5_27seqs	1	178
r5_27seqs	1	175
r5_27seqs	2	177
r5_27seqs	1	176
r5_27seqs	1	177
r5_27seqs	1	177
r5_27seqs	1	177
r5_27seqs	1	175
r5_27seqs	1	158
r5_27seqs	1	177
r5_27seqs	1	178
r5_27seqs	1	178
r5_27seqs	1	178
r5_27seqs	1	178
r5_27seqs	1	178
r5_27seqs	1	159
r5_27seqs	1	178
r5_27seqs	1	178
r5_27seqs	1	178
r5_27seqs	1	159
r5_27seqs	1	177
r5_27seqs	1	178
r5_27seqs	1	173
r5_27seqs	1	173
r5_27seqs	2	178
r5_27seqs	2	178
r5_27seqs	1	177
r5_27seqs	3	178
r5_27seqs	1	177
r5_27seqs	1	175
r5_27seqs	1	178
r5_27seqs	1	178
r5_27seqs	1	173
r5_27seqs	1	178
r5_27seqs	1	174
r5_27seqs	2	178
r5_27seqs	1	159
r5_27seqs	1	177
r5_27seqs	1	171
r5_27seqs	2	178
r5_27seqs	1	159
r5_27seqs	1	159
r5_27seqs	7	159
r5_27seqs	1	175
r5_27seqs	1	178
r5_27seqs	1	174
r5_27seqs	4	178
r5_27seqs	9	177
r5_27seqs	1	159
r5_27seqs	1	178
r5_27seqs	10	150
r5_27seqs	1	172
r5_27seqs	12	178
r5_27seqs	1	178
r5_27seqs	1	159
r5_27seqs	1	175
r5_27seqs	34	172
r5_27seqs	1	177
r5_27seqs	1	177
r5_27seqs	1	176
r5_27seqs	1	176
r5_27seqs	1	159
r5_27seqs	1	178
r5_27seqs	1	172
r5_27seqs	1	159
r5_27seqs	1	159
r5_27seqs	1	173
r5_27seqs	1	178
r5_27seqs	2	172
r5_27seqs	1	178
r5_27seqs	1	160
r5_27seqs	31	178
r5_27seqs	1	175
r5_27seqs	13	177
r5_27seqs	1	178
r5_27seqs	1	178
r5_27seqs	1	177
r5_27seqs	1	177
r5_27seqs	2	178
r5_27seqs	1	147
r5_27seqs	1	159
r5_27seqs	31	177
r5_27seqs	1	177
r5_27seqs	1	178
r5_27seqs	1	178
r5_27seqs	1	178
r5_27seqs	11	165
r5_27seqs	2	175
r5_27seqs	15	159
r5_27seqs	1	178
r5_27seqs	1	178
r5_27seqs	2	174
r5_27seqs	1	178
r5_27seqs	1	152
r5_27seqs	1	173
r5_27seqs	1	167
r5_27seqs	1	177
r5_27seqs	1	175
r5_27seqs	1	178
r5_27seqs	1	174
r5_27seqs	1	159
r5_27seqs	1	178
r5_27seqs	1	173
r5_27seqs	1	178
r5_27seqs	1	178
r5_27seqs	1	178
r5_27seqs	1	178
r5_27seqs	1	178
r5_27seqs	1	178
r5_27seqs	1	178
r5_27seqs	1	173
r5_27seqs	1	177
r5_27seqs	1	178
r5_27seqs	1	157
r5_27seqs	10	178
r5_27seqs	1	178
r5_27seqs	1	175
r5_27seqs	1	175
r5_27seqs	1	178
r5_27seqs	1	175
r5_27seqs	1	178
r5_27seqs	1	178
r5_27seqs	1	159
r5_27seqs	1	177
r5_27seqs	1	178
r5_27seqs	1	161
r5_27seqs	1	159
r5_27seqs	10	173
r5_27seqs	1	178
r5_27seqs	1	173
r5_27seqs	1	178
r5_27seqs	2	173
r5_27seqs	1	177
r5_27seqs	1	159
r5_27seqs	1	173
r5_27seqs	1	159
r5_27seqs	1	178
r5_27seqs	1	159
r5_27seqs	1	178
r5_27seqs	1	178
r5_27seqs	1	174
r5_27seqs	1	177
r5_27seqs	1	174
r5_27seqs	2	178
r5_27seqs	1	171
r5_27seqs	1	178
r5_27seqs	1	178
r5_27seqs	1	178
r5_27seqs	1	178
r5_27seqs	1	178
r5_27seqs	1	178
r5_27seqs	2	173
r5_27seqs	1	177
r5_27seqs	12	178
r5_27seqs	1	178
r5_27seqs	1	178
r5_27seqs	1	159
r5_27seqs	1	177
r5_27seqs	1	174
r5_27seqs	1	173
r5_27seqs	1	160
r5_27seqs	1	178
r5_27seqs	2	178
r5_27seqs	31	178
r5_27seqs	1	160
r5_27seqs	1	173
r5_27seqs	1	158
r5_27seqs	1	173
r5_27seqs	1	173
r5_27seqs	1	173
r5_27seqs	1	173
r5_27seqs	1	173
r5_27seqs	10	177
r5_27seqs	1	178
r5_27seqs	1	178
r5_27seqs	6	178
r5_27seqs	1	178
r5_27seqs	15	159
r5_27seqs	1	178
r5_27seqs	2	173
r5_27seqs	1	178
r5_27seqs	1	173
r5_27seqs	1	178
r5_27seqs	1	178
r5_27seqs	1	178
r5_27seqs	1	178
r5_27seqs	2	159
r5_27seqs	6	178
r5_27seqs	1	159
r5_27seqs	1	178
r5_27seqs	1	159
r5_27seqs	1	173
r5_27seqs	1	178
r5_27seqs	1	178
r5_27seqs	1	178
r5_27seqs	1	178
r5_27seqs	1	175
r5_27seqs	1	175
r5_27seqs	1	178
r5_27seqs	2	173
r5_27seqs	1	178
r5_27seqs	1	173
r5_27seqs	1	171
r5_27seqs	2	178
r5_27seqs	1	173
r5_27seqs	1	173
r5_27seqs	6	159
r5_27seqs	1	178
r5_27seqs	1	178
r5_27seqs	1	178
r5_27seqs	1	178
r5_27seqs	1	178
r5_27seqs	1	178
r5_27seqs	1	178
r5_27seqs	1	170
r5_27seqs	1	128
r5_27seqs	1	178
r5_27seqs	1	177
r5_27seqs	1	165
r5_27seqs	5	178
r5_27seqs	1	178
r5_27seqs	1	178
r5_27seqs	1	173
r5_27seqs	1	178
r5_27seqs	1	173
r5_27seqs	1	178
r5_27seqs	1	178
r5_27seqs	1	177
r5_27seqs	1	178
r5_27seqs	25	178
r5_27seqs	1	159
r5_27seqs	1	178
r5_27seqs	1	178
r5_27seqs	1	178
r5_27seqs	1	171
r5_27seqs	5	178
r5_27seqs	1	178
r5_27seqs	1	156
r5_27seqs	1	178
r5_27seqs	1	160
r5_27seqs	1	178
r5_27seqs	1	177
r5_27seqs	1	178
r5_27seqs	16	177
r5_27seqs	1	177
r5_27seqs	1	176
r5_27seqs	1	172
r5_27seqs	1	178
r5_27seqs	1	178
r5_27seqs	1	178
r5_27seqs	1	175
r5_27seqs	2	178
r5_27seqs	1	178
r5_27seqs	1	178
r5_27seqs	1	178
r5_27seqs	14	178
r5_27seqs	1	144
r5_27seqs	1	176
r5_27seqs	2	178
r5_27seqs	1	178
r5_27seqs	1	178
r5_27seqs	1	177
r5_27seqs	2	178
r5_27seqs	1	170
r5_27seqs	1	172
r5_27seqs	1	178
r5_27seqs	1	172
r5_27seqs	1	178
r5_27seqs	1	178
r5_27seqs	1	178
r5_27seqs	1	171
r5_27seqs	1	178
r5_27seqs	1	178
r5_27seqs	1	178
r5_27seqs	5	173
r5_27seqs	1	175
r5_27seqs	29	159
r5_27seqs	1	173
r5_27seqs	1	176
r5_27seqs	1	177
r5_27seqs	1	177
r5_27seqs	1	178
r5_27seqs	1	141
r5_27seqs	1	173
r5_27seqs	1	177
r5_27seqs	1	178
r5_27seqs	1	178
r5_27seqs	1	177
r5_27seqs	31	173
r5_27seqs	1	174
r5_27seqs	1	178
r5_27seqs	1	178
r5_27seqs	1	178
r5_27seqs	1	178
r5_27seqs	1	178
r5_27seqs	1	178
r5_27seqs	2	178
r5_27seqs	1	173
r5_27seqs	1	173
r5_27seqs	1	146
r5_27seqs	1	173
r5_27seqs	1	173
r5_27seqs	1	173
r5_27seqs	22	178
r5_27seqs	1	178
r5_27seqs	2	124
r5_27seqs	1	178
r5_27seqs	1	178
r5_27seqs	33	178
r5_27seqs	1	178
r5_27seqs	2	176
r5_27seqs	1	159
r5_27seqs	1	178
r5_27seqs	1	159
r5_27seqs	1	177
r5_27seqs	1	178
r5_27seqs	1	176
r5_27seqs	1	173
r5_27seqs	19	177
r5_27seqs	1	178
r5_27seqs	1	159
r5_27seqs	1	178
r5_27seqs	1	178
r5_27seqs	1	178
r5_27seqs	4	178
r5_27seqs	1	178
r5_27seqs	1	172
r5_27seqs	1	178
r5_27seqs	1	159
r5_27seqs	1	178
r5_27seqs	1	178
r5_27seqs	1	170
r5_27seqs	1	178
r5_27seqs	1	178
r5_27seqs	1	175
r5_27seqs	1	178
r5_27seqs	5	178
r5_27seqs	1	159
r5_27seqs	1	159
r5_27seqs	1	168
r5_27seqs	1	178
r5_27seqs	1	178
r5_27seqs	1	159
r5_27seqs	1	178
r5_27seqs	1	173
r5_27seqs	1	137
r5_27seqs	17	176
r5_27seqs	17	159
r5_27seqs	1	159
r5_27seqs	1	178
r5_27seqs	1	173
r5_27seqs	1	177
r5_27seqs	2	139
r5_27seqs	1	178
r5_27seqs	1	178
r5_27seqs	2	178
r5_27seqs	1	173
r5_27seqs	1	178
r5_27seqs	1	178
r5_27seqs	1	176
r5_27seqs	1	165
r5_27seqs	1	159
r5_27seqs	1	173
r5_27seqs	1	178
r5_27seqs	1	160
r5_27seqs	1	178
r5_27seqs	1	178
r5_27seqs	1	159
r5_27seqs	1	177
r5_27seqs	1	159
r5_27seqs	1	172
r5_27seqs	1	174
r5_27seqs	1	127
r5_27seqs	2	127
r5_27seqs	1	172
r5_27seqs	1	173
r5_27seqs	1	159
r5_27seqs	4	127
r5_27seqs	1	178
r5_27seqs	1	177
r5_27seqs	1	127
r5_27seqs	1	159
r5_27seqs	1	172
r5_27seqs	1	127
r5_27seqs	1	172
r5_27seqs	1	173
r5_27seqs	1	173
r5_27seqs	1	159
r5_27seqs	1	178
r5_27seqs	1	178
r5_27seqs	1	178
r5_27seqs	4	178
r5_27seqs	1	177
r5_27seqs	1	178
r5_27seqs	1	159
r5_27seqs	1	178
r5_27seqs	1	173
r5_27seqs	1	159
r5_27seqs	1	127
r5_27seqs	1	159
r5_27seqs	1	178
r5_27seqs	1	177
r5_27seqs	1	173
r5_27seqs	6	175
r5_27seqs	1	175
r5_27seqs	1	159
r5_27seqs	1	178
r5_27seqs	1	178
r5_27seqs	1	176
r5_27seqs	1	172
r5_27seqs	2	129
r5_27seqs	1	143
r5_27seqs	49	177
r5_27seqs	1	150
r5_27seqs	1	139
r5_27seqs	1	173
r5_27seqs	1	178
r5_27seqs	1	127
r5_27seqs	1	177
r5_27seqs	1	178
r5_27seqs	1	127
r5_27seqs	9	129
r5_27seqs	1	177
r5_27seqs	1	178
r5_27seqs	1	173
r5_27seqs	1	178
r5_27seqs	2	177
r5_27seqs	1	123
r5_27seqs	1	139
r5_27seqs	1	159
r5_27seqs	1	173
r5_27seqs	1	127
r5_27seqs	1	142
r5_27seqs	1	127
r5_27seqs	1	127
r5_27seqs	1	176
r5_27seqs	1	178
r5_27seqs	8	173
r5_27seqs	1	178
r5_27seqs	1	125
r5_27seqs	1	176
r5_27seqs	1	178
r5_27seqs	3	178
r5_27seqs	1	159
r5_27seqs	1	150
r5_27seqs	1	127
r5_27seqs	1	127
r5_27seqs	1	151
r5_27seqs	49	178
r5_27seqs	1	127
r5_27seqs	2	173
r5_27seqs	1	178
r5_27seqs	1	108
r5_27seqs	1	175
r5_27seqs	1	178
r5_27seqs	1	159
r5_27seqs	1	159
r5_27seqs	1	173
r5_27seqs	1	174
r5_27seqs	1	130
r5_27seqs	1	126
r5_27seqs	1	178
r5_27seqs	1	178
r5_27seqs	1	127
r5_27seqs	1	132
r5_27seqs	1	127
r5_27seqs	1	159
r5_27seqs	1	159
r5_27seqs	1	173
r5_27seqs	1	178
r5_27seqs	1	178
r5_27seqs	1	127
r5_27seqs	1	127
r5_27seqs	1	127
r5_27seqs	1	176
r5_27seqs	2	139
r5_27seqs	1	127
r5_27seqs	1	159
r5_27seqs	1	173
r5_27seqs	1	139
r5_27seqs	1	133
r5_27seqs	1	139
r5_27seqs	1	139
r5_27seqs	1	133
r5_27seqs	1	159
r5_27seqs	1	178
r5_27seqs	1	126
r5_27seqs	2	178
r5_27seqs	1	120
r5_27seqs	1	127
r5_27seqs	1	128
r5_27seqs	1	127
r5_27seqs	1	132
r5_27seqs	1	173
r5_27seqs	1	159
r5_27seqs	1	178
r5_27seqs	1	178
r5_27seqs	1	144
r5_27seqs	1	133
r5_27seqs	2	139
r5_27seqs	2	127
r5_27seqs	1	115
r5_27seqs	2	127
r5_27seqs	1	100
r5_27seqs	1	178
r5_27seqs	1	178
r5_27seqs	1	139
r5_27seqs	1	178
r5_27seqs	1	127
r5_27seqs	1	120
r5_27seqs	23	178
r5_27seqs	7	133
r5_27seqs	1	127
r5_27seqs	1	125
r5_27seqs	1	173
r5_27seqs	14	177
r5_27seqs	1	139
r5_27seqs	1	120
r5_27seqs	1	139
r5_27seqs	1	100
r5_27seqs	1	178
r5_27seqs	1	133
r5_27seqs	1	116
r5_27seqs	1	137
r5_27seqs	1	120
r5_27seqs	1	144
r5_27seqs	1	127
r5_27seqs	1	178
r5_27seqs	1	127
r5_27seqs	1	173
r5_27seqs	1	127
r5_27seqs	1	139
r5_27seqs	1	127
r5_27seqs	1	177
r5_27seqs	1	178
r5_27seqs	3	175
r5_27seqs	1	178
r5_27seqs	1	178
r5_27seqs	1	178
r5_27seqs	1	177
r5_27seqs	2	178
r7_133seqs	1	148
r7_133seqs	1	178
r7_133seqs	1	176
r7_133seqs	1	177
r7_133seqs	1	177
r7_133seqs	1	178
r7_133seqs	2	178
r7_133seqs	1	148
r7_133seqs	1	175
r7_133seqs	1	148
r7_133seqs	1	148
r7_133seqs	1	148
r7_133seqs	1	176
r7_133seqs	1	148
r7_133seqs	1	161
r7_133seqs	1	178
r7_133seqs	1	178
r7_133seqs	1	178
r7_133seqs	1	178
r7_133seqs	1	177
r7_133seqs	1	178
r7_133seqs	1	176
r7_133seqs	1	178
r7_133seqs	1	148
r7_133seqs	1	177
r7_133seqs	3	148
r7_133seqs	1	178
r7_133seqs	1	148
r7_133seqs	1	178
r7_133seqs	1	148
r7_133seqs	1	178
r7_133seqs	1	148
r7_133seqs	1	148
r7_133seqs	1	178
r7_133seqs	1	148
r7_133seqs	1	178
r7_133seqs	1	148
r7_133seqs	1	178
r7_133seqs	3	148
r7_133seqs	1	148
r7_133seqs	1	148
r7_133seqs	1	146
r7_133seqs	1	148
r7_133seqs	1	177
r7_133seqs	1	178
r7_133seqs	1	146
r7_133seqs	1	178
r7_133seqs	1	178
r7_133seqs	1	178
r7_133seqs	1	178
r7_133seqs	1	177
r7_133seqs	1	178
r7_133seqs	1	178
r7_133seqs	1	178
r7_133seqs	1	178
r7_133seqs	1	178
r7_133seqs	1	176
r7_133seqs	1	148
r7_133seqs	1	178
r7_133seqs	1	178
r7_133seqs	1	178
r7_133seqs	1	178
r7_133seqs	1	178
r7_133seqs	1	178
r7_133seqs	1	177
r7_133seqs	1	148
r7_133seqs	1	148
r7_133seqs	1	148
r7_133seqs	1	148
r7_133seqs	1	148
r7_133seqs	1	148
r7_133seqs	1	177
r7_133seqs	1	148
r7_133seqs	1	148
r7_133seqs	1	148
r7_133seqs	1	148
r7_133seqs	1	148
r7_133seqs	1	178
r7_133seqs	1	148
r7_133seqs	1	148
r7_133seqs	1	148
r7_133seqs	1	148
r7_133seqs	1	148
r7_133seqs	1	148
r7_133seqs	1	148
r7_133seqs	1	148
r7_133seqs	1	148
r7_133seqs	1	175
r7_133seqs	2	178
r7_133seqs	1	148
r7_133seqs	1	178
r7_133seqs	1	177
r7_133seqs	1	177
r7_133seqs	1	178
r7_133seqs	1	148
r7_133seqs	1	178
r7_133seqs	1	178
r7_133seqs	1	178
r7_133seqs	1	178
r7_133seqs	1	178
r7_133seqs	1	178
r7_133seqs	1	178
r7_133seqs	1	148
r7_133seqs	1	178
r7_133seqs	1	178
r7_133seqs	1	161
r7_133seqs	2	148
r7_133seqs	1	147
r7_133seqs	2	148
r7_133seqs	1	178
r7_133seqs	1	178
r7_133seqs	1	178
r7_133seqs	1	178
r7_133seqs	1	178
r7_133seqs	1	178
r7_133seqs	1	178
r7_133seqs	1	148
r7_133seqs	1	178
r7_133seqs	1	178
r7_133seqs	1	176
r7_133seqs	1	178
r7_133seqs	1	150
r7_133seqs	1	148
r7_133seqs	1	177
r7_133seqs	1	150
r7_133seqs	1	148
r7_133seqs	1	148
r7_133seqs	1	148
r7_133seqs	1	148
r7_133seqs	1	148
r7_133seqs	1	148
r7_133seqs	1	148
r7_133seqs	1	148
r7_133seqs	1	148
r7_133seqs	1	148
r7_133seqs	1	148
r7_133seqs	1	148
r7_133seqs	1	148
r7_133seqs	1	148
r7_133seqs	1	148
r7_133seqs	1	148
r7_133seqs	1	148
r7_133seqs	1	148
r7_133seqs	1	178
r7_133seqs	1	148
r7_133seqs	1	148
r7_133seqs	1	148
r7_133seqs	1	148
r7_133seqs	1	148
r7_133seqs	1	148
r7_133seqs	1	148
r7_133seqs	1	148
r7_133seqs	1	148
r7_133seqs	1	178
r7_133seqs	1	148
r7_133seqs	1	148
r7_133seqs	1	148
r7_133seqs	1	148
r7_133seqs	1	148
r7_133seqs	1	148
r7_133seqs	1	148
r7_133seqs	1	148
r7_133seqs	1	148
r7_133seqs	1	148
r7_133seqs	1	148
r7_133seqs	1	148
r7_133seqs	1	148
r7_133seqs	1	148
r7_133seqs	1	148
r7_133seqs	1	148
r7_133seqs	1	177
r7_133seqs	1	148
r7_133seqs	1	148
r7_133seqs	1	178
r7_133seqs	2	178
r7_133seqs	1	146
r7_133seqs	1	148
r7_133seqs	1	148
r7_133seqs	1	148
r7_133seqs	1	148
r7_133seqs	1	146
r7_133seqs	1	148
r7_133seqs	1	148
r7_133seqs	1	178
r7_133seqs	1	177
r7_133seqs	1	177
r7_133seqs	1	148
r7_133seqs	1	178
r7_133seqs	1	178
r7_133seqs	1	148
r7_133seqs	1	178
r7_133seqs	1	178
r7_133seqs	1	178
r7_133seqs	1	148
r7_133seqs	1	177
r7_133seqs	1	148
r7_133seqs	1	148
r7_133seqs	1	178
r7_133seqs	1	178
r7_133seqs	1	178
r7_133seqs	1	178
r7_133seqs	2	148
r7_133seqs	1	148
r7_133seqs	1	178
r7_133seqs	2	148
r7_133seqs	1	178
r5_27seqs	1	122
r7_133seqs	1	148
r7_133seqs	1	178
r7_133seqs	1	177
r7_133seqs	1	178
r7_133seqs	1	178
r7_133seqs	1	178
r7_133seqs	1	178
r7_133seqs	1	160
r7_133seqs	1	177
r7_133seqs	1	178
r7_133seqs	1	148
r7_133seqs	1	178
r7_133seqs	1	178
r7_133seqs	1	148
r7_133seqs	1	177
r7_133seqs	1	178
r7_133seqs	1	177
r7_133seqs	1	148
r7_133seqs	1	148
r7_133seqs	1	148
r7_133seqs	1	148
r7_133seqs	1	148
r7_133seqs	1	148
r7_133seqs	1	148
r7_133seqs	1	148
r7_133seqs	1	148
r7_133seqs	1	148
r7_133seqs	1	148
r7_133seqs	1	148
r7_133seqs	1	148
r7_133seqs	1	148
r7_133seqs	1	148
r7_133seqs	1	178
r7_133seqs	1	148
r7_133seqs	1	148
r7_133seqs	1	148
r7_133seqs	1	148
r7_133seqs	1	148
r7_133seqs	1	148
r7_133seqs	1	148
r7_133seqs	1	148
r7_133seqs	1	148
r7_133seqs	1	148
r7_133seqs	1	148
r7_133seqs	1	148
r7_133seqs	1	148
r7_133seqs	1	178
r7_133seqs	1	148
r7_133seqs	1	148
r7_133seqs	1	148
r7_133seqs	1	148
r7_133seqs	1	148
r7_133seqs	1	148
r7_133seqs	1	148
r7_133seqs	1	148
r7_133seqs	1	178
r7_133seqs	1	148
r7_133seqs	1	148
r7_133seqs	1	148
r7_133seqs	1	148
r7_133seqs	1	148
r7_133seqs	1	148
r7_133seqs	1	148
r7_133seqs	1	148
r7_133seqs	1	148
r7_133seqs	1	148
r7_133seqs	1	148
r7_133seqs	1	148
r7_133seqs	1	148
r7_133seqs	1	148
r7_133seqs	1	148
r7_133seqs	1	148
r7_133seqs	1	148
r7_133seqs	1	148
r7_133seqs	1	148
r7_133seqs	1	148
r7_133seqs	1	148
r7_133seqs	1	148
r7_133seqs	1	148
r7_133seqs	1	148
r7_133seqs	1	148
r7_133seqs	1	148
r7_133seqs	1	148
r7_133seqs	1	148
r7_133seqs	1	148
r7_133seqs	1	148
r7_133seqs	1	148
r7_133seqs	1	148
r7_133seqs	1	148
r7_133seqs	1	148
r7_133seqs	1	148
r7_133seqs	1	148
r7_133seqs	1	148
r7_133seqs	1	148
r7_133seqs	1	148
r7_133seqs	1	148
r7_133seqs	3	148
r7_133seqs	1	178
r7_133seqs	1	148
r7_133seqs	1	146
r7_133seqs	1	176
r7_133seqs	1	148
r7_133seqs	1	148
r7_133seqs	1	148
r7_133seqs	1	148
r7_133seqs	2	178
r7_133seqs	1	177
r7_133seqs	1	177
r7_133seqs	1	178
r7_133seqs	1	178
r7_133seqs	1	148
r7_133seqs	1	178
r7_133seqs	1	178
r7_133seqs	1	178
r7_133seqs	1	178
r7_133seqs	1	178
r7_133seqs	1	178
r7_133seqs	1	178
r7_133seqs	1	178
r7_133seqs	1	178
r7_133seqs	1	178
r7_133seqs	2	148
r7_133seqs	1	148
r7_133seqs	1	148
r7_133seqs	1	178
r7_133seqs	1	178
r7_133seqs	1	178
r7_133seqs	1	149
r7_133seqs	1	176
r7_133seqs	1	178
r7_133seqs	1	176
r7_133seqs	1	178
r7_133seqs	1	178
r7_133seqs	1	148
r7_133seqs	2	148
r7_133seqs	1	178
r7_133seqs	1	148
r7_133seqs	2	148
r7_133seqs	2	148
r7_133seqs	1	178
r7_133seqs	1	178
r7_133seqs	1	178
r7_133seqs	1	178
r7_133seqs	1	178
r7_133seqs	1	178
r7_133seqs	1	178
r7_133seqs	1	178
r7_133seqs	1	178
r7_133seqs	1	178
r7_133seqs	1	178
r7_133seqs	1	178
r7_133seqs	1	178
r7_133seqs	1	178
r7_133seqs	1	178
r7_133seqs	1	178
r7_133seqs	1	145
r7_133seqs	1	145
r7_133seqs	1	148
r7_133seqs	1	148
r7_133seqs	1	176
r7_133seqs	1	178
r7_133seqs	1	178
r7_133seqs	1	178
r7_133seqs	1	148
r7_133seqs	1	148
r7_133seqs	1	176
r7_133seqs	1	177
r7_133seqs	1	178
r7_133seqs	1	148
r7_133seqs	1	178
r7_133seqs	1	178
r7_133seqs	1	150
r7_133seqs	1	148
r7_133seqs	2	148
r7_133seqs	1	178
r7_133seqs	1	148
r7_133seqs	1	148
r7_133seqs	1	148
r7_133seqs	1	148
r7_133seqs	1	148
r7_133seqs	1	148
r7_133seqs	1	148
r7_133seqs	1	148
r7_133seqs	1	148
r7_133seqs	1	148
r7_133seqs	1	148
r7_133seqs	1	148
r7_133seqs	1	148
r7_133seqs	1	148
r7_133seqs	1	148
r7_133seqs	1	148
r7_133seqs	1	148
r7_133seqs	1	148
r7_133seqs	1	148
r7_133seqs	1	148
r7_133seqs	1	148
r7_133seqs	1	148
r7_133seqs	1	148
r7_133seqs	1	148
r7_133seqs	1	148
r7_133seqs	1	178
r7_133seqs	1	148
r7_133seqs	1	178
r7_133seqs	1	148
r7_133seqs	1	148
r7_133seqs	1	148
r7_133seqs	1	148
r7_133seqs	1	148
r7_133seqs	1	148
r7_133seqs	1	148
r7_133seqs	1	148
r7_133seqs	1	148
r7_133seqs	1	148
r7_133seqs	1	148
r7_133seqs	1	148
r7_133seqs	1	148
r7_133seqs	1	148
r7_133seqs	1	148
r7_133seqs	1	148
r7_133seqs	1	148
r7_133seqs	1	148
r7_133seqs	1	148
r7_133seqs	1	148
r7_133seqs	1	148
r7_133seqs	1	148
r7_133seqs	1	148
r7_133seqs	1	148
r7_133seqs	1	148
r7_133seqs	1	178
r7_133seqs	1	148
r7_133seqs	1	148
r7_133seqs	1	150
r7_133seqs	1	148
r7_133seqs	1	148
r7_133seqs	1	148
r7_133seqs	1	148
r7_133seqs	1	148
r7_133seqs	1	148
r7_133seqs	1	148
r7_133seqs	1	148
r7_133seqs	1	148
r7_133seqs	1	148
r7_133seqs	1	148
r7_133seqs	1	178
r7_133seqs	1	148
r7_133seqs	1	148
r7_133seqs	1	148
r7_133seqs	1	148
r7_133seqs	1	148
r7_133seqs	1	148
r7_133seqs	1	148
r7_133seqs	7	178
r7_133seqs	1	148
r7_133seqs	1	148
r7_133seqs	1	148
r7_133seqs	1	148
r7_133seqs	1	148
r7_133seqs	1	148
r7_133seqs	1	148
r7_133seqs	1	148
r7_133seqs	1	148
r7_133seqs	1	148
r7_133seqs	1	148
r7_133seqs	1	148
r7_133seqs	1	148
r7_133seqs	1	148
r7_133seqs	1	148
r7_133seqs	1	148
r7_133seqs	1	148
r7_133seqs	1	148
r7_133seqs	1	148
r7_133seqs	1	148
r7_133seqs	1	148
r7_133seqs	1	146
r7_133seqs	1	148
r7_133seqs	1	148
r7_133seqs	1	148
r7_133seqs	1	148
r7_133seqs	1	148
r7_133seqs	1	148
r7_133seqs	1	176
r7_133seqs	1	148
r7_133seqs	1	148
r7_133seqs	1	148
r7_133seqs	1	178
r7_133seqs	1	148
r7_133seqs	1	148
r7_133seqs	1	148
r7_133seqs	1	148
r7_133seqs	2	148
r7_133seqs	1	148
r7_133seqs	1	178
r7_133seqs	2	178
r7_133seqs	1	177
r7_133seqs	2	172
r7_133seqs	1	159
r7_133seqs	1	146
r7_133seqs	1	178
r7_133seqs	1	148
r7_133seqs	1	148
r7_133seqs	1	178
r7_133seqs	1	148
r7_133seqs	1	178
r7_133seqs	1	178
r7_133seqs	1	148
r7_133seqs	1	148
r7_133seqs	1	178
r7_133seqs	1	151
r7_133seqs	1	178
r7_133seqs	1	148
r7_133seqs	1	178
r7_133seqs	1	178
r7_133seqs	1	178
r7_133seqs	2	175
r7_133seqs	1	148
r7_133seqs	1	148
r7_133seqs	1	151
r7_133seqs	1	147
r7_133seqs	1	148
r7_133seqs	1	148
r7_133seqs	1	149
r7_133seqs	1	149
r7_133seqs	1	175
r7_133seqs	1	149
r7_133seqs	1	178
r7_133seqs	1	178
r7_133seqs	1	149
r7_133seqs	1	147
r7_133seqs	2	148
r7_133seqs	1	178
r7_133seqs	2	148
r7_133seqs	2	148
r7_133seqs	2	148
r7_133seqs	1	178
r7_133seqs	1	178
r7_133seqs	1	178
r7_133seqs	1	178
r7_133seqs	1	178
r7_133seqs	1	178
r7_133seqs	1	145
r7_133seqs	1	178
r7_133seqs	1	178
r7_133seqs	1	178
r7_133seqs	1	178
r7_133seqs	1	178
r7_133seqs	1	178
r7_133seqs	1	178
r7_133seqs	1	178
r7_133seqs	1	178
r7_133seqs	1	178
r7_133seqs	1	145
r7_133seqs	1	178
r7_133seqs	1	160
r7_133seqs	1	145
r7_133seqs	1	178
r7_133seqs	1	147
r7_133seqs	1	178
r7_133seqs	1	178
r7_133seqs	1	148
r7_133seqs	1	161
r7_133seqs	1	148
r7_133seqs	2	148
r7_133seqs	1	178
r7_133seqs	1	150
r7_133seqs	1	177
r7_133seqs	1	177
r7_133seqs	1	177
r7_133seqs	1	178
r7_133seqs	1	178
r7_133seqs	1	148
r7_133seqs	1	177
r7_133seqs	1	177
r7_133seqs	1	177
r7_133seqs	1	178
r7_133seqs	1	150
r7_133seqs	1	150
r7_133seqs	1	148
r7_133seqs	1	148
r7_133seqs	1	148
r7_133seqs	1	148
r7_133seqs	1	148
r7_133seqs	1	148
r7_133seqs	1	148
r7_133seqs	1	148
r7_133seqs	1	148
r7_133seqs	1	148
r7_133seqs	1	148
r7_133seqs	1	148
r7_133seqs	1	148
r7_133seqs	1	148
r7_133seqs	1	178
r7_133seqs	1	148
r7_133seqs	1	148
r7_133seqs	1	148
r7_133seqs	1	148
r7_133seqs	1	148
r7_133seqs	1	148
r7_133seqs	1	148
r7_133seqs	1	148
r7_133seqs	1	148
r7_133seqs	1	148
r7_133seqs	1	148
r7_133seqs	1	148
r7_133seqs	1	148
r7_133seqs	1	178
r7_133seqs	1	148
r7_133seqs	1	148
r7_133seqs	1	148
r7_133seqs	1	148
r7_133seqs	1	148
r7_133seqs	1	177
r7_133seqs	1	148
r7_133seqs	1	148
r7_133seqs	1	148
r7_133seqs	1	148
r7_133seqs	1	178
r7_133seqs	1	148
r7_133seqs	1	148
r7_133seqs	1	148
r7_133seqs	1	148
r7_133seqs	1	148
r7_133seqs	1	148
r7_133seqs	1	148
r7_133seqs	4	178
r7_133seqs	1	148
r7_133seqs	1	148
r7_133seqs	1	148
r7_133seqs	1	148
r7_133seqs	1	148
r7_133seqs	1	148
r7_133seqs	1	148
r7_133seqs	1	148
r7_133seqs	1	148
r7_133seqs	1	148
r7_133seqs	1	148
r7_133seqs	1	148
r7_133seqs	1	148
r7_133seqs	1	148
r7_133seqs	1	148
r7_133seqs	1	148
r7_133seqs	1	148
r7_133seqs	1	148
r7_133seqs	1	148
r7_133seqs	1	148
r7_133seqs	1	148
r7_133seqs	1	148
r7_133seqs	1	148
r7_133seqs	1	148
r7_133seqs	1	148
r7_133seqs	1	148
r7_133seqs	1	148
r7_133seqs	1	148
r7_133seqs	1	148
r7_133seqs	1	148
r7_133seqs	1	148
r7_133seqs	1	148
r7_133seqs	1	148
r7_133seqs	1	148
r7_133seqs	1	148
r7_133seqs	1	148
r7_133seqs	1	148
r7_133seqs	1	148
r7_133seqs	1	148
r7_133seqs	1	148
r7_133seqs	1	148
r7_133seqs	1	148
r7_133seqs	1	148
r7_133seqs	1	148
r7_133seqs	1	148
r7_133seqs	1	148
r7_133seqs	1	148
r7_133seqs	1	148
r7_133seqs	1	148
r7_133seqs	1	148
r7_133seqs	1	148
r7_133seqs	1	148
r7_133seqs	1	148
r7_133seqs	1	148
r7_133seqs	1	148
r7_133seqs	1	148
r7_133seqs	1	148
r7_133seqs	1	148
r7_133seqs	1	148
r7_133seqs	1	148
r7_133seqs	1	148
r7_133seqs	1	148
r7_133seqs	1	148
r7_133seqs	1	177
r7_133seqs	1	146
r7_133seqs	1	148
r7_133seqs	1	148
r7_133seqs	1	146
r7_133seqs	1	148
r7_133seqs	1	148
r7_133seqs	3	148
r7_133seqs	2	178
r7_133seqs	1	148
r7_133seqs	1	148
r7_133seqs	1	178
r7_133seqs	1	175
r7_133seqs	1	148
r7_133seqs	1	148
r7_133seqs	1	151
r7_133seqs	1	148
r7_133seqs	1	148
r7_133seqs	1	148
r7_133seqs	1	178
r7_133seqs	1	178
r7_133seqs	1	178
r7_133seqs	1	148
r7_133seqs	1	148
r7_133seqs	1	148
r7_133seqs	1	148
r7_133seqs	2	177
r7_133seqs	1	178
r7_133seqs	1	178
r7_133seqs	1	178
r7_133seqs	1	148
r7_133seqs	1	149
r7_133seqs	2	148
r7_133seqs	2	148
r7_133seqs	1	174
r7_133seqs	1	147
r7_133seqs	1	178
r7_133seqs	1	178
r7_133seqs	1	145
r7_133seqs	1	177
r7_133seqs	1	178
r7_133seqs	1	178
r7_133seqs	1	178
r7_133seqs	1	178
r7_133seqs	1	178
r7_133seqs	1	178
r7_133seqs	1	178
r7_133seqs	4	148
r7_133seqs	2	148
r7_133seqs	1	148
r7_133seqs	1	176
r7_133seqs	1	148
r7_133seqs	1	148
r7_133seqs	1	148
r7_133seqs	1	143
r7_133seqs	2	178
r7_133seqs	1	177
r7_133seqs	1	178
r7_133seqs	2	148
r7_133seqs	1	177
r7_133seqs	1	150
r7_133seqs	1	148
r7_133seqs	1	148
r7_133seqs	1	148
r7_133seqs	1	148
r7_133seqs	1	148
r7_133seqs	1	148
r7_133seqs	1	148
r7_133seqs	1	148
r7_133seqs	1	148
r7_133seqs	1	148
r7_133seqs	1	148
r7_133seqs	1	148
r7_133seqs	1	148
r7_133seqs	1	148
r7_133seqs	1	148
r7_133seqs	1	148
r7_133seqs	1	148
r7_133seqs	1	148
r7_133seqs	1	148
r7_133seqs	1	148
r7_133seqs	1	148
r7_133seqs	1	148
r7_133seqs	1	148
r7_133seqs	1	148
r7_133seqs	1	148
r7_133seqs	1	148
r7_133seqs	1	148
r7_133seqs	1	148
r7_133seqs	1	148
r7_133seqs	1	148
r7_133seqs	1	148
r7_133seqs	1	148
r7_133seqs	1	148
r7_133seqs	1	148
r7_133seqs	1	148
r7_133seqs	1	148
r7_133seqs	1	148
r7_133seqs	1	148
r7_133seqs	1	148
r7_133seqs	1	148
r7_133seqs	1	178
r7_133seqs	1	148
r7_133seqs	1	148
r7_133seqs	1	148
r7_133seqs	1	148
r7_133seqs	1	148
r7_133seqs	1	148
r7_133seqs	1	177
r7_133seqs	1	148
r7_133seqs	1	148
r7_133seqs	1	148
r7_133seqs	1	148
r7_133seqs	1	148
r7_133seqs	1	148
r7_133seqs	1	148
r7_133seqs	1	148
r7_133seqs	1	148
r7_133seqs	1	148
r7_133seqs	1	148
r7_133seqs	1	148
r7_133seqs	1	148
r7_133seqs	1	148
r7_133seqs	1	148
r7_133seqs	1	148
r7_133seqs	1	148
r7_133seqs	1	148
r7_133seqs	1	148
r7_133seqs	1	148
r7_133seqs	1	148
r7_133seqs	1	148
r7_133seqs	1	148
r7_133seqs	1	148
r7_133seqs	1	148
r7_133seqs	1	148
r7_133seqs	1	148
r7_133seqs	1	148
r7_133seqs	1	148
r7_133seqs	1	148
r7_133seqs	1	146
r7_133seqs	1	178
r7_133seqs	1	148
r7_133seqs	1	178
r7_133seqs	1	148
r7_133seqs	1	148
r7_133seqs	1	148
r7_133seqs	1	177
r7_133seqs	2	178
r7_133seqs	5	148
r7_133seqs	1	148
r7_133seqs	1	178
r7_133seqs	1	148
r7_133seqs	1	148
r7_133seqs	2	176
r7_133seqs	1	148
r7_133seqs	1	178
r7_133seqs	1	178
r7_133seqs	1	148
r7_133seqs	7	148
r7_133seqs	1	148
r7_133seqs	1	148
r7_133seqs	7	148
r7_133seqs	1	147
r7_133seqs	1	148
r7_133seqs	2	177
r7_133seqs	2	148
r7_133seqs	1	145
r7_133seqs	1	178
r7_133seqs	1	145
r7_133seqs	1	178
r7_133seqs	1	178
r7_133seqs	1	178
r7_133seqs	1	145
r7_133seqs	1	178
r7_133seqs	1	145
r7_133seqs	1	148
r7_133seqs	1	148
r7_133seqs	1	148
r7_133seqs	1	148
r7_133seqs	2	148
r7_133seqs	1	178
r7_133seqs	1	159
r7_133seqs	1	148
r7_133seqs	1	148
r7_133seqs	1	148
r7_133seqs	1	148
r7_133seqs	1	148
r7_133seqs	1	148
r7_133seqs	1	148
r7_133seqs	1	148
r7_133seqs	1	148
r7_133seqs	1	148
r7_133seqs	1	148
r7_133seqs	1	148
r7_133seqs	1	148
r7_133seqs	1	148
r7_133seqs	1	148
r7_133seqs	1	148
r7_133seqs	1	148
r7_133seqs	1	148
r7_133seqs	1	148
r7_133seqs	1	148
r7_133seqs	1	148
r7_133seqs	1	148
r7_133seqs	1	148
r7_133seqs	1	148
r7_133seqs	1	148
r7_133seqs	1	148
r7_133seqs	1	148
r7_133seqs	1	148
r7_133seqs	1	148
r7_133seqs	1	145
r7_133seqs	1	148
r7_133seqs	1	148
r7_133seqs	1	148
r7_133seqs	1	148
r7_133seqs	1	148
r7_133seqs	1	148
r7_133seqs	1	148
r7_133seqs	1	148
r5_27seqs	11	122
r5_27seqs	1	144
r5_27seqs	1	100
r5_27seqs	1	138
r5_27seqs	1	113
r5_27seqs	1	127
r5_27seqs	1	127
r5_27seqs	1	100
r5_27seqs	1	120
r5_27seqs	1	133
r5_27seqs	2	139
r5_27seqs	1	127
r5_27seqs	1	133
r5_27seqs	1	100
r5_27seqs	1	100
r5_27seqs	1	100
r5_27seqs	1	137
r5_27seqs	1	178
r5_27seqs	2	139
r5_27seqs	1	127
r5_27seqs	1	127
r5_27seqs	15	176
r5_27seqs	1	110
r5_27seqs	1	142
r5_27seqs	2	100
r5_27seqs	1	178
r5_27seqs	1	166
r5_27seqs	11	159
r5_27seqs	1	178
r5_27seqs	1	100
r5_27seqs	1	109
r5_27seqs	1	100
r5_27seqs	1	130
r5_27seqs	1	106
r5_27seqs	1	178
r5_27seqs	1	127
r5_27seqs	1	116
r5_27seqs	1	100
r5_27seqs	1	100
r5_27seqs	1	100
r5_27seqs	4	113
r5_27seqs	1	127
r5_27seqs	1	139
r5_27seqs	1	139
r5_27seqs	1	127
r5_27seqs	1	100
r5_27seqs	1	134
r5_27seqs	2	106
r5_27seqs	1	139
r5_27seqs	1	133
r5_27seqs	1	100
r5_27seqs	1	176
r5_27seqs	2	100
r5_27seqs	1	127
r5_27seqs	7	178
r5_27seqs	1	120
r5_27seqs	1	178
r5_27seqs	1	99
r5_27seqs	1	100
r5_27seqs	1	159
r5_27seqs	1	139
r5_27seqs	1	178
r5_27seqs	1	100
r5_27seqs	1	146
r5_27seqs	7	159
r5_27seqs	7	155
r5_27seqs	1	90
r5_27seqs	1	86
r5_27seqs	2	108
r5_27seqs	1	100
r5_27seqs	1	177
r5_27seqs	1	91
r5_27seqs	1	91
r5_27seqs	1	89
r5_27seqs	1	78
r5_27seqs	1	133
r5_27seqs	2	172
r5_27seqs	1	113
r5_27seqs	63	176
r5_27seqs	1	120
r5_27seqs	1	120
r5_27seqs	1	178
r5_27seqs	1	139
r5_27seqs	1	178
r5_27seqs	39	172
r5_27seqs	1	178
r7_133seqs	1	178
r7_133seqs	1	178
r7_133seqs	1	178
r7_133seqs	1	178
r7_133seqs	1	148
r7_133seqs	1	176
r7_133seqs	1	178
r7_133seqs	1	148
r7_133seqs	1	178
r7_133seqs	1	148
r7_133seqs	1	178
r7_133seqs	1	148
r7_133seqs	1	147
r7_133seqs	1	147
r7_133seqs	1	178
r7_133seqs	1	178
r7_133seqs	1	148
r7_133seqs	1	178
r7_133seqs	1	148
r7_133seqs	1	178
r7_133seqs	1	148
r7_133seqs	1	148
r7_133seqs	1	176
r7_133seqs	1	178
r7_133seqs	1	178
r7_133seqs	1	178
r7_133seqs	1	176
r7_133seqs	1	178
r7_133seqs	2	177
r7_133seqs	1	178
r7_133seqs	1	178
r7_133seqs	1	178
r7_133seqs	1	148
r7_133seqs	2	177
r7_133seqs	1	178
r7_133seqs	1	177
r7_133seqs	1	148
r7_133seqs	1	178
r7_133seqs	1	148
r7_133seqs	1	148
r7_133seqs	1	148
r7_133seqs	1	148
r7_133seqs	1	148
r7_133seqs	1	178
r7_133seqs	1	148
r7_133seqs	1	178
r7_133seqs	2	178
r7_133seqs	1	178
r7_133seqs	1	178
r7_133seqs	1	178
r7_133seqs	1	178
r7_133seqs	1	178
r7_133seqs	1	148
r7_133seqs	1	178
r7_133seqs	1	145
r7_133seqs	1	178
r7_133seqs	2	148
r7_133seqs	1	177
r7_133seqs	1	148
r7_133seqs	1	148
r7_133seqs	1	178
r7_133seqs	1	178
r7_133seqs	1	178
r7_133seqs	1	148
r7_133seqs	1	148
r7_133seqs	1	145
r7_133seqs	1	148
r7_133seqs	1	148
r7_133seqs	1	148
r7_133seqs	1	148
r7_133seqs	1	148
r7_133seqs	1	148
r7_133seqs	1	178
r7_133seqs	2	178
r7_133seqs	1	148
r7_133seqs	1	148
r7_133seqs	1	148
r7_133seqs	1	178
r7_133seqs	1	148
r7_133seqs	1	178
r7_133seqs	1	148
r7_133seqs	1	148
r7_133seqs	1	177
r7_133seqs	1	148
r7_133seqs	2	148
r7_133seqs	1	148
r7_133seqs	1	151
r7_133seqs	1	178
r7_133seqs	1	178
r7_133seqs	1	178
r7_133seqs	1	178
r7_133seqs	1	178
r7_133seqs	1	178
r7_133seqs	1	178
r7_133seqs	1	148
r7_133seqs	1	148
r7_133seqs	1	178
r7_133seqs	2	148
r7_133seqs	1	148
r7_133seqs	1	178
r7_133seqs	1	145
r7_133seqs	1	178
r7_133seqs	1	178
r7_133seqs	1	178
r7_133seqs	1	178
r7_133seqs	1	148
r7_133seqs	1	145
r7_133seqs	1	178
r7_133seqs	1	148
r7_133seqs	1	178
r7_133seqs	1	148
r7_133seqs	1	148
r7_133seqs	1	148
r7_133seqs	1	150
r7_133seqs	1	150
r7_133seqs	2	178
r7_133seqs	1	177
r7_133seqs	1	178
r7_133seqs	1	178
r7_133seqs	1	178
r7_133seqs	1	177
r7_133seqs	1	150
r7_133seqs	1	159
r7_133seqs	2	148
r7_133seqs	1	148
r7_133seqs	1	148
r7_133seqs	1	148
r7_133seqs	1	148
r7_133seqs	1	148
r7_133seqs	1	148
r7_133seqs	1	148
r7_133seqs	1	148
r7_133seqs	1	148
r7_133seqs	1	148
r7_133seqs	1	148
r7_133seqs	1	148
r7_133seqs	1	148
r7_133seqs	1	148
r7_133seqs	2	177
r7_133seqs	1	176
r7_133seqs	1	177
r7_133seqs	1	148
r7_133seqs	1	178
r7_133seqs	1	148
r7_133seqs	1	178
r7_133seqs	1	178
r7_133seqs	1	148
r7_133seqs	1	148
r7_133seqs	1	148
r7_133seqs	1	148
r7_133seqs	1	148
r7_133seqs	1	148
r7_133seqs	1	148
r7_133seqs	1	146
r7_133seqs	1	148
r7_133seqs	1	148
r7_133seqs	1	148
r7_133seqs	1	148
r7_133seqs	1	148
r7_133seqs	1	148
r7_133seqs	1	178
r7_133seqs	5	148
r7_133seqs	1	178
r7_133seqs	1	146
r7_133seqs	1	178
r7_133seqs	1	148
r7_133seqs	1	148
r7_133seqs	1	148
r7_133seqs	1	178
r7_133seqs	1	177
r7_133seqs	1	148
r7_133seqs	1	146
r7_133seqs	1	148
r7_133seqs	1	173
r7_133seqs	1	178
r7_133seqs	1	148
r7_133seqs	1	177
r7_133seqs	1	177
r7_133seqs	1	176
r7_133seqs	1	178
r7_133seqs	1	148
r7_133seqs	1	148
r7_133seqs	1	148
r7_133seqs	1	178
r7_133seqs	2	148
r7_133seqs	1	147
r7_133seqs	1	178
r7_133seqs	2	148
r7_133seqs	1	147
r7_133seqs	1	148
r7_133seqs	1	178
r7_133seqs	1	178
r7_133seqs	1	178
r7_133seqs	1	178
r7_133seqs	1	178
r7_133seqs	1	178
r7_133seqs	1	178
r7_133seqs	1	145
r7_133seqs	1	178
r7_133seqs	1	145
r7_133seqs	1	148
r7_133seqs	1	178
r7_133seqs	1	178
r7_133seqs	1	178
r7_133seqs	1	148
r7_133seqs	1	178
r7_133seqs	1	148
r7_133seqs	1	177
r7_133seqs	1	178
r7_133seqs	1	177
r7_133seqs	1	177
r7_133seqs	1	178
r7_133seqs	2	148
r7_133seqs	1	148
r7_133seqs	1	148
r7_133seqs	2	177
r7_133seqs	1	148
r7_133seqs	1	148
r7_133seqs	1	148
r7_133seqs	1	148
r7_133seqs	1	148
r7_133seqs	1	148
r7_133seqs	1	148
r7_133seqs	1	148
r7_133seqs	1	178
r7_133seqs	1	148
r7_133seqs	1	148
r7_133seqs	1	178
r7_133seqs	1	148
r7_133seqs	1	148
r7_133seqs	1	148
r7_133seqs	1	148
r7_133seqs	1	148
r7_133seqs	1	148
r7_133seqs	2	178
r7_133seqs	1	148
r7_133seqs	1	148
r7_133seqs	1	148
r7_133seqs	1	148
r7_133seqs	1	178
r7_133seqs	1	148
r7_133seqs	1	148
r7_133seqs	1	148
r7_133seqs	1	148
r7_133seqs	1	148
r7_133seqs	1	148
r7_133seqs	1	148
r7_133seqs	1	148
r7_133seqs	1	148
r7_133seqs	1	146
r7_133seqs	1	146
r7_133seqs	1	146
r7_133seqs	1	178
r7_133seqs	1	148
r7_133seqs	1	148
r7_133seqs	1	178
r7_133seqs	1	148
r7_133seqs	1	176
r7_133seqs	1	178
r7_133seqs	2	177
r7_133seqs	1	148
r7_133seqs	1	148
r7_133seqs	1	148
r7_133seqs	1	148
r7_133seqs	1	148
r7_133seqs	1	148
r7_133seqs	1	148
r7_133seqs	1	148
r7_133seqs	1	148
r7_133seqs	2	178
r7_133seqs	1	178
r7_133seqs	1	177
r7_133seqs	1	148
r7_133seqs	1	177
r7_133seqs	1	144
r7_133seqs	1	146
r7_133seqs	1	146
r7_133seqs	1	148
r7_133seqs	1	178
r7_133seqs	1	178
r7_133seqs	1	178
r7_133seqs	1	178
r7_133seqs	2	145
r7_133seqs	1	178
r7_133seqs	1	178
r7_133seqs	1	178
r7_133seqs	1	178
r7_133seqs	1	177
r7_133seqs	2	148
r7_133seqs	1	177
r7_133seqs	1	148
r7_133seqs	1	148
r7_133seqs	1	148
r7_133seqs	1	148
r7_133seqs	1	178
r7_133seqs	1	178
r7_133seqs	2	177
r7_133seqs	2	148
r7_133seqs	1	178
r7_133seqs	1	148
r7_133seqs	1	149
r7_133seqs	2	178
r7_133seqs	1	148
r7_133seqs	1	178
r7_133seqs	1	148
r7_133seqs	1	146
r7_133seqs	1	145
r7_133seqs	1	146
r7_133seqs	1	146
r7_133seqs	2	148
r7_133seqs	1	148
r7_133seqs	1	176
r7_133seqs	1	178
r7_133seqs	1	147
r7_133seqs	2	178
r7_133seqs	1	148
r7_133seqs	2	148
r7_133seqs	1	150
r7_133seqs	2	148
r7_133seqs	1	178
r7_133seqs	1	178
r7_133seqs	1	177
r7_133seqs	1	178
r7_133seqs	2	178
r7_133seqs	1	178
r7_133seqs	1	178
r7_133seqs	2	148
r7_133seqs	1	178
r7_133seqs	1	178
r7_133seqs	1	178
r7_133seqs	1	145
r7_133seqs	4	148
r7_133seqs	1	178
r7_133seqs	1	145
r7_133seqs	1	178
r7_133seqs	1	148
r7_133seqs	2	177
r7_133seqs	1	148
r7_133seqs	9	178
r7_133seqs	1	178
r7_133seqs	1	176
r7_133seqs	1	178
r7_133seqs	1	148
r7_133seqs	1	178
r7_133seqs	1	148
r7_133seqs	1	148
r7_133seqs	1	178
r7_133seqs	1	178
r7_133seqs	5	174
r7_133seqs	1	161
r7_133seqs	2	171
r7_133seqs	1	148
r7_133seqs	1	148
r7_133seqs	4	148
r7_133seqs	1	148
r7_133seqs	1	159
r7_133seqs	1	147
r7_133seqs	1	177
r7_133seqs	1	178
r7_133seqs	1	175
r7_133seqs	1	177
r7_133seqs	1	177
r7_133seqs	1	178
r7_133seqs	1	176
r7_133seqs	1	176
r7_133seqs	5	178
r7_133seqs	1	178
r7_133seqs	1	148
r7_133seqs	1	148
r7_133seqs	1	178
r7_133seqs	1	148
r7_133seqs	1	178
r7_133seqs	1	178
r7_133seqs	1	148
r7_133seqs	1	148
r7_133seqs	1	148
r7_133seqs	1	148
r7_133seqs	1	148
r7_133seqs	1	148
r7_133seqs	1	148
r7_133seqs	1	148
r7_133seqs	1	148
r7_133seqs	1	148
r7_133seqs	1	148
r7_133seqs	1	148
r7_133seqs	1	148
r7_133seqs	1	148
r7_133seqs	1	148
r7_133seqs	1	178
r7_133seqs	1	148
r7_133seqs	1	148
r7_133seqs	1	178
r7_133seqs	1	148
r7_133seqs	1	148
r7_133seqs	1	148
r7_133seqs	1	178
r7_133seqs	1	148
r7_133seqs	2	178
r7_133seqs	1	148
r7_133seqs	1	148
r7_133seqs	1	148
r7_133seqs	1	148
r7_133seqs	1	148
r7_133seqs	1	148
r7_133seqs	1	148
r7_133seqs	1	148
r7_133seqs	1	150
r7_133seqs	1	148
r7_133seqs	1	148
r7_133seqs	1	148
r7_133seqs	1	148
r7_133seqs	1	148
r7_133seqs	1	148
r7_133seqs	1	148
r7_133seqs	1	148
r7_133seqs	1	148
r7_133seqs	1	148
r7_133seqs	1	148
r7_133seqs	1	148
r7_133seqs	2	178
r7_133seqs	1	148
r7_133seqs	1	178
r7_133seqs	1	148
r7_133seqs	1	148
r7_133seqs	1	148
r7_133seqs	1	148
r7_133seqs	1	148
r7_133seqs	1	148
r7_133seqs	1	148
r7_133seqs	1	146
r7_133seqs	1	146
r7_133seqs	1	148
r7_133seqs	1	148
r7_133seqs	1	146
r7_133seqs	1	146
r7_133seqs	1	177
r7_133seqs	1	178
r7_133seqs	5	148
r7_133seqs	1	178
r7_133seqs	1	178
r7_133seqs	2	178
r7_133seqs	1	144
r7_133seqs	1	148
r7_133seqs	1	146
r7_133seqs	1	148
r7_133seqs	1	148
r7_133seqs	1	148
r7_133seqs	1	177
r7_133seqs	1	148
r7_133seqs	1	178
r7_133seqs	1	178
r7_133seqs	7	148
r7_133seqs	1	178
r7_133seqs	1	148
r7_133seqs	1	178
r7_133seqs	1	178
r7_133seqs	1	178
r7_133seqs	1	178
r7_133seqs	1	148
r7_133seqs	1	178
r7_133seqs	1	178
r7_133seqs	1	178
r7_133seqs	1	148
r7_133seqs	1	148
r7_133seqs	1	148
r7_133seqs	2	145
r7_133seqs	1	148
r7_133seqs	1	148
r7_133seqs	1	148
r7_133seqs	7	148
r7_133seqs	1	148
r7_133seqs	1	151
r7_133seqs	1	148
r7_133seqs	1	148
r7_133seqs	1	148
r7_133seqs	1	148
r7_133seqs	1	148
r7_133seqs	1	148
r7_133seqs	1	148
r7_133seqs	2	159
r7_133seqs	1	178
r7_133seqs	1	178
r7_133seqs	1	148
r7_133seqs	1	149
r7_133seqs	1	178
r7_133seqs	3	178
r7_133seqs	1	178
r7_133seqs	1	178
r7_133seqs	1	178
r7_133seqs	2	178
r7_133seqs	1	148
r7_133seqs	4	177
r7_133seqs	2	145
r7_133seqs	1	176
r7_133seqs	1	178
r7_133seqs	1	178
r7_133seqs	1	178
r7_133seqs	2	148
r7_133seqs	1	178
r7_133seqs	2	148
r7_133seqs	2	148
r7_133seqs	1	178
r7_133seqs	2	148
r7_133seqs	2	148
r7_133seqs	1	177
r7_133seqs	1	177
r7_133seqs	2	148
r7_133seqs	2	148
r7_133seqs	2	148
r7_133seqs	1	178
r7_133seqs	4	148
r7_133seqs	1	178
r7_133seqs	1	145
r7_133seqs	1	159
r7_133seqs	1	145
r7_133seqs	1	148
r7_133seqs	1	178
r7_133seqs	5	178
r7_133seqs	1	145
r7_133seqs	1	178
r7_133seqs	1	178
r7_133seqs	1	178
r7_133seqs	1	178
r7_133seqs	1	178
r7_133seqs	1	145
r7_133seqs	1	178
r7_133seqs	1	178
r7_133seqs	1	145
r7_133seqs	1	147
r7_133seqs	1	178
r7_133seqs	1	145
r7_133seqs	1	145
r7_133seqs	1	177
r7_133seqs	1	145
r7_133seqs	2	146
r7_133seqs	1	148
r7_133seqs	2	148
r7_133seqs	1	178
r7_133seqs	1	148
r7_133seqs	1	148
r7_133seqs	1	148
r7_133seqs	1	178
r7_133seqs	2	177
r7_133seqs	1	148
r7_133seqs	1	178
r7_133seqs	1	178
r7_133seqs	1	148
r7_133seqs	6	148
r7_133seqs	1	178
r7_133seqs	1	178
r7_133seqs	1	178
r7_133seqs	1	178
r7_133seqs	1	178
r7_133seqs	1	178
r7_133seqs	1	149
r7_133seqs	4	148
r7_133seqs	9	178
r7_133seqs	4	146
r7_133seqs	1	178
r7_133seqs	1	147
r7_133seqs	1	177
r7_133seqs	1	177
r7_133seqs	1	146
r7_133seqs	5	178
r7_133seqs	1	148
r7_133seqs	1	150
r7_133seqs	1	178
r7_133seqs	1	148
r7_133seqs	1	178
r7_133seqs	1	150
r7_133seqs	2	148
r7_133seqs	1	147
r7_133seqs	1	147
r7_133seqs	8	148
r7_133seqs	2	148
r7_133seqs	8	177
r7_133seqs	1	148
r7_133seqs	1	148
r7_133seqs	1	148
r7_133seqs	1	145
r7_133seqs	1	148
r7_133seqs	1	148
r7_133seqs	1	148
r7_133seqs	1	148
r7_133seqs	1	148
r7_133seqs	1	148
r7_133seqs	1	178
r7_133seqs	1	148
r7_133seqs	1	148
r7_133seqs	1	148
r7_133seqs	1	148
r7_133seqs	1	178
r7_133seqs	1	148
r7_133seqs	1	148
r7_133seqs	1	148
r7_133seqs	1	148
r7_133seqs	1	148
r7_133seqs	1	148
r7_133seqs	1	148
r7_133seqs	1	148
r7_133seqs	1	148
r7_133seqs	1	178
r7_133seqs	1	148
r7_133seqs	1	148
r7_133seqs	1	148
r7_133seqs	1	148
r7_133seqs	1	148
r7_133seqs	1	148
r7_133seqs	1	148
r7_133seqs	1	148
r7_133seqs	1	148
r7_133seqs	1	178
r7_133seqs	1	148
r7_133seqs	1	148
r7_133seqs	1	148
r7_133seqs	1	148
r7_133seqs	1	148
r7_133seqs	1	148
r7_133seqs	1	148
r7_133seqs	1	148
r7_133seqs	1	148
r7_133seqs	1	148
r7_133seqs	1	148
r7_133seqs	1	148
r7_133seqs	1	148
r7_133seqs	1	148
r7_133seqs	1	148
r7_133seqs	1	178
r7_133seqs	1	148
r7_133seqs	1	148
r7_133seqs	1	148
r7_133seqs	1	148
r7_133seqs	1	148
r7_133seqs	1	148
r7_133seqs	1	148
r7_133seqs	1	175
r7_133seqs	1	148
r7_133seqs	1	148
r7_133seqs	1	148
r7_133seqs	1	148
r7_133seqs	1	148
r7_133seqs	1	178
r7_133seqs	1	178
r7_133seqs	1	148
r7_133seqs	1	148
r7_133seqs	1	148
r7_133seqs	1	148
r7_133seqs	1	148
r7_133seqs	1	148
r7_133seqs	1	178
r7_133seqs	1	148
r7_133seqs	1	178
r7_133seqs	1	148
r7_133seqs	1	148
r7_133seqs	1	148
r7_133seqs	1	148
r7_133seqs	1	148
r7_133seqs	1	148
r7_133seqs	1	148
r7_133seqs	1	148
r7_133seqs	1	148
r7_133seqs	1	148
r7_133seqs	1	148
r7_133seqs	1	148
r7_133seqs	1	148
r7_133seqs	1	148
r7_133seqs	1	148
r7_133seqs	1	148
r7_133seqs	1	148
r7_133seqs	1	148
r7_133seqs	1	148
r7_133seqs	1	148
r7_133seqs	1	148
r7_133seqs	1	145
r7_133seqs	1	145
r7_133seqs	1	146
r7_133seqs	1	146
r7_133seqs	1	146
r7_133seqs	1	178
r7_133seqs	1	142
r7_133seqs	1	148
r7_133seqs	12	148
r7_133seqs	1	148
r7_133seqs	1	148
r7_133seqs	2	147
r7_133seqs	1	148
r7_133seqs	1	148
r7_133seqs	1	146
r7_133seqs	1	178
r7_133seqs	1	148
r7_133seqs	1	148
r7_133seqs	1	148
r7_133seqs	1	146
r7_133seqs	1	148
r7_133seqs	1	167
r7_133seqs	1	149
r7_133seqs	1	178
r7_133seqs	1	150
r7_133seqs	2	145
r7_133seqs	1	178
r7_133seqs	1	144
r7_133seqs	1	144
r7_133seqs	1	177
r7_133seqs	1	177
r7_133seqs	1	177
r7_133seqs	1	148
r7_133seqs	2	148
r7_133seqs	2	178
r7_133seqs	1	146
r7_133seqs	1	177
r7_133seqs	1	148
r7_133seqs	1	178
r7_133seqs	1	148
r7_133seqs	1	178
r7_133seqs	1	148
r7_133seqs	7	148
r7_133seqs	1	148
r7_133seqs	1	177
r7_133seqs	1	178
r7_133seqs	1	148
r7_133seqs	1	148
r7_133seqs	1	148
r7_133seqs	1	178
r7_133seqs	1	178
r7_133seqs	1	148
r7_133seqs	1	178
r7_133seqs	1	178
r7_133seqs	1	178
r7_133seqs	1	178
r7_133seqs	1	147
r7_133seqs	1	148
r7_133seqs	1	178
r7_133seqs	1	178
r7_133seqs	1	178
r7_133seqs	1	148
r7_133seqs	1	177
r7_133seqs	1	148
r7_133seqs	1	148
r7_133seqs	1	148
r7_133seqs	1	175
r7_133seqs	1	175
r7_133seqs	1	148
r7_133seqs	1	148
r7_133seqs	1	148
r7_133seqs	1	178
r7_133seqs	1	148
r7_133seqs	1	148
r7_133seqs	1	148
r7_133seqs	1	148
r7_133seqs	1	148
r7_133seqs	1	147
r7_133seqs	1	148
r7_133seqs	1	148
r7_133seqs	1	148
r7_133seqs	1	148
r7_133seqs	1	148
r7_133seqs	1	148
r7_133seqs	1	148
r7_133seqs	1	148
r7_133seqs	2	148
r7_133seqs	1	178
r7_133seqs	1	178
r7_133seqs	1	178
r7_133seqs	1	148
r7_133seqs	1	148
r7_133seqs	5	177
r7_133seqs	1	148
r7_133seqs	1	149
r7_133seqs	1	149
r7_133seqs	1	177
r7_133seqs	1	147
r7_133seqs	2	148
r7_133seqs	1	147
r7_133seqs	20	148
r7_133seqs	1	148
r7_133seqs	1	178
r7_133seqs	1	148
r7_133seqs	1	147
r7_133seqs	1	178
r7_133seqs	1	147
r7_133seqs	12	177
r7_133seqs	2	148
r7_133seqs	2	148
r7_133seqs	1	147
r7_133seqs	2	148
r7_133seqs	2	148
r7_133seqs	1	147
r7_133seqs	1	147
r7_133seqs	1	178
r7_133seqs	1	178
r7_133seqs	1	146
r7_133seqs	1	178
r7_133seqs	1	148
r7_133seqs	1	178
r7_133seqs	1	147
r7_133seqs	1	145
r7_133seqs	1	178
r7_133seqs	1	178
r7_133seqs	1	178
r7_133seqs	1	145
r7_133seqs	1	148
r7_133seqs	1	145
r7_133seqs	1	145
r7_133seqs	1	178
r7_133seqs	1	148
r7_133seqs	1	176
r7_133seqs	1	178
r7_133seqs	1	148
r7_133seqs	1	148
r7_133seqs	1	148
r7_133seqs	3	178
r7_133seqs	1	145
r7_133seqs	5	174
r7_133seqs	6	148
r7_133seqs	1	145
r7_133seqs	1	161
r7_133seqs	1	152
r7_133seqs	1	145
r7_133seqs	6	148
r7_133seqs	1	148
r7_133seqs	1	177
r7_133seqs	1	172
r7_133seqs	2	148
r7_133seqs	2	148
r7_133seqs	1	177
r7_133seqs	2	148
r7_133seqs	1	150
r7_133seqs	2	148
r7_133seqs	1	148
r7_133seqs	1	148
r7_133seqs	1	148
r7_133seqs	1	148
r7_133seqs	1	148
r7_133seqs	1	148
r7_133seqs	1	148
r7_133seqs	1	178
r7_133seqs	1	148
r7_133seqs	1	148
r7_133seqs	1	148
r7_133seqs	1	148
r7_133seqs	1	148
r7_133seqs	1	148
r7_133seqs	1	148
r7_133seqs	1	148
r7_133seqs	1	148
r7_133seqs	1	148
r7_133seqs	1	148
r7_133seqs	1	148
r7_133seqs	1	178
r7_133seqs	1	148
r7_133seqs	1	148
r7_133seqs	1	148
r7_133seqs	1	148
r7_133seqs	1	148
r7_133seqs	1	148
r7_133seqs	1	148
r7_133seqs	1	148
r7_133seqs	1	148
r7_133seqs	1	178
r7_133seqs	1	148
r7_133seqs	1	148
r7_133seqs	1	148
r7_133seqs	1	148
r7_133seqs	1	148
r7_133seqs	1	148
r7_133seqs	1	148
r7_133seqs	1	148
r7_133seqs	1	148
r7_133seqs	1	148
r7_133seqs	1	148
r7_133seqs	1	148
r7_133seqs	1	148
r7_133seqs	1	148
r7_133seqs	1	148
r7_133seqs	1	148
r7_133seqs	1	148
r7_133seqs	1	148
r7_133seqs	1	148
r7_133seqs	1	148
r7_133seqs	1	148
r7_133seqs	1	148
r7_133seqs	1	148
r7_133seqs	1	148
r7_133seqs	1	148
r7_133seqs	1	148
r7_133seqs	1	148
r7_133seqs	1	148
r7_133seqs	1	148
r7_133seqs	1	148
r7_133seqs	1	146
r7_133seqs	1	148
r7_133seqs	1	148
r7_133seqs	1	146
r7_133seqs	1	148
r7_133seqs	1	148
r7_133seqs	1	148
r7_133seqs	1	146
r7_133seqs	1	148
r7_133seqs	1	148
r7_133seqs	1	148
r7_133seqs	1	146
r7_133seqs	1	146
r7_133seqs	12	148
r7_133seqs	2	145
r7_133seqs	3	146
r7_133seqs	1	146
r7_133seqs	1	148
r7_133seqs	1	148
r7_133seqs	1	148
r7_133seqs	1	148
r7_133seqs	1	148
r7_133seqs	1	178
r7_133seqs	1	145
r7_133seqs	1	148
r7_133seqs	1	148
r7_133seqs	2	178
r7_133seqs	1	148
r7_133seqs	1	148
r7_133seqs	1	148
r7_133seqs	1	148
r7_133seqs	1	178
r7_133seqs	1	148
r7_133seqs	1	148
r7_133seqs	1	148
r7_133seqs	1	148
r7_133seqs	1	148
r7_133seqs	1	148
r7_133seqs	3	146
r7_133seqs	1	146
r7_133seqs	2	177
r7_133seqs	1	176
r7_133seqs	1	148
r7_133seqs	1	146
r7_133seqs	2	148
r7_133seqs	2	148
r7_133seqs	1	143
r7_133seqs	1	147
r7_133seqs	2	148
r7_133seqs	1	147
r7_133seqs	2	148
r7_133seqs	2	148
r7_133seqs	2	148
r7_133seqs	2	148
r7_133seqs	1	147
r7_133seqs	1	178
r7_133seqs	1	145
r7_133seqs	1	145
r7_133seqs	1	178
r7_133seqs	1	178
r7_133seqs	1	148
r7_133seqs	1	145
r7_133seqs	1	145
r7_133seqs	1	148
r7_133seqs	1	148
r7_133seqs	7	178
r7_133seqs	1	177
r7_133seqs	1	148
r7_133seqs	1	159
r7_133seqs	1	150
r7_133seqs	1	148
r7_133seqs	1	148
r7_133seqs	2	149
r7_133seqs	1	148
r7_133seqs	1	148
r7_133seqs	1	148
r7_133seqs	1	148
r7_133seqs	1	148
r7_133seqs	1	148
r7_133seqs	1	148
r7_133seqs	1	148
r7_133seqs	1	148
r7_133seqs	1	148
r7_133seqs	1	148
r7_133seqs	1	148
r7_133seqs	2	146
r7_133seqs	2	176
r7_133seqs	1	148
r7_133seqs	1	148
r7_133seqs	1	148
r7_133seqs	1	148
r7_133seqs	1	148
r7_133seqs	1	148
r7_133seqs	1	148
r7_133seqs	1	148
r7_133seqs	1	148
r7_133seqs	1	148
r7_133seqs	12	148
r7_133seqs	1	148
r7_133seqs	1	148
r7_133seqs	1	146
r7_133seqs	5	148
r7_133seqs	5	146
r7_133seqs	1	148
r7_133seqs	1	147
r7_133seqs	1	148
r7_133seqs	1	148
r7_133seqs	2	148
r7_133seqs	1	148
r7_133seqs	1	147
r7_133seqs	1	148
r7_133seqs	1	178
r7_133seqs	1	148
r7_133seqs	1	148
r7_133seqs	1	148
r7_133seqs	1	178
r7_133seqs	1	148
r7_133seqs	2	177
r7_133seqs	1	177
r7_133seqs	1	178
r7_133seqs	1	148
r7_133seqs	1	178
r7_133seqs	1	176
r7_133seqs	1	178
r7_133seqs	2	148
r7_133seqs	1	177
r7_133seqs	1	148
r7_133seqs	1	148
r7_133seqs	1	178
r7_133seqs	1	178
r7_133seqs	1	149
r7_133seqs	3	148
r7_133seqs	1	148
r7_133seqs	1	148
r7_133seqs	1	148
r7_133seqs	1	148
r7_133seqs	1	148
r7_133seqs	1	148
r7_133seqs	1	177
r7_133seqs	1	148
r7_133seqs	1	177
r7_133seqs	1	178
r7_133seqs	1	178
r7_133seqs	2	178
r7_133seqs	1	148
r7_133seqs	1	148
r7_133seqs	1	148
r7_133seqs	1	178
r7_133seqs	1	148
r7_133seqs	1	178
r7_133seqs	1	178
r7_133seqs	1	148
r7_133seqs	1	175
r7_133seqs	1	178
r7_133seqs	1	178
r7_133seqs	1	178
r7_133seqs	1	178
r7_133seqs	1	177
r7_133seqs	1	178
r7_133seqs	1	178
r7_133seqs	1	178
r7_133seqs	3	145
r7_133seqs	1	176
r7_133seqs	1	148
r7_133seqs	1	148
r7_133seqs	1	148
r7_133seqs	1	177
r7_133seqs	1	148
r7_133seqs	1	178
r7_133seqs	1	176
r7_133seqs	1	178
r7_133seqs	1	146
r7_133seqs	1	148
r7_133seqs	1	148
r7_133seqs	1	148
r7_133seqs	1	148
r7_133seqs	1	148
r7_133seqs	1	178
r7_133seqs	1	178
r7_133seqs	1	148
r7_133seqs	1	148
r7_133seqs	1	148
r7_133seqs	1	177
r7_133seqs	1	177
r7_133seqs	1	148
r7_133seqs	1	148
r7_133seqs	1	148
r7_133seqs	1	146
r7_133seqs	1	148
r7_133seqs	1	146
r7_133seqs	1	148
r7_133seqs	2	148
r7_133seqs	1	148
r7_133seqs	2	178
r7_133seqs	1	178
r7_133seqs	5	178
r7_133seqs	1	178
r7_133seqs	1	178
r7_133seqs	5	148
r7_133seqs	1	178
r7_133seqs	1	148
r7_133seqs	1	146
r7_133seqs	1	146
r7_133seqs	1	148
r7_133seqs	1	176
r7_133seqs	1	178
r7_133seqs	1	150
r7_133seqs	1	177
r7_133seqs	1	148
r7_133seqs	1	178
r7_133seqs	1	178
r7_133seqs	1	174
r7_133seqs	1	177
r7_133seqs	1	148
r7_133seqs	1	148
r7_133seqs	1	148
r7_133seqs	1	147
r7_133seqs	1	178
r7_133seqs	1	178
r7_133seqs	1	178
r7_133seqs	1	148
r7_133seqs	1	148
r7_133seqs	1	148
r7_133seqs	1	148
r7_133seqs	1	148
r7_133seqs	1	178
r7_133seqs	1	176
r7_133seqs	1	177
r7_133seqs	1	148
r7_133seqs	1	148
r7_133seqs	1	148
r7_133seqs	1	145
r7_133seqs	1	178
r7_133seqs	1	178
r7_133seqs	1	148
r7_133seqs	1	148
r7_133seqs	1	148
r7_133seqs	1	148
r7_133seqs	1	148
r7_133seqs	1	148
r7_133seqs	1	178
r7_133seqs	1	178
r7_133seqs	1	148
r7_133seqs	1	148
r7_133seqs	1	148
r7_133seqs	1	148
r7_133seqs	1	148
r7_133seqs	1	148
r7_133seqs	1	148
r7_133seqs	1	148
r7_133seqs	1	148
r7_133seqs	1	148
r7_133seqs	1	148
r7_133seqs	1	148
r7_133seqs	1	148
r7_133seqs	1	148
r7_133seqs	1	148
r7_133seqs	1	148
r7_133seqs	1	178
r7_133seqs	1	148
r7_133seqs	1	148
r7_133seqs	1	148
r7_133seqs	1	177
r7_133seqs	1	148
r7_133seqs	1	148
r7_133seqs	1	148
r7_133seqs	1	148
r7_133seqs	1	178
r7_133seqs	1	177
r7_133seqs	1	178
r7_133seqs	1	178
r7_133seqs	1	178
r7_133seqs	1	159
r7_133seqs	1	178
r7_133seqs	1	148
r7_133seqs	1	146
r7_133seqs	1	148
r7_133seqs	1	178
r7_133seqs	2	148
r7_133seqs	2	148
r7_133seqs	1	177
r7_133seqs	3	178
r7_133seqs	1	142
r7_133seqs	2	148
r7_133seqs	1	147
r7_133seqs	1	148
r7_133seqs	1	178
r7_133seqs	1	178
r7_133seqs	1	148
r7_133seqs	1	176
r7_133seqs	1	148
r7_133seqs	1	176
r7_133seqs	1	178
r7_133seqs	1	178
r7_133seqs	2	178
r7_133seqs	1	178
r7_133seqs	1	159
r7_133seqs	2	148
r7_133seqs	1	178
r7_133seqs	1	148
r7_133seqs	1	177
r7_133seqs	1	150
r7_133seqs	1	148
r7_133seqs	1	177
r7_133seqs	1	148
r7_133seqs	1	148
r7_133seqs	7	178
r7_133seqs	1	148
r7_133seqs	1	148
r7_133seqs	1	148
r7_133seqs	1	148
r7_133seqs	1	148
r7_133seqs	1	148
r7_133seqs	1	148
r7_133seqs	1	148
r7_133seqs	1	148
r7_133seqs	1	177
r7_133seqs	1	148
r7_133seqs	1	148
r7_133seqs	1	177
r7_133seqs	1	148
r7_133seqs	1	148
r7_133seqs	1	148
r7_133seqs	1	178
r7_133seqs	1	148
r7_133seqs	1	148
r7_133seqs	1	148
r7_133seqs	1	148
r7_133seqs	1	148
r7_133seqs	1	148
r7_133seqs	1	148
r7_133seqs	1	148
r7_133seqs	1	148
r7_133seqs	1	148
r7_133seqs	1	177
r7_133seqs	1	148
r7_133seqs	1	148
r7_133seqs	1	178
r7_133seqs	1	146
r7_133seqs	1	178
r7_133seqs	1	148
r7_133seqs	1	148
r7_133seqs	1	178
r7_133seqs	1	148
r7_133seqs	1	148
r7_133seqs	1	178
r7_133seqs	2	177
r7_133seqs	1	175
r7_133seqs	2	177
r7_133seqs	1	178
r7_133seqs	3	178
r7_133seqs	1	148
r7_133seqs	1	178
r7_133seqs	1	178
r7_133seqs	1	178
r7_133seqs	1	148
r7_133seqs	1	178
r7_133seqs	1	178
r7_133seqs	1	175
r7_133seqs	1	148
r7_133seqs	1	148
r7_133seqs	1	178
r7_133seqs	1	148
r7_133seqs	1	149
r7_133seqs	1	176
r7_133seqs	1	178
r7_133seqs	1	148
r7_133seqs	1	148
r7_133seqs	1	178
r7_133seqs	1	148
r7_133seqs	1	149
r7_133seqs	2	150
r7_133seqs	1	175
r7_133seqs	1	148
r7_133seqs	1	148
r7_133seqs	1	148
r7_133seqs	1	148
r7_133seqs	1	177
r7_133seqs	2	178
r7_133seqs	1	148
r7_133seqs	2	148
r7_133seqs	1	148
r7_133seqs	1	178
r7_133seqs	1	178
r7_133seqs	1	178
r7_133seqs	1	148
r7_133seqs	1	178
r7_133seqs	1	178
r7_133seqs	1	148
r7_133seqs	1	178
r7_133seqs	1	178
r7_133seqs	1	178
r7_133seqs	1	178
r7_133seqs	1	178
r7_133seqs	2	178
r7_133seqs	1	148
r7_133seqs	1	148
r7_133seqs	1	148
r7_133seqs	1	148
r7_133seqs	1	178
r7_133seqs	1	178
r7_133seqs	1	148
r7_133seqs	1	178
r7_133seqs	1	148
r7_133seqs	1	176
r7_133seqs	1	148
r7_133seqs	1	178
r7_133seqs	1	177
r7_133seqs	1	178
r7_133seqs	1	177
r7_133seqs	2	178
r7_133seqs	2	178
r7_133seqs	1	148
r7_133seqs	1	178
r7_133seqs	1	148
r7_133seqs	1	148
r7_133seqs	1	148
r7_133seqs	1	148
r7_133seqs	1	148
r7_133seqs	1	148
r7_133seqs	1	148
r7_133seqs	1	148
r7_133seqs	1	148
r7_133seqs	1	148
r7_133seqs	1	178
r7_133seqs	1	148
r7_133seqs	1	148
r7_133seqs	1	148
r7_133seqs	1	148
r7_133seqs	1	148
r7_133seqs	1	148
r7_133seqs	1	148
r7_133seqs	1	148
r7_133seqs	1	148
r7_133seqs	1	148
r7_133seqs	1	178
r7_133seqs	1	145
r7_133seqs	1	178
r7_133seqs	1	148
r7_133seqs	1	178
r7_133seqs	7	178
r7_133seqs	1	178
r7_133seqs	1	148
r7_133seqs	1	148
r7_133seqs	1	148
r7_133seqs	1	148
r7_133seqs	1	148
r7_133seqs	1	148
r7_133seqs	1	148
r7_133seqs	1	148
r7_133seqs	1	148
r7_133seqs	1	148
r7_133seqs	1	148
r7_133seqs	1	148
r7_133seqs	1	148
r7_133seqs	1	148
r7_133seqs	1	178
r7_133seqs	1	148
r7_133seqs	1	146
r7_133seqs	2	178
r7_133seqs	1	148
r7_133seqs	1	148
r7_133seqs	6	178
r7_133seqs	1	146
r7_133seqs	1	176
r7_133seqs	1	148
r7_133seqs	1	148
r7_133seqs	12	150
r7_133seqs	1	146
r7_133seqs	1	177
r7_133seqs	1	150
r7_133seqs	1	176
r7_133seqs	1	178
r7_133seqs	1	177
r7_133seqs	1	177
r7_133seqs	1	178
r7_133seqs	1	176
r7_133seqs	1	178
r7_133seqs	1	178
r7_133seqs	1	177
r7_133seqs	1	148
r7_133seqs	12	148
r7_133seqs	1	177
r7_133seqs	1	144
r7_133seqs	1	148
r7_133seqs	5	146
r7_133seqs	1	148
r7_133seqs	1	148
r7_133seqs	1	148
r7_133seqs	1	178
r7_133seqs	1	148
r7_133seqs	1	148
r7_133seqs	1	177
r7_133seqs	1	178
r7_133seqs	1	178
r7_133seqs	1	148
r7_133seqs	1	177
r7_133seqs	1	178
r7_133seqs	1	178
r7_133seqs	1	148
r7_133seqs	2	148
r7_133seqs	1	148
r7_133seqs	1	178
r7_133seqs	1	148
r7_133seqs	2	178
r7_133seqs	1	148
r7_133seqs	1	178
r7_133seqs	1	148
r7_133seqs	1	148
r7_133seqs	1	148
r7_133seqs	1	148
r7_133seqs	1	151
r7_133seqs	2	148
r7_133seqs	1	148
r7_133seqs	1	145
r7_133seqs	1	148
r7_133seqs	1	176
r7_133seqs	1	178
r7_133seqs	3	178
r7_133seqs	1	178
r7_133seqs	1	148
r7_133seqs	1	148
r7_133seqs	1	148
r7_133seqs	1	147
r7_133seqs	1	177
r7_133seqs	7	146
r7_133seqs	2	148
r7_133seqs	1	176
r7_133seqs	1	178
r7_133seqs	2	148
r7_133seqs	3	178
r7_133seqs	1	176
r7_133seqs	4	177
r7_133seqs	2	148
r7_133seqs	2	148
r7_133seqs	2	148
r7_133seqs	1	148
r7_133seqs	1	177
r7_133seqs	1	178
r7_133seqs	1	178
r7_133seqs	1	145
r7_133seqs	1	178
r7_133seqs	1	178
r7_133seqs	1	178
r7_133seqs	1	178
r7_133seqs	1	178
r7_133seqs	1	178
r7_133seqs	1	178
r7_133seqs	1	178
r7_133seqs	1	148
r7_133seqs	1	151
r7_133seqs	1	178
r7_133seqs	1	148
r7_133seqs	1	145
r7_133seqs	13	148
r7_133seqs	1	148
r7_133seqs	1	148
r7_133seqs	6	148
r7_133seqs	1	148
r7_133seqs	1	148
r7_133seqs	1	148
r7_133seqs	1	148
r7_133seqs	1	148
r7_133seqs	1	145
r7_133seqs	1	148
r7_133seqs	1	148
r7_133seqs	1	148
r7_133seqs	1	148
r7_133seqs	1	178
r7_133seqs	1	178
r7_133seqs	1	177
r7_133seqs	1	148
r7_133seqs	1	177
r7_133seqs	5	178
r7_133seqs	1	148
r7_133seqs	1	148
r7_133seqs	1	148
r7_133seqs	1	148
r7_133seqs	1	148
r7_133seqs	1	148
r7_133seqs	1	148
r7_133seqs	1	178
r7_133seqs	1	146
r7_133seqs	1	148
r7_133seqs	1	148
r7_133seqs	1	148
r7_133seqs	1	148
r7_133seqs	1	148
r7_133seqs	1	148
r7_133seqs	1	178
r7_133seqs	1	148
r7_133seqs	1	148
r7_133seqs	1	177
r7_133seqs	1	176
r7_133seqs	2	178
r7_133seqs	1	177
r7_133seqs	1	148
r7_133seqs	1	148
r7_133seqs	1	177
r7_133seqs	1	148
r7_133seqs	1	148
r7_133seqs	1	148
r7_133seqs	1	148
r7_133seqs	1	148
r7_133seqs	1	145
r7_133seqs	1	148
r7_133seqs	1	178
r7_133seqs	1	148
r7_133seqs	4	178
r7_133seqs	1	148
r7_133seqs	1	148
r7_133seqs	1	148
r7_133seqs	1	148
r7_133seqs	1	148
r7_133seqs	1	148
r7_133seqs	1	148
r7_133seqs	1	148
r7_133seqs	1	148
r7_133seqs	1	148
r7_133seqs	1	148
r7_133seqs	1	148
r7_133seqs	1	148
r7_133seqs	1	148
r7_133seqs	1	148
r7_133seqs	1	148
r7_133seqs	1	148
r7_133seqs	1	148
r7_133seqs	1	148
r7_133seqs	1	148
r7_133seqs	1	148
r7_133seqs	1	146
r7_133seqs	1	148
r7_133seqs	1	148
r7_133seqs	1	148
r7_133seqs	1	148
r7_133seqs	1	146
r7_133seqs	1	178
r7_133seqs	1	148
r7_133seqs	1	148
r7_133seqs	1	146
r7_133seqs	3	148
r7_133seqs	12	148
r7_133seqs	3	178
r7_133seqs	1	148
r7_133seqs	1	145
r7_133seqs	1	148
r7_133seqs	1	148
r7_133seqs	2	147
r7_133seqs	1	144
r7_133seqs	1	178
r7_133seqs	1	177
r7_133seqs	1	148
r7_133seqs	1	148
r7_133seqs	1	177
r7_133seqs	2	178
r7_133seqs	2	148
r7_133seqs	1	177
r7_133seqs	2	178
r7_133seqs	1	171
r7_133seqs	1	149
r7_133seqs	1	178
r7_133seqs	1	177
r7_133seqs	1	150
r7_133seqs	14	148
r7_133seqs	1	148
r7_133seqs	1	148
r7_133seqs	1	151
r7_133seqs	1	148
r7_133seqs	1	178
r7_133seqs	1	148
r7_133seqs	1	148
r7_133seqs	2	145
r7_133seqs	1	148
r7_133seqs	1	178
r7_133seqs	1	177
r7_133seqs	1	178
r7_133seqs	1	178
r7_133seqs	1	177
r7_133seqs	1	178
r7_133seqs	1	178
r7_133seqs	1	178
r7_133seqs	1	148
r7_133seqs	1	148
r7_133seqs	1	148
r7_133seqs	1	148
r7_133seqs	1	148
r7_133seqs	1	178
r7_133seqs	1	148
r7_133seqs	1	148
r7_133seqs	1	175
r7_133seqs	1	148
r7_133seqs	1	148
r7_133seqs	1	148
r7_133seqs	1	148
r7_133seqs	1	178
r7_133seqs	1	148
r7_133seqs	1	148
r7_133seqs	1	151
r7_133seqs	1	147
r7_133seqs	1	148
r7_133seqs	1	148
r7_133seqs	1	148
r7_133seqs	1	148
r7_133seqs	1	148
r7_133seqs	1	178
r7_133seqs	1	148
r7_133seqs	1	146
r7_133seqs	1	178
r7_133seqs	1	146
r7_133seqs	1	178
r7_133seqs	1	178
r7_133seqs	1	149
r7_133seqs	1	148
r7_133seqs	1	176
r7_133seqs	1	148
r7_133seqs	1	148
r7_133seqs	1	148
r7_133seqs	6	172
r7_133seqs	2	178
r7_133seqs	1	146
r7_133seqs	1	147
r7_133seqs	2	148
r7_133seqs	2	148
r7_133seqs	1	148
r7_133seqs	1	178
r7_133seqs	2	148
r7_133seqs	1	175
r7_133seqs	1	178
r7_133seqs	1	148
r7_133seqs	1	148
r7_133seqs	2	178
r7_133seqs	1	147
r7_133seqs	1	148
r7_133seqs	1	148
r7_133seqs	1	148
r7_133seqs	1	178
r7_133seqs	1	148
r7_133seqs	1	145
r7_133seqs	1	172
r7_133seqs	1	178
r7_133seqs	1	178
r7_133seqs	1	178
r7_133seqs	1	145
r7_133seqs	1	151
r7_133seqs	1	178
r7_133seqs	1	178
r7_133seqs	1	178
r7_133seqs	4	148
r7_133seqs	1	178
r7_133seqs	1	178
r7_133seqs	1	178
r7_133seqs	1	148
r7_133seqs	4	148
r7_133seqs	1	145
r7_133seqs	1	148
r7_133seqs	12	147
r7_133seqs	1	148
r7_133seqs	1	145
r7_133seqs	1	145
r7_133seqs	1	148
r7_133seqs	1	148
r7_133seqs	1	148
r7_133seqs	1	145
r7_133seqs	1	148
r7_133seqs	1	178
r7_133seqs	1	178
r7_133seqs	1	148
r7_133seqs	1	178
r7_133seqs	1	178
r7_133seqs	1	176
r7_133seqs	1	148
r7_133seqs	1	148
r7_133seqs	1	150
r7_133seqs	1	146
r7_133seqs	1	150
r7_133seqs	1	177
r7_133seqs	1	177
r7_133seqs	1	178
r7_133seqs	1	150
r7_133seqs	2	178
r7_133seqs	1	150
r7_133seqs	1	148
r7_133seqs	1	148
r7_133seqs	1	148
r7_133seqs	1	148
r7_133seqs	1	148
r7_133seqs	1	148
r7_133seqs	1	148
r7_133seqs	1	148
r7_133seqs	1	159
r7_133seqs	1	148
r7_133seqs	1	148
r7_133seqs	1	148
r7_133seqs	1	178
r7_133seqs	1	148
r7_133seqs	1	148
r7_133seqs	1	148
r7_133seqs	1	178
r7_133seqs	1	148
r7_133seqs	1	148
r7_133seqs	1	148
r7_133seqs	1	146
r7_133seqs	1	148
r7_133seqs	1	148
r7_133seqs	1	148
r7_133seqs	1	178
r7_133seqs	1	148
r7_133seqs	1	148
r7_133seqs	1	148
r7_133seqs	1	148
r7_133seqs	1	148
r7_133seqs	1	178
r7_133seqs	1	148
r7_133seqs	1	148
r7_133seqs	1	148
r7_133seqs	1	178
r7_133seqs	1	148
r7_133seqs	1	148
r7_133seqs	1	148
r7_133seqs	1	148
r7_133seqs	1	148
r7_133seqs	1	145
r7_133seqs	1	148
r7_133seqs	1	148
r7_133seqs	1	148
r7_133seqs	1	148
r7_133seqs	1	148
r7_133seqs	1	148
r7_133seqs	1	148
r7_133seqs	1	148
r7_133seqs	1	148
r7_133seqs	1	148
r7_133seqs	1	148
r7_133seqs	1	148
r7_133seqs	1	148
r7_133seqs	1	148
r7_133seqs	1	148
r7_133seqs	1	148
r7_133seqs	3	148
r7_133seqs	3	148
r7_133seqs	10	178
r7_133seqs	14	177
r7_133seqs	3	148
r7_133seqs	1	177
r7_133seqs	1	148
r7_133seqs	1	148
r7_133seqs	1	148
r7_133seqs	2	147
r7_133seqs	1	148
r7_133seqs	1	147
r7_133seqs	1	148
r7_133seqs	1	148
r7_133seqs	1	146
r7_133seqs	1	148
r7_133seqs	1	177
r7_133seqs	1	148
r7_133seqs	1	128
r7_133seqs	1	178
r7_133seqs	2	178
r7_133seqs	1	177
r7_133seqs	1	177
r7_133seqs	1	148
r7_133seqs	1	177
r7_133seqs	2	178
r7_133seqs	1	177
r7_133seqs	1	145
r7_133seqs	5	148
r7_133seqs	1	148
r7_133seqs	1	148
r7_133seqs	1	148
r7_133seqs	1	148
r7_133seqs	1	148
r7_133seqs	1	148
r7_133seqs	1	148
r7_133seqs	1	148
r7_133seqs	1	178
r7_133seqs	1	148
r7_133seqs	1	178
r7_133seqs	1	178
r7_133seqs	1	178
r7_133seqs	1	178
r7_133seqs	1	178
r7_133seqs	1	148
r7_133seqs	1	148
r7_133seqs	1	148
r7_133seqs	1	148
r7_133seqs	1	148
r7_133seqs	2	148
r7_133seqs	1	148
r7_133seqs	1	148
r7_133seqs	1	148
r7_133seqs	1	148
r7_133seqs	1	148
r7_133seqs	1	148
r7_133seqs	1	148
r7_133seqs	1	148
r7_133seqs	1	148
r7_133seqs	1	148
r7_133seqs	1	148
r7_133seqs	1	148
r7_133seqs	1	176
r7_133seqs	1	146
r7_133seqs	1	146
r7_133seqs	4	178
r7_133seqs	1	148
r7_133seqs	1	146
r7_133seqs	1	149
r7_133seqs	1	148
r7_133seqs	1	178
r7_133seqs	1	178
r7_133seqs	1	176
r7_133seqs	1	149
r7_133seqs	1	178
r7_133seqs	1	148
r7_133seqs	9	148
r7_133seqs	1	148
r7_133seqs	1	148
r7_133seqs	3	148
r7_133seqs	1	149
r7_133seqs	2	148
r7_133seqs	1	177
r7_133seqs	1	178
r7_133seqs	1	148
r7_133seqs	1	146
r7_133seqs	2	148
r7_133seqs	2	148
r7_133seqs	1	148
r7_133seqs	2	145
r7_133seqs	1	148
r7_133seqs	1	147
r7_133seqs	1	147
r7_133seqs	1	147
r7_133seqs	1	148
r7_133seqs	1	148
r7_133seqs	1	177
r7_133seqs	1	148
r7_133seqs	1	178
r7_133seqs	1	177
r7_133seqs	1	178
r7_133seqs	1	178
r7_133seqs	1	178
r7_133seqs	2	148
r7_133seqs	1	178
r7_133seqs	1	148
r7_133seqs	1	148
r7_133seqs	1	148
r7_133seqs	1	148
r7_133seqs	1	145
r7_133seqs	6	178
r7_133seqs	9	177
r7_133seqs	1	148
r7_133seqs	1	145
r7_133seqs	1	148
r7_133seqs	1	148
r7_133seqs	1	176
r7_133seqs	1	148
r7_133seqs	1	148
r7_133seqs	1	178
r7_133seqs	7	177
r7_133seqs	1	148
r7_133seqs	1	148
r7_133seqs	1	167
r7_133seqs	1	148
r7_133seqs	2	148
r7_133seqs	2	148
r7_133seqs	1	147
r7_133seqs	1	148
r7_133seqs	1	148
r7_133seqs	1	150
r7_133seqs	1	150
r7_133seqs	1	150
r7_133seqs	1	150
r7_133seqs	1	147
r7_133seqs	1	145
r7_133seqs	1	148
r7_133seqs	1	148
r7_133seqs	1	148
r7_133seqs	1	148
r7_133seqs	1	148
r7_133seqs	1	148
r7_133seqs	1	148
r7_133seqs	1	178
r7_133seqs	1	148
r7_133seqs	1	148
r7_133seqs	1	148
r7_133seqs	1	148
r7_133seqs	1	148
r7_133seqs	1	148
r7_133seqs	1	148
r7_133seqs	1	148
r7_133seqs	1	148
r7_133seqs	1	148
r7_133seqs	1	148
r7_133seqs	1	148
r7_133seqs	1	148
r7_133seqs	1	148
r7_133seqs	1	148
r7_133seqs	1	148
r7_133seqs	1	148
r7_133seqs	1	148
r7_133seqs	1	148
r7_133seqs	1	148
r7_133seqs	1	148
r7_133seqs	1	148
r7_133seqs	1	148
r7_133seqs	1	148
r7_133seqs	1	148
r7_133seqs	1	148
r7_133seqs	1	148
r7_133seqs	1	148
r7_133seqs	1	146
r7_133seqs	1	146
r7_133seqs	1	148
r7_133seqs	1	148
r7_133seqs	3	148
r7_133seqs	1	178
r7_133seqs	1	148
r7_133seqs	1	146
r7_133seqs	1	148
r7_133seqs	1	146
r7_133seqs	1	135
r7_133seqs	2	145
r7_133seqs	5	148
r7_133seqs	5	148
r7_133seqs	1	177
r7_133seqs	1	144
r7_133seqs	1	150
r7_133seqs	1	178
r7_133seqs	1	148
r7_133seqs	1	148
r7_133seqs	1	148
r7_133seqs	1	147
r7_133seqs	1	148
r7_133seqs	1	178
r7_133seqs	1	148
r7_133seqs	1	148
r7_133seqs	1	148
r7_133seqs	1	148
r7_133seqs	1	148
r7_133seqs	1	148
r7_133seqs	1	148
r7_133seqs	1	148
r7_133seqs	1	148
r7_133seqs	1	148
r7_133seqs	1	148
r7_133seqs	1	148
r7_133seqs	1	148
r7_133seqs	1	148
r7_133seqs	1	148
r7_133seqs	1	148
r7_133seqs	1	148
r7_133seqs	1	148
r7_133seqs	1	148
r7_133seqs	3	148
r7_133seqs	1	148
r7_133seqs	1	146
r7_133seqs	2	147
r7_133seqs	2	146
r7_133seqs	1	147
r7_133seqs	1	147
r7_133seqs	1	178
r7_133seqs	1	178
r7_133seqs	1	177
r7_133seqs	1	147
r7_133seqs	2	148
r7_133seqs	1	148
r7_133seqs	1	178
r7_133seqs	1	148
r7_133seqs	6	150
r7_133seqs	1	148
r7_133seqs	1	148
r7_133seqs	6	178
r7_133seqs	1	176
r7_133seqs	1	148
r7_133seqs	1	146
r7_133seqs	1	161
r7_133seqs	1	148
r7_133seqs	6	148
r7_133seqs	1	145
r7_133seqs	1	150
r7_133seqs	1	177
r7_133seqs	2	148
r7_133seqs	1	147
r7_133seqs	1	178
r7_133seqs	1	148
r7_133seqs	1	145
r7_133seqs	1	148
r7_133seqs	1	148
r7_133seqs	1	148
r7_133seqs	1	148
r7_133seqs	1	148
r7_133seqs	1	148
r7_133seqs	1	148
r7_133seqs	1	148
r7_133seqs	1	148
r7_133seqs	1	148
r7_133seqs	1	148
r7_133seqs	1	148
r7_133seqs	1	148
r7_133seqs	1	148
r7_133seqs	1	146
r7_133seqs	1	146
r7_133seqs	1	148
r7_133seqs	1	148
r7_133seqs	1	178
r7_133seqs	6	150
r7_133seqs	6	143
r7_133seqs	2	148
r7_133seqs	2	148
r7_133seqs	1	145
r7_133seqs	1	147
r7_133seqs	1	178
r7_133seqs	1	148
r7_133seqs	1	148
r7_133seqs	1	148
r7_133seqs	1	178
r7_133seqs	1	178
r7_133seqs	1	148
r7_133seqs	1	178
r7_133seqs	1	148
r7_133seqs	1	178
r7_133seqs	1	178
r7_133seqs	1	148
r7_133seqs	1	148
r7_133seqs	1	178
r7_133seqs	1	148
r7_133seqs	1	148
r7_133seqs	1	148
r7_133seqs	1	148
r7_133seqs	1	178
r7_133seqs	2	178
r7_133seqs	1	177
r7_133seqs	1	148
r7_133seqs	1	178
r7_133seqs	1	148
r7_133seqs	1	148
r7_133seqs	1	178
r7_133seqs	1	178
r7_133seqs	1	148
r7_133seqs	2	145
r7_133seqs	1	148
r7_133seqs	1	148
r7_133seqs	1	148
r7_133seqs	1	148
r7_133seqs	1	148
r7_133seqs	1	148
r7_133seqs	1	175
r7_133seqs	2	178
r7_133seqs	1	148
r7_133seqs	2	178
r7_133seqs	1	178
r7_133seqs	1	147
r7_133seqs	1	177
r7_133seqs	1	178
r7_133seqs	2	178
r7_133seqs	1	178
r7_133seqs	1	178
r7_133seqs	1	148
r7_133seqs	1	148
r7_133seqs	1	148
r7_133seqs	1	148
r7_133seqs	1	150
r7_133seqs	1	148
r7_133seqs	1	148
r7_133seqs	1	148
r7_133seqs	1	148
r7_133seqs	1	148
r7_133seqs	1	148
r7_133seqs	1	148
r7_133seqs	1	148
r7_133seqs	1	178
r7_133seqs	1	178
r7_133seqs	1	178
r7_133seqs	1	178
r7_133seqs	1	148
r7_133seqs	1	148
r7_133seqs	1	178
r7_133seqs	1	172
r7_133seqs	1	148
r7_133seqs	1	178
r7_133seqs	1	178
r7_133seqs	2	148
r7_133seqs	1	163
r7_133seqs	1	148
r7_133seqs	6	148
r7_133seqs	5	148
r7_133seqs	1	148
r7_133seqs	1	148
r7_133seqs	1	159
r7_133seqs	1	148
r7_133seqs	1	148
r7_133seqs	1	148
r7_133seqs	1	148
r7_133seqs	1	148
r7_133seqs	1	178
r7_133seqs	1	148
r7_133seqs	1	148
r7_133seqs	1	172
r7_133seqs	1	177
r7_133seqs	1	148
r7_133seqs	1	174
r7_133seqs	1	177
r7_133seqs	1	145
r7_133seqs	1	178
r7_133seqs	1	178
r7_133seqs	1	178
r7_133seqs	1	148
r7_133seqs	1	178
r7_133seqs	1	178
r7_133seqs	1	178
r7_133seqs	1	148
r7_133seqs	1	178
r7_133seqs	2	148
r7_133seqs	1	147
r7_133seqs	1	147
r7_133seqs	1	178
r7_133seqs	1	178
r7_133seqs	1	178
r7_133seqs	1	148
r7_133seqs	1	148
r7_133seqs	2	148
r7_133seqs	1	148
r7_133seqs	6	148
r7_133seqs	1	178
r7_133seqs	1	178
r7_133seqs	1	177
r7_133seqs	1	178
r7_133seqs	1	178
r7_133seqs	2	177
r7_133seqs	1	178
r7_133seqs	1	178
r7_133seqs	1	143
r7_133seqs	1	148
r7_133seqs	1	148
r7_133seqs	1	148
r7_133seqs	1	148
r7_133seqs	7	178
r7_133seqs	1	148
r7_133seqs	1	148
r7_133seqs	1	148
r7_133seqs	1	178
r7_133seqs	1	178
r7_133seqs	1	148
r7_133seqs	1	148
r7_133seqs	1	178
r7_133seqs	1	178
r7_133seqs	1	148
r7_133seqs	1	148
r7_133seqs	1	146
r7_133seqs	1	177
r7_133seqs	1	176
r7_133seqs	1	178
r7_133seqs	3	178
r7_133seqs	1	177
r7_133seqs	1	178
r7_133seqs	1	178
r7_133seqs	1	178
r7_133seqs	1	178
r7_133seqs	1	178
r7_133seqs	1	178
r7_133seqs	2	174
r7_133seqs	1	178
r7_133seqs	1	177
r7_133seqs	1	176
r7_133seqs	1	178
r7_133seqs	1	148
r7_133seqs	1	177
r7_133seqs	1	148
r7_133seqs	1	148
r7_133seqs	1	176
r7_133seqs	2	146
r7_133seqs	1	148
r7_133seqs	1	177
r7_133seqs	2	148
r7_133seqs	1	148
r7_133seqs	1	148
r7_133seqs	1	150
r7_133seqs	1	178
r7_133seqs	8	178
r7_133seqs	1	178
r7_133seqs	1	178
r7_133seqs	1	148
r7_133seqs	1	177
r7_133seqs	1	177
r7_133seqs	1	178
r7_133seqs	1	148
r7_133seqs	2	148
r7_133seqs	2	148
r7_133seqs	1	148
r7_133seqs	1	148
r7_133seqs	1	148
r7_133seqs	1	178
r7_133seqs	1	178
r7_133seqs	1	148
r7_133seqs	1	148
r7_133seqs	1	178
r7_133seqs	1	178
r7_133seqs	1	148
r7_133seqs	1	148
r7_133seqs	1	176
r7_133seqs	2	148
r7_133seqs	1	178
r7_133seqs	1	145
r7_133seqs	1	146
r7_133seqs	2	178
r7_133seqs	1	146
r7_133seqs	1	148
r7_133seqs	1	174
r7_133seqs	1	148
r7_133seqs	1	148
r7_133seqs	1	178
r7_133seqs	1	147
r7_133seqs	1	148
r7_133seqs	1	148
r7_133seqs	1	148
r7_133seqs	1	159
r7_133seqs	1	148
r7_133seqs	1	148
r7_133seqs	1	148
r7_133seqs	1	148
r7_133seqs	1	148
r7_133seqs	1	177
r7_133seqs	1	148
r7_133seqs	1	148
r7_133seqs	1	178
r7_133seqs	1	161
r7_133seqs	1	148
r7_133seqs	1	148
r7_133seqs	1	148
r7_133seqs	1	148
r7_133seqs	1	178
r7_133seqs	1	146
r7_133seqs	1	148
r7_133seqs	1	178
r7_133seqs	1	148
r7_133seqs	1	178
r7_133seqs	1	148
r7_133seqs	1	148
r7_133seqs	1	147
r7_133seqs	1	148
r7_133seqs	1	148
r7_133seqs	1	148
r7_133seqs	1	148
r7_133seqs	1	176
r7_133seqs	1	148
r7_133seqs	1	148
r7_133seqs	1	148
r7_133seqs	1	148
r7_133seqs	3	148
r7_133seqs	1	147
r7_133seqs	1	148
r7_133seqs	1	177
r7_133seqs	1	148
r7_133seqs	1	177
r7_133seqs	1	178
r7_133seqs	1	178
r7_133seqs	1	159
r7_133seqs	1	178
r7_133seqs	1	178
r7_133seqs	1	178
r7_133seqs	1	178
r7_133seqs	1	178
r7_133seqs	1	148
r7_133seqs	1	148
r7_133seqs	1	148
r7_133seqs	1	149
r7_133seqs	1	148
r7_133seqs	1	148
r7_133seqs	1	148
r7_133seqs	1	148
r7_133seqs	1	178
r7_133seqs	1	149
r7_133seqs	1	148
r7_133seqs	1	148
r7_133seqs	2	148
r7_133seqs	2	148
r7_133seqs	1	148
r7_133seqs	2	148
r7_133seqs	1	148
r7_133seqs	1	178
r7_133seqs	1	178
r7_133seqs	1	178
r7_133seqs	1	178
r7_133seqs	1	172
r7_133seqs	1	178
r7_133seqs	1	178
r7_133seqs	1	145
r7_133seqs	2	177
r7_133seqs	1	178
r7_133seqs	1	178
r7_133seqs	1	178
r7_133seqs	1	178
r7_133seqs	1	178
r7_133seqs	1	148
r7_133seqs	5	149
r7_133seqs	13	148
r7_133seqs	1	148
r7_133seqs	1	175
r7_133seqs	1	149
r7_133seqs	1	176
r7_133seqs	1	178
r7_133seqs	1	176
r7_133seqs	2	148
r7_133seqs	2	148
r7_133seqs	1	148
r7_133seqs	2	148
r7_133seqs	1	148
r7_133seqs	2	148
r7_133seqs	2	178
r7_133seqs	1	159
r7_133seqs	1	150
r7_133seqs	1	178
r7_133seqs	1	148
r7_133seqs	1	178
r7_133seqs	1	148
r7_133seqs	1	148
r7_133seqs	1	148
r7_133seqs	1	148
r7_133seqs	1	148
r7_133seqs	1	178
r7_133seqs	1	148
r7_133seqs	1	177
r7_133seqs	1	148
r7_133seqs	1	148
r7_133seqs	1	148
r7_133seqs	1	148
r7_133seqs	1	178
r7_133seqs	1	148
r7_133seqs	1	148
r7_133seqs	1	176
r7_133seqs	1	178
r7_133seqs	1	148
r7_133seqs	1	148
r7_133seqs	1	148
r7_133seqs	1	178
r7_133seqs	1	148
r7_133seqs	1	148
r7_133seqs	1	148
r7_133seqs	1	148
r7_133seqs	4	148
r7_133seqs	1	142
r7_133seqs	1	148
r7_133seqs	1	148
r7_133seqs	15	178
r7_133seqs	1	178
r7_133seqs	1	178
r7_133seqs	6	178
r7_133seqs	1	150
r7_133seqs	1	148
r7_133seqs	1	148
r7_133seqs	2	176
r7_133seqs	1	147
r7_133seqs	1	178
r7_133seqs	1	146
r7_133seqs	1	178
r7_133seqs	1	148
r7_133seqs	1	148
r7_133seqs	1	148
r7_133seqs	1	148
r7_133seqs	9	178
r7_133seqs	1	178
r7_133seqs	1	177
r7_133seqs	1	148
r7_133seqs	1	178
r7_133seqs	1	178
r7_133seqs	1	178
r7_133seqs	1	178
r7_133seqs	1	148
r7_133seqs	1	148
r7_133seqs	1	178
r7_133seqs	1	148
r7_133seqs	1	148
r7_133seqs	1	177
r7_133seqs	2	148
r7_133seqs	1	178
r7_133seqs	1	148
r7_133seqs	1	148
r7_133seqs	1	149
r7_133seqs	1	159
r7_133seqs	1	178
r7_133seqs	2	177
r7_133seqs	1	172
r7_133seqs	1	148
r7_133seqs	1	148
r7_133seqs	6	178
r7_133seqs	5	177
r7_133seqs	1	148
r7_133seqs	1	148
r7_133seqs	1	148
r7_133seqs	1	148
r7_133seqs	1	177
r7_133seqs	2	148
r7_133seqs	1	177
r7_133seqs	1	148
r7_133seqs	1	177
r7_133seqs	3	148
r7_133seqs	1	148
r7_133seqs	1	148
r7_133seqs	1	178
r7_133seqs	2	148
r7_133seqs	1	178
r7_133seqs	1	145
r7_133seqs	2	146
r7_133seqs	1	178
r7_133seqs	1	178
r7_133seqs	1	145
r7_133seqs	1	177
r7_133seqs	1	178
r7_133seqs	1	178
r7_133seqs	1	148
r7_133seqs	1	145
r7_133seqs	1	148
r7_133seqs	4	148
r7_133seqs	1	178
r7_133seqs	1	148
r7_133seqs	1	148
r7_133seqs	1	178
r7_133seqs	1	148
r7_133seqs	1	178
r7_133seqs	1	148
r7_133seqs	1	178
r7_133seqs	1	178
r7_133seqs	1	178
r7_133seqs	1	148
r7_133seqs	1	145
r7_133seqs	1	148
r7_133seqs	1	148
r7_133seqs	1	143
r7_133seqs	2	178
r7_133seqs	2	148
r7_133seqs	1	178
r7_133seqs	1	177
r7_133seqs	1	148
r7_133seqs	2	148
r7_133seqs	1	148
r7_133seqs	1	177
r7_133seqs	1	147
r7_133seqs	1	148
r7_133seqs	1	148
r7_133seqs	1	148
r7_133seqs	1	176
r7_133seqs	1	148
r7_133seqs	1	148
r7_133seqs	1	148
r7_133seqs	1	148
r7_133seqs	1	148
r7_133seqs	1	178
r7_133seqs	1	148
r7_133seqs	1	148
r7_133seqs	1	177
r7_133seqs	1	177
r7_133seqs	1	148
r7_133seqs	1	178
r7_133seqs	1	148
r7_133seqs	2	178
r7_133seqs	1	148
r7_133seqs	1	148
r7_133seqs	1	148
r7_133seqs	1	148
r7_133seqs	1	178
r7_133seqs	1	148
r7_133seqs	1	148
r7_133seqs	1	148
r7_133seqs	1	148
r7_133seqs	2	148
r7_133seqs	1	148
r7_133seqs	1	148
r7_133seqs	1	148
r7_133seqs	1	166
r7_133seqs	1	148
r7_133seqs	1	148
r7_133seqs	1	148
r7_133seqs	1	148
r7_133seqs	6	147
r7_133seqs	1	148
r7_133seqs	1	148
r7_133seqs	1	145
r7_133seqs	1	148
r7_133seqs	1	146
r7_133seqs	1	178
r7_133seqs	1	148
r7_133seqs	1	146
r7_133seqs	1	148
r7_133seqs	1	178
r7_133seqs	3	148
r7_133seqs	1	148
r7_133seqs	1	148
r7_133seqs	2	148
r7_133seqs	1	145
r7_133seqs	1	148
r7_133seqs	1	148
r7_133seqs	1	149
r7_133seqs	1	148
r7_133seqs	1	174
r7_133seqs	1	148
r7_133seqs	1	178
r7_133seqs	1	135
r7_133seqs	1	148
r7_133seqs	1	148
r7_133seqs	1	148
r7_133seqs	1	148
r7_133seqs	1	148
r7_133seqs	1	148
r7_133seqs	1	148
r7_133seqs	1	178
r7_133seqs	9	177
r7_133seqs	1	148
r7_133seqs	1	177
r7_133seqs	1	178
r7_133seqs	1	148
r7_133seqs	1	148
r7_133seqs	1	148
r7_133seqs	1	148
r7_133seqs	1	148
r7_133seqs	1	148
r7_133seqs	1	148
r7_133seqs	1	148
r7_133seqs	1	148
r7_133seqs	1	148
r7_133seqs	1	148
r7_133seqs	1	145
r7_133seqs	1	148
r7_133seqs	1	148
r7_133seqs	1	176
r7_133seqs	1	148
r7_133seqs	1	148
r7_133seqs	1	148
r7_133seqs	1	178
r7_133seqs	1	148
r7_133seqs	1	148
r7_133seqs	1	148
r7_133seqs	1	148
r7_133seqs	1	148
r7_133seqs	1	148
r7_133seqs	2	175
r7_133seqs	1	148
r7_133seqs	1	178
r7_133seqs	1	178
r7_133seqs	2	145
r7_133seqs	1	143
r7_133seqs	1	147
r7_133seqs	2	148
r7_133seqs	1	148
r7_133seqs	2	178
r7_133seqs	1	178
r7_133seqs	1	178
r7_133seqs	1	178
r7_133seqs	1	148
r7_133seqs	1	178
r7_133seqs	1	172
r7_133seqs	1	145
r7_133seqs	1	178
r7_133seqs	1	178
r7_133seqs	1	148
r7_133seqs	2	178
r7_133seqs	1	178
r7_133seqs	2	145
r7_133seqs	1	178
r7_133seqs	1	151
r7_133seqs	1	148
r7_133seqs	1	148
r7_133seqs	1	148
r7_133seqs	1	148
r7_133seqs	1	148
r7_133seqs	1	148
r7_133seqs	1	178
r7_133seqs	1	148
r7_133seqs	1	148
r7_133seqs	6	148
r7_133seqs	6	148
r7_133seqs	1	148
r7_133seqs	1	145
r7_133seqs	1	145
r7_133seqs	1	148
r7_133seqs	2	178
r7_133seqs	1	168
r7_133seqs	1	178
r7_133seqs	2	148
r7_133seqs	1	177
r7_133seqs	1	148
r7_133seqs	1	147
r7_133seqs	2	148
r7_133seqs	1	174
r7_133seqs	2	148
r7_133seqs	1	147
r7_133seqs	1	178
r7_133seqs	1	148
r7_133seqs	1	147
r7_133seqs	1	148
r7_133seqs	1	148
r7_133seqs	1	148
r7_133seqs	1	178
r7_133seqs	1	148
r7_133seqs	2	148
r7_133seqs	1	148
r7_133seqs	1	145
r7_133seqs	1	178
r7_133seqs	1	148
r7_133seqs	1	177
r7_133seqs	1	148
r7_133seqs	1	178
r7_133seqs	1	148
r7_133seqs	1	148
r7_133seqs	1	148
r7_133seqs	1	178
r7_133seqs	1	148
r7_133seqs	1	178
r7_133seqs	1	178
r7_133seqs	1	178
r7_133seqs	1	148
r7_133seqs	1	148
r7_133seqs	1	145
r7_133seqs	1	148
r7_133seqs	1	148
r7_133seqs	1	148
r7_133seqs	1	148
r7_133seqs	1	148
r7_133seqs	1	148
r7_133seqs	1	148
r7_133seqs	1	148
r7_133seqs	1	148
r7_133seqs	1	148
r7_133seqs	1	148
r7_133seqs	1	178
r7_133seqs	3	148
r7_133seqs	1	148
r7_133seqs	1	148
r7_133seqs	1	148
r7_133seqs	1	148
r7_133seqs	5	176
r7_133seqs	1	148
r7_133seqs	1	146
r7_133seqs	1	178
r7_133seqs	1	178
r7_133seqs	1	148
r7_133seqs	1	148
r7_133seqs	1	148
r7_133seqs	1	148
r7_133seqs	1	148
r7_133seqs	6	148
r7_133seqs	1	148
r7_133seqs	1	148
r7_133seqs	1	148
r7_133seqs	1	148
r7_133seqs	1	148
r7_133seqs	14	148
r7_133seqs	1	146
r7_133seqs	2	148
r7_133seqs	1	173
r7_133seqs	1	148
r7_133seqs	1	144
r7_133seqs	1	148
r7_133seqs	1	148
r7_133seqs	1	177
r7_133seqs	1	144
r7_133seqs	1	177
r7_133seqs	1	177
r7_133seqs	1	148
r7_133seqs	2	178
r7_133seqs	1	146
r7_133seqs	1	178
r7_133seqs	1	178
r7_133seqs	5	148
r7_133seqs	1	175
r7_133seqs	14	148
r7_133seqs	1	148
r7_133seqs	1	148
r7_133seqs	1	148
r7_133seqs	1	148
r7_133seqs	1	148
r7_133seqs	1	148
r7_133seqs	1	148
r7_133seqs	1	148
r7_133seqs	1	178
r7_133seqs	1	148
r7_133seqs	1	148
r7_133seqs	1	148
r7_133seqs	1	148
r7_133seqs	1	178
r7_133seqs	1	175
r7_133seqs	1	177
r7_133seqs	1	148
r7_133seqs	1	148
r7_133seqs	1	148
r7_133seqs	1	178
r7_133seqs	1	148
r7_133seqs	1	148
r7_133seqs	1	148
r7_133seqs	1	148
r7_133seqs	1	148
r7_133seqs	1	148
r7_133seqs	1	148
r7_133seqs	1	148
r7_133seqs	1	148
r7_133seqs	1	148
r7_133seqs	1	145
r7_133seqs	2	177
r7_133seqs	1	173
r7_133seqs	1	148
r7_133seqs	1	148
r7_133seqs	1	148
r7_133seqs	1	178
r7_133seqs	1	178
r7_133seqs	1	178
r7_133seqs	1	147
r7_133seqs	1	148
r7_133seqs	1	178
r7_133seqs	9	148
r7_133seqs	1	149
r7_133seqs	1	146
r7_133seqs	1	177
r7_133seqs	2	148
r7_133seqs	2	148
r7_133seqs	1	174
r7_133seqs	1	178
r7_133seqs	1	148
r7_133seqs	1	148
r7_133seqs	1	144
r7_133seqs	1	144
r7_133seqs	1	148
r7_133seqs	2	148
r7_133seqs	1	148
r7_133seqs	1	178
r7_133seqs	1	145
r7_133seqs	1	145
r7_133seqs	1	148
r7_133seqs	1	145
r7_133seqs	1	178
r7_133seqs	1	178
r7_133seqs	1	148
r7_133seqs	1	148
r7_133seqs	1	178
r7_133seqs	1	148
r7_133seqs	1	178
r7_133seqs	1	178
r7_133seqs	1	178
r7_133seqs	1	178
r7_133seqs	1	178
r7_133seqs	1	148
r7_133seqs	1	148
r7_133seqs	1	145
r7_133seqs	1	148
r7_133seqs	1	149
r7_133seqs	1	148
r7_133seqs	1	148
r7_133seqs	1	148
r7_133seqs	1	148
r7_133seqs	1	149
r7_133seqs	1	148
r7_133seqs	3	178
r7_133seqs	1	148
r7_133seqs	1	178
r7_133seqs	1	148
r7_133seqs	1	148
r7_133seqs	1	148
r7_133seqs	1	148
r7_133seqs	1	177
r7_133seqs	2	142
r7_133seqs	1	148
r7_133seqs	1	148
r7_133seqs	2	148
r7_133seqs	2	148
r7_133seqs	8	178
r7_133seqs	1	148
r7_133seqs	1	148
r7_133seqs	1	146
r7_133seqs	1	148
r7_133seqs	1	148
r7_133seqs	1	148
r7_133seqs	1	148
r7_133seqs	1	148
r7_133seqs	1	148
r7_133seqs	1	148
r7_133seqs	1	178
r7_133seqs	1	178
r7_133seqs	1	148
r7_133seqs	1	148
r7_133seqs	1	178
r7_133seqs	1	148
r7_133seqs	1	148
r7_133seqs	1	148
r7_133seqs	1	148
r7_133seqs	1	150
r7_133seqs	1	148
r7_133seqs	1	148
r7_133seqs	1	148
r7_133seqs	1	178
r7_133seqs	1	178
r7_133seqs	1	148
r7_133seqs	1	148
r7_133seqs	1	178
r7_133seqs	1	148
r7_133seqs	2	178
r7_133seqs	1	178
r7_133seqs	1	178
r7_133seqs	1	178
r7_133seqs	1	148
r7_133seqs	3	176
r7_133seqs	1	148
r7_133seqs	1	150
r7_133seqs	1	148
r7_133seqs	1	145
r7_133seqs	1	145
r7_133seqs	1	148
r7_133seqs	1	148
r7_133seqs	1	148
r7_133seqs	1	148
r7_133seqs	1	148
r7_133seqs	1	148
r7_133seqs	2	146
r7_133seqs	1	148
r7_133seqs	1	146
r7_133seqs	1	146
r7_133seqs	1	148
r7_133seqs	1	148
r7_133seqs	1	148
r7_133seqs	1	148
r7_133seqs	12	148
r7_133seqs	1	148
r7_133seqs	1	178
r7_133seqs	1	146
r7_133seqs	3	178
r7_133seqs	1	148
r7_133seqs	6	148
r7_133seqs	1	174
r7_133seqs	1	148
r7_133seqs	12	148
r7_133seqs	1	145
r7_133seqs	1	148
r7_133seqs	1	148
r7_133seqs	1	148
r7_133seqs	1	146
r7_133seqs	12	148
r7_133seqs	1	148
r7_133seqs	1	177
r7_133seqs	1	177
r7_133seqs	14	148
r7_133seqs	1	177
r7_133seqs	1	150
r7_133seqs	1	150
r7_133seqs	1	150
r7_133seqs	1	148
r7_133seqs	1	148
r7_133seqs	1	148
r7_133seqs	1	148
r7_133seqs	1	178
r7_133seqs	1	178
r7_133seqs	1	148
r7_133seqs	1	178
r7_133seqs	1	178
r7_133seqs	1	178
r7_133seqs	1	178
r7_133seqs	1	178
r7_133seqs	1	178
r7_133seqs	1	148
r7_133seqs	1	148
r7_133seqs	1	148
r7_133seqs	1	148
r7_133seqs	1	148
r7_133seqs	1	148
r7_133seqs	1	148
r7_133seqs	1	148
r7_133seqs	1	148
r7_133seqs	1	148
r7_133seqs	1	148
r7_133seqs	1	148
r7_133seqs	1	148
r7_133seqs	1	148
r7_133seqs	1	148
r7_133seqs	1	148
r7_133seqs	1	148
r7_133seqs	1	148
r7_133seqs	1	148
r7_133seqs	1	148
r7_133seqs	1	148
r7_133seqs	6	148
r7_133seqs	1	150
r7_133seqs	1	148
r7_133seqs	1	148
r7_133seqs	1	148
r7_133seqs	1	146
r7_133seqs	1	148
r7_133seqs	1	148
r7_133seqs	1	148
r7_133seqs	1	148
r7_133seqs	1	146
r7_133seqs	9	178
r7_133seqs	1	148
r7_133seqs	1	147
r7_133seqs	1	147
r7_133seqs	1	177
r7_133seqs	1	178
r7_133seqs	2	148
r7_133seqs	1	148
r7_133seqs	1	177
r7_133seqs	2	148
r7_133seqs	5	148
r7_133seqs	2	148
r7_133seqs	1	178
r7_133seqs	1	178
r7_133seqs	1	178
r7_133seqs	1	148
r7_133seqs	1	148
r7_133seqs	1	145
r7_133seqs	1	145
r7_133seqs	1	178
r7_133seqs	1	178
r7_133seqs	6	148
r7_133seqs	1	148
r7_133seqs	9	148
r7_133seqs	1	148
r7_133seqs	1	148
r7_133seqs	1	148
r7_133seqs	1	147
r7_133seqs	15	148
r7_133seqs	2	148
r7_133seqs	2	148
r7_133seqs	1	150
r7_133seqs	2	148
r7_133seqs	1	147
r7_133seqs	1	178
r7_133seqs	1	178
r7_133seqs	1	148
r7_133seqs	1	148
r7_133seqs	1	148
r7_133seqs	1	148
r7_133seqs	1	148
r7_133seqs	1	148
r7_133seqs	1	148
r7_133seqs	1	148
r7_133seqs	1	148
r7_133seqs	1	148
r7_133seqs	1	148
r7_133seqs	1	148
r7_133seqs	1	148
r7_133seqs	1	148
r7_133seqs	1	178
r7_133seqs	1	148
r7_133seqs	1	148
r7_133seqs	1	148
r7_133seqs	1	148
r7_133seqs	1	148
r7_133seqs	1	148
r7_133seqs	2	148
r7_133seqs	10	146
r7_133seqs	1	176
r7_133seqs	1	148
r7_133seqs	1	148
r7_133seqs	1	148
r7_133seqs	1	148
r7_133seqs	1	148
r7_133seqs	12	148
r7_133seqs	1	146
r7_133seqs	1	147
r7_133seqs	1	148
r7_133seqs	1	146
r7_133seqs	1	150
r7_133seqs	1	174
r7_133seqs	1	150
r7_133seqs	1	148
r7_133seqs	1	148
r7_133seqs	1	148
r7_133seqs	2	148
r7_133seqs	1	148
r7_133seqs	1	148
r7_133seqs	1	148
r7_133seqs	1	148
r7_133seqs	1	178
r7_133seqs	1	148
r7_133seqs	1	148
r7_133seqs	1	148
r7_133seqs	1	148
r7_133seqs	1	148
r7_133seqs	1	148
r7_133seqs	1	148
r7_133seqs	1	148
r7_133seqs	1	148
r7_133seqs	1	148
r7_133seqs	1	148
r7_133seqs	1	148
r7_133seqs	1	148
r7_133seqs	1	145
r7_133seqs	1	145
r7_133seqs	1	178
r7_133seqs	1	148
r7_133seqs	9	148
r7_133seqs	6	148
r7_133seqs	2	145
r7_133seqs	1	147
r7_133seqs	1	148
r7_133seqs	1	141
r7_133seqs	2	146
r7_133seqs	1	148
r7_133seqs	1	148
r7_133seqs	1	176
r7_133seqs	1	148
r7_133seqs	1	148
r7_133seqs	1	148
r7_133seqs	1	148
r7_133seqs	1	178
r7_133seqs	1	148
r7_133seqs	3	148
r7_133seqs	1	148
r7_133seqs	1	178
r7_133seqs	1	148
r7_133seqs	1	148
r7_133seqs	1	142
r7_133seqs	1	148
r7_133seqs	1	148
r7_133seqs	1	148
r7_133seqs	1	178
r7_133seqs	1	148
r7_133seqs	1	148
r7_133seqs	1	178
r7_133seqs	1	148
r7_133seqs	1	176
r7_133seqs	1	148
r7_133seqs	1	148
r7_133seqs	1	177
r7_133seqs	1	148
r7_133seqs	1	148
r7_133seqs	1	148
r7_133seqs	1	178
r7_133seqs	2	177
r7_133seqs	3	148
r7_133seqs	1	148
r7_133seqs	2	178
r7_133seqs	5	178
r7_133seqs	1	145
r7_133seqs	1	148
r7_133seqs	1	148
r7_133seqs	1	178
r7_133seqs	1	148
r7_133seqs	1	148
r7_133seqs	1	148
r7_133seqs	1	148
r7_133seqs	1	178
r7_133seqs	1	148
r7_133seqs	1	178
r7_133seqs	2	148
r7_133seqs	1	178
r7_133seqs	2	178
r7_133seqs	1	178
r7_133seqs	2	148
r7_133seqs	1	148
r7_133seqs	1	148
r7_133seqs	1	178
r7_133seqs	1	178
r7_133seqs	1	148
r7_133seqs	1	148
r7_133seqs	1	148
r7_133seqs	1	148
r7_133seqs	1	178
r7_133seqs	1	147
r7_133seqs	1	148
r7_133seqs	1	148
r7_133seqs	1	148
r7_133seqs	1	177
r7_133seqs	1	178
r7_133seqs	1	178
r7_133seqs	1	148
r7_133seqs	1	148
r7_133seqs	1	178
r7_133seqs	1	178
r7_133seqs	1	178
r7_133seqs	1	148
r7_133seqs	1	178
r7_133seqs	1	148
r7_133seqs	1	177
r7_133seqs	1	177
r7_133seqs	1	148
r7_133seqs	1	177
r7_133seqs	1	148
r7_133seqs	1	148
r7_133seqs	1	178
r7_133seqs	1	178
r7_133seqs	1	148
r7_133seqs	1	148
r7_133seqs	1	148
r7_133seqs	1	148
r7_133seqs	1	178
r7_133seqs	1	148
r7_133seqs	1	177
r7_133seqs	1	178
r7_133seqs	1	178
r7_133seqs	1	178
r7_133seqs	1	178
r7_133seqs	1	148
r7_133seqs	1	148
r7_133seqs	1	148
r7_133seqs	1	148
r7_133seqs	1	178
r7_133seqs	1	148
r7_133seqs	1	178
r7_133seqs	1	148
r7_133seqs	1	148
r7_133seqs	1	148
r7_133seqs	1	148
r7_133seqs	1	178
r7_133seqs	1	148
r7_133seqs	1	148
r7_133seqs	4	148
r7_133seqs	1	148
r7_133seqs	1	148
r7_133seqs	1	148
r7_133seqs	1	148
r7_133seqs	1	178
r7_133seqs	1	148
r7_133seqs	1	178
r7_133seqs	1	148
r7_133seqs	1	148
r7_133seqs	3	148
r7_133seqs	1	178
r7_133seqs	1	178
r7_133seqs	1	148
r7_133seqs	1	148
r7_133seqs	1	178
r7_133seqs	1	178
r7_133seqs	1	148
r7_133seqs	1	148
r7_133seqs	1	177
r7_133seqs	1	148
r7_133seqs	1	148
r7_133seqs	1	148
r7_133seqs	2	148
r7_133seqs	1	148
r7_133seqs	1	148
r7_133seqs	1	178
r7_133seqs	1	177
r7_133seqs	1	172
r7_133seqs	1	178
r7_133seqs	1	178
r7_133seqs	1	145
r7_133seqs	1	148
r7_133seqs	1	148
r7_133seqs	1	148
r7_133seqs	1	148
r7_133seqs	1	178
r7_133seqs	1	178
r7_133seqs	1	176
r7_133seqs	1	148
r7_133seqs	1	178
r7_133seqs	1	178
r7_133seqs	2	177
r7_133seqs	1	149
r7_133seqs	1	148
r7_133seqs	1	148
r7_133seqs	9	148
r7_133seqs	1	148
r7_133seqs	1	178
r7_133seqs	2	148
r7_133seqs	1	147
r7_133seqs	1	177
r7_133seqs	1	147
r7_133seqs	2	178
r7_133seqs	1	148
r7_133seqs	1	148
r7_133seqs	1	148
r7_133seqs	2	178
r7_133seqs	1	178
r7_133seqs	1	145
r7_133seqs	1	148
r7_133seqs	1	147
r7_133seqs	1	148
r7_133seqs	2	176
r7_133seqs	4	148
r7_133seqs	1	177
r7_133seqs	1	148
r7_133seqs	1	176
r7_133seqs	1	148
r7_133seqs	1	148
r7_133seqs	1	147
r7_133seqs	1	148
r7_133seqs	1	148
r7_133seqs	1	177
r7_133seqs	1	148
r7_133seqs	1	148
r7_133seqs	1	148
r7_133seqs	1	148
r7_133seqs	1	148
r7_133seqs	1	178
r7_133seqs	1	148
r7_133seqs	1	148
r7_133seqs	1	178
r7_133seqs	1	148
r7_133seqs	1	148
r7_133seqs	5	148
r7_133seqs	1	148
r7_133seqs	1	148
r7_133seqs	1	148
r7_133seqs	1	148
r7_133seqs	1	148
r7_133seqs	2	178
r7_133seqs	1	148
r7_133seqs	1	178
r7_133seqs	1	178
r7_133seqs	10	148
r7_133seqs	1	148
r7_133seqs	1	148
r7_133seqs	2	178
r7_133seqs	1	176
r7_133seqs	1	177
r7_133seqs	1	177
r7_133seqs	1	176
r7_133seqs	5	148
r7_133seqs	1	178
r7_133seqs	1	148
r7_133seqs	1	149
r7_133seqs	1	177
r7_133seqs	1	178
r7_133seqs	1	178
r7_133seqs	1	178
r7_133seqs	1	148
r7_133seqs	1	178
r7_133seqs	1	148
r7_133seqs	1	148
r7_133seqs	2	146
r7_133seqs	1	178
r7_133seqs	1	148
r7_133seqs	1	176
r7_133seqs	1	145
r7_133seqs	9	148
r7_133seqs	1	148
r7_133seqs	14	178
r7_133seqs	1	148
r7_133seqs	1	148
r7_133seqs	1	178
r7_133seqs	1	178
r7_133seqs	1	148
r7_133seqs	2	148
r7_133seqs	1	148
r7_133seqs	2	148
r7_133seqs	1	148
r7_133seqs	1	148
r7_133seqs	1	165
r7_133seqs	2	176
r7_133seqs	1	145
r7_133seqs	1	178
r7_133seqs	1	178
r7_133seqs	1	178
r7_133seqs	1	178
r7_133seqs	1	145
r7_133seqs	1	178
r7_133seqs	1	177
r7_133seqs	1	145
r7_133seqs	2	148
r7_133seqs	1	148
r7_133seqs	1	147
r7_133seqs	1	147
r7_133seqs	1	148
r7_133seqs	1	176
r7_133seqs	6	148
r7_133seqs	1	148
r7_133seqs	1	178
r7_133seqs	1	148
r7_133seqs	2	148
r7_133seqs	1	148
r7_133seqs	1	148
r7_133seqs	1	148
r7_133seqs	1	148
r7_133seqs	1	148
r7_133seqs	1	178
r7_133seqs	1	177
r7_133seqs	1	147
r7_133seqs	8	149
r7_133seqs	3	148
r7_133seqs	3	176
r7_133seqs	1	150
r7_133seqs	1	148
r7_133seqs	2	148
r7_133seqs	1	178
r7_133seqs	1	178
r7_133seqs	1	148
r7_133seqs	1	148
r7_133seqs	1	148
r7_133seqs	1	177
r7_133seqs	1	148
r7_133seqs	1	148
r7_133seqs	1	148
r7_133seqs	1	148
r7_133seqs	1	148
r7_133seqs	1	148
r7_133seqs	1	150
r7_133seqs	1	178
r7_133seqs	1	148
r7_133seqs	1	148
r7_133seqs	9	178
r7_133seqs	1	177
r7_133seqs	1	145
r7_133seqs	10	178
r7_133seqs	1	148
r7_133seqs	4	148
r7_133seqs	1	148
r7_133seqs	1	148
r7_133seqs	1	148
r7_133seqs	1	148
r7_133seqs	17	149
r7_133seqs	6	148
r7_133seqs	1	148
r7_133seqs	1	148
r7_133seqs	1	148
r7_133seqs	1	176
r7_133seqs	1	178
r7_133seqs	1	148
r7_133seqs	1	148
r7_133seqs	1	178
r7_133seqs	1	148
r7_133seqs	1	178
r7_133seqs	2	148
r7_133seqs	1	148
r7_133seqs	1	147
r7_133seqs	1	148
r7_133seqs	1	148
r7_133seqs	1	178
r7_133seqs	1	178
r7_133seqs	1	148
r7_133seqs	1	146
r7_133seqs	5	178
r7_133seqs	1	148
r7_133seqs	1	148
r7_133seqs	2	148
r7_133seqs	1	178
r7_133seqs	1	148
r7_133seqs	1	178
r7_133seqs	1	148
r7_133seqs	1	178
r7_133seqs	1	178
r7_133seqs	1	178
r7_133seqs	1	148
r7_133seqs	1	148
r7_133seqs	1	148
r7_133seqs	1	148
r7_133seqs	1	148
r7_133seqs	1	148
r7_133seqs	10	142
r7_133seqs	1	178
r7_133seqs	1	146
r7_133seqs	1	176
r7_133seqs	1	178
r7_133seqs	1	148
r7_133seqs	1	148
r7_133seqs	1	161
r7_133seqs	1	176
r7_133seqs	1	178
r7_133seqs	1	178
r7_133seqs	1	177
r7_133seqs	1	146
r7_133seqs	1	148
r7_133seqs	2	147
r7_133seqs	1	148
r7_133seqs	14	178
r7_133seqs	1	148
r7_133seqs	2	148
r7_133seqs	2	148
r7_133seqs	1	147
r7_133seqs	1	146
r7_133seqs	2	148
r7_133seqs	1	145
r7_133seqs	1	178
r7_133seqs	2	148
r7_133seqs	1	178
r7_133seqs	1	148
r7_133seqs	1	177
r7_133seqs	2	148
r7_133seqs	1	178
r7_133seqs	1	148
r7_133seqs	17	178
r7_133seqs	2	148
r7_133seqs	2	148
r7_133seqs	2	148
r7_133seqs	1	178
r7_133seqs	1	148
r7_133seqs	1	145
r7_133seqs	1	178
r7_133seqs	1	177
r7_133seqs	2	178
r7_133seqs	1	145
r7_133seqs	1	145
r7_133seqs	15	148
r7_133seqs	1	148
r7_133seqs	1	178
r7_133seqs	1	177
r7_133seqs	8	145
r7_133seqs	1	177
r7_133seqs	2	148
r7_133seqs	1	148
r7_133seqs	1	148
r7_133seqs	1	178
r7_133seqs	1	148
r7_133seqs	1	145
r7_133seqs	1	148
r7_133seqs	1	148
r7_133seqs	1	147
r7_133seqs	1	148
r7_133seqs	1	148
r7_133seqs	1	150
r7_133seqs	2	148
r7_133seqs	2	148
r7_133seqs	15	147
r7_133seqs	1	148
r7_133seqs	1	178
r7_133seqs	1	178
r7_133seqs	1	178
r7_133seqs	1	178
r7_133seqs	1	148
r7_133seqs	1	148
r7_133seqs	1	148
r7_133seqs	1	148
r7_133seqs	1	148
r7_133seqs	1	148
r7_133seqs	1	148
r7_133seqs	1	148
r7_133seqs	1	148
r7_133seqs	1	148
r7_133seqs	1	148
r7_133seqs	1	148
r7_133seqs	1	145
r7_133seqs	1	148
r7_133seqs	1	178
r7_133seqs	1	148
r7_133seqs	1	148
r7_133seqs	1	148
r7_133seqs	1	148
r7_133seqs	1	176
r7_133seqs	1	148
r7_133seqs	1	148
r7_133seqs	1	176
r7_133seqs	15	148
r7_133seqs	1	177
r7_133seqs	1	148
r7_133seqs	1	150
r7_133seqs	1	177
r7_133seqs	1	178
r7_133seqs	12	178
r7_133seqs	1	177
r7_133seqs	1	148
r7_133seqs	1	150
r7_133seqs	1	151
r7_133seqs	1	148
r7_133seqs	1	148
r7_133seqs	2	148
r7_133seqs	1	176
r7_133seqs	1	148
r7_133seqs	1	148
r7_133seqs	1	178
r7_133seqs	1	148
r7_133seqs	1	148
r7_133seqs	1	148
r7_133seqs	1	148
r7_133seqs	1	148
r7_133seqs	1	178
r7_133seqs	1	148
r7_133seqs	1	148
r7_133seqs	1	142
r7_133seqs	1	178
r7_133seqs	1	148
r7_133seqs	1	148
r7_133seqs	1	148
r7_133seqs	1	148
r7_133seqs	1	148
r7_133seqs	1	148
r7_133seqs	1	148
r7_133seqs	2	176
r7_133seqs	1	148
r7_133seqs	1	178
r7_133seqs	1	148
r7_133seqs	2	148
r7_133seqs	1	176
r7_133seqs	1	148
r7_133seqs	1	178
r7_133seqs	1	178
r7_133seqs	9	148
r7_133seqs	1	148
r7_133seqs	1	148
r7_133seqs	1	148
r7_133seqs	1	148
r7_133seqs	1	148
r7_133seqs	20	148
r7_133seqs	1	148
r7_133seqs	1	148
r7_133seqs	1	178
r7_133seqs	1	178
r7_133seqs	1	147
r7_133seqs	1	148
r7_133seqs	2	148
r7_133seqs	2	148
r7_133seqs	2	148
r7_133seqs	1	148
r7_133seqs	1	145
r7_133seqs	1	178
r7_133seqs	1	178
r7_133seqs	1	148
r7_133seqs	1	148
r7_133seqs	2	148
r7_133seqs	1	178
r7_133seqs	1	178
r7_133seqs	1	148
r7_133seqs	1	178
r7_133seqs	1	148
r7_133seqs	4	148
r7_133seqs	1	148
r7_133seqs	1	148
r7_133seqs	1	148
r7_133seqs	2	148
r7_133seqs	1	178
r7_133seqs	6	148
r7_133seqs	1	177
r7_133seqs	1	178
r7_133seqs	1	148
r7_133seqs	1	176
r7_133seqs	1	178
r7_133seqs	8	178
r7_133seqs	1	148
r7_133seqs	1	148
r7_133seqs	1	148
r7_133seqs	1	150
r7_133seqs	1	178
r7_133seqs	1	177
r7_133seqs	1	177
r7_133seqs	1	178
r7_133seqs	1	178
r7_133seqs	1	148
r7_133seqs	1	148
r7_133seqs	17	148
r7_133seqs	6	148
r7_133seqs	1	178
r7_133seqs	1	176
r7_133seqs	1	178
r7_133seqs	1	177
r7_133seqs	1	148
r7_133seqs	1	177
r7_133seqs	1	148
r7_133seqs	5	178
r7_133seqs	1	148
r7_133seqs	1	146
r7_133seqs	1	148
r7_133seqs	5	178
r7_133seqs	1	148
r7_133seqs	1	177
r7_133seqs	1	148
r7_133seqs	1	148
r7_133seqs	1	146
r7_133seqs	1	178
r7_133seqs	1	178
r7_133seqs	1	148
r7_133seqs	1	174
r7_133seqs	1	148
r7_133seqs	1	148
r7_133seqs	1	178
r7_133seqs	1	148
r7_133seqs	1	148
r7_133seqs	1	178
r7_133seqs	13	178
r7_133seqs	2	148
r7_133seqs	1	148
r7_133seqs	2	148
r7_133seqs	1	148
r7_133seqs	1	148
r7_133seqs	1	148
r7_133seqs	1	148
r7_133seqs	2	148
r7_133seqs	1	148
r7_133seqs	1	148
r7_133seqs	1	148
r7_133seqs	1	178
r7_133seqs	1	148
r7_133seqs	1	178
r7_133seqs	1	148
r7_133seqs	1	148
r7_133seqs	1	148
r7_133seqs	1	148
r7_133seqs	1	177
r7_133seqs	1	148
r7_133seqs	1	148
r7_133seqs	6	148
r7_133seqs	1	178
r7_133seqs	2	148
r7_133seqs	1	176
r7_133seqs	1	169
r7_133seqs	1	178
r7_133seqs	1	148
r7_133seqs	1	148
r7_133seqs	14	148
r7_133seqs	1	148
r7_133seqs	1	148
r7_133seqs	1	148
r7_133seqs	1	147
r7_133seqs	1	177
r7_133seqs	2	145
r7_133seqs	1	177
r7_133seqs	8	178
r7_133seqs	1	177
r7_133seqs	1	148
r7_133seqs	2	178
r7_133seqs	1	148
r7_133seqs	1	178
r7_133seqs	2	178
r7_133seqs	6	148
r7_133seqs	1	178
r7_133seqs	1	148
r7_133seqs	1	150
r7_133seqs	1	146
r7_133seqs	1	150
r7_133seqs	1	148
r7_133seqs	1	148
r7_133seqs	1	148
r7_133seqs	1	148
r7_133seqs	1	178
r7_133seqs	1	178
r7_133seqs	1	148
r7_133seqs	1	148
r7_133seqs	1	178
r7_133seqs	1	178
r7_133seqs	1	148
r7_133seqs	1	148
r7_133seqs	1	148
r7_133seqs	1	148
r7_133seqs	1	148
r7_133seqs	1	146
r7_133seqs	1	148
r7_133seqs	5	178
r7_133seqs	1	178
r7_133seqs	5	148
r7_133seqs	1	148
r7_133seqs	1	145
r7_133seqs	1	148
r7_133seqs	1	148
r7_133seqs	1	146
r7_133seqs	1	148
r7_133seqs	1	148
r7_133seqs	1	148
r7_133seqs	1	177
r7_133seqs	2	177
r7_133seqs	1	148
r7_133seqs	1	148
r7_133seqs	1	148
r7_133seqs	1	148
r7_133seqs	1	146
r7_133seqs	1	148
r7_133seqs	1	136
r7_133seqs	1	146
r7_133seqs	2	148
r7_133seqs	1	148
r7_133seqs	1	147
r7_133seqs	1	177
r7_133seqs	2	148
r7_133seqs	2	148
r7_133seqs	1	176
r7_133seqs	2	178
r7_133seqs	15	178
r7_133seqs	1	148
r7_133seqs	1	148
r7_133seqs	2	150
r7_133seqs	1	148
r7_133seqs	2	148
r7_133seqs	2	148
r7_133seqs	1	148
r7_133seqs	1	178
r7_133seqs	1	178
r7_133seqs	1	178
r7_133seqs	1	145
r7_133seqs	1	148
r7_133seqs	1	178
r7_133seqs	19	178
r7_133seqs	1	178
r7_133seqs	2	146
r7_133seqs	1	148
r7_133seqs	2	135
r7_133seqs	15	148
r7_133seqs	1	148
r7_133seqs	1	178
r7_133seqs	1	147
r7_133seqs	1	178
r7_133seqs	1	148
r7_133seqs	1	148
r7_133seqs	1	145
r7_133seqs	1	134
r7_133seqs	1	178
r7_133seqs	1	148
r7_133seqs	2	177
r7_133seqs	2	178
r7_133seqs	1	148
r7_133seqs	1	147
r7_133seqs	1	178
r7_133seqs	1	177
r7_133seqs	1	147
r7_133seqs	1	148
r7_133seqs	1	148
r7_133seqs	1	147
r7_133seqs	2	148
r7_133seqs	1	159
r7_133seqs	1	148
r7_133seqs	1	148
r7_133seqs	1	147
r7_133seqs	2	148
r7_133seqs	1	148
r7_133seqs	1	145
r7_133seqs	1	148
r7_133seqs	1	148
r7_133seqs	1	178
r7_133seqs	1	178
r7_133seqs	1	148
r7_133seqs	1	145
r7_133seqs	1	148
r7_133seqs	1	148
r7_133seqs	1	148
r7_133seqs	1	148
r7_133seqs	1	178
r7_133seqs	1	145
r7_133seqs	1	148
r7_133seqs	1	145
r7_133seqs	1	148
r7_133seqs	1	148
r7_133seqs	1	178
r7_133seqs	1	148
r7_133seqs	1	148
r7_133seqs	19	148
r7_133seqs	1	148
r7_133seqs	1	148
r7_133seqs	17	146
r7_133seqs	1	150
r7_133seqs	1	178
r7_133seqs	1	175
r7_133seqs	1	148
r7_133seqs	1	148
r7_133seqs	1	148
r7_133seqs	3	148
r7_133seqs	1	148
r7_133seqs	1	144
r7_133seqs	2	148
r7_133seqs	1	178
r7_133seqs	1	177
r7_133seqs	2	148
r7_133seqs	2	145
r7_133seqs	1	148
r7_133seqs	8	148
r7_133seqs	1	147
r7_133seqs	1	148
r7_133seqs	1	146
r7_133seqs	1	146
r7_133seqs	1	148
r7_133seqs	1	148
r7_133seqs	1	148
r7_133seqs	1	148
r7_133seqs	1	148
r7_133seqs	1	178
r7_133seqs	1	178
r7_133seqs	1	178
r7_133seqs	1	178
r7_133seqs	1	148
r7_133seqs	16	148
r7_133seqs	1	148
r7_133seqs	1	178
r7_133seqs	1	178
r7_133seqs	1	148
r7_133seqs	1	148
r7_133seqs	1	148
r7_133seqs	1	148
r7_133seqs	1	148
r7_133seqs	1	148
r7_133seqs	1	148
r7_133seqs	1	148
r7_133seqs	1	148
r7_133seqs	1	178
r7_133seqs	1	148
r7_133seqs	1	148
r7_133seqs	5	147
r7_133seqs	1	148
r7_133seqs	1	148
r7_133seqs	1	148
r7_133seqs	12	146
r7_133seqs	5	146
r7_133seqs	4	177
r7_133seqs	2	148
r7_133seqs	1	178
r7_133seqs	1	148
r7_133seqs	1	178
r7_133seqs	1	147
r7_133seqs	1	148
r7_133seqs	1	178
r7_133seqs	1	172
r7_133seqs	1	144
r7_133seqs	1	176
r7_133seqs	1	178
r7_133seqs	1	178
r7_133seqs	1	146
r7_133seqs	1	149
r7_133seqs	1	148
r7_133seqs	3	178
r7_133seqs	2	148
r7_133seqs	1	177
r7_133seqs	1	148
r7_133seqs	2	148
r7_133seqs	2	148
r7_133seqs	1	146
r7_133seqs	1	148
r7_133seqs	1	149
r7_133seqs	1	147
r7_133seqs	2	148
r7_133seqs	1	178
r7_133seqs	1	178
r7_133seqs	1	148
r7_133seqs	1	178
r7_133seqs	1	146
r7_133seqs	1	145
r7_133seqs	1	178
r7_133seqs	1	148
r7_133seqs	1	178
r7_133seqs	1	178
r7_133seqs	1	148
r7_133seqs	1	148
r7_133seqs	1	148
r7_133seqs	1	151
r7_133seqs	1	145
r7_133seqs	1	178
r7_133seqs	1	178
r7_133seqs	2	159
r7_133seqs	1	148
r7_133seqs	1	178
r7_133seqs	1	148
r7_133seqs	1	148
r7_133seqs	1	148
r7_133seqs	1	148
r7_133seqs	1	178
r7_133seqs	1	141
r7_133seqs	1	147
r7_133seqs	8	148
r7_133seqs	1	148
r7_133seqs	2	148
r7_133seqs	1	147
r7_133seqs	8	145
r7_133seqs	1	148
r7_133seqs	2	148
r7_133seqs	1	146
r7_133seqs	1	178
r7_133seqs	1	177
r7_133seqs	1	148
r7_133seqs	1	178
r7_133seqs	1	148
r7_133seqs	16	178
r7_133seqs	1	148
r7_133seqs	1	148
r7_133seqs	1	148
r7_133seqs	1	148
r7_133seqs	1	150
r7_133seqs	2	146
r7_133seqs	1	148
r7_133seqs	1	178
r7_133seqs	1	178
r7_133seqs	19	148
r7_133seqs	1	148
r7_133seqs	1	148
r7_133seqs	1	148
r7_133seqs	1	178
r7_133seqs	1	178
r7_133seqs	2	148
r7_133seqs	1	148
r7_133seqs	1	148
r7_133seqs	1	148
r7_133seqs	1	148
r7_133seqs	2	148
r7_133seqs	1	148
r7_133seqs	2	144
r7_133seqs	1	148
r7_133seqs	1	148
r7_133seqs	1	146
r7_133seqs	1	146
r7_133seqs	1	178
r7_133seqs	1	178
r7_133seqs	15	178
r7_133seqs	1	148
r7_133seqs	1	145
r7_133seqs	1	148
r7_133seqs	1	148
r7_133seqs	1	146
r7_133seqs	1	145
r7_133seqs	1	148
r7_133seqs	1	148
r7_133seqs	5	178
r7_133seqs	1	150
r7_133seqs	1	145
r7_133seqs	1	167
r7_133seqs	1	178
r7_133seqs	1	178
r7_133seqs	1	148
r7_133seqs	1	148
r7_133seqs	2	178
r7_133seqs	1	148
r7_133seqs	1	148
r7_133seqs	1	148
r7_133seqs	1	148
r7_133seqs	1	148
r7_133seqs	1	148
r7_133seqs	1	148
r7_133seqs	1	148
r7_133seqs	3	146
r7_133seqs	1	148
r7_133seqs	1	148
r7_133seqs	1	148
r7_133seqs	1	148
r7_133seqs	1	148
r7_133seqs	1	148
r7_133seqs	1	148
r7_133seqs	1	149
r7_133seqs	6	178
r7_133seqs	9	148
r7_133seqs	1	162
r7_133seqs	3	148
r7_133seqs	1	146
r7_133seqs	1	178
r7_133seqs	1	148
r7_133seqs	2	148
r7_133seqs	1	148
r7_133seqs	9	146
r7_133seqs	1	145
r7_133seqs	1	178
r7_133seqs	8	148
r7_133seqs	1	148
r7_133seqs	1	148
r7_133seqs	1	148
r7_133seqs	1	148
r7_133seqs	1	150
r7_133seqs	1	148
r7_133seqs	1	148
r7_133seqs	1	146
r7_133seqs	1	148
r7_133seqs	1	148
r7_133seqs	1	148
r7_133seqs	2	148
r7_133seqs	1	134
r7_133seqs	2	148
r7_133seqs	1	148
r7_133seqs	2	148
r7_133seqs	1	141
r7_133seqs	1	148
r7_133seqs	5	172
r7_133seqs	2	148
r7_133seqs	2	148
r7_133seqs	1	147
r7_133seqs	1	148
r7_133seqs	2	178
r7_133seqs	8	148
r7_133seqs	1	148
r7_133seqs	1	178
r7_133seqs	1	148
r7_133seqs	1	148
r7_133seqs	1	148
r7_133seqs	1	148
r7_133seqs	1	148
r7_133seqs	1	145
r7_133seqs	1	146
r7_133seqs	1	176
r7_133seqs	1	148
r7_133seqs	1	178
r7_133seqs	10	148
r7_133seqs	1	148
r7_133seqs	6	145
r7_133seqs	1	148
r7_133seqs	1	148
r7_133seqs	1	145
r7_133seqs	1	175
r7_133seqs	1	148
r7_133seqs	1	148
r7_133seqs	1	178
r7_133seqs	1	178
r7_133seqs	1	148
r7_133seqs	6	148
r7_133seqs	2	148
r7_133seqs	2	149
r7_133seqs	1	148
r7_133seqs	1	148
r7_133seqs	1	148
r7_133seqs	1	148
r7_133seqs	1	148
r7_133seqs	1	146
r7_133seqs	1	146
r7_133seqs	1	147
r7_133seqs	1	147
r7_133seqs	1	149
r7_133seqs	1	150
r7_133seqs	6	148
r7_133seqs	1	177
r7_133seqs	1	161
r7_133seqs	2	148
r7_133seqs	2	148
r7_133seqs	1	147
r7_133seqs	1	145
r7_133seqs	2	146
r7_133seqs	1	148
r7_133seqs	1	145
r7_133seqs	1	147
r7_133seqs	1	149
r7_133seqs	2	148
r7_133seqs	1	178
r7_133seqs	1	148
r7_133seqs	1	148
r7_133seqs	1	178
r7_133seqs	3	148
r7_133seqs	1	148
r7_133seqs	5	141
r7_133seqs	1	148
r7_133seqs	1	148
r7_133seqs	1	148
r7_133seqs	1	148
r7_133seqs	1	144
r7_133seqs	1	148
r7_133seqs	1	145
r7_133seqs	2	148
r7_133seqs	1	150
r7_133seqs	1	148
r7_133seqs	1	148
r7_133seqs	1	148
r7_133seqs	1	178
r7_133seqs	14	178
r7_133seqs	1	148
r7_133seqs	1	148
r7_133seqs	1	159
r7_133seqs	1	148
r7_133seqs	1	148
r7_133seqs	1	148
r7_133seqs	1	148
r7_133seqs	1	178
r7_133seqs	2	178
r7_133seqs	1	150
r7_133seqs	1	148
r7_133seqs	1	146
r7_133seqs	1	148
r7_133seqs	1	148
r7_133seqs	1	148
r7_133seqs	1	148
r7_133seqs	1	178
r7_133seqs	1	150
r7_133seqs	2	148
r7_133seqs	2	148
r7_133seqs	2	148
r7_133seqs	1	178
r7_133seqs	2	148
r7_133seqs	1	148
r7_133seqs	1	148
r7_133seqs	1	177
r7_133seqs	1	148
r7_133seqs	1	148
r7_133seqs	1	178
r7_133seqs	1	146
r7_133seqs	1	178
r7_133seqs	1	148
r7_133seqs	1	178
r7_133seqs	1	148
r7_133seqs	5	147
r7_133seqs	1	142
r7_133seqs	1	177
r7_133seqs	1	148
r7_133seqs	1	148
r7_133seqs	1	178
r7_133seqs	1	148
r7_133seqs	1	148
r7_133seqs	1	148
r7_133seqs	1	148
r7_133seqs	1	148
r7_133seqs	1	148
r7_133seqs	1	148
r7_133seqs	1	145
r7_133seqs	1	178
r7_133seqs	1	148
r7_133seqs	1	176
r7_133seqs	1	148
r7_133seqs	1	146
r7_133seqs	2	148
r7_133seqs	1	178
r7_133seqs	1	148
r7_133seqs	1	148
r7_133seqs	1	148
r7_133seqs	1	142
r7_133seqs	1	148
r7_133seqs	1	178
r7_133seqs	1	148
r7_133seqs	1	177
r7_133seqs	1	178
r7_133seqs	1	177
r7_133seqs	1	148
r7_133seqs	1	148
r7_133seqs	5	178
r7_133seqs	1	148
r7_133seqs	2	178
r7_133seqs	4	178
r7_133seqs	1	148
r7_133seqs	1	148
r7_133seqs	2	148
r7_133seqs	1	148
r7_133seqs	1	148
r7_133seqs	1	148
r7_133seqs	1	148
r7_133seqs	15	178
r7_133seqs	1	178
r7_133seqs	1	148
r7_133seqs	1	148
r7_133seqs	1	178
r7_133seqs	1	148
r7_133seqs	14	178
r7_133seqs	1	148
r7_133seqs	1	178
r7_133seqs	1	178
r7_133seqs	4	147
r7_133seqs	1	147
r7_133seqs	1	178
r7_133seqs	1	178
r7_133seqs	9	148
r7_133seqs	1	177
r7_133seqs	9	148
r7_133seqs	1	177
r7_133seqs	1	148
r7_133seqs	1	177
r7_133seqs	1	148
r7_133seqs	1	145
r7_133seqs	1	176
r7_133seqs	1	178
r7_133seqs	1	178
r7_133seqs	1	148
r7_133seqs	1	148
r7_133seqs	1	148
r7_133seqs	1	148
r7_133seqs	1	178
r7_133seqs	1	148
r7_133seqs	1	148
r7_133seqs	1	148
r7_133seqs	2	145
r7_133seqs	8	148
r7_133seqs	1	178
r7_133seqs	1	148
r7_133seqs	1	148
r7_133seqs	1	148
r7_133seqs	1	148
r7_133seqs	1	148
r7_133seqs	1	148
r7_133seqs	1	148
r7_133seqs	1	148
r7_133seqs	1	176
r7_133seqs	1	148
r7_133seqs	1	178
r7_133seqs	1	133
r7_133seqs	1	178
r7_133seqs	1	148
r7_133seqs	1	148
r7_133seqs	1	148
r7_133seqs	1	148
r7_133seqs	1	178
r7_133seqs	1	178
r7_133seqs	1	148
r7_133seqs	1	178
r7_133seqs	1	146
r7_133seqs	1	148
r7_133seqs	1	146
r7_133seqs	2	178
r7_133seqs	1	148
r7_133seqs	2	178
r7_133seqs	1	176
r7_133seqs	1	161
r7_133seqs	1	148
r7_133seqs	1	148
r7_133seqs	1	178
r7_133seqs	1	178
r7_133seqs	1	148
r7_133seqs	5	148
r7_133seqs	1	178
r7_133seqs	1	148
r7_133seqs	1	148
r7_133seqs	1	148
r7_133seqs	1	147
r7_133seqs	1	148
r7_133seqs	1	178
r7_133seqs	1	148
r7_133seqs	1	178
r7_133seqs	1	178
r7_133seqs	13	148
r7_133seqs	1	178
r7_133seqs	1	178
r7_133seqs	1	148
r7_133seqs	1	148
r7_133seqs	1	148
r7_133seqs	1	178
r7_133seqs	1	148
r7_133seqs	1	148
r7_133seqs	1	145
r7_133seqs	1	178
r7_133seqs	1	148
r7_133seqs	1	148
r7_133seqs	1	148
r7_133seqs	2	177
r7_133seqs	2	177
r7_133seqs	1	148
r7_133seqs	2	148
r7_133seqs	1	148
r7_133seqs	1	178
r7_133seqs	1	177
r7_133seqs	1	178
r7_133seqs	18	178
r7_133seqs	1	148
r7_133seqs	1	148
r7_133seqs	1	148
r7_133seqs	1	148
r7_133seqs	1	148
r7_133seqs	1	148
r7_133seqs	1	148
r7_133seqs	1	148
r7_133seqs	1	148
r7_133seqs	1	148
r7_133seqs	1	148
r7_133seqs	1	148
r7_133seqs	1	148
r7_133seqs	1	176
r7_133seqs	1	148
r7_133seqs	6	177
r7_133seqs	1	148
r7_133seqs	4	148
r7_133seqs	1	148
r7_133seqs	1	149
r7_133seqs	1	148
r7_133seqs	1	148
r7_133seqs	1	178
r7_133seqs	13	148
r7_133seqs	1	178
r7_133seqs	3	177
r7_133seqs	1	178
r7_133seqs	1	146
r7_133seqs	1	148
r7_133seqs	1	178
r7_133seqs	1	148
r7_133seqs	1	148
r7_133seqs	1	178
r7_133seqs	1	178
r7_133seqs	1	178
r7_133seqs	1	148
r7_133seqs	1	148
r7_133seqs	4	148
r7_133seqs	1	177
r7_133seqs	1	148
r7_133seqs	1	149
r7_133seqs	1	148
r7_133seqs	1	143
r7_133seqs	1	178
r7_133seqs	1	148
r7_133seqs	2	148
r7_133seqs	5	146
r7_133seqs	10	144
r7_133seqs	1	148
r7_133seqs	2	148
r7_133seqs	1	148
r7_133seqs	1	148
r7_133seqs	1	145
r7_133seqs	1	148
r7_133seqs	1	148
r7_133seqs	3	148
r7_133seqs	9	148
r7_133seqs	1	178
r7_133seqs	1	178
r7_133seqs	1	178
r7_133seqs	1	178
r7_133seqs	1	145
r7_133seqs	1	150
r7_133seqs	1	178
r7_133seqs	1	148
r7_133seqs	1	145
r7_133seqs	1	172
r7_133seqs	1	178
r7_133seqs	1	178
r7_133seqs	1	148
r7_133seqs	1	148
r7_133seqs	2	148
r7_133seqs	1	150
r7_133seqs	1	148
r7_133seqs	1	145
r7_133seqs	1	178
r7_133seqs	1	148
r7_133seqs	1	148
r7_133seqs	1	178
r7_133seqs	1	148
r7_133seqs	1	148
r7_133seqs	1	148
r7_133seqs	1	178
r7_133seqs	1	148
r7_133seqs	1	178
r7_133seqs	1	149
r7_133seqs	1	148
r7_133seqs	1	177
r7_133seqs	1	148
r7_133seqs	1	148
r7_133seqs	1	145
r7_133seqs	5	148
r7_133seqs	1	148
r7_133seqs	10	178
r7_133seqs	1	148
r7_133seqs	1	176
r7_133seqs	1	147
r7_133seqs	1	177
r7_133seqs	2	178
r7_133seqs	2	176
r7_133seqs	1	148
r7_133seqs	1	149
r7_133seqs	3	176
r7_133seqs	1	178
r7_133seqs	1	149
r7_133seqs	1	148
r7_133seqs	1	148
r7_133seqs	1	146
r7_133seqs	1	148
r7_133seqs	1	148
r7_133seqs	1	148
r7_133seqs	1	146
r7_133seqs	1	148
r7_133seqs	1	148
r7_133seqs	1	159
r7_133seqs	1	148
r7_133seqs	1	148
r7_133seqs	1	148
r7_133seqs	1	148
r7_133seqs	1	148
r7_133seqs	1	148
r7_133seqs	1	177
r7_133seqs	1	148
r7_133seqs	2	148
r7_133seqs	1	148
r7_133seqs	2	148
r7_133seqs	1	146
r7_133seqs	1	148
r7_133seqs	1	178
r7_133seqs	1	148
r7_133seqs	1	148
r7_133seqs	3	148
r7_133seqs	1	148
r7_133seqs	1	148
r7_133seqs	9	178
r7_133seqs	1	148
r7_133seqs	1	148
r7_133seqs	2	148
r7_133seqs	1	178
r7_133seqs	1	177
r7_133seqs	1	147
r7_133seqs	5	148
r7_133seqs	1	176
r7_133seqs	3	148
r7_133seqs	1	148
r7_133seqs	19	148
r7_133seqs	1	148
r7_133seqs	1	150
r7_133seqs	1	148
r7_133seqs	1	148
r7_133seqs	1	148
r7_133seqs	1	178
r7_133seqs	1	142
r7_133seqs	1	148
r7_133seqs	1	178
r7_133seqs	1	148
r7_133seqs	1	142
r7_133seqs	1	148
r7_133seqs	1	148
r7_133seqs	1	148
r7_133seqs	1	148
r7_133seqs	2	178
r7_133seqs	1	178
r7_133seqs	1	178
r7_133seqs	1	178
r7_133seqs	1	148
r7_133seqs	1	148
r7_133seqs	9	148
r7_133seqs	1	148
r7_133seqs	4	145
r7_133seqs	1	148
r7_133seqs	1	178
r7_133seqs	1	148
r7_133seqs	2	148
r7_133seqs	1	148
r7_133seqs	1	148
r7_133seqs	1	178
r7_133seqs	1	178
r7_133seqs	1	178
r7_133seqs	1	148
r7_133seqs	1	148
r7_133seqs	1	150
r7_133seqs	1	145
r7_133seqs	2	148
r7_133seqs	2	148
r7_133seqs	1	177
r7_133seqs	1	178
r7_133seqs	1	148
r7_133seqs	2	176
r7_133seqs	1	177
r7_133seqs	1	178
r7_133seqs	1	147
r7_133seqs	1	178
r7_133seqs	1	178
r7_133seqs	1	178
r7_133seqs	1	178
r7_133seqs	1	145
r7_133seqs	13	148
r7_133seqs	1	177
r7_133seqs	1	178
r7_133seqs	1	148
r7_133seqs	1	148
r7_133seqs	1	148
r7_133seqs	1	159
r7_133seqs	1	145
r7_133seqs	1	148
r7_133seqs	1	148
r7_133seqs	1	177
r7_133seqs	1	148
r7_133seqs	1	178
r7_133seqs	1	145
r7_133seqs	1	178
r7_133seqs	2	177
r7_133seqs	1	178
r7_133seqs	1	178
r7_133seqs	1	178
r7_133seqs	2	178
r7_133seqs	1	146
r7_133seqs	1	148
r7_133seqs	2	178
r7_133seqs	1	149
r7_133seqs	1	177
r7_133seqs	1	178
r7_133seqs	4	148
r7_133seqs	17	148
r7_133seqs	1	178
r7_133seqs	1	148
r7_133seqs	1	178
r7_133seqs	1	148
r7_133seqs	1	148
r7_133seqs	1	148
r7_133seqs	1	148
r7_133seqs	1	148
r7_133seqs	1	148
r7_133seqs	1	148
r7_133seqs	1	146
r7_133seqs	1	148
r7_133seqs	1	148
r7_133seqs	1	178
r7_133seqs	1	178
r7_133seqs	1	148
r7_133seqs	1	148
r7_133seqs	1	148
r7_133seqs	1	148
r7_133seqs	1	148
r7_133seqs	1	148
r7_133seqs	1	148
r7_133seqs	1	148
r7_133seqs	3	148
r7_133seqs	1	176
r7_133seqs	1	148
r7_133seqs	1	178
r7_133seqs	1	145
r7_133seqs	1	178
r7_133seqs	2	147
r7_133seqs	1	148
r7_133seqs	1	148
r7_133seqs	1	148
r7_133seqs	1	148
r7_133seqs	1	148
r7_133seqs	1	148
r7_133seqs	1	176
r7_133seqs	1	148
r7_133seqs	1	178
r7_133seqs	1	178
r7_133seqs	1	146
r7_133seqs	1	148
r7_133seqs	1	148
r7_133seqs	1	159
r7_133seqs	1	178
r7_133seqs	1	148
r7_133seqs	1	178
r7_133seqs	1	178
r7_133seqs	1	178
r7_133seqs	1	178
r7_133seqs	1	148
r7_133seqs	1	178
r7_133seqs	2	145
r7_133seqs	1	148
r7_133seqs	1	148
r7_133seqs	1	148
r7_133seqs	1	161
r7_133seqs	3	146
r7_133seqs	1	148
r7_133seqs	2	148
r7_133seqs	1	148
r7_133seqs	1	174
r7_133seqs	1	176
r7_133seqs	3	148
r7_133seqs	1	148
r7_133seqs	1	149
r7_133seqs	1	148
r7_133seqs	1	178
r7_133seqs	12	148
r7_133seqs	1	178
r7_133seqs	1	148
r7_133seqs	1	148
r7_133seqs	1	178
r7_133seqs	1	148
r7_133seqs	1	178
r7_133seqs	2	148
r7_133seqs	1	178
r7_133seqs	5	148
r7_133seqs	1	146
r7_133seqs	1	148
r7_133seqs	2	148
r7_133seqs	1	148
r7_133seqs	1	148
r7_133seqs	1	148
r7_133seqs	17	178
r7_133seqs	2	178
r7_133seqs	2	178
r7_133seqs	1	178
r7_133seqs	3	148
r7_133seqs	1	148
r7_133seqs	1	148
r7_133seqs	1	177
r7_133seqs	1	177
r7_133seqs	1	178
r7_133seqs	5	148
r7_133seqs	1	178
r7_133seqs	6	148
r7_133seqs	1	178
r7_133seqs	1	178
r7_133seqs	1	148
r7_133seqs	1	150
r7_133seqs	1	178
r7_133seqs	1	145
r7_133seqs	1	148
r7_133seqs	5	177
r7_133seqs	1	178
r7_133seqs	1	146
r7_133seqs	2	178
r7_133seqs	20	178
r7_133seqs	5	148
r7_133seqs	1	148
r7_133seqs	1	145
r7_133seqs	1	148
r7_133seqs	1	148
r7_133seqs	2	178
r7_133seqs	1	177
r7_133seqs	1	177
r7_133seqs	1	178
r7_133seqs	1	178
r7_133seqs	8	148
r7_133seqs	1	148
r7_133seqs	1	178
r7_133seqs	1	144
r7_133seqs	3	148
r7_133seqs	1	159
r7_133seqs	1	178
r7_133seqs	22	178
r7_133seqs	1	148
r7_133seqs	1	148
r7_133seqs	1	178
r7_133seqs	1	148
r7_133seqs	1	148
r7_133seqs	1	178
r7_133seqs	1	148
r7_133seqs	4	148
r7_133seqs	1	178
r7_133seqs	1	178
r7_133seqs	4	178
r7_133seqs	1	148
r7_133seqs	1	148
r7_133seqs	15	148
r7_133seqs	19	148
r7_133seqs	1	148
r7_133seqs	1	148
r7_133seqs	1	148
r7_133seqs	1	139
r7_133seqs	1	145
r7_133seqs	1	178
r7_133seqs	1	148
r7_133seqs	1	148
r7_133seqs	2	178
r7_133seqs	3	148
r7_133seqs	1	148
r7_133seqs	7	148
r7_133seqs	1	178
r7_133seqs	1	148
r7_133seqs	22	177
r7_133seqs	1	148
r7_133seqs	1	148
r7_133seqs	12	148
r7_133seqs	1	148
r7_133seqs	1	149
r7_133seqs	1	144
r7_133seqs	12	148
r7_133seqs	1	144
r7_133seqs	1	178
r7_133seqs	1	148
r7_133seqs	2	148
r7_133seqs	1	178
r7_133seqs	1	148
r7_133seqs	1	148
r7_133seqs	1	141
r7_133seqs	1	145
r7_133seqs	1	148
r7_133seqs	1	148
r7_133seqs	1	178
r7_133seqs	1	148
r7_133seqs	2	148
r7_133seqs	1	148
r7_133seqs	1	174
r7_133seqs	1	148
r7_133seqs	1	178
r7_133seqs	1	148
r7_133seqs	1	148
r7_133seqs	1	148
r7_133seqs	1	148
r7_133seqs	1	142
r7_133seqs	1	146
r7_133seqs	12	150
r7_133seqs	1	146
r7_133seqs	1	146
r7_133seqs	1	176
r7_133seqs	1	175
r7_133seqs	9	148
r7_133seqs	1	148
r7_133seqs	1	178
r7_133seqs	1	178
r7_133seqs	1	148
r7_133seqs	1	148
r7_133seqs	1	177
r7_133seqs	1	148
r7_133seqs	1	148
r7_133seqs	2	148
r7_133seqs	1	147
r7_133seqs	2	146
r7_133seqs	1	148
r7_133seqs	1	146
r7_133seqs	1	178
r7_133seqs	2	178
r7_133seqs	1	148
r7_133seqs	1	176
r7_133seqs	1	146
r7_133seqs	1	148
r7_133seqs	1	148
r7_133seqs	1	177
r7_133seqs	1	178
r7_133seqs	2	148
r7_133seqs	10	148
r7_133seqs	1	146
r7_133seqs	1	148
r7_133seqs	2	178
r7_133seqs	1	144
r7_133seqs	1	148
r7_133seqs	1	178
r7_133seqs	2	178
r7_133seqs	1	148
r7_133seqs	12	148
r7_133seqs	5	178
r7_133seqs	1	148
r7_133seqs	13	148
r7_133seqs	2	146
r7_133seqs	1	154
r7_133seqs	1	148
r7_133seqs	1	143
r7_133seqs	1	178
r7_133seqs	1	148
r7_133seqs	1	178
r7_133seqs	1	178
r7_133seqs	16	148
r7_133seqs	1	149
r7_133seqs	9	148
r7_133seqs	17	178
r7_133seqs	21	178
r7_133seqs	1	146
r7_133seqs	3	148
r7_133seqs	1	148
r7_133seqs	1	145
r7_133seqs	17	148
r7_133seqs	1	147
r7_133seqs	29	177
r7_133seqs	1	147
r7_133seqs	1	148
r7_133seqs	12	148
r7_133seqs	1	148
r7_133seqs	1	148
r7_133seqs	1	178
r7_133seqs	1	145
r7_133seqs	1	148
r7_133seqs	1	145
r7_133seqs	1	176
r7_133seqs	1	178
r7_133seqs	1	148
r7_133seqs	1	148
r7_133seqs	1	148
r7_133seqs	1	150
r7_133seqs	1	148
r7_133seqs	1	148
r7_133seqs	3	148
r7_133seqs	1	130
r7_133seqs	1	148
r7_133seqs	1	178
r7_133seqs	1	146
r7_133seqs	1	148
r7_133seqs	1	148
r7_133seqs	1	148
r7_133seqs	1	176
r7_133seqs	1	177
r7_133seqs	1	148
r7_133seqs	1	177
r7_133seqs	1	148
r7_133seqs	1	148
r7_133seqs	15	148
r7_133seqs	1	148
r7_133seqs	2	148
r7_133seqs	1	174
r7_133seqs	1	148
r7_133seqs	1	148
r7_133seqs	1	146
r7_133seqs	13	172
r7_133seqs	6	148
r7_133seqs	1	150
r7_133seqs	5	140
r7_133seqs	1	147
r7_133seqs	1	178
r7_133seqs	1	148
r7_133seqs	1	148
r7_133seqs	19	178
r7_133seqs	2	147
r7_133seqs	1	178
r7_133seqs	1	148
r7_133seqs	1	148
r7_133seqs	1	148
r7_133seqs	1	148
r7_133seqs	1	148
r7_133seqs	1	148
r7_133seqs	1	148
r7_133seqs	9	160
r7_133seqs	1	148
r7_133seqs	1	148
r7_133seqs	1	148
r7_133seqs	1	146
r7_133seqs	1	148
r7_133seqs	1	148
r7_133seqs	1	150
r7_133seqs	1	178
r7_133seqs	1	146
r7_133seqs	2	148
r7_133seqs	14	178
r7_133seqs	3	148
r7_133seqs	1	148
r7_133seqs	1	149
r7_133seqs	1	150
r7_133seqs	1	148
r7_133seqs	1	146
r7_133seqs	1	138
r7_133seqs	17	148
r7_133seqs	16	148
r7_133seqs	2	120
r7_133seqs	1	148
r7_133seqs	1	148
r7_133seqs	1	178
r7_133seqs	1	148
r7_133seqs	1	175
r7_133seqs	2	148
r7_133seqs	1	178
r7_133seqs	1	148
r7_133seqs	5	178
r7_133seqs	2	146
r7_133seqs	1	131
r7_133seqs	20	148
r7_133seqs	13	177
r7_133seqs	2	148
r7_133seqs	1	148
r7_133seqs	1	178
r7_133seqs	1	148
r7_133seqs	1	178
r7_133seqs	1	148
r7_133seqs	1	178
r7_133seqs	1	148
r7_133seqs	2	141
r7_133seqs	1	142
r7_133seqs	1	145
r7_133seqs	9	146
r7_133seqs	1	148
r7_133seqs	1	148
r7_133seqs	9	148
r7_133seqs	1	178
r7_133seqs	1	178
r7_133seqs	6	145
r7_133seqs	6	148
r7_133seqs	1	134
r7_133seqs	2	175
r7_133seqs	1	148
r7_133seqs	2	148
r7_133seqs	1	159
r7_133seqs	1	150
r7_133seqs	1	148
r7_133seqs	2	148
r7_133seqs	1	148
r7_133seqs	1	129
r7_133seqs	1	142
r7_133seqs	1	177
r7_133seqs	1	148
r7_133seqs	33	148
r7_133seqs	1	178
r7_133seqs	1	145
r7_133seqs	1	178
r7_133seqs	5	176
r7_133seqs	1	176
r7_133seqs	1	148
r7_133seqs	1	148
r7_133seqs	1	148
r7_133seqs	1	148
r7_133seqs	1	148
r7_133seqs	1	148
r7_133seqs	6	148
r7_133seqs	1	178
r7_133seqs	1	148
r7_133seqs	1	148
r7_133seqs	1	146
r7_133seqs	1	146
r7_133seqs	1	177
r7_133seqs	1	150
r7_133seqs	2	178
r7_133seqs	1	147
r7_133seqs	11	178
r7_133seqs	1	177
r7_133seqs	1	148
r7_133seqs	1	178
r7_133seqs	1	146
r7_133seqs	14	148
r7_133seqs	2	148
r7_133seqs	1	148
r7_133seqs	1	148
r7_133seqs	1	178
r7_133seqs	1	148
r7_133seqs	1	146
r7_133seqs	1	148
r7_133seqs	20	178
r7_133seqs	2	148
r7_133seqs	1	148
r7_133seqs	1	148
r7_133seqs	7	145
r7_133seqs	4	148
r7_133seqs	1	148
r7_133seqs	1	148
r7_133seqs	1	148
r7_133seqs	1	148
r7_133seqs	1	139
r7_133seqs	29	178
r7_133seqs	1	176
r7_133seqs	2	148
r7_133seqs	1	148
r7_133seqs	1	148
r7_133seqs	2	128
r7_133seqs	1	178
r7_133seqs	5	178
r7_133seqs	1	148
r7_133seqs	1	178
r7_133seqs	33	178
r7_133seqs	1	147
r7_133seqs	1	148
r7_133seqs	1	145
r7_133seqs	1	148
r7_133seqs	2	148
r7_133seqs	1	144
r7_133seqs	1	145
r7_133seqs	5	146
r7_133seqs	1	177
r7_133seqs	1	178
r7_133seqs	1	178
r7_133seqs	1	148
r7_133seqs	1	148
r7_133seqs	1	148
r7_133seqs	1	145
r7_133seqs	1	148
r7_133seqs	7	148
r7_133seqs	1	175
r7_133seqs	1	148
r7_133seqs	1	178
r7_133seqs	1	176
r7_133seqs	1	148
r7_133seqs	5	178
r7_133seqs	1	148
r7_133seqs	1	148
r7_133seqs	1	148
r7_133seqs	1	148
r7_133seqs	13	148
r7_133seqs	12	148
r7_133seqs	1	148
r7_133seqs	1	148
r7_133seqs	1	148
r7_133seqs	2	177
r7_133seqs	1	144
r7_133seqs	1	148
r7_133seqs	2	148
r7_133seqs	1	147
r7_133seqs	2	148
r7_133seqs	2	148
r7_133seqs	2	148
r7_133seqs	5	160
r7_133seqs	1	140
r7_133seqs	1	150
r7_133seqs	1	120
r7_133seqs	1	148
r7_133seqs	1	148
r7_133seqs	1	178
r7_133seqs	1	178
r7_133seqs	1	148
r7_133seqs	1	178
r7_133seqs	1	178
r7_133seqs	1	178
r7_133seqs	1	148
r7_133seqs	1	148
r7_133seqs	2	146
r7_133seqs	1	148
r7_133seqs	1	148
r7_133seqs	1	178
r7_133seqs	16	177
r7_133seqs	1	148
r7_133seqs	1	148
r7_133seqs	24	178
r7_133seqs	2	148
r7_133seqs	2	147
r7_133seqs	7	159
r7_133seqs	1	151
r7_133seqs	11	148
r7_133seqs	1	147
r7_133seqs	9	148
r7_133seqs	2	148
r7_133seqs	15	146
r7_133seqs	1	146
r7_133seqs	1	178
r7_133seqs	1	178
r7_133seqs	1	178
r7_133seqs	1	178
r7_133seqs	1	148
r7_133seqs	1	148
r7_133seqs	1	148
r7_133seqs	1	148
r7_133seqs	5	148
r7_133seqs	1	148
r7_133seqs	1	148
r7_133seqs	1	148
r7_133seqs	1	146
r7_133seqs	3	148
r7_133seqs	1	148
r7_133seqs	2	145
r7_133seqs	1	148
r7_133seqs	1	148
r7_133seqs	1	148
r7_133seqs	9	148
r7_133seqs	1	144
r7_133seqs	1	146
r7_133seqs	1	148
r7_133seqs	3	146
r7_133seqs	1	145
r7_133seqs	1	148
r7_133seqs	2	148
r7_133seqs	17	178
r7_133seqs	1	148
r7_133seqs	1	178
r7_133seqs	1	148
r7_133seqs	1	145
r7_133seqs	2	148
r7_133seqs	1	148
r7_133seqs	1	145
r7_133seqs	19	146
r7_133seqs	1	178
r7_133seqs	1	178
r7_133seqs	1	120
r7_133seqs	3	145
r7_133seqs	1	148
r7_133seqs	10	148
r7_133seqs	1	150
r7_133seqs	1	146
r7_133seqs	6	148
r7_133seqs	1	148
r7_133seqs	1	148
r7_133seqs	1	148
r7_133seqs	1	176
r7_133seqs	1	148
r7_133seqs	1	148
r7_133seqs	1	148
r7_133seqs	1	148
r7_133seqs	1	148
r7_133seqs	1	148
r7_133seqs	1	148
r7_133seqs	1	150
r7_133seqs	1	146
r7_133seqs	1	178
r7_133seqs	1	148
r7_133seqs	1	146
r7_133seqs	1	148
r7_133seqs	1	145
r7_133seqs	1	148
r7_133seqs	1	150
r7_133seqs	1	148
r7_133seqs	1	147
r7_133seqs	1	148
r7_133seqs	1	146
r7_133seqs	1	148
r7_133seqs	22	148
r7_133seqs	1	148
r7_133seqs	3	148
r7_133seqs	1	148
r7_133seqs	1	145
r7_133seqs	1	148
r7_133seqs	1	148
r7_133seqs	1	148
r7_133seqs	1	148
r7_133seqs	1	148
r7_133seqs	2	148
r7_133seqs	1	148
r7_133seqs	1	148
r7_133seqs	36	148
r7_133seqs	1	150
r7_133seqs	2	148
r7_133seqs	2	178
r7_133seqs	1	177
r7_133seqs	1	148
r7_133seqs	1	146
r7_133seqs	2	148
r7_133seqs	1	148
r7_133seqs	1	178
r7_133seqs	1	148
r7_133seqs	1	161
r7_133seqs	1	178
r7_133seqs	1	177
r7_133seqs	1	148
r7_133seqs	1	148
r7_133seqs	9	148
r7_133seqs	1	178
r7_133seqs	1	178
r7_133seqs	1	148
r7_133seqs	2	148
r7_133seqs	1	148
r7_133seqs	1	147
r7_133seqs	1	148
r7_133seqs	1	178
r7_133seqs	1	178
r7_133seqs	1	141
r7_133seqs	1	145
r7_133seqs	1	148
r7_133seqs	1	147
r7_133seqs	1	143
r7_133seqs	1	178
r7_133seqs	1	146
r7_133seqs	5	178
r7_133seqs	1	175
r7_133seqs	1	148
r7_133seqs	1	178
r7_133seqs	1	148
r7_133seqs	1	178
r7_133seqs	1	178
r7_133seqs	1	148
r7_133seqs	1	178
r7_133seqs	14	148
r7_133seqs	10	178
r7_133seqs	1	148
r7_133seqs	1	148
r7_133seqs	1	177
r7_133seqs	1	148
r7_133seqs	1	177
r7_133seqs	1	148
r7_133seqs	1	148
r7_133seqs	1	176
r7_133seqs	1	178
r7_133seqs	1	148
r7_133seqs	1	148
r7_133seqs	1	148
r7_133seqs	1	148
r7_133seqs	9	178
r7_133seqs	1	122
r7_133seqs	1	178
r7_133seqs	1	177
r7_133seqs	1	148
r7_133seqs	8	151
r7_133seqs	1	148
r7_133seqs	1	148
r7_133seqs	1	177
r7_133seqs	1	148
r7_133seqs	1	178
r7_133seqs	1	178
r7_133seqs	1	148
r7_133seqs	1	145
r7_133seqs	17	148
r7_133seqs	1	178
r7_133seqs	1	178
r7_133seqs	1	148
r7_133seqs	1	177
r7_133seqs	1	178
r7_133seqs	1	178
r7_133seqs	1	148
r7_133seqs	1	178
r7_133seqs	1	178
r7_133seqs	1	148
r7_133seqs	1	148
r7_133seqs	1	178
r7_133seqs	1	177
r7_133seqs	23	148
r7_133seqs	1	149
r7_133seqs	1	178
r7_133seqs	1	178
r7_133seqs	1	147
r7_133seqs	19	178
r7_133seqs	1	148
r7_133seqs	1	177
r7_133seqs	1	178
r7_133seqs	1	145
r7_133seqs	1	148
r7_133seqs	1	148
r7_133seqs	1	148
r7_133seqs	1	172
r7_133seqs	13	177
r7_133seqs	1	145
r7_133seqs	1	148
r7_133seqs	17	148
r7_133seqs	17	178
r7_133seqs	1	148
r7_133seqs	1	178
r7_133seqs	1	177
r7_133seqs	1	148
r7_133seqs	1	178
r7_133seqs	9	178
r7_133seqs	1	148
r7_133seqs	22	148
r7_133seqs	1	148
r7_133seqs	2	148
r7_133seqs	1	159
r7_133seqs	1	148
r7_133seqs	1	148
r7_133seqs	1	148
r7_133seqs	2	177
r7_133seqs	1	148
r7_133seqs	1	148
r7_133seqs	1	148
r7_133seqs	1	148
r7_133seqs	1	148
r7_133seqs	1	146
r7_133seqs	1	148
r7_133seqs	1	178
r7_133seqs	1	148
r7_133seqs	1	148
r7_133seqs	1	178
r7_133seqs	1	148
r7_133seqs	12	148
r7_133seqs	1	148
r7_133seqs	1	148
r7_133seqs	1	178
r7_133seqs	2	178
r7_133seqs	19	148
r7_133seqs	9	148
r7_133seqs	1	148
r7_133seqs	2	148
r7_133seqs	1	148
r7_133seqs	1	148
r7_133seqs	1	148
r7_133seqs	2	148
r7_133seqs	1	148
r7_133seqs	1	148
r7_133seqs	9	148
r7_133seqs	1	148
r7_133seqs	1	148
r7_133seqs	1	148
r7_133seqs	17	178
r7_133seqs	1	176
r7_133seqs	1	178
r7_133seqs	1	174
r7_133seqs	1	177
r7_133seqs	1	177
r7_133seqs	5	178
r7_133seqs	1	148
r7_133seqs	1	178
r7_133seqs	12	178
r7_133seqs	3	159
r7_133seqs	1	145
r7_133seqs	13	178
r7_133seqs	1	148
r7_133seqs	1	148
r7_133seqs	1	148
r7_133seqs	1	148
r7_133seqs	1	148
r7_133seqs	1	148
r7_133seqs	1	148
r7_133seqs	1	148
r7_133seqs	1	150
r7_133seqs	12	148
r7_133seqs	2	173
r7_133seqs	1	148
r7_133seqs	1	148
r7_133seqs	1	178
r7_133seqs	1	148
r7_133seqs	2	148
r7_133seqs	1	129
r7_133seqs	1	151
r7_133seqs	1	178
r7_133seqs	1	148
r7_133seqs	1	148
r7_133seqs	1	148
r7_133seqs	25	178
r7_133seqs	1	144
r7_133seqs	1	178
r7_133seqs	1	178
r7_133seqs	1	148
r7_133seqs	6	148
r7_133seqs	1	148
r7_133seqs	1	148
r7_133seqs	1	148
r7_133seqs	1	178
r7_133seqs	1	148
r7_133seqs	2	148
r7_133seqs	6	148
r7_133seqs	4	145
r7_133seqs	34	178
r7_133seqs	1	148
r7_133seqs	1	148
r7_133seqs	1	117
r7_133seqs	1	148
r7_133seqs	2	178
r7_133seqs	1	148
r7_133seqs	1	148
r7_133seqs	13	148
r7_133seqs	2	147
r7_133seqs	2	143
r7_133seqs	1	147
r7_133seqs	1	168
r7_133seqs	1	148
r7_133seqs	1	178
r7_133seqs	1	148
r7_133seqs	2	148
r7_133seqs	1	148
r7_133seqs	1	148
r7_133seqs	1	146
r7_133seqs	1	148
r7_133seqs	22	148
r7_133seqs	1	146
r7_133seqs	17	178
r7_133seqs	1	148
r7_133seqs	1	148
r7_133seqs	4	178
r7_133seqs	7	148
r7_133seqs	1	178
r7_133seqs	1	148
r7_133seqs	1	178
r7_133seqs	1	178
r7_133seqs	6	148
r7_133seqs	1	150
r7_133seqs	1	148
r7_133seqs	1	107
r7_133seqs	33	148
r7_133seqs	1	148
r7_133seqs	1	148
r7_133seqs	1	148
r7_133seqs	1	155
r7_133seqs	1	148
r7_133seqs	2	178
r7_133seqs	3	178
r7_133seqs	1	178
r7_133seqs	1	148
r7_133seqs	1	148
r7_133seqs	1	122
r7_133seqs	19	148
r7_133seqs	1	148
r7_133seqs	1	145
r7_133seqs	1	178
r7_133seqs	1	148
r7_133seqs	1	148
r7_133seqs	1	148
r7_133seqs	1	172
r7_133seqs	1	178
r7_133seqs	1	148
r7_133seqs	1	148
r7_133seqs	1	148
r7_133seqs	1	159
r7_133seqs	2	174
r7_133seqs	1	178
r7_133seqs	1	149
r7_133seqs	1	145
r7_133seqs	1	178
r7_133seqs	1	148
r7_133seqs	1	178
r7_133seqs	2	148
r7_133seqs	2	145
r7_133seqs	1	148
r7_133seqs	17	148
r7_133seqs	1	146
r7_133seqs	9	148
r7_133seqs	1	178
r7_133seqs	1	178
r7_133seqs	6	148
r7_133seqs	16	147
r7_133seqs	1	148
r7_133seqs	1	178
r7_133seqs	1	148
r7_133seqs	1	148
r7_133seqs	1	178
r7_133seqs	9	148
r7_133seqs	13	148
r7_133seqs	1	113
r7_133seqs	22	148
r7_133seqs	12	148
r7_133seqs	1	145
r7_133seqs	1	148
r7_133seqs	1	148
r7_133seqs	1	178
r7_133seqs	1	176
r7_133seqs	11	178
r7_133seqs	1	120
r7_133seqs	1	148
r7_133seqs	1	178
r7_133seqs	1	178
r7_133seqs	17	130
r7_133seqs	12	148
r7_133seqs	14	148
r7_133seqs	1	178
r7_133seqs	2	116
r7_133seqs	6	146
r7_133seqs	19	148
r7_133seqs	1	175
r7_133seqs	1	148
r7_133seqs	1	148
r7_133seqs	5	148
r7_133seqs	3	148
r7_133seqs	1	129
r7_133seqs	1	148
r7_133seqs	1	120
r7_133seqs	1	172
r7_133seqs	1	148
r7_133seqs	1	148
r7_133seqs	1	148
r7_133seqs	1	148
r7_133seqs	1	148
r7_133seqs	1	140
r7_133seqs	1	148
r7_133seqs	9	148
r7_133seqs	1	145
r7_133seqs	9	178
r7_133seqs	1	144
r7_133seqs	13	148
r7_133seqs	1	120
r7_133seqs	1	148
r7_133seqs	15	178
r7_133seqs	6	148
r7_133seqs	1	148
r7_133seqs	1	120
r7_133seqs	1	148
r7_133seqs	1	148
r7_133seqs	9	178
r7_133seqs	37	148
r7_133seqs	1	148
r7_133seqs	1	178
r7_133seqs	1	148
r7_133seqs	1	178
r7_133seqs	1	177
r7_133seqs	25	148
r7_133seqs	1	148
r7_133seqs	9	178
r7_133seqs	1	176
r7_133seqs	10	177
r7_133seqs	16	148
r7_133seqs	1	148
r7_133seqs	1	148
r7_133seqs	1	148
r7_133seqs	1	177
r7_133seqs	5	148
r7_133seqs	1	145
r7_133seqs	1	178
r7_133seqs	1	118
r7_133seqs	1	178
r7_133seqs	1	148
r7_133seqs	1	148
r7_133seqs	6	178
r7_133seqs	1	178
r7_133seqs	1	178
r7_133seqs	2	148
r7_133seqs	1	177
r7_133seqs	2	121
r7_133seqs	1	178
r7_133seqs	15	148
r7_133seqs	1	148
r7_133seqs	1	148
r7_133seqs	1	148
r7_133seqs	1	148
r7_133seqs	1	130
r7_133seqs	1	178
r7_133seqs	1	147
r7_133seqs	2	178
r7_133seqs	9	178
r7_133seqs	1	178
r7_133seqs	11	145
r7_133seqs	1	148
r7_133seqs	1	147
r7_133seqs	1	148
r7_133seqs	2	148
r7_133seqs	35	177
r7_133seqs	1	178
r7_133seqs	2	117
r7_133seqs	2	149
r7_133seqs	17	146
r7_133seqs	1	120
r7_133seqs	1	148
r7_133seqs	1	141
r7_133seqs	1	176
r7_133seqs	1	148
r7_133seqs	1	178
r7_133seqs	1	148
r7_133seqs	14	150
r7_133seqs	1	148
r7_133seqs	35	148
r7_133seqs	16	148
r7_133seqs	1	148
r7_133seqs	1	135
r7_133seqs	1	148
r7_133seqs	1	148
r7_133seqs	1	178
r7_133seqs	1	148
r7_133seqs	1	144
r7_133seqs	20	148
r7_133seqs	2	148
r7_133seqs	1	148
r7_133seqs	1	127
r7_133seqs	1	120
r7_133seqs	1	150
r7_133seqs	19	148
r7_133seqs	1	178
r7_133seqs	1	178
r7_133seqs	18	148
r7_133seqs	1	178
r7_133seqs	6	178
r7_133seqs	1	148
r7_133seqs	1	145
r7_133seqs	1	148
r7_133seqs	1	148
r7_133seqs	1	177
r7_133seqs	1	148
r7_133seqs	1	148
r7_133seqs	1	127
r7_133seqs	21	146
r7_133seqs	1	145
r7_133seqs	1	178
r7_133seqs	1	148
r7_133seqs	2	178
r7_133seqs	36	148
r7_133seqs	1	146
r7_133seqs	1	178
r7_133seqs	1	148
r7_133seqs	1	148
r7_133seqs	1	133
r7_133seqs	1	131
r7_133seqs	1	148
r7_133seqs	16	147
r7_133seqs	7	148
r7_133seqs	1	145
r7_133seqs	1	148
r7_133seqs	1	145
r7_133seqs	1	148
r7_133seqs	16	148
r7_133seqs	12	148
r7_133seqs	1	178
r7_133seqs	1	148
r7_133seqs	1	148
r7_133seqs	11	148
r7_133seqs	1	178
r7_133seqs	1	148
r7_133seqs	1	178
r7_133seqs	3	122
r7_133seqs	33	148
r7_133seqs	1	148
r7_133seqs	1	178
r7_133seqs	1	148
r7_133seqs	33	148
r7_133seqs	1	120
r7_133seqs	6	148
r7_133seqs	1	148
r7_133seqs	1	148
r7_133seqs	1	178
r7_133seqs	1	146
r7_133seqs	1	178
r7_133seqs	10	148
r7_133seqs	15	178
r7_133seqs	2	148
r7_133seqs	1	149
r7_133seqs	1	148
r7_133seqs	1	148
r7_133seqs	1	148
r7_133seqs	1	143
r7_133seqs	1	130
r7_133seqs	2	148
r7_133seqs	1	117
r7_133seqs	17	148
r7_133seqs	1	148
r7_133seqs	1	116
r7_133seqs	1	178
r7_133seqs	13	148
r7_133seqs	23	178
r7_133seqs	17	148
r7_133seqs	17	178
r7_133seqs	1	178
r7_133seqs	1	107
r7_133seqs	1	148
r7_133seqs	41	178
r7_133seqs	21	146
r7_133seqs	1	178
r7_133seqs	1	178
r7_133seqs	9	178
r7_133seqs	1	148
r7_133seqs	1	147
r7_133seqs	1	148
r7_133seqs	16	148
r7_133seqs	1	148
r7_133seqs	1	148
r7_133seqs	1	148
r7_133seqs	1	178
r7_133seqs	1	148
r7_133seqs	1	178
r7_133seqs	5	148
r7_133seqs	1	148
r7_133seqs	1	177
r7_133seqs	1	147
r7_133seqs	1	147
r7_133seqs	1	148
r7_133seqs	1	128
r7_133seqs	1	173
r7_133seqs	2	178
r7_133seqs	8	178
r7_133seqs	6	148
r7_133seqs	13	148
r7_133seqs	19	175
r7_133seqs	2	144
r7_133seqs	2	178
r7_133seqs	27	148
r7_133seqs	1	148
r7_133seqs	1	149
r7_133seqs	2	148
r7_133seqs	1	148
r7_133seqs	1	148
r7_133seqs	22	148
r7_133seqs	2	177
r7_133seqs	1	113
r7_133seqs	2	148
r7_133seqs	12	147
r7_133seqs	21	150
r7_133seqs	1	117
r7_133seqs	1	148
r7_133seqs	1	148
r7_133seqs	27	148
r7_133seqs	1	148
r7_133seqs	6	178
r7_133seqs	1	102
r7_133seqs	1	178
r7_133seqs	13	148
r7_133seqs	1	148
r7_133seqs	1	148
r7_133seqs	9	148
r7_133seqs	1	148
r7_133seqs	1	176
r7_133seqs	20	148
r7_133seqs	1	148
r7_133seqs	1	148
r7_133seqs	31	146
r7_133seqs	1	148
r7_133seqs	1	145
r7_133seqs	1	148
r7_133seqs	1	148
r7_133seqs	1	146
r7_133seqs	2	148
r7_133seqs	1	148
r7_133seqs	12	148
r7_133seqs	2	178
r7_133seqs	19	148
r7_133seqs	33	148
r7_133seqs	1	120
r7_133seqs	27	148
r7_133seqs	23	148
r7_133seqs	1	148
r7_133seqs	1	148
r7_133seqs	1	120
r7_133seqs	1	177
r7_133seqs	1	148
r7_133seqs	33	146
r7_133seqs	2	149
r7_133seqs	1	177
r7_133seqs	2	177
r7_133seqs	1	148
r7_133seqs	1	141
r7_133seqs	1	127
r7_133seqs	1	151
r7_133seqs	1	147
r7_133seqs	1	148
r7_133seqs	1	148
r7_133seqs	6	130
r7_133seqs	33	177
r7_133seqs	1	131
r7_133seqs	17	174
r7_133seqs	1	118
r7_133seqs	1	178
r7_133seqs	17	148
r7_133seqs	1	122
r7_133seqs	1	145
r7_133seqs	11	148
r7_133seqs	2	127
r7_133seqs	5	118
r7_133seqs	5	120
r7_133seqs	1	148
r7_133seqs	2	148
r7_133seqs	1	148
r7_133seqs	1	177
r7_133seqs	1	148
r7_133seqs	2	148
r7_133seqs	1	145
r7_133seqs	14	148
r7_133seqs	1	148
r7_133seqs	2	148
r7_133seqs	25	148
r7_133seqs	1	148
r7_133seqs	1	148
r7_133seqs	1	148
r7_133seqs	13	177
r7_133seqs	1	148
r7_133seqs	1	148
r7_133seqs	1	148
r7_133seqs	1	148
r7_133seqs	1	117
r7_133seqs	1	117
r7_133seqs	1	148
r7_133seqs	1	146
r7_133seqs	1	176
r7_133seqs	5	178
r7_133seqs	19	178
r7_133seqs	1	144
r7_133seqs	1	148
r7_133seqs	1	145
r7_133seqs	1	127
r7_133seqs	1	145
r7_133seqs	19	178
r7_133seqs	1	119
r7_133seqs	1	148
r7_133seqs	30	148
r7_133seqs	25	148
r7_133seqs	1	148
r7_133seqs	47	148
r7_133seqs	1	148
r7_133seqs	4	148
r7_133seqs	24	148
r7_133seqs	1	176
r7_133seqs	1	148
r7_133seqs	1	148
r7_133seqs	1	148
r7_133seqs	1	120
r7_133seqs	1	148
r7_133seqs	1	139
r7_133seqs	2	146
r7_133seqs	1	107
r7_133seqs	1	147
r7_133seqs	1	148
r7_133seqs	1	148
r7_133seqs	2	148
r7_133seqs	1	146
r7_133seqs	1	148
r7_133seqs	9	148
r7_133seqs	14	177
r7_133seqs	5	178
r7_133seqs	1	148
r7_133seqs	1	148
r7_133seqs	1	145
r7_133seqs	1	178
r7_133seqs	1	124
r7_133seqs	1	119
r7_133seqs	2	178
r7_133seqs	1	177
r7_133seqs	1	178
r7_133seqs	2	178
r7_133seqs	44	177
r7_133seqs	1	148
r7_133seqs	10	148
r7_133seqs	1	147
r7_133seqs	1	178
r7_133seqs	1	148
r7_133seqs	11	176
r7_133seqs	1	150
r7_133seqs	1	148
r7_133seqs	1	148
r7_133seqs	1	146
r7_133seqs	1	112
r7_133seqs	1	178
r7_133seqs	1	148
r7_133seqs	37	140
r7_133seqs	1	178
r7_133seqs	2	107
r7_133seqs	2	146
r7_133seqs	22	148
r7_133seqs	1	148
r7_133seqs	1	124
r7_133seqs	1	110
r7_133seqs	1	177
r7_133seqs	8	148
r7_133seqs	35	173
r7_133seqs	1	117
r7_133seqs	1	148
r7_133seqs	1	150
r7_133seqs	1	178
r7_133seqs	1	148
r7_133seqs	1	148
r7_133seqs	1	148
r7_133seqs	10	177
r7_133seqs	2	177
r7_133seqs	1	148
r7_133seqs	29	148
r7_133seqs	29	148
r7_133seqs	17	148
r7_133seqs	22	178
r7_133seqs	1	120
r7_133seqs	1	145
r7_133seqs	1	129
r7_133seqs	12	147
r7_133seqs	35	148
r7_133seqs	44	148
r7_133seqs	1	178
r7_133seqs	34	178
r7_133seqs	26	146
r7_133seqs	1	148
r7_133seqs	25	148
r7_133seqs	2	110
r7_133seqs	1	122
r7_133seqs	23	178
r7_133seqs	1	148
r7_133seqs	10	148
r7_133seqs	1	110
r7_133seqs	1	148
r7_133seqs	2	148
r7_133seqs	3	120
r7_133seqs	1	178
r7_133seqs	1	148
r7_133seqs	1	148
r7_133seqs	1	148
r7_133seqs	1	177
r7_133seqs	1	144
r7_133seqs	50	148
r7_133seqs	1	148
r7_133seqs	7	177
r7_133seqs	5	150
r7_133seqs	1	178
r7_133seqs	1	148
r7_133seqs	2	178
r7_133seqs	51	148
r7_133seqs	1	135
r7_133seqs	1	148
r7_133seqs	1	148
r7_133seqs	1	178
r7_133seqs	1	178
r7_133seqs	1	148
r7_133seqs	1	127
r7_133seqs	1	148
r7_133seqs	1	148
r7_133seqs	1	178
r7_133seqs	47	148
r7_133seqs	1	148
r7_133seqs	1	148
r7_133seqs	2	148
r7_133seqs	12	146
r7_133seqs	29	148
r7_133seqs	1	107
r7_133seqs	7	118
r7_133seqs	1	148
r7_133seqs	33	178
r7_133seqs	1	148
r7_133seqs	1	117
r7_133seqs	1	148
r7_133seqs	1	148
r7_133seqs	1	116
r7_133seqs	1	148
r7_133seqs	1	148
r7_133seqs	1	177
r7_133seqs	1	114
r7_133seqs	1	148
r7_133seqs	1	100
r7_133seqs	21	148
r7_133seqs	1	148
r7_133seqs	1	148
r7_133seqs	2	148
r7_133seqs	1	128
r7_133seqs	1	100
r7_133seqs	1	148
r7_133seqs	36	148
r7_133seqs	1	148
r7_133seqs	2	109
r7_133seqs	41	148
r7_133seqs	1	148
r7_133seqs	1	148
r7_133seqs	1	178
r7_133seqs	59	178
r7_133seqs	1	100
r7_133seqs	42	159
r7_133seqs	2	148
r7_133seqs	44	148
r7_133seqs	33	148
r7_133seqs	1	178
r7_133seqs	1	146
r7_133seqs	1	148
r7_133seqs	27	147
r7_133seqs	1	148
r7_133seqs	25	145
r7_133seqs	1	117
r7_133seqs	1	143
r7_133seqs	2	148
r7_133seqs	2	146
r7_133seqs	17	178
r7_133seqs	1	148
r7_133seqs	1	148
r7_133seqs	2	145
r7_133seqs	1	100
r7_133seqs	2	178
r7_133seqs	2	148
r7_133seqs	2	148
r7_133seqs	1	148
r7_133seqs	1	178
r7_133seqs	2	120
r7_133seqs	1	100
r7_133seqs	1	148
r7_133seqs	1	150
r7_133seqs	1	117
r7_133seqs	1	127
r7_133seqs	1	148
r7_133seqs	3	148
r7_133seqs	101	173
r7_133seqs	25	151
r7_133seqs	1	148
r7_133seqs	1	176
r7_133seqs	1	178
r7_133seqs	1	112
r7_133seqs	1	148
r7_133seqs	1	96
r7_133seqs	1	173
r7_133seqs	42	148
r7_133seqs	1	148
r7_133seqs	1	148
r7_133seqs	1	147
r7_133seqs	15	148
r7_133seqs	29	148
r7_133seqs	2	117
r7_133seqs	1	116
r7_133seqs	1	92
r7_133seqs	1	159
r7_133seqs	1	147
r7_133seqs	1	114
r7_133seqs	6	177
r7_133seqs	1	148
r7_133seqs	36	147
r7_133seqs	17	148
r7_133seqs	1	148
r7_133seqs	1	178
r7_133seqs	1	148
r7_133seqs	1	100
r7_133seqs	1	100
r7_133seqs	1	148
r7_133seqs	1	144
r7_133seqs	5	117
r7_133seqs	1	178
r7_133seqs	41	147
r7_133seqs	1	148
r7_133seqs	1	148
r7_133seqs	1	100
r7_133seqs	9	148
r7_133seqs	52	178
r7_133seqs	1	146
r7_133seqs	1	148
r7_133seqs	2	148
r7_133seqs	1	97
r7_133seqs	1	150
r7_133seqs	1	100
r7_133seqs	37	148
r7_133seqs	1	121
r7_133seqs	1	148
r7_133seqs	1	106
r7_133seqs	1	146
r7_133seqs	1	148
r7_133seqs	1	148
r7_133seqs	1	178
r7_133seqs	1	150
r7_133seqs	33	148
r7_133seqs	1	100
r7_133seqs	1	148
r7_133seqs	56	146
r7_133seqs	2	148
r7_133seqs	1	178
r7_133seqs	1	148
r7_133seqs	1	148
r7_133seqs	62	148
r7_133seqs	53	148
r7_133seqs	2	148
r7_133seqs	1	95
r7_133seqs	35	148
r7_133seqs	56	148
r7_133seqs	1	148
r7_133seqs	6	107
r7_133seqs	1	148
r7_133seqs	1	93
r7_133seqs	1	177
r7_133seqs	1	147
r7_133seqs	1	148
r7_133seqs	1	112
r7_133seqs	6	129
r7_133seqs	1	100
r7_133seqs	1	101
r7_133seqs	41	178
r7_133seqs	1	148
r7_133seqs	1	105
r7_133seqs	55	148
r7_133seqs	47	148
r7_133seqs	1	148
r7_133seqs	1	148
r7_133seqs	5	148
r7_133seqs	1	91
r7_133seqs	1	178
r7_133seqs	22	148
r7_133seqs	46	148
r7_133seqs	1	178
r7_133seqs	57	145
r7_133seqs	1	148
r7_133seqs	67	148
r7_133seqs	1	159
r7_133seqs	61	148
r7_133seqs	17	177
r7_133seqs	2	97
r7_133seqs	2	148
r7_133seqs	40	147
r7_133seqs	2	105
r7_133seqs	1	148
r7_133seqs	1	178
r7_133seqs	2	148
r7_133seqs	1	148
r7_133seqs	1	85
r7_133seqs	34	148
r7_133seqs	1	148
r7_133seqs	1	127
r7_133seqs	1	113
r7_133seqs	1	121
r7_133seqs	60	148
r7_133seqs	1	145
r7_133seqs	1	95
r7_133seqs	1	112
r7_133seqs	1	178
r7_133seqs	1	107
r7_133seqs	1	146
r7_133seqs	9	178
r7_133seqs	1	84
r7_133seqs	1	91
r7_133seqs	65	177
r7_133seqs	17	148
r7_133seqs	1	82
r7_133seqs	1	82
r7_133seqs	73	177
r7_133seqs	1	80
r7_133seqs	1	147
r7_133seqs	2	90
r7_133seqs	1	161
r7_133seqs	6	94
r7_133seqs	1	148
r7_133seqs	1	86
r7_133seqs	31	131
r7_133seqs	65	148
r7_133seqs	1	148
r7_133seqs	71	178
r7_133seqs	78	178
r7_133seqs	1	177
