fam	qs	qe
r7_133seqs	1	181
r7_133seqs	1	181
r7_133seqs	1	181
r7_133seqs	1	153
r7_133seqs	1	181
r7_133seqs	1	180
r7_133seqs	1	166
r7_133seqs	1	181
r7_133seqs	1	181
r7_133seqs	1	181
r7_133seqs	3	153
r7_133seqs	2	181
r7_133seqs	1	153
r7_133seqs	1	153
r7_133seqs	1	181
r7_133seqs	1	181
r7_133seqs	1	181
r7_133seqs	1	153
r7_133seqs	1	153
r7_133seqs	1	181
r7_133seqs	1	181
r7_133seqs	1	181
r7_133seqs	1	181
r7_133seqs	1	181
r7_133seqs	1	153
r7_133seqs	1	153
r7_133seqs	1	153
r7_133seqs	1	153
r7_133seqs	1	153
r7_133seqs	1	181
r7_133seqs	1	181
r7_133seqs	1	181
r7_133seqs	1	180
r7_133seqs	1	181
r7_133seqs	1	181
r7_133seqs	1	181
r7_133seqs	1	181
r7_133seqs	1	181
r7_133seqs	1	181
r7_133seqs	1	181
r7_133seqs	1	181
r7_133seqs	1	166
r7_133seqs	1	181
r7_133seqs	1	153
r7_133seqs	1	181
r7_133seqs	1	181
r7_133seqs	1	181
r7_133seqs	1	153
r7_133seqs	1	153
r7_133seqs	1	153
r7_133seqs	1	153
r7_133seqs	1	153
r7_133seqs	1	153
r7_133seqs	1	153
r7_133seqs	1	153
r7_133seqs	1	153
r7_133seqs	1	180
r7_133seqs	1	153
r7_133seqs	1	153
r7_133seqs	1	153
r7_133seqs	1	153
r7_133seqs	1	153
r7_133seqs	1	153
r7_133seqs	1	153
r7_133seqs	1	181
r7_133seqs	1	153
r7_133seqs	1	153
r7_133seqs	1	153
r7_133seqs	1	153
r7_133seqs	1	153
r7_133seqs	1	153
r7_133seqs	2	181
r7_133seqs	2	181
r7_133seqs	1	181
r7_133seqs	1	153
r7_133seqs	1	180
r7_133seqs	1	180
r7_133seqs	1	181
r7_133seqs	1	181
r7_133seqs	1	181
r7_133seqs	1	181
r7_133seqs	1	181
r7_133seqs	1	181
r7_133seqs	1	181
r7_133seqs	1	181
r7_133seqs	1	179
r7_133seqs	2	153
r7_133seqs	1	181
r7_133seqs	2	153
r7_133seqs	1	180
r7_133seqs	1	181
r7_133seqs	1	181
r7_133seqs	1	181
r7_133seqs	1	181
r7_133seqs	1	181
r7_133seqs	1	181
r7_133seqs	1	181
r7_133seqs	1	181
r7_133seqs	1	181
r7_133seqs	1	181
r7_133seqs	1	181
r7_133seqs	1	181
r7_133seqs	1	181
r7_133seqs	1	181
r7_133seqs	1	155
r7_133seqs	1	155
r7_133seqs	1	179
r7_133seqs	1	179
r7_133seqs	1	153
r7_133seqs	1	153
r7_133seqs	1	153
r7_133seqs	1	153
r7_133seqs	1	151
r7_133seqs	1	153
r7_133seqs	1	153
r7_133seqs	1	153
r7_133seqs	1	153
r7_133seqs	1	153
r7_133seqs	1	153
r7_133seqs	1	153
r7_133seqs	1	153
r7_133seqs	1	153
r7_133seqs	1	153
r7_133seqs	1	153
r7_133seqs	1	153
r7_133seqs	1	153
r7_133seqs	1	153
r7_133seqs	1	153
r7_133seqs	1	153
r7_133seqs	1	153
r7_133seqs	1	153
r7_133seqs	1	153
r7_133seqs	1	153
r7_133seqs	1	153
r7_133seqs	1	153
r7_133seqs	1	180
r7_133seqs	1	153
r7_133seqs	1	153
r7_133seqs	1	153
r7_133seqs	1	153
r7_133seqs	1	153
r7_133seqs	1	153
r7_133seqs	1	153
r7_133seqs	1	153
r7_133seqs	1	153
r7_133seqs	1	153
r7_133seqs	1	153
r7_133seqs	1	153
r7_133seqs	1	153
r7_133seqs	1	151
r7_133seqs	1	153
r7_133seqs	1	153
r7_133seqs	1	153
r7_133seqs	1	181
r7_133seqs	1	181
r7_133seqs	3	153
r7_133seqs	2	179
r7_133seqs	1	181
r7_133seqs	1	151
r7_133seqs	1	151
r7_133seqs	1	153
r7_133seqs	1	181
r7_133seqs	1	180
r7_133seqs	1	180
r7_133seqs	1	181
r7_133seqs	1	181
r7_133seqs	1	181
r7_133seqs	1	153
r7_133seqs	1	180
r7_133seqs	1	180
r7_133seqs	1	181
r7_133seqs	1	181
r7_133seqs	1	181
r7_133seqs	1	181
r7_133seqs	1	181
r7_133seqs	1	181
r7_133seqs	1	181
r7_133seqs	1	181
r7_133seqs	1	181
r7_133seqs	1	181
r7_133seqs	1	181
r7_133seqs	1	181
r7_133seqs	1	181
r7_133seqs	1	154
r7_133seqs	1	181
r7_133seqs	1	179
r7_133seqs	2	153
r7_133seqs	1	152
r7_133seqs	2	153
r7_133seqs	1	152
r7_133seqs	2	153
r7_133seqs	1	150
r7_133seqs	1	165
r7_133seqs	1	153
r7_133seqs	1	181
r7_133seqs	1	181
r7_133seqs	1	181
r7_133seqs	1	181
r7_133seqs	1	181
r7_133seqs	1	153
r7_133seqs	1	181
r7_133seqs	1	181
r7_133seqs	1	181
r7_133seqs	1	181
r7_133seqs	1	181
r7_133seqs	1	181
r7_133seqs	1	181
r7_133seqs	1	181
r7_133seqs	1	181
r7_133seqs	1	153
r7_133seqs	1	181
r7_133seqs	1	181
r7_133seqs	1	153
r7_133seqs	1	153
r7_133seqs	1	153
r7_133seqs	1	153
r7_133seqs	1	153
r7_133seqs	1	153
r7_133seqs	1	153
r7_133seqs	1	153
r7_133seqs	1	153
r7_133seqs	1	153
r7_133seqs	1	153
r7_133seqs	1	153
r7_133seqs	1	153
r7_133seqs	1	181
r7_133seqs	1	153
r7_133seqs	1	153
r7_133seqs	1	153
r7_133seqs	1	153
r7_133seqs	1	153
r7_133seqs	1	153
r7_133seqs	1	153
r7_133seqs	1	153
r7_133seqs	1	153
r7_133seqs	1	153
r7_133seqs	1	153
r7_133seqs	1	153
r7_133seqs	1	153
r7_133seqs	1	153
r7_133seqs	1	153
r7_133seqs	1	153
r7_133seqs	1	153
r7_133seqs	1	153
r7_133seqs	1	153
r7_133seqs	1	153
r7_133seqs	1	153
r7_133seqs	1	153
r7_133seqs	1	153
r7_133seqs	1	153
r7_133seqs	1	153
r7_133seqs	1	153
r7_133seqs	1	153
r7_133seqs	1	153
r7_133seqs	1	153
r7_133seqs	1	153
r7_133seqs	1	153
r7_133seqs	1	153
r7_133seqs	1	153
r7_133seqs	1	153
r7_133seqs	1	153
r7_133seqs	1	153
r7_133seqs	1	153
r7_133seqs	1	153
r7_133seqs	1	153
r7_133seqs	1	153
r7_133seqs	1	153
r7_133seqs	1	153
r7_133seqs	1	153
r7_133seqs	1	153
r7_133seqs	1	153
r7_133seqs	1	153
r7_133seqs	1	153
r7_133seqs	1	153
r7_133seqs	1	153
r7_133seqs	1	153
r7_133seqs	1	153
r7_133seqs	1	153
r7_133seqs	1	153
r7_133seqs	1	153
r7_133seqs	1	153
r7_133seqs	1	153
r7_133seqs	1	151
r7_133seqs	1	181
r7_133seqs	1	151
r7_133seqs	7	181
r7_133seqs	1	153
r7_133seqs	1	153
r7_133seqs	2	181
r7_133seqs	1	180
r7_133seqs	1	181
r7_133seqs	1	181
r7_133seqs	1	156
r7_133seqs	1	181
r7_133seqs	1	181
r7_133seqs	1	181
r7_133seqs	1	181
r7_133seqs	1	181
r7_133seqs	1	181
r7_133seqs	1	154
r7_133seqs	1	181
r7_133seqs	1	178
r7_133seqs	1	181
r7_133seqs	1	181
r7_133seqs	1	181
r7_133seqs	1	181
r7_133seqs	1	181
r7_133seqs	1	181
r7_133seqs	1	181
r7_133seqs	1	181
r7_133seqs	1	181
r7_133seqs	1	181
r7_133seqs	1	181
r7_133seqs	1	181
r7_133seqs	1	181
r7_133seqs	1	181
r7_133seqs	1	150
r7_133seqs	1	181
r7_133seqs	1	181
r7_133seqs	1	180
r7_133seqs	1	152
r7_133seqs	1	181
r7_133seqs	1	181
r7_133seqs	2	153
r7_133seqs	1	153
r7_133seqs	1	179
r7_133seqs	1	179
r7_133seqs	2	153
r7_133seqs	1	152
r7_133seqs	2	180
r7_133seqs	2	153
r7_133seqs	1	181
r7_133seqs	1	181
r7_133seqs	1	181
r7_133seqs	1	150
r7_133seqs	1	181
r7_133seqs	1	153
r7_133seqs	1	153
r7_133seqs	1	181
r7_133seqs	1	153
r7_133seqs	1	181
r7_133seqs	1	181
r7_133seqs	1	181
r7_133seqs	1	181
r7_133seqs	1	181
r7_133seqs	1	181
r7_133seqs	1	181
r7_133seqs	1	181
r7_133seqs	1	181
r7_133seqs	1	181
r7_133seqs	1	153
r7_133seqs	1	181
r7_133seqs	1	181
r7_133seqs	1	181
r7_133seqs	1	181
r7_133seqs	1	181
r7_133seqs	1	181
r7_133seqs	1	181
r7_133seqs	1	181
r7_133seqs	1	181
r7_133seqs	1	181
r7_133seqs	1	181
r7_133seqs	1	181
r7_133seqs	1	181
r7_133seqs	1	153
r7_133seqs	1	153
r7_133seqs	1	153
r7_133seqs	1	153
r7_133seqs	1	153
r7_133seqs	1	181
r7_133seqs	1	181
r7_133seqs	1	180
r7_133seqs	2	153
r7_133seqs	1	155
r7_133seqs	1	153
r7_133seqs	1	155
r7_133seqs	1	153
r7_133seqs	1	153
r7_133seqs	1	153
r7_133seqs	1	153
r7_133seqs	1	153
r7_133seqs	1	153
r7_133seqs	1	153
r7_133seqs	1	153
r7_133seqs	1	153
r7_133seqs	1	153
r7_133seqs	1	153
r7_133seqs	1	153
r7_133seqs	1	153
r7_133seqs	1	153
r7_133seqs	1	153
r7_133seqs	1	153
r7_133seqs	1	153
r7_133seqs	1	153
r7_133seqs	1	153
r7_133seqs	1	153
r7_133seqs	1	180
r7_133seqs	1	180
r7_133seqs	1	181
r7_133seqs	1	153
r7_133seqs	1	153
r7_133seqs	1	181
r7_133seqs	1	153
r7_133seqs	1	180
r7_133seqs	1	153
r7_133seqs	1	180
r7_133seqs	1	153
r7_133seqs	1	153
r7_133seqs	1	153
r7_133seqs	1	153
r7_133seqs	1	153
r7_133seqs	1	153
r7_133seqs	1	153
r7_133seqs	1	153
r7_133seqs	1	153
r7_133seqs	1	153
r7_133seqs	1	153
r7_133seqs	1	153
r7_133seqs	1	153
r7_133seqs	1	153
r7_133seqs	1	153
r7_133seqs	1	180
r7_133seqs	1	153
r7_133seqs	1	153
r7_133seqs	1	153
r7_133seqs	1	153
r7_133seqs	1	153
r7_133seqs	1	153
r7_133seqs	1	153
r7_133seqs	1	153
r7_133seqs	1	153
r7_133seqs	1	153
r7_133seqs	1	153
r7_133seqs	1	153
r7_133seqs	1	180
r7_133seqs	1	153
r7_133seqs	1	153
r7_133seqs	1	153
r7_133seqs	1	153
r7_133seqs	1	153
r7_133seqs	1	153
r7_133seqs	1	153
r7_133seqs	1	153
r7_133seqs	1	153
r7_133seqs	1	153
r7_133seqs	1	153
r7_133seqs	1	153
r7_133seqs	1	153
r7_133seqs	1	153
r7_133seqs	1	153
r7_133seqs	1	153
r7_133seqs	1	153
r7_133seqs	1	153
r7_133seqs	1	153
r7_133seqs	1	153
r7_133seqs	1	153
r7_133seqs	1	153
r7_133seqs	1	153
r7_133seqs	1	153
r7_133seqs	1	153
r7_133seqs	1	153
r7_133seqs	1	153
r7_133seqs	1	153
r7_133seqs	1	153
r7_133seqs	1	153
r7_133seqs	1	153
r7_133seqs	1	153
r7_133seqs	1	153
r7_133seqs	1	153
r7_133seqs	1	153
r7_133seqs	1	153
r7_133seqs	1	181
r7_133seqs	1	181
r7_133seqs	1	181
r7_133seqs	1	181
r7_133seqs	1	181
r7_133seqs	1	151
r7_133seqs	1	153
r7_133seqs	1	151
r7_133seqs	1	181
r7_133seqs	1	180
r7_133seqs	1	164
r7_133seqs	1	153
r7_133seqs	1	180
r7_133seqs	1	153
r7_133seqs	1	156
r7_133seqs	1	153
r7_133seqs	1	180
r7_133seqs	1	180
r7_133seqs	2	181
r7_133seqs	1	180
r7_133seqs	1	153
r7_133seqs	1	153
r7_133seqs	1	152
r7_133seqs	1	153
r7_133seqs	1	153
r7_133seqs	1	154
r7_133seqs	1	181
r7_133seqs	1	181
r7_133seqs	1	181
r7_133seqs	1	181
r7_133seqs	1	181
r7_133seqs	1	181
r7_133seqs	1	180
r7_133seqs	1	181
r7_133seqs	1	181
r7_133seqs	1	181
r7_133seqs	1	181
r7_133seqs	1	181
r7_133seqs	1	181
r7_133seqs	1	154
r7_133seqs	1	181
r7_133seqs	2	153
r7_133seqs	2	153
r7_133seqs	2	153
r7_133seqs	1	179
r7_133seqs	1	181
r7_133seqs	2	153
r7_133seqs	1	179
r7_133seqs	1	179
r7_133seqs	1	181
r7_133seqs	1	150
r7_133seqs	1	150
r7_133seqs	1	181
r7_133seqs	1	150
r7_133seqs	1	153
r7_133seqs	1	181
r7_133seqs	1	181
r7_133seqs	1	181
r7_133seqs	1	181
r7_133seqs	1	181
r7_133seqs	1	181
r7_133seqs	1	181
r7_133seqs	1	181
r7_133seqs	1	179
r7_133seqs	1	181
r7_133seqs	1	181
r7_133seqs	1	179
r7_133seqs	1	153
r7_133seqs	1	181
r7_133seqs	1	181
r7_133seqs	1	181
r7_133seqs	1	181
r7_133seqs	1	181
r7_133seqs	1	181
r7_133seqs	1	181
r7_133seqs	1	181
r7_133seqs	1	181
r7_133seqs	1	181
r7_133seqs	1	181
r7_133seqs	1	153
r7_133seqs	1	166
r7_133seqs	1	153
r7_133seqs	1	153
r7_133seqs	2	153
r7_133seqs	1	155
r7_133seqs	1	148
r7_133seqs	1	153
r7_133seqs	1	153
r7_133seqs	1	153
r7_133seqs	1	155
r7_133seqs	1	153
r7_133seqs	1	153
r7_133seqs	1	153
r7_133seqs	1	153
r7_133seqs	1	153
r7_133seqs	1	153
r7_133seqs	1	153
r7_133seqs	1	153
r7_133seqs	1	153
r7_133seqs	1	153
r7_133seqs	1	153
r7_133seqs	1	153
r7_133seqs	1	153
r7_133seqs	1	153
r7_133seqs	1	153
r7_133seqs	1	153
r7_133seqs	1	153
r7_133seqs	1	180
r7_133seqs	1	153
r7_133seqs	1	153
r7_133seqs	1	153
r7_133seqs	1	153
r7_133seqs	1	153
r7_133seqs	1	153
r7_133seqs	1	153
r7_133seqs	1	153
r7_133seqs	1	153
r7_133seqs	1	153
r7_133seqs	1	153
r7_133seqs	1	153
r7_133seqs	1	153
r7_133seqs	1	153
r7_133seqs	1	153
r7_133seqs	1	153
r7_133seqs	1	153
r7_133seqs	1	153
r7_133seqs	1	153
r7_133seqs	1	153
r7_133seqs	1	153
r7_133seqs	1	153
r7_133seqs	1	153
r7_133seqs	1	153
r7_133seqs	1	153
r7_133seqs	1	153
r7_133seqs	1	153
r7_133seqs	1	153
r7_133seqs	1	153
r7_133seqs	1	153
r7_133seqs	1	153
r7_133seqs	1	181
r7_133seqs	1	153
r7_133seqs	1	153
r7_133seqs	1	153
r7_133seqs	1	153
r7_133seqs	1	180
r7_133seqs	1	153
r7_133seqs	1	153
r7_133seqs	1	153
r7_133seqs	1	181
r7_133seqs	1	153
r7_133seqs	1	153
r7_133seqs	1	153
r7_133seqs	1	153
r7_133seqs	1	153
r7_133seqs	1	153
r7_133seqs	1	153
r7_133seqs	1	153
r7_133seqs	1	153
r7_133seqs	1	153
r7_133seqs	1	153
r7_133seqs	1	153
r7_133seqs	1	153
r7_133seqs	1	153
r7_133seqs	1	153
r7_133seqs	1	153
r7_133seqs	1	153
r7_133seqs	1	153
r7_133seqs	1	153
r7_133seqs	1	153
r7_133seqs	1	153
r7_133seqs	1	153
r7_133seqs	1	153
r7_133seqs	1	153
r7_133seqs	1	153
r7_133seqs	1	153
r7_133seqs	1	153
r7_133seqs	1	153
r7_133seqs	1	153
r7_133seqs	1	153
r7_133seqs	1	153
r7_133seqs	1	153
r7_133seqs	1	153
r7_133seqs	1	153
r7_133seqs	1	153
r7_133seqs	1	153
r7_133seqs	1	153
r7_133seqs	1	153
r7_133seqs	1	153
r7_133seqs	1	153
r7_133seqs	1	153
r7_133seqs	1	153
r7_133seqs	1	153
r7_133seqs	1	153
r7_133seqs	1	153
r7_133seqs	1	153
r7_133seqs	1	153
r7_133seqs	1	153
r7_133seqs	1	153
r7_133seqs	1	153
r7_133seqs	1	153
r7_133seqs	1	153
r7_133seqs	1	153
r7_133seqs	1	153
r7_133seqs	1	153
r7_133seqs	1	153
r7_133seqs	1	153
r7_133seqs	1	153
r7_133seqs	1	153
r7_133seqs	1	153
r7_133seqs	1	153
r7_133seqs	1	153
r7_133seqs	1	181
r7_133seqs	1	151
r7_133seqs	1	180
r7_133seqs	3	153
r7_133seqs	1	151
r7_133seqs	3	153
r7_133seqs	1	181
r7_133seqs	1	153
r7_133seqs	1	153
r7_133seqs	1	153
r7_133seqs	2	181
r7_133seqs	1	180
r7_133seqs	1	153
r7_133seqs	2	181
r7_133seqs	1	153
r7_133seqs	7	153
r7_133seqs	2	181
r7_133seqs	1	180
r7_133seqs	1	153
r7_133seqs	1	153
r7_133seqs	2	181
r7_133seqs	7	180
r7_133seqs	1	153
r7_133seqs	1	153
r7_133seqs	1	153
r7_133seqs	1	181
r7_133seqs	1	181
r7_133seqs	1	153
r7_133seqs	1	153
r7_133seqs	1	153
r7_133seqs	1	153
r7_133seqs	1	181
r7_133seqs	1	181
r7_133seqs	1	181
r7_133seqs	1	181
r7_133seqs	1	181
r7_133seqs	1	181
r7_133seqs	1	181
r7_133seqs	1	181
r7_133seqs	1	181
r7_133seqs	2	153
r7_133seqs	2	153
r7_133seqs	1	154
r7_133seqs	2	153
r7_133seqs	2	153
r7_133seqs	2	153
r7_133seqs	2	180
r7_133seqs	2	153
r7_133seqs	1	153
r7_133seqs	1	150
r7_133seqs	1	180
r7_133seqs	1	150
r7_133seqs	1	180
r7_133seqs	1	180
r7_133seqs	1	181
r7_133seqs	1	181
r7_133seqs	1	181
r7_133seqs	4	153
r7_133seqs	1	152
r7_133seqs	1	181
r7_133seqs	1	181
r7_133seqs	1	181
r7_133seqs	1	181
r7_133seqs	1	181
r7_133seqs	1	181
r7_133seqs	2	181
r7_133seqs	1	180
r7_133seqs	1	180
r7_133seqs	1	181
r7_133seqs	1	181
r7_133seqs	1	181
r7_133seqs	1	181
r7_133seqs	1	181
r7_133seqs	2	180
r7_133seqs	1	153
r7_133seqs	1	153
r7_133seqs	1	153
r7_133seqs	1	153
r7_133seqs	1	181
r7_133seqs	1	155
r7_133seqs	1	164
r7_133seqs	2	153
r7_133seqs	1	164
r7_133seqs	1	153
r7_133seqs	1	179
r7_133seqs	1	153
r7_133seqs	1	153
r7_133seqs	1	153
r7_133seqs	1	153
r7_133seqs	1	153
r7_133seqs	1	153
r7_133seqs	1	153
r7_133seqs	1	153
r7_133seqs	1	153
r7_133seqs	1	153
r7_133seqs	1	153
r7_133seqs	1	153
r7_133seqs	1	153
r7_133seqs	1	153
r7_133seqs	1	153
r7_133seqs	1	153
r7_133seqs	1	153
r7_133seqs	1	153
r7_133seqs	1	153
r7_133seqs	1	153
r7_133seqs	1	153
r7_133seqs	1	153
r7_133seqs	1	153
r7_133seqs	1	153
r7_133seqs	1	153
r7_133seqs	1	153
r7_133seqs	1	153
r7_133seqs	1	153
r7_133seqs	1	153
r7_133seqs	1	153
r7_133seqs	1	153
r7_133seqs	1	153
r7_133seqs	1	153
r7_133seqs	1	153
r7_133seqs	1	153
r7_133seqs	1	153
r7_133seqs	1	153
r7_133seqs	1	153
r7_133seqs	1	153
r7_133seqs	1	180
r7_133seqs	1	153
r7_133seqs	1	153
r7_133seqs	1	153
r7_133seqs	1	153
r7_133seqs	1	153
r7_133seqs	1	153
r7_133seqs	1	153
r7_133seqs	1	153
r7_133seqs	1	153
r7_133seqs	1	153
r7_133seqs	1	153
r7_133seqs	1	153
r7_133seqs	1	153
r7_133seqs	1	153
r7_133seqs	1	153
r7_133seqs	1	153
r7_133seqs	1	153
r7_133seqs	1	153
r7_133seqs	1	153
r7_133seqs	1	153
r7_133seqs	1	153
r7_133seqs	1	153
r7_133seqs	1	153
r7_133seqs	1	153
r7_133seqs	1	153
r7_133seqs	1	153
r7_133seqs	1	153
r7_133seqs	1	153
r7_133seqs	1	153
r7_133seqs	1	153
r7_133seqs	1	153
r7_133seqs	1	153
r7_133seqs	1	153
r7_133seqs	1	153
r7_133seqs	1	153
r7_133seqs	1	153
r7_133seqs	1	153
r7_133seqs	1	153
r7_133seqs	1	153
r7_133seqs	1	181
r7_133seqs	1	151
r7_133seqs	1	181
r7_133seqs	1	153
r7_133seqs	1	151
r7_133seqs	5	153
r7_133seqs	1	181
r7_133seqs	5	153
r7_133seqs	1	180
r7_133seqs	1	153
r7_133seqs	1	153
r7_133seqs	1	153
r7_133seqs	1	153
r7_133seqs	1	153
r7_133seqs	1	156
r7_133seqs	1	180
r7_133seqs	1	153
r7_133seqs	1	153
r7_133seqs	1	153
r7_133seqs	2	181
r7_133seqs	2	153
r7_133seqs	1	153
r7_133seqs	1	153
r7_133seqs	1	153
r7_133seqs	1	153
r7_133seqs	1	153
r7_133seqs	7	153
r7_133seqs	1	178
r7_133seqs	1	153
r7_133seqs	1	152
r7_133seqs	1	153
r7_133seqs	1	181
r7_133seqs	1	181
r7_133seqs	1	181
r7_133seqs	2	153
r7_133seqs	2	153
r7_133seqs	2	153
r7_133seqs	1	152
r7_133seqs	2	153
r7_133seqs	2	153
r7_133seqs	1	150
r7_133seqs	1	180
r7_133seqs	1	150
r7_133seqs	1	180
r7_133seqs	4	153
r7_133seqs	1	150
r7_133seqs	4	153
r7_133seqs	1	153
r7_133seqs	1	181
r7_133seqs	1	153
r7_133seqs	1	150
r7_133seqs	1	181
r7_133seqs	1	181
r7_133seqs	1	181
r7_133seqs	1	181
r7_133seqs	1	181
r7_133seqs	1	181
r7_133seqs	1	181
r7_133seqs	1	181
r7_133seqs	1	153
r7_133seqs	1	181
r7_133seqs	1	181
r7_133seqs	1	153
r7_133seqs	1	153
r7_133seqs	1	179
r7_133seqs	2	153
r7_133seqs	1	155
r7_133seqs	1	155
r7_133seqs	1	152
r7_133seqs	1	164
r7_133seqs	1	153
r7_133seqs	1	153
r7_133seqs	1	153
r7_133seqs	1	153
r7_133seqs	1	153
r7_133seqs	1	153
r7_133seqs	5	181
r7_133seqs	1	153
r7_133seqs	1	153
r7_133seqs	1	153
r7_133seqs	1	153
r7_133seqs	1	153
r7_133seqs	1	153
r7_133seqs	1	153
r7_133seqs	1	153
r7_133seqs	1	153
r7_133seqs	1	153
r7_133seqs	1	153
r7_133seqs	1	153
r7_133seqs	1	153
r7_133seqs	1	180
r7_133seqs	1	153
r7_133seqs	1	153
r7_133seqs	1	153
r7_133seqs	1	153
r7_133seqs	1	153
r7_133seqs	1	153
r7_133seqs	1	153
r7_133seqs	1	153
r7_133seqs	1	153
r7_133seqs	1	153
r7_133seqs	1	153
r7_133seqs	1	153
r7_133seqs	1	153
r7_133seqs	1	153
r7_133seqs	1	153
r7_133seqs	1	180
r7_133seqs	1	153
r7_133seqs	1	153
r7_133seqs	1	153
r7_133seqs	1	153
r7_133seqs	1	153
r7_133seqs	1	153
r7_133seqs	1	150
r7_133seqs	1	153
r7_133seqs	1	153
r7_133seqs	1	153
r7_133seqs	1	153
r7_133seqs	1	153
r7_133seqs	1	153
r7_133seqs	1	153
r7_133seqs	1	153
r7_133seqs	1	153
r7_133seqs	1	153
r7_133seqs	1	181
r7_133seqs	1	151
r7_133seqs	2	152
r7_133seqs	1	181
r7_133seqs	1	154
r7_133seqs	2	150
r7_133seqs	2	150
r7_133seqs	1	179
r7_133seqs	1	153
r7_133seqs	1	153
r7_133seqs	1	153
r7_133seqs	1	153
r7_133seqs	1	152
r7_133seqs	1	153
r7_133seqs	1	153
r7_133seqs	1	153
r7_133seqs	1	151
r7_133seqs	1	151
r7_133seqs	1	152
r7_133seqs	1	151
r7_133seqs	1	152
r7_133seqs	2	153
r7_133seqs	2	153
r7_133seqs	2	153
r7_133seqs	4	153
r7_133seqs	2	153
r7_133seqs	1	153
r7_133seqs	1	153
r7_133seqs	1	153
r7_133seqs	1	155
r7_133seqs	1	180
r7_133seqs	1	181
r7_133seqs	1	181
r7_133seqs	1	181
r7_133seqs	1	153
r7_133seqs	1	181
r7_133seqs	1	153
r7_133seqs	1	153
r7_133seqs	1	181
r7_133seqs	1	181
r7_133seqs	1	152
r7_133seqs	1	181
r7_133seqs	1	181
r7_133seqs	1	181
r7_133seqs	1	180
r7_133seqs	1	181
r7_133seqs	1	181
r7_133seqs	2	181
r7_133seqs	1	181
r7_133seqs	1	152
r7_133seqs	1	181
r7_133seqs	1	181
r7_133seqs	1	150
r7_133seqs	1	181
r7_133seqs	2	153
r7_133seqs	1	153
r7_133seqs	1	181
r7_133seqs	1	153
r7_133seqs	1	153
r7_133seqs	1	180
r7_133seqs	1	180
r7_133seqs	1	153
r7_133seqs	1	153
r7_133seqs	2	153
r7_133seqs	1	181
r7_133seqs	1	181
r7_133seqs	1	181
r7_133seqs	1	181
r7_133seqs	1	153
r7_133seqs	1	153
r7_133seqs	1	153
r7_133seqs	6	153
r7_133seqs	1	181
r7_133seqs	1	181
r7_133seqs	1	181
r7_133seqs	1	153
r7_133seqs	1	181
r7_133seqs	1	153
r7_133seqs	1	153
r7_133seqs	1	153
r7_133seqs	1	153
r7_133seqs	1	153
r7_133seqs	1	153
r7_133seqs	2	181
r7_133seqs	1	181
r7_133seqs	1	153
r7_133seqs	1	153
r7_133seqs	1	181
r7_133seqs	1	181
r7_133seqs	1	181
r7_133seqs	1	181
r7_133seqs	1	181
r7_133seqs	1	181
r7_133seqs	1	181
r7_133seqs	1	181
r7_133seqs	1	181
r7_133seqs	2	153
r7_133seqs	1	152
r7_133seqs	1	153
r7_133seqs	1	181
r7_133seqs	1	180
r7_133seqs	1	181
r7_133seqs	1	153
r7_133seqs	1	153
r7_133seqs	1	153
r7_133seqs	1	153
r7_133seqs	1	181
r7_133seqs	1	181
r7_133seqs	1	153
r7_133seqs	1	153
r7_133seqs	1	153
r7_133seqs	1	164
r7_133seqs	1	150
r7_133seqs	1	155
r7_133seqs	1	153
r7_133seqs	2	181
r7_133seqs	1	181
r7_133seqs	1	153
r7_133seqs	1	153
r7_133seqs	1	180
r7_133seqs	1	153
r7_133seqs	1	153
r7_133seqs	2	181
r7_133seqs	1	153
r7_133seqs	1	153
r7_133seqs	1	153
r7_133seqs	1	153
r7_133seqs	1	153
r7_133seqs	1	153
r7_133seqs	1	153
r7_133seqs	1	181
r7_133seqs	1	153
r7_133seqs	1	153
r7_133seqs	1	153
r7_133seqs	1	153
r7_133seqs	1	153
r7_133seqs	1	153
r7_133seqs	1	153
r7_133seqs	1	153
r7_133seqs	1	153
r7_133seqs	1	153
r7_133seqs	1	180
r7_133seqs	1	180
r7_133seqs	1	151
r7_133seqs	1	181
r7_133seqs	1	181
r7_133seqs	1	149
r7_133seqs	2	181
r7_133seqs	1	150
r7_133seqs	1	181
r7_133seqs	1	156
r7_133seqs	1	181
r7_133seqs	1	181
r7_133seqs	2	179
r7_133seqs	1	181
r7_133seqs	1	181
r7_133seqs	1	181
r7_133seqs	1	181
r7_133seqs	1	181
r7_133seqs	1	181
r7_133seqs	1	181
r7_133seqs	1	176
r7_133seqs	1	150
r7_133seqs	1	180
r7_133seqs	1	153
r7_133seqs	1	181
r7_133seqs	1	150
r7_133seqs	1	150
r7_133seqs	1	181
r7_133seqs	1	181
r7_133seqs	1	181
r7_133seqs	1	153
r7_133seqs	1	181
r7_133seqs	1	181
r7_133seqs	1	181
r7_133seqs	1	181
r7_133seqs	1	181
r7_133seqs	1	153
r7_133seqs	1	181
r7_133seqs	1	151
r7_133seqs	1	181
r7_133seqs	1	181
r7_133seqs	1	181
r7_133seqs	4	151
r7_133seqs	1	181
r7_133seqs	1	181
r7_133seqs	1	181
r7_133seqs	1	179
r7_133seqs	1	179
r7_133seqs	1	181
r7_133seqs	1	181
r7_133seqs	1	181
r7_133seqs	1	153
r7_133seqs	1	153
r7_133seqs	1	153
r7_133seqs	1	153
r7_133seqs	1	153
r7_133seqs	1	153
r7_133seqs	1	153
r7_133seqs	1	153
r7_133seqs	1	153
r7_133seqs	1	153
r7_133seqs	1	153
r7_133seqs	1	153
r7_133seqs	1	153
r7_133seqs	1	153
r7_133seqs	1	153
r7_133seqs	1	153
r7_133seqs	1	153
r7_133seqs	1	153
r7_133seqs	1	153
r7_133seqs	2	181
r7_133seqs	1	153
r7_133seqs	1	153
r7_133seqs	1	181
r7_133seqs	1	151
r7_133seqs	1	151
r7_133seqs	1	151
r7_133seqs	1	181
r7_133seqs	1	152
r7_133seqs	1	152
r7_133seqs	2	181
r7_133seqs	1	181
r7_133seqs	2	153
r7_133seqs	6	181
r7_133seqs	1	149
r7_133seqs	1	153
r7_133seqs	1	153
r7_133seqs	1	178
r7_133seqs	1	153
r7_133seqs	2	181
r7_133seqs	1	153
r7_133seqs	1	153
r7_133seqs	1	153
r7_133seqs	1	153
r7_133seqs	1	153
r7_133seqs	1	153
r7_133seqs	1	181
r7_133seqs	1	181
r7_133seqs	1	180
r7_133seqs	1	181
r7_133seqs	1	181
r7_133seqs	1	181
r7_133seqs	2	155
r7_133seqs	1	181
r7_133seqs	1	181
r7_133seqs	1	181
r7_133seqs	1	181
r7_133seqs	1	181
r7_133seqs	1	181
r7_133seqs	1	181
r7_133seqs	1	154
r7_133seqs	1	181
r7_133seqs	1	181
r7_133seqs	1	179
r7_133seqs	1	181
r7_133seqs	1	181
r7_133seqs	2	180
r7_133seqs	2	181
r7_133seqs	1	179
r7_133seqs	1	150
r7_133seqs	1	180
r7_133seqs	1	180
r7_133seqs	1	153
r7_133seqs	1	150
r7_133seqs	1	181
r7_133seqs	4	153
r7_133seqs	1	180
r7_133seqs	1	150
r7_133seqs	1	181
r7_133seqs	1	153
r7_133seqs	1	153
r7_133seqs	1	181
r7_133seqs	1	153
r7_133seqs	1	181
r7_133seqs	1	181
r7_133seqs	1	181
r7_133seqs	2	181
r7_133seqs	1	181
r7_133seqs	6	153
r7_133seqs	1	181
r7_133seqs	1	181
r7_133seqs	1	153
r7_133seqs	1	181
r7_133seqs	5	179
r7_133seqs	1	154
r7_133seqs	1	153
r7_133seqs	1	181
r7_133seqs	1	181
r7_133seqs	1	155
r7_133seqs	2	153
r7_133seqs	1	181
r7_133seqs	1	152
r7_133seqs	1	181
r7_133seqs	1	152
r7_133seqs	2	153
r7_133seqs	1	155
r7_133seqs	8	153
r7_133seqs	1	153
r7_133seqs	1	153
r7_133seqs	1	153
r7_133seqs	1	153
r7_133seqs	1	153
r7_133seqs	1	153
r7_133seqs	5	181
r7_133seqs	1	153
r7_133seqs	1	153
r7_133seqs	1	153
r7_133seqs	1	153
r7_133seqs	1	153
r7_133seqs	1	153
r7_133seqs	1	153
r7_133seqs	1	153
r7_133seqs	1	153
r7_133seqs	1	153
r7_133seqs	1	153
r7_133seqs	1	153
r7_133seqs	1	153
r7_133seqs	1	153
r7_133seqs	1	153
r7_133seqs	1	153
r7_133seqs	1	153
r7_133seqs	1	153
r7_133seqs	1	153
r7_133seqs	1	153
r7_133seqs	1	153
r7_133seqs	1	153
r7_133seqs	1	153
r7_133seqs	1	153
r7_133seqs	1	153
r7_133seqs	1	153
r7_133seqs	1	153
r7_133seqs	1	153
r7_133seqs	1	153
r7_133seqs	1	153
r7_133seqs	1	153
r7_133seqs	1	153
r7_133seqs	1	153
r7_133seqs	1	180
r7_133seqs	1	153
r7_133seqs	1	153
r7_133seqs	1	153
r7_133seqs	1	153
r7_133seqs	1	153
r7_133seqs	1	153
r7_133seqs	1	153
r7_133seqs	1	153
r7_133seqs	1	153
r7_133seqs	1	153
r7_133seqs	1	153
r7_133seqs	1	153
r7_133seqs	1	153
r7_133seqs	1	153
r7_133seqs	1	153
r7_133seqs	1	153
r7_133seqs	1	153
r7_133seqs	1	153
r7_133seqs	1	153
r7_133seqs	1	153
r7_133seqs	1	153
r7_133seqs	1	153
r7_133seqs	1	181
r7_133seqs	1	153
r7_133seqs	1	181
r7_133seqs	3	153
r7_133seqs	1	151
r7_133seqs	1	181
r7_133seqs	1	181
r7_133seqs	1	181
r7_133seqs	1	151
r7_133seqs	1	151
r7_133seqs	1	153
r7_133seqs	1	151
r7_133seqs	1	151
r7_133seqs	1	151
r7_133seqs	1	151
r7_133seqs	1	151
r7_133seqs	1	151
r7_133seqs	1	153
r7_133seqs	1	151
r7_133seqs	1	151
r7_133seqs	1	181
r7_133seqs	1	181
r7_133seqs	1	179
r7_133seqs	1	181
r7_133seqs	1	153
r7_133seqs	1	153
r7_133seqs	1	153
r7_133seqs	1	153
r7_133seqs	1	153
r7_133seqs	1	180
r7_133seqs	1	153
r7_133seqs	1	153
r7_133seqs	1	180
r7_133seqs	1	156
r7_133seqs	1	153
r7_133seqs	1	153
r7_133seqs	1	153
r7_133seqs	2	181
r7_133seqs	1	153
r7_133seqs	1	180
r7_133seqs	1	153
r7_133seqs	1	153
r7_133seqs	1	180
r7_133seqs	1	153
r7_133seqs	1	180
r7_133seqs	1	153
r7_133seqs	1	153
r7_133seqs	1	153
r7_133seqs	1	153
r7_133seqs	7	153
r7_133seqs	2	181
r7_133seqs	1	153
r7_133seqs	1	153
r7_133seqs	2	164
r7_133seqs	1	181
r7_133seqs	1	153
r7_133seqs	1	181
r7_133seqs	1	181
r7_133seqs	1	181
r7_133seqs	1	181
r7_133seqs	1	181
r7_133seqs	1	154
r7_133seqs	1	181
r7_133seqs	1	181
r7_133seqs	1	181
r7_133seqs	1	178
r7_133seqs	1	154
r7_133seqs	1	181
r7_133seqs	2	181
r7_133seqs	1	181
r7_133seqs	1	181
r7_133seqs	1	151
r7_133seqs	2	153
r7_133seqs	1	181
r7_133seqs	2	153
r7_133seqs	1	181
r7_133seqs	1	181
r7_133seqs	1	152
r7_133seqs	2	153
r7_133seqs	1	181
r7_133seqs	1	181
r7_133seqs	1	181
r7_133seqs	3	181
r7_133seqs	2	153
r7_133seqs	1	150
r7_133seqs	1	150
r7_133seqs	4	153
r7_133seqs	1	150
r7_133seqs	1	150
r7_133seqs	1	181
r7_133seqs	1	157
r7_133seqs	1	181
r7_133seqs	1	181
r7_133seqs	1	153
r7_133seqs	1	153
r7_133seqs	1	181
r7_133seqs	1	153
r7_133seqs	1	180
r7_133seqs	1	181
r7_133seqs	1	181
r7_133seqs	1	181
r7_133seqs	1	181
r7_133seqs	1	153
r7_133seqs	1	153
r7_133seqs	1	153
r7_133seqs	1	181
r7_133seqs	1	181
r7_133seqs	1	181
r7_133seqs	1	181
r7_133seqs	1	153
r7_133seqs	1	181
r7_133seqs	1	153
r7_133seqs	1	180
r7_133seqs	1	181
r7_133seqs	5	179
r7_133seqs	1	181
r7_133seqs	1	181
r7_133seqs	1	181
r7_133seqs	1	181
r7_133seqs	1	181
r7_133seqs	1	153
r7_133seqs	1	153
r7_133seqs	1	166
r7_133seqs	8	153
r7_133seqs	2	153
r7_133seqs	1	181
r7_133seqs	1	155
r7_133seqs	1	155
r7_133seqs	9	154
r7_133seqs	1	181
r7_133seqs	1	164
r7_133seqs	1	179
r7_133seqs	2	153
r7_133seqs	1	179
r7_133seqs	1	181
r7_133seqs	1	153
r7_133seqs	2	153
r7_133seqs	1	155
r7_133seqs	1	153
r7_133seqs	1	153
r7_133seqs	1	153
r7_133seqs	1	153
r7_133seqs	1	153
r7_133seqs	1	153
r7_133seqs	1	153
r7_133seqs	1	153
r7_133seqs	1	153
r7_133seqs	1	153
r7_133seqs	1	153
r7_133seqs	1	153
r7_133seqs	1	153
r7_133seqs	1	153
r7_133seqs	1	153
r7_133seqs	1	153
r7_133seqs	1	153
r7_133seqs	1	153
r7_133seqs	1	153
r7_133seqs	1	153
r7_133seqs	1	153
r7_133seqs	1	153
r7_133seqs	1	153
r7_133seqs	1	153
r7_133seqs	1	153
r7_133seqs	1	153
r7_133seqs	1	153
r7_133seqs	1	153
r7_133seqs	1	153
r7_133seqs	1	153
r7_133seqs	1	153
r7_133seqs	1	153
r7_133seqs	1	153
r7_133seqs	1	153
r7_133seqs	1	153
r7_133seqs	1	153
r7_133seqs	1	153
r7_133seqs	1	153
r7_133seqs	1	153
r7_133seqs	1	153
r7_133seqs	1	181
r7_133seqs	1	153
r7_133seqs	1	153
r7_133seqs	1	153
r7_133seqs	1	181
r7_133seqs	1	153
r7_133seqs	1	153
r7_133seqs	1	153
r7_133seqs	1	153
r7_133seqs	1	153
r7_133seqs	1	153
r7_133seqs	1	153
r7_133seqs	1	153
r7_133seqs	1	153
r7_133seqs	1	153
r7_133seqs	1	153
r7_133seqs	1	153
r7_133seqs	1	153
r7_133seqs	1	153
r7_133seqs	1	153
r7_133seqs	1	153
r7_133seqs	1	153
r7_133seqs	1	153
r7_133seqs	1	150
r7_133seqs	1	153
r7_133seqs	1	153
r7_133seqs	1	153
r7_133seqs	1	153
r7_133seqs	1	153
r7_133seqs	1	153
r7_133seqs	1	153
r7_133seqs	1	153
r7_133seqs	1	153
r7_133seqs	1	150
r7_133seqs	1	153
r7_133seqs	1	153
r7_133seqs	1	153
r7_133seqs	1	151
r7_133seqs	1	181
r7_133seqs	1	181
r7_133seqs	2	181
r7_133seqs	1	181
r7_133seqs	1	151
r7_133seqs	1	181
r7_133seqs	1	181
r7_133seqs	2	153
r7_133seqs	3	151
r7_133seqs	1	155
r7_133seqs	2	150
r7_133seqs	5	153
r7_133seqs	1	181
r7_133seqs	1	172
r7_133seqs	1	153
r7_133seqs	1	153
r7_133seqs	1	153
r7_133seqs	1	153
r7_133seqs	1	153
r7_133seqs	2	153
r7_133seqs	1	153
r7_133seqs	1	153
r7_133seqs	1	153
r7_133seqs	2	181
r7_133seqs	1	152
r7_133seqs	1	153
r7_133seqs	1	153
r7_133seqs	1	180
r7_133seqs	1	153
r7_133seqs	1	153
r7_133seqs	1	181
r7_133seqs	1	153
r7_133seqs	1	152
r7_133seqs	1	176
r7_133seqs	1	181
r7_133seqs	1	181
r7_133seqs	1	153
r7_133seqs	1	153
r7_133seqs	1	153
r7_133seqs	1	153
r7_133seqs	1	156
r7_133seqs	1	153
r7_133seqs	1	153
r7_133seqs	1	153
r7_133seqs	1	153
r7_133seqs	1	153
r7_133seqs	1	153
r7_133seqs	1	181
r7_133seqs	1	181
r7_133seqs	1	181
r7_133seqs	1	181
r7_133seqs	1	151
r7_133seqs	1	181
r7_133seqs	1	181
r7_133seqs	1	181
r7_133seqs	1	181
r7_133seqs	1	181
r7_133seqs	1	181
r7_133seqs	1	181
r7_133seqs	1	181
r7_133seqs	1	153
r7_133seqs	1	181
r7_133seqs	1	181
r7_133seqs	1	181
r7_133seqs	1	151
r7_133seqs	9	181
r7_133seqs	1	181
r7_133seqs	1	181
r7_133seqs	1	181
r7_133seqs	1	181
r7_133seqs	1	153
r7_133seqs	2	153
r7_133seqs	11	153
r7_133seqs	1	181
r7_133seqs	1	181
r7_133seqs	2	153
r7_133seqs	1	152
r7_133seqs	1	153
r7_133seqs	1	181
r7_133seqs	1	153
r7_133seqs	1	152
r7_133seqs	2	153
r7_133seqs	2	153
r7_133seqs	1	152
r7_133seqs	1	152
r7_133seqs	1	152
r7_133seqs	1	180
r7_133seqs	1	151
r7_133seqs	1	150
r7_133seqs	1	150
r7_133seqs	1	150
r7_133seqs	1	150
r7_133seqs	1	153
r7_133seqs	4	153
r7_133seqs	2	151
r7_133seqs	1	153
r7_133seqs	1	181
r7_133seqs	1	150
r7_133seqs	1	150
r7_133seqs	1	181
r7_133seqs	1	150
r7_133seqs	1	150
r7_133seqs	1	181
r7_133seqs	1	181
r7_133seqs	1	181
r7_133seqs	1	181
r7_133seqs	2	176
r7_133seqs	1	153
r7_133seqs	1	153
r7_133seqs	1	181
r7_133seqs	1	181
r7_133seqs	1	181
r7_133seqs	1	153
r7_133seqs	1	181
r7_133seqs	1	181
r7_133seqs	1	181
r7_133seqs	1	181
r7_133seqs	1	181
r7_133seqs	1	153
r7_133seqs	1	181
r7_133seqs	1	181
r7_133seqs	1	153
r7_133seqs	1	153
r7_133seqs	1	153
r7_133seqs	1	181
r7_133seqs	1	153
r7_133seqs	1	181
r7_133seqs	1	181
r7_133seqs	1	181
r7_133seqs	1	181
r7_133seqs	1	153
r7_133seqs	1	153
r7_133seqs	1	153
r7_133seqs	1	181
r7_133seqs	1	153
r7_133seqs	1	166
r7_133seqs	1	153
r7_133seqs	1	153
r7_133seqs	1	153
r7_133seqs	1	146
r7_133seqs	2	153
r7_133seqs	2	180
r7_133seqs	1	181
r7_133seqs	2	153
r7_133seqs	2	153
r7_133seqs	1	179
r7_133seqs	1	181
r7_133seqs	1	181
r7_133seqs	1	179
r7_133seqs	2	153
r7_133seqs	2	153
r7_133seqs	1	153
r7_133seqs	1	153
r7_133seqs	1	153
r7_133seqs	1	153
r7_133seqs	1	153
r7_133seqs	1	153
r7_133seqs	1	153
r7_133seqs	1	153
r7_133seqs	1	153
r7_133seqs	1	153
r7_133seqs	1	153
r7_133seqs	1	153
r7_133seqs	1	153
r7_133seqs	1	153
r7_133seqs	1	153
r7_133seqs	1	153
r7_133seqs	1	181
r7_133seqs	1	153
r7_133seqs	1	153
r7_133seqs	1	153
r7_133seqs	1	153
r7_133seqs	1	153
r7_133seqs	1	153
r7_133seqs	1	153
r7_133seqs	1	153
r7_133seqs	1	153
r7_133seqs	1	153
r7_133seqs	1	153
r7_133seqs	1	153
r7_133seqs	1	153
r7_133seqs	1	153
r7_133seqs	1	153
r7_133seqs	1	153
r7_133seqs	1	153
r7_133seqs	1	153
r7_133seqs	1	153
r7_133seqs	1	153
r7_133seqs	1	153
r7_133seqs	1	153
r7_133seqs	1	153
r7_133seqs	1	153
r7_133seqs	1	153
r7_133seqs	1	153
r7_133seqs	2	181
r7_133seqs	1	153
r7_133seqs	1	153
r7_133seqs	1	153
r7_133seqs	1	153
r7_133seqs	1	153
r7_133seqs	1	153
r7_133seqs	1	153
r7_133seqs	1	153
r7_133seqs	1	153
r7_133seqs	1	153
r7_133seqs	1	150
r7_133seqs	1	153
r7_133seqs	1	153
r7_133seqs	1	153
r7_133seqs	2	181
r7_133seqs	2	181
r7_133seqs	1	181
r7_133seqs	1	153
r7_133seqs	1	153
r7_133seqs	1	153
r7_133seqs	1	153
r7_133seqs	1	153
r7_133seqs	1	153
r7_133seqs	1	153
r7_133seqs	1	150
r7_133seqs	1	153
r7_133seqs	1	153
r7_133seqs	1	153
r7_133seqs	1	153
r7_133seqs	1	153
r7_133seqs	1	153
r7_133seqs	1	153
r7_133seqs	1	153
r7_133seqs	1	153
r7_133seqs	1	153
r7_133seqs	1	150
r7_133seqs	1	180
r7_133seqs	1	153
r7_133seqs	1	153
r7_133seqs	1	153
r7_133seqs	1	153
r7_133seqs	1	153
r7_133seqs	1	153
r7_133seqs	4	181
r7_133seqs	2	153
r7_133seqs	1	181
r7_133seqs	1	153
r7_133seqs	1	181
r7_133seqs	1	181
r7_133seqs	11	152
r7_133seqs	1	181
r7_133seqs	1	151
r7_133seqs	1	181
r7_133seqs	1	181
r7_133seqs	1	151
r7_133seqs	1	181
r7_133seqs	2	150
r7_133seqs	1	181
r7_133seqs	5	153
r7_133seqs	1	153
r7_133seqs	1	153
r7_133seqs	1	153
r7_133seqs	7	153
r7_133seqs	1	153
r7_133seqs	1	153
r7_133seqs	1	153
r7_133seqs	1	153
r7_133seqs	1	153
r7_133seqs	1	153
r7_133seqs	1	153
r7_133seqs	1	153
r7_133seqs	1	153
r7_133seqs	1	153
r7_133seqs	1	153
r7_133seqs	2	153
r7_133seqs	1	180
r7_133seqs	1	153
r7_133seqs	1	153
r7_133seqs	1	153
r7_133seqs	1	153
r7_133seqs	1	153
r7_133seqs	1	153
r7_133seqs	1	153
r7_133seqs	1	153
r7_133seqs	2	181
r7_133seqs	1	153
r7_133seqs	1	150
r7_133seqs	1	180
r7_133seqs	1	153
r7_133seqs	1	153
r7_133seqs	1	153
r7_133seqs	1	153
r7_133seqs	1	153
r7_133seqs	1	153
r7_133seqs	1	151
r7_133seqs	1	153
r7_133seqs	1	181
r7_133seqs	1	181
r7_133seqs	1	153
r7_133seqs	1	181
r7_133seqs	1	181
r7_133seqs	1	152
r7_133seqs	1	152
r7_133seqs	1	152
r7_133seqs	1	179
r7_133seqs	1	148
r7_133seqs	2	153
r7_133seqs	1	152
r7_133seqs	1	152
r7_133seqs	2	150
r7_133seqs	2	153
r7_133seqs	1	179
r7_133seqs	2	153
r7_133seqs	11	153
r7_133seqs	1	150
r7_133seqs	1	150
r7_133seqs	1	150
r7_133seqs	1	150
r7_133seqs	1	180
r7_133seqs	4	153
r7_133seqs	1	150
r7_133seqs	1	150
r7_133seqs	1	150
r7_133seqs	1	153
r7_133seqs	1	180
r7_133seqs	1	181
r7_133seqs	1	153
r7_133seqs	1	153
r7_133seqs	6	153
r7_133seqs	1	153
r7_133seqs	1	181
r7_133seqs	5	181
r7_133seqs	6	153
r7_133seqs	1	153
r7_133seqs	1	151
r7_133seqs	1	179
r7_133seqs	1	153
r7_133seqs	1	164
r7_133seqs	1	155
r7_133seqs	1	164
r7_133seqs	2	153
r7_133seqs	1	180
r7_133seqs	2	153
r7_133seqs	1	181
r7_133seqs	1	153
r7_133seqs	1	153
r7_133seqs	1	153
r7_133seqs	1	153
r7_133seqs	1	153
r7_133seqs	1	153
r7_133seqs	1	153
r7_133seqs	1	153
r7_133seqs	1	153
r7_133seqs	2	151
r7_133seqs	1	153
r7_133seqs	1	153
r7_133seqs	1	153
r7_133seqs	1	153
r7_133seqs	1	153
r7_133seqs	1	153
r7_133seqs	1	153
r7_133seqs	1	153
r7_133seqs	1	153
r7_133seqs	1	153
r7_133seqs	1	153
r7_133seqs	1	153
r7_133seqs	1	153
r7_133seqs	1	153
r7_133seqs	1	153
r7_133seqs	1	153
r7_133seqs	1	153
r7_133seqs	1	153
r7_133seqs	1	153
r7_133seqs	1	153
r7_133seqs	1	153
r7_133seqs	1	153
r7_133seqs	7	181
r7_133seqs	1	153
r7_133seqs	1	153
r7_133seqs	1	153
r7_133seqs	1	153
r7_133seqs	1	153
r7_133seqs	1	153
r7_133seqs	1	153
r7_133seqs	1	153
r7_133seqs	1	153
r7_133seqs	1	153
r7_133seqs	1	153
r7_133seqs	1	153
r7_133seqs	1	153
r7_133seqs	1	153
r7_133seqs	1	153
r7_133seqs	1	153
r7_133seqs	1	153
r7_133seqs	1	153
r7_133seqs	1	153
r7_133seqs	1	181
r7_133seqs	1	151
r7_133seqs	1	153
r7_133seqs	1	151
r7_133seqs	1	153
r7_133seqs	2	153
r7_133seqs	1	181
r7_133seqs	1	151
r7_133seqs	1	151
r7_133seqs	1	151
r7_133seqs	1	149
r7_133seqs	14	153
r7_133seqs	3	151
r7_133seqs	5	153
r7_133seqs	1	153
r7_133seqs	1	181
r7_133seqs	1	153
r7_133seqs	5	151
r7_133seqs	2	181
r7_133seqs	1	153
r7_133seqs	1	153
r7_133seqs	1	153
r7_133seqs	1	153
r7_133seqs	1	153
r7_133seqs	1	181
r7_133seqs	1	153
r7_133seqs	1	153
r7_133seqs	1	153
r7_133seqs	1	153
r7_133seqs	1	150
r7_133seqs	11	153
r7_133seqs	11	153
r7_133seqs	2	153
r7_133seqs	1	152
r7_133seqs	2	153
r7_133seqs	2	153
r7_133seqs	1	181
r7_133seqs	1	153
r7_133seqs	2	153
r7_133seqs	2	153
r7_133seqs	1	153
r7_133seqs	2	153
r7_133seqs	20	153
r7_133seqs	1	181
r7_133seqs	2	153
r7_133seqs	1	150
r7_133seqs	1	153
r7_133seqs	1	150
r7_133seqs	1	153
r7_133seqs	1	153
r7_133seqs	1	153
r7_133seqs	4	153
r7_133seqs	1	181
r7_133seqs	1	153
r7_133seqs	1	153
r7_133seqs	1	153
r7_133seqs	2	153
r7_133seqs	2	153
r7_133seqs	1	155
r7_133seqs	1	181
r7_133seqs	1	153
r7_133seqs	1	153
r7_133seqs	1	153
r7_133seqs	1	181
r7_133seqs	1	153
r7_133seqs	1	153
r7_133seqs	1	153
r7_133seqs	1	153
r7_133seqs	1	181
r7_133seqs	1	181
r7_133seqs	1	181
r7_133seqs	1	153
r7_133seqs	1	181
r7_133seqs	1	181
r7_133seqs	1	180
r7_133seqs	1	153
r7_133seqs	1	153
r7_133seqs	1	153
r7_133seqs	1	180
r7_133seqs	1	153
r7_133seqs	1	181
r7_133seqs	1	181
r7_133seqs	1	181
r7_133seqs	1	153
r7_133seqs	1	153
r7_133seqs	1	153
r7_133seqs	1	153
r7_133seqs	1	153
r7_133seqs	1	181
r7_133seqs	1	181
r7_133seqs	1	153
r7_133seqs	1	153
r7_133seqs	1	181
r7_133seqs	1	181
r7_133seqs	1	153
r7_133seqs	1	153
r7_133seqs	1	153
r7_133seqs	1	153
r7_133seqs	1	153
r7_133seqs	1	181
r7_133seqs	1	153
r7_133seqs	1	153
r7_133seqs	1	153
r7_133seqs	1	153
r7_133seqs	2	181
r7_133seqs	1	181
r7_133seqs	1	153
r7_133seqs	1	180
r7_133seqs	1	181
r7_133seqs	1	180
r7_133seqs	1	179
r7_133seqs	1	180
r7_133seqs	1	153
r7_133seqs	2	181
r7_133seqs	1	154
r7_133seqs	2	153
r7_133seqs	1	181
r7_133seqs	1	181
r7_133seqs	1	181
r7_133seqs	1	181
r7_133seqs	3	150
r7_133seqs	1	180
r7_133seqs	1	181
r7_133seqs	1	181
r7_133seqs	3	181
r7_133seqs	1	179
r7_133seqs	1	153
r7_133seqs	1	153
r7_133seqs	1	181
r7_133seqs	1	181
r7_133seqs	1	181
r7_133seqs	1	153
r7_133seqs	1	153
r7_133seqs	1	151
r7_133seqs	1	153
r7_133seqs	1	153
r7_133seqs	1	180
r7_133seqs	1	153
r7_133seqs	1	153
r7_133seqs	1	153
r7_133seqs	1	153
r7_133seqs	1	153
r7_133seqs	1	153
r7_133seqs	1	153
r7_133seqs	1	180
r7_133seqs	1	153
r7_133seqs	1	153
r7_133seqs	4	181
r7_133seqs	2	181
r7_133seqs	1	153
r7_133seqs	1	180
r7_133seqs	1	153
r7_133seqs	1	179
r7_133seqs	1	180
r7_133seqs	1	153
r7_133seqs	1	153
r7_133seqs	1	153
r7_133seqs	1	181
r7_133seqs	1	181
r7_133seqs	1	181
r7_133seqs	1	181
r7_133seqs	1	181
r7_133seqs	1	181
r7_133seqs	1	181
r7_133seqs	1	181
r7_133seqs	1	181
r7_133seqs	1	150
r7_133seqs	3	181
r7_133seqs	1	180
r7_133seqs	1	151
r7_133seqs	6	180
r7_133seqs	1	181
r7_133seqs	1	153
r7_133seqs	1	153
r7_133seqs	1	181
r7_133seqs	1	181
r7_133seqs	1	181
r7_133seqs	1	181
r7_133seqs	1	181
r7_133seqs	2	181
r7_133seqs	1	181
r7_133seqs	1	155
r7_133seqs	1	181
r7_133seqs	1	153
r7_133seqs	1	153
r7_133seqs	1	153
r7_133seqs	1	153
r7_133seqs	1	153
r7_133seqs	1	153
r7_133seqs	1	153
r7_133seqs	1	153
r7_133seqs	1	153
r7_133seqs	1	153
r7_133seqs	1	153
r7_133seqs	1	153
r7_133seqs	1	153
r7_133seqs	1	153
r7_133seqs	1	153
r7_133seqs	1	153
r7_133seqs	2	181
r7_133seqs	1	180
r7_133seqs	1	153
r7_133seqs	1	153
r7_133seqs	1	181
r7_133seqs	1	153
r7_133seqs	1	153
r7_133seqs	1	180
r7_133seqs	2	181
r7_133seqs	1	153
r7_133seqs	1	153
r7_133seqs	1	153
r7_133seqs	1	153
r7_133seqs	1	153
r7_133seqs	1	153
r7_133seqs	1	153
r7_133seqs	1	153
r7_133seqs	1	153
r7_133seqs	1	151
r7_133seqs	1	181
r7_133seqs	1	153
r7_133seqs	1	181
r7_133seqs	1	181
r7_133seqs	1	181
r7_133seqs	3	153
r7_133seqs	1	151
r7_133seqs	1	181
r7_133seqs	1	153
r7_133seqs	1	178
r7_133seqs	1	181
r7_133seqs	5	153
r7_133seqs	1	181
r7_133seqs	1	181
r7_133seqs	1	181
r7_133seqs	1	181
r7_133seqs	1	153
r7_133seqs	1	181
r7_133seqs	1	181
r7_133seqs	1	180
r7_133seqs	1	153
r7_133seqs	1	156
r7_133seqs	1	153
r7_133seqs	1	153
r7_133seqs	1	153
r7_133seqs	1	153
r7_133seqs	1	153
r7_133seqs	2	181
r7_133seqs	1	181
r7_133seqs	1	151
r7_133seqs	1	181
r7_133seqs	1	181
r7_133seqs	1	181
r7_133seqs	1	181
r7_133seqs	1	181
r7_133seqs	1	180
r7_133seqs	1	153
r7_133seqs	2	153
r7_133seqs	1	179
r7_133seqs	2	153
r7_133seqs	2	153
r7_133seqs	2	153
r7_133seqs	1	152
r7_133seqs	1	153
r7_133seqs	1	153
r7_133seqs	1	153
r7_133seqs	2	181
r7_133seqs	1	153
r7_133seqs	1	153
r7_133seqs	1	153
r7_133seqs	1	181
r7_133seqs	1	181
r7_133seqs	1	153
r7_133seqs	1	153
r7_133seqs	1	181
r7_133seqs	1	179
r7_133seqs	2	181
r7_133seqs	1	181
r7_133seqs	1	153
r7_133seqs	1	181
r7_133seqs	1	181
r7_133seqs	1	153
r7_133seqs	1	181
r7_133seqs	1	153
r7_133seqs	1	181
r7_133seqs	1	181
r7_133seqs	1	153
r7_133seqs	1	181
r7_133seqs	1	155
r7_133seqs	1	164
r7_133seqs	1	153
r7_133seqs	1	153
r7_133seqs	1	153
r7_133seqs	1	153
r7_133seqs	1	153
r7_133seqs	1	153
r7_133seqs	1	153
r7_133seqs	1	153
r7_133seqs	4	153
r7_133seqs	1	153
r7_133seqs	1	153
r7_133seqs	1	153
r7_133seqs	1	153
r7_133seqs	1	153
r7_133seqs	1	153
r7_133seqs	1	153
r7_133seqs	1	153
r7_133seqs	1	153
r7_133seqs	1	153
r7_133seqs	1	153
r7_133seqs	1	181
r7_133seqs	2	181
r7_133seqs	1	153
r7_133seqs	1	153
r7_133seqs	1	181
r7_133seqs	2	181
r7_133seqs	1	153
r7_133seqs	1	153
r7_133seqs	1	153
r7_133seqs	1	153
r7_133seqs	1	153
r7_133seqs	1	153
r7_133seqs	1	153
r7_133seqs	1	153
r7_133seqs	1	153
r7_133seqs	1	153
r7_133seqs	1	153
r7_133seqs	1	153
r7_133seqs	1	153
r7_133seqs	1	153
r7_133seqs	1	153
r7_133seqs	1	153
r7_133seqs	1	153
r7_133seqs	1	153
r7_133seqs	1	153
r7_133seqs	1	153
r7_133seqs	1	153
r7_133seqs	1	181
r7_133seqs	1	151
r7_133seqs	1	181
r7_133seqs	1	181
r7_133seqs	1	181
r7_133seqs	2	152
r7_133seqs	1	153
r7_133seqs	1	181
r7_133seqs	1	179
r7_133seqs	1	181
r7_133seqs	5	153
r7_133seqs	1	181
r7_133seqs	1	153
r7_133seqs	1	153
r7_133seqs	1	153
r7_133seqs	1	153
r7_133seqs	1	153
r7_133seqs	1	153
r7_133seqs	1	153
r7_133seqs	1	153
r7_133seqs	2	181
r7_133seqs	1	153
r7_133seqs	1	153
r7_133seqs	2	153
r7_133seqs	1	153
r7_133seqs	1	153
r7_133seqs	2	150
r7_133seqs	1	153
r7_133seqs	1	181
r7_133seqs	1	153
r7_133seqs	1	153
r7_133seqs	1	153
r7_133seqs	1	180
r7_133seqs	1	153
r7_133seqs	5	151
r7_133seqs	1	151
r7_133seqs	1	151
r7_133seqs	1	155
r7_133seqs	1	181
r7_133seqs	1	181
r7_133seqs	1	181
r7_133seqs	1	181
r7_133seqs	1	181
r7_133seqs	1	181
r7_133seqs	1	181
r7_133seqs	1	181
r7_133seqs	1	154
r7_133seqs	1	181
r7_133seqs	1	151
r7_133seqs	1	181
r7_133seqs	1	181
r7_133seqs	2	153
r7_133seqs	1	152
r7_133seqs	2	153
r7_133seqs	1	181
r7_133seqs	2	153
r7_133seqs	1	152
r7_133seqs	3	181
r7_133seqs	2	153
r7_133seqs	1	181
r7_133seqs	1	151
r7_133seqs	1	181
r7_133seqs	1	152
r7_133seqs	2	153
r7_133seqs	13	153
r7_133seqs	1	153
r7_133seqs	2	181
r7_133seqs	1	153
r7_133seqs	1	150
r7_133seqs	1	156
r7_133seqs	1	150
r7_133seqs	1	181
r7_133seqs	1	181
r7_133seqs	1	181
r7_133seqs	1	181
r7_133seqs	1	180
r7_133seqs	1	153
r7_133seqs	1	181
r7_133seqs	1	153
r7_133seqs	1	181
r7_133seqs	1	181
r7_133seqs	1	181
r7_133seqs	1	181
r7_133seqs	1	181
r7_133seqs	1	181
r7_133seqs	1	181
r7_133seqs	1	181
r7_133seqs	1	181
r7_133seqs	1	181
r7_133seqs	1	181
r7_133seqs	1	181
r7_133seqs	1	181
r7_133seqs	1	181
r7_133seqs	1	181
r7_133seqs	1	153
r7_133seqs	1	155
r7_133seqs	1	150
r7_133seqs	1	181
r7_133seqs	1	181
r7_133seqs	1	164
r7_133seqs	1	179
r7_133seqs	1	179
r7_133seqs	1	155
r7_133seqs	1	181
r7_133seqs	1	153
r7_133seqs	1	153
r7_133seqs	1	153
r7_133seqs	1	153
r7_133seqs	1	153
r7_133seqs	1	153
r7_133seqs	1	153
r7_133seqs	1	153
r7_133seqs	1	153
r7_133seqs	1	153
r7_133seqs	1	153
r7_133seqs	1	153
r7_133seqs	1	153
r7_133seqs	1	153
r7_133seqs	1	153
r7_133seqs	1	153
r7_133seqs	1	153
r7_133seqs	1	153
r7_133seqs	1	153
r7_133seqs	1	180
r7_133seqs	1	153
r7_133seqs	1	153
r7_133seqs	1	180
r7_133seqs	2	181
r7_133seqs	1	181
r7_133seqs	1	153
r7_133seqs	1	153
r7_133seqs	1	180
r7_133seqs	1	153
r7_133seqs	1	153
r7_133seqs	1	153
r7_133seqs	1	153
r7_133seqs	1	153
r7_133seqs	1	153
r7_133seqs	1	153
r7_133seqs	1	153
r7_133seqs	1	153
r7_133seqs	1	153
r7_133seqs	1	153
r7_133seqs	1	153
r7_133seqs	1	153
r7_133seqs	1	153
r7_133seqs	1	153
r7_133seqs	1	153
r7_133seqs	1	153
r7_133seqs	1	153
r7_133seqs	1	153
r7_133seqs	1	153
r7_133seqs	1	153
r7_133seqs	1	153
r7_133seqs	1	153
r7_133seqs	1	153
r7_133seqs	1	151
r7_133seqs	1	152
r7_133seqs	1	181
r7_133seqs	1	151
r7_133seqs	1	151
r7_133seqs	1	181
r7_133seqs	2	152
r7_133seqs	1	178
r7_133seqs	1	181
r7_133seqs	1	181
r7_133seqs	2	179
r7_133seqs	3	153
r7_133seqs	1	180
r7_133seqs	7	181
r7_133seqs	1	181
r7_133seqs	1	151
r7_133seqs	1	149
r7_133seqs	1	179
r7_133seqs	5	180
r7_133seqs	1	181
r7_133seqs	1	164
r7_133seqs	1	181
r7_133seqs	1	154
r7_133seqs	1	181
r7_133seqs	1	153
r7_133seqs	1	153
r7_133seqs	1	153
r7_133seqs	2	153
r7_133seqs	1	156
r7_133seqs	1	153
r7_133seqs	1	153
r7_133seqs	1	153
r7_133seqs	1	153
r7_133seqs	1	153
r7_133seqs	1	153
r7_133seqs	1	180
r7_133seqs	1	153
r7_133seqs	1	153
r7_133seqs	1	153
r7_133seqs	2	181
r7_133seqs	1	179
r7_133seqs	1	153
r7_133seqs	1	153
r7_133seqs	1	181
r7_133seqs	1	153
r7_133seqs	1	153
r7_133seqs	1	151
r7_133seqs	1	181
r7_133seqs	1	181
r7_133seqs	1	181
r7_133seqs	1	181
r7_133seqs	1	181
r7_133seqs	1	181
r7_133seqs	1	181
r7_133seqs	1	181
r7_133seqs	1	181
r7_133seqs	1	178
r7_133seqs	1	151
r7_133seqs	1	181
r7_133seqs	1	181
r7_133seqs	1	181
r7_133seqs	1	181
r7_133seqs	1	181
r7_133seqs	1	181
r7_133seqs	1	181
r7_133seqs	1	152
r7_133seqs	2	153
r7_133seqs	2	156
r7_133seqs	2	150
r7_133seqs	11	153
r7_133seqs	1	181
r7_133seqs	2	180
r7_133seqs	1	181
r7_133seqs	3	181
r7_133seqs	1	179
r7_133seqs	1	153
r7_133seqs	1	181
r7_133seqs	2	153
r7_133seqs	1	181
r7_133seqs	1	181
r7_133seqs	1	180
r7_133seqs	1	181
r7_133seqs	1	153
r7_133seqs	2	153
r7_133seqs	2	153
r7_133seqs	1	150
r7_133seqs	1	180
r7_133seqs	1	153
r7_133seqs	5	180
r7_133seqs	1	181
r7_133seqs	1	153
r7_133seqs	1	180
r7_133seqs	1	153
r7_133seqs	1	153
r7_133seqs	1	153
r7_133seqs	1	153
r7_133seqs	1	172
r7_133seqs	6	153
r7_133seqs	1	153
r7_133seqs	1	153
r7_133seqs	1	181
r7_133seqs	1	181
r7_133seqs	1	181
r7_133seqs	1	181
r7_133seqs	2	181
r7_133seqs	1	181
r7_133seqs	1	181
r7_133seqs	1	181
r7_133seqs	1	181
r7_133seqs	1	181
r7_133seqs	1	181
r7_133seqs	1	181
r7_133seqs	1	181
r7_133seqs	1	153
r7_133seqs	1	181
r7_133seqs	1	181
r7_133seqs	1	181
r7_133seqs	1	181
r7_133seqs	1	153
r7_133seqs	1	153
r7_133seqs	1	153
r7_133seqs	1	181
r7_133seqs	1	150
r7_133seqs	1	155
r7_133seqs	1	155
r7_133seqs	1	155
r7_133seqs	1	179
r7_133seqs	1	181
r7_133seqs	1	179
r7_133seqs	1	181
r7_133seqs	1	155
r7_133seqs	3	181
r7_133seqs	1	153
r7_133seqs	1	181
r7_133seqs	2	153
r7_133seqs	1	142
r7_133seqs	1	153
r7_133seqs	1	153
r7_133seqs	1	153
r7_133seqs	1	153
r7_133seqs	1	153
r7_133seqs	1	153
r7_133seqs	1	153
r7_133seqs	1	153
r7_133seqs	1	153
r7_133seqs	1	153
r7_133seqs	1	153
r7_133seqs	1	153
r7_133seqs	1	153
r7_133seqs	1	153
r7_133seqs	5	181
r7_133seqs	1	153
r7_133seqs	1	180
r7_133seqs	1	153
r7_133seqs	2	181
r7_133seqs	1	153
r7_133seqs	1	153
r7_133seqs	1	153
r7_133seqs	1	181
r7_133seqs	1	153
r7_133seqs	1	153
r7_133seqs	1	181
r7_133seqs	1	153
r7_133seqs	1	153
r7_133seqs	1	153
r7_133seqs	1	153
r7_133seqs	1	153
r7_133seqs	1	181
r7_133seqs	1	181
r7_133seqs	1	153
r7_133seqs	1	180
r7_133seqs	1	153
r7_133seqs	1	153
r7_133seqs	1	153
r7_133seqs	1	153
r7_133seqs	1	153
r7_133seqs	1	153
r7_133seqs	1	153
r7_133seqs	1	153
r7_133seqs	1	153
r7_133seqs	1	153
r7_133seqs	1	153
r7_133seqs	1	153
r7_133seqs	1	153
r7_133seqs	1	153
r7_133seqs	1	153
r7_133seqs	1	153
r7_133seqs	11	152
r7_133seqs	1	181
r7_133seqs	1	151
r7_133seqs	1	181
r7_133seqs	1	181
r7_133seqs	1	151
r7_133seqs	1	181
r7_133seqs	1	151
r7_133seqs	1	181
r7_133seqs	1	153
r7_133seqs	1	151
r7_133seqs	1	155
r7_133seqs	1	154
r7_133seqs	3	181
r7_133seqs	4	179
r7_133seqs	1	149
r7_133seqs	1	153
r7_133seqs	1	153
r7_133seqs	1	181
r7_133seqs	1	153
r7_133seqs	1	150
r7_133seqs	1	153
r7_133seqs	1	153
r7_133seqs	1	153
r7_133seqs	1	153
r7_133seqs	1	153
r7_133seqs	1	153
r7_133seqs	1	152
r7_133seqs	1	153
r7_133seqs	1	153
r7_133seqs	1	153
r7_133seqs	1	153
r7_133seqs	1	153
r7_133seqs	1	153
r7_133seqs	1	180
r7_133seqs	2	153
r7_133seqs	1	153
r7_133seqs	1	153
r7_133seqs	1	153
r7_133seqs	1	153
r7_133seqs	1	153
r7_133seqs	1	153
r7_133seqs	1	180
r7_133seqs	1	153
r7_133seqs	1	153
r7_133seqs	1	153
r7_133seqs	1	153
r7_133seqs	1	153
r7_133seqs	1	180
r7_133seqs	1	153
r7_133seqs	1	181
r7_133seqs	1	153
r7_133seqs	1	153
r7_133seqs	1	153
r7_133seqs	1	153
r7_133seqs	1	153
r7_133seqs	1	153
r7_133seqs	1	156
r7_133seqs	1	153
r7_133seqs	1	153
r7_133seqs	1	153
r7_133seqs	1	153
r7_133seqs	2	152
r7_133seqs	3	153
r7_133seqs	1	181
r7_133seqs	1	154
r7_133seqs	1	154
r7_133seqs	1	181
r7_133seqs	1	181
r7_133seqs	1	181
r7_133seqs	1	181
r7_133seqs	1	181
r7_133seqs	1	151
r7_133seqs	1	154
r7_133seqs	1	181
r7_133seqs	1	181
r7_133seqs	1	151
r7_133seqs	1	151
r7_133seqs	3	153
r7_133seqs	1	153
r7_133seqs	2	153
r7_133seqs	2	153
r7_133seqs	1	153
r7_133seqs	1	181
r7_133seqs	1	181
r7_133seqs	2	153
r7_133seqs	1	181
r7_133seqs	1	181
r7_133seqs	1	181
r7_133seqs	2	153
r7_133seqs	2	180
r7_133seqs	2	153
r7_133seqs	2	153
r7_133seqs	2	153
r7_133seqs	6	155
r7_133seqs	1	153
r7_133seqs	1	153
r7_133seqs	1	150
r7_133seqs	1	147
r7_133seqs	1	153
r7_133seqs	1	153
r7_133seqs	1	180
r7_133seqs	1	180
r7_133seqs	1	153
r7_133seqs	1	181
r7_133seqs	1	179
r7_133seqs	1	181
r7_133seqs	1	179
r7_133seqs	1	181
r7_133seqs	1	150
r7_133seqs	1	153
r7_133seqs	1	153
r7_133seqs	1	181
r7_133seqs	1	181
r7_133seqs	1	154
r7_133seqs	6	153
r7_133seqs	1	153
r7_133seqs	1	181
r7_133seqs	1	181
r7_133seqs	1	153
r7_133seqs	1	153
r7_133seqs	1	153
r7_133seqs	1	181
r7_133seqs	1	153
r7_133seqs	1	153
r7_133seqs	1	153
r7_133seqs	1	181
r7_133seqs	1	181
r7_133seqs	2	153
r7_133seqs	1	178
r7_133seqs	1	152
r7_133seqs	1	155
r7_133seqs	1	181
r7_133seqs	2	153
r7_133seqs	1	181
r7_133seqs	1	153
r7_133seqs	1	153
r7_133seqs	1	153
r7_133seqs	1	153
r7_133seqs	1	153
r7_133seqs	1	153
r7_133seqs	1	153
r7_133seqs	1	153
r7_133seqs	1	153
r7_133seqs	1	153
r7_133seqs	1	153
r7_133seqs	1	153
r7_133seqs	4	180
r7_133seqs	1	153
r7_133seqs	1	153
r7_133seqs	1	153
r7_133seqs	1	153
r7_133seqs	1	153
r7_133seqs	1	153
r7_133seqs	1	153
r7_133seqs	1	153
r7_133seqs	1	153
r7_133seqs	1	153
r7_133seqs	1	153
r7_133seqs	1	153
r7_133seqs	1	153
r7_133seqs	1	153
r7_133seqs	1	153
r7_133seqs	1	153
r7_133seqs	1	153
r7_133seqs	2	180
r7_133seqs	1	153
r7_133seqs	1	153
r7_133seqs	1	153
r7_133seqs	1	153
r7_133seqs	1	153
r7_133seqs	1	153
r7_133seqs	1	153
r7_133seqs	1	153
r7_133seqs	1	150
r7_133seqs	1	153
r7_133seqs	1	153
r7_133seqs	1	153
r7_133seqs	1	153
r7_133seqs	1	153
r7_133seqs	1	153
r7_133seqs	1	181
r7_133seqs	1	153
r7_133seqs	1	153
r7_133seqs	1	153
r7_133seqs	1	153
r7_133seqs	1	153
r7_133seqs	1	153
r7_133seqs	1	153
r7_133seqs	1	153
r7_133seqs	1	151
r7_133seqs	1	181
r7_133seqs	1	153
r7_133seqs	1	181
r7_133seqs	1	181
r7_133seqs	1	151
r7_133seqs	1	181
r7_133seqs	1	153
r7_133seqs	1	153
r7_133seqs	1	181
r7_133seqs	1	181
r7_133seqs	1	181
r7_133seqs	1	151
r7_133seqs	1	151
r7_133seqs	9	181
r7_133seqs	1	153
r7_133seqs	1	179
r7_133seqs	1	153
r7_133seqs	1	181
r7_133seqs	1	180
r7_133seqs	1	181
r7_133seqs	1	149
r7_133seqs	1	181
r7_133seqs	2	150
r7_133seqs	1	149
r7_133seqs	1	153
r7_133seqs	1	153
r7_133seqs	1	153
r7_133seqs	1	153
r7_133seqs	1	153
r7_133seqs	1	153
r7_133seqs	1	153
r7_133seqs	1	152
r7_133seqs	1	153
r7_133seqs	1	153
r7_133seqs	1	153
r7_133seqs	1	153
r7_133seqs	1	153
r7_133seqs	1	153
r7_133seqs	1	153
r7_133seqs	1	153
r7_133seqs	1	153
r7_133seqs	1	153
r7_133seqs	1	153
r7_133seqs	1	153
r7_133seqs	1	153
r7_133seqs	1	153
r7_133seqs	1	153
r7_133seqs	1	153
r7_133seqs	1	153
r7_133seqs	1	153
r7_133seqs	1	156
r7_133seqs	1	152
r7_133seqs	1	153
r7_133seqs	1	153
r7_133seqs	1	154
r7_133seqs	1	155
r7_133seqs	3	153
r7_133seqs	1	181
r7_133seqs	1	154
r7_133seqs	1	154
r7_133seqs	1	154
r7_133seqs	1	181
r7_133seqs	1	181
r7_133seqs	1	151
r7_133seqs	7	151
r7_133seqs	1	181
r7_133seqs	1	153
r7_133seqs	2	153
r7_133seqs	1	153
r7_133seqs	1	152
r7_133seqs	6	181
r7_133seqs	1	152
r7_133seqs	1	152
r7_133seqs	1	153
r7_133seqs	1	181
r7_133seqs	1	152
r7_133seqs	2	151
r7_133seqs	1	153
r7_133seqs	1	153
r7_133seqs	1	153
r7_133seqs	1	153
r7_133seqs	1	150
r7_133seqs	7	180
r7_133seqs	1	150
r7_133seqs	1	181
r7_133seqs	1	150
r7_133seqs	1	151
r7_133seqs	1	153
r7_133seqs	1	150
r7_133seqs	1	150
r7_133seqs	6	153
r7_133seqs	1	153
r7_133seqs	1	166
r7_133seqs	1	178
r7_133seqs	1	153
r7_133seqs	1	153
r7_133seqs	1	153
r7_133seqs	1	181
r7_133seqs	1	153
r7_133seqs	1	181
r7_133seqs	1	166
r7_133seqs	1	180
r7_133seqs	1	181
r7_133seqs	1	153
r7_133seqs	1	153
r7_133seqs	1	181
r7_133seqs	1	181
r7_133seqs	1	155
r7_133seqs	1	152
r7_133seqs	3	181
r7_133seqs	1	152
r7_133seqs	1	152
r7_133seqs	1	155
r7_133seqs	2	153
r7_133seqs	1	150
r7_133seqs	2	151
r7_133seqs	1	153
r7_133seqs	1	153
r7_133seqs	1	150
r7_133seqs	1	150
r7_133seqs	1	153
r7_133seqs	1	153
r7_133seqs	1	153
r7_133seqs	1	153
r7_133seqs	1	153
r7_133seqs	1	153
r7_133seqs	1	153
r7_133seqs	1	153
r7_133seqs	1	153
r7_133seqs	1	153
r7_133seqs	1	153
r7_133seqs	1	153
r7_133seqs	1	153
r7_133seqs	1	153
r7_133seqs	1	153
r7_133seqs	1	153
r7_133seqs	1	153
r7_133seqs	1	181
r7_133seqs	1	153
r7_133seqs	1	150
r7_133seqs	1	153
r7_133seqs	1	153
r7_133seqs	1	153
r7_133seqs	1	153
r7_133seqs	1	153
r7_133seqs	1	153
r7_133seqs	1	151
r7_133seqs	1	153
r7_133seqs	1	181
r7_133seqs	3	153
r7_133seqs	1	151
r7_133seqs	1	153
r7_133seqs	1	151
r7_133seqs	1	181
r7_133seqs	1	181
r7_133seqs	5	153
r7_133seqs	1	140
r7_133seqs	1	153
r7_133seqs	1	153
r7_133seqs	1	155
r7_133seqs	1	153
r7_133seqs	1	153
r7_133seqs	1	153
r7_133seqs	7	153
r7_133seqs	1	153
r7_133seqs	1	153
r7_133seqs	1	153
r7_133seqs	1	153
r7_133seqs	1	153
r7_133seqs	6	155
r7_133seqs	9	153
r7_133seqs	2	153
r7_133seqs	1	153
r7_133seqs	6	148
r7_133seqs	2	153
r7_133seqs	2	153
r7_133seqs	2	153
r7_133seqs	1	181
r7_133seqs	1	152
r7_133seqs	2	153
r7_133seqs	1	153
r7_133seqs	1	153
r7_133seqs	2	181
r7_133seqs	1	150
r7_133seqs	9	153
r7_133seqs	1	181
r7_133seqs	1	153
r7_133seqs	1	153
r7_133seqs	1	152
r7_133seqs	1	149
r7_133seqs	1	150
r7_133seqs	1	153
r7_133seqs	1	153
r7_133seqs	1	177
r7_133seqs	1	180
r7_133seqs	1	181
r7_133seqs	1	181
r7_133seqs	1	153
r7_133seqs	2	181
r7_133seqs	1	151
r7_133seqs	1	181
r7_133seqs	1	181
r7_133seqs	1	153
r7_133seqs	1	164
r7_133seqs	1	181
r7_133seqs	1	181
r7_133seqs	1	179
r7_133seqs	1	181
r7_133seqs	2	181
r7_133seqs	1	153
r7_133seqs	1	153
r7_133seqs	1	153
r7_133seqs	1	153
r7_133seqs	1	153
r7_133seqs	6	181
r7_133seqs	1	180
r7_133seqs	1	181
r7_133seqs	1	181
r7_133seqs	1	180
r7_133seqs	1	152
r7_133seqs	1	181
r7_133seqs	1	153
r7_133seqs	1	181
r7_133seqs	1	153
r7_133seqs	2	181
r7_133seqs	1	153
r7_133seqs	1	153
r7_133seqs	1	181
r7_133seqs	1	179
r7_133seqs	2	155
r7_133seqs	1	181
r7_133seqs	1	181
r7_133seqs	1	181
r7_133seqs	1	181
r7_133seqs	1	181
r7_133seqs	1	181
r7_133seqs	2	153
r7_133seqs	1	153
r7_133seqs	1	181
r7_133seqs	1	181
r7_133seqs	1	181
r7_133seqs	1	181
r7_133seqs	1	153
r7_133seqs	1	153
r7_133seqs	1	148
r7_133seqs	1	180
r7_133seqs	6	153
r7_133seqs	1	179
r7_133seqs	1	153
r7_133seqs	1	153
r7_133seqs	1	153
r7_133seqs	1	153
r7_133seqs	1	153
r7_133seqs	1	153
r7_133seqs	1	153
r7_133seqs	1	181
r7_133seqs	1	153
r7_133seqs	1	153
r7_133seqs	1	153
r7_133seqs	1	153
r7_133seqs	1	153
r7_133seqs	1	153
r7_133seqs	1	153
r7_133seqs	2	181
r7_133seqs	1	153
r7_133seqs	1	153
r7_133seqs	1	153
r7_133seqs	1	181
r7_133seqs	1	153
r7_133seqs	1	181
r7_133seqs	1	153
r7_133seqs	1	153
r7_133seqs	1	153
r7_133seqs	1	154
r7_133seqs	1	181
r7_133seqs	1	181
r7_133seqs	1	181
r7_133seqs	1	181
r7_133seqs	1	181
r7_133seqs	1	181
r7_133seqs	1	181
r7_133seqs	1	181
r7_133seqs	2	153
r7_133seqs	1	181
r7_133seqs	2	153
r7_133seqs	2	153
r7_133seqs	2	153
r7_133seqs	1	153
r7_133seqs	1	181
r7_133seqs	1	181
r7_133seqs	1	181
r7_133seqs	1	181
r7_133seqs	1	164
r7_133seqs	1	153
r7_133seqs	1	153
r7_133seqs	1	153
r7_133seqs	1	153
r7_133seqs	1	153
r7_133seqs	1	153
r7_133seqs	1	153
r7_133seqs	1	153
r7_133seqs	1	153
r7_133seqs	2	181
r7_133seqs	1	153
r7_133seqs	1	153
r7_133seqs	1	153
r7_133seqs	1	153
r7_133seqs	1	180
r7_133seqs	1	153
r7_133seqs	1	153
r7_133seqs	1	153
r7_133seqs	1	180
r7_133seqs	1	153
r7_133seqs	1	153
r7_133seqs	1	181
r7_133seqs	1	181
r7_133seqs	1	178
r7_133seqs	1	178
r7_133seqs	1	153
r7_133seqs	1	151
r7_133seqs	1	150
r7_133seqs	9	181
r7_133seqs	1	153
r7_133seqs	1	181
r7_133seqs	2	153
r7_133seqs	1	153
r7_133seqs	1	153
r7_133seqs	1	153
r7_133seqs	1	181
r7_133seqs	1	153
r7_133seqs	1	153
r7_133seqs	1	153
r7_133seqs	1	181
r7_133seqs	1	181
r7_133seqs	1	181
r7_133seqs	1	181
r7_133seqs	1	181
r7_133seqs	1	181
r7_133seqs	1	181
r7_133seqs	1	181
r7_133seqs	2	153
r7_133seqs	1	153
r7_133seqs	2	151
r7_133seqs	1	180
r7_133seqs	1	153
r7_133seqs	1	148
r7_133seqs	1	153
r7_133seqs	1	181
r7_133seqs	1	181
r7_133seqs	1	153
r7_133seqs	1	181
r7_133seqs	1	181
r7_133seqs	1	181
r7_133seqs	1	153
r7_133seqs	1	181
r7_133seqs	1	153
r7_133seqs	1	181
r7_133seqs	1	181
r7_133seqs	12	181
r7_133seqs	1	152
r7_133seqs	1	153
r7_133seqs	1	153
r7_133seqs	1	153
r7_133seqs	1	153
r7_133seqs	1	153
r7_133seqs	1	153
r7_133seqs	1	153
r7_133seqs	1	153
r7_133seqs	1	171
r7_133seqs	1	153
r7_133seqs	1	155
r7_133seqs	1	153
r7_133seqs	1	153
r7_133seqs	1	153
r7_133seqs	1	153
r7_133seqs	3	179
r7_133seqs	1	153
r7_133seqs	1	153
r7_133seqs	2	153
r7_133seqs	1	153
r7_133seqs	1	153
r7_133seqs	1	153
r7_133seqs	1	153
r7_133seqs	1	153
r7_133seqs	1	153
r7_133seqs	1	153
r7_133seqs	1	153
r7_133seqs	1	153
r7_133seqs	1	153
r7_133seqs	1	153
r7_133seqs	1	153
r7_133seqs	1	153
r7_133seqs	1	153
r7_133seqs	1	153
r7_133seqs	2	153
r7_133seqs	1	181
r7_133seqs	1	180
r7_133seqs	1	180
r7_133seqs	1	152
r7_133seqs	1	153
r7_133seqs	1	181
r7_133seqs	3	153
r7_133seqs	1	153
r7_133seqs	1	153
r7_133seqs	1	153
r7_133seqs	1	153
r7_133seqs	1	153
r7_133seqs	1	153
r7_133seqs	2	181
r7_133seqs	1	153
r7_133seqs	2	153
r7_133seqs	2	181
r7_133seqs	1	153
r7_133seqs	1	153
r7_133seqs	1	153
r7_133seqs	1	153
r7_133seqs	1	153
r7_133seqs	1	153
r7_133seqs	1	153
r7_133seqs	1	153
r7_133seqs	3	153
r7_133seqs	1	153
r7_133seqs	1	181
r7_133seqs	1	181
r7_133seqs	1	181
r7_133seqs	1	181
r7_133seqs	1	181
r7_133seqs	1	181
r7_133seqs	2	153
r7_133seqs	1	152
r7_133seqs	1	179
r7_133seqs	1	181
r7_133seqs	1	153
r7_133seqs	1	153
r7_133seqs	1	181
r7_133seqs	1	181
r7_133seqs	2	181
r7_133seqs	1	153
r7_133seqs	1	153
r7_133seqs	1	150
r7_133seqs	1	148
r7_133seqs	1	181
r7_133seqs	1	181
r7_133seqs	1	181
r7_133seqs	1	181
r7_133seqs	1	181
r7_133seqs	1	181
r7_133seqs	6	153
r7_133seqs	1	181
r7_133seqs	1	181
r7_133seqs	1	153
r7_133seqs	1	181
r7_133seqs	1	181
r7_133seqs	1	181
r7_133seqs	1	181
r7_133seqs	1	180
r7_133seqs	1	181
r7_133seqs	2	153
r7_133seqs	2	153
r7_133seqs	2	147
r7_133seqs	1	181
r7_133seqs	1	181
r7_133seqs	1	153
r7_133seqs	1	153
r7_133seqs	1	153
r7_133seqs	1	153
r7_133seqs	1	153
r7_133seqs	1	153
r7_133seqs	1	153
r7_133seqs	1	153
r7_133seqs	1	153
r7_133seqs	1	153
r7_133seqs	1	153
r7_133seqs	1	153
r7_133seqs	1	153
r7_133seqs	1	153
r7_133seqs	1	153
r7_133seqs	1	153
r7_133seqs	1	153
r7_133seqs	1	153
r7_133seqs	1	153
r7_133seqs	1	180
r7_133seqs	1	153
r7_133seqs	1	153
r7_133seqs	1	153
r7_133seqs	1	153
r7_133seqs	1	153
r7_133seqs	1	153
r7_133seqs	1	153
r7_133seqs	1	153
r7_133seqs	1	153
r7_133seqs	1	150
r7_133seqs	1	153
r7_133seqs	1	153
r7_133seqs	1	153
r7_133seqs	1	180
r7_133seqs	3	153
r7_133seqs	1	181
r7_133seqs	1	181
r7_133seqs	2	179
r7_133seqs	1	180
r7_133seqs	1	181
r7_133seqs	1	181
r7_133seqs	1	153
r7_133seqs	1	151
r7_133seqs	1	151
r7_133seqs	1	151
r7_133seqs	1	155
r7_133seqs	6	181
r7_133seqs	1	146
r7_133seqs	2	180
r7_133seqs	1	181
r7_133seqs	1	153
r7_133seqs	1	153
r7_133seqs	1	149
r7_133seqs	1	153
r7_133seqs	1	153
r7_133seqs	1	153
r7_133seqs	1	153
r7_133seqs	1	153
r7_133seqs	1	153
r7_133seqs	1	153
r7_133seqs	1	153
r7_133seqs	1	153
r7_133seqs	1	153
r7_133seqs	1	153
r7_133seqs	1	153
r7_133seqs	1	180
r7_133seqs	1	153
r7_133seqs	1	153
r7_133seqs	1	153
r7_133seqs	1	153
r7_133seqs	1	153
r7_133seqs	1	153
r7_133seqs	1	180
r7_133seqs	1	153
r7_133seqs	1	153
r7_133seqs	1	180
r7_133seqs	1	153
r7_133seqs	1	153
r7_133seqs	1	153
r7_133seqs	1	153
r7_133seqs	1	153
r7_133seqs	1	176
r7_133seqs	1	153
r7_133seqs	1	153
r7_133seqs	1	180
r7_133seqs	1	153
r7_133seqs	1	153
r7_133seqs	1	153
r7_133seqs	9	153
r7_133seqs	1	181
r7_133seqs	1	151
r7_133seqs	1	181
r7_133seqs	1	153
r7_133seqs	1	181
r7_133seqs	1	181
r7_133seqs	11	153
r7_133seqs	2	153
r7_133seqs	2	150
r7_133seqs	1	181
r7_133seqs	1	181
r7_133seqs	1	181
r7_133seqs	1	181
r7_133seqs	1	181
r7_133seqs	1	179
r7_133seqs	1	155
r7_133seqs	1	153
r7_133seqs	1	181
r7_133seqs	1	152
r7_133seqs	1	153
r7_133seqs	1	153
r7_133seqs	1	153
r7_133seqs	1	180
r7_133seqs	1	153
r7_133seqs	1	150
r7_133seqs	1	181
r7_133seqs	1	181
r7_133seqs	1	181
r7_133seqs	1	180
r7_133seqs	1	181
r7_133seqs	1	153
r7_133seqs	1	181
r7_133seqs	1	181
r7_133seqs	1	181
r7_133seqs	1	181
r7_133seqs	1	181
r7_133seqs	1	181
r7_133seqs	1	181
r7_133seqs	1	181
r7_133seqs	1	181
r7_133seqs	2	180
r7_133seqs	1	181
r7_133seqs	1	181
r7_133seqs	1	181
r7_133seqs	2	181
r7_133seqs	1	153
r7_133seqs	1	181
r7_133seqs	1	181
r7_133seqs	1	154
r7_133seqs	1	181
r7_133seqs	1	181
r7_133seqs	1	153
r7_133seqs	1	181
r7_133seqs	1	152
r7_133seqs	1	152
r7_133seqs	1	155
r7_133seqs	1	155
r7_133seqs	2	153
r7_133seqs	1	153
r7_133seqs	1	181
r7_133seqs	2	153
r7_133seqs	1	152
r7_133seqs	1	180
r7_133seqs	2	153
r7_133seqs	9	154
r7_133seqs	1	181
r7_133seqs	1	179
r7_133seqs	1	181
r7_133seqs	1	153
r7_133seqs	1	153
r7_133seqs	1	153
r7_133seqs	1	153
r7_133seqs	1	153
r7_133seqs	1	153
r7_133seqs	1	153
r7_133seqs	1	153
r7_133seqs	1	150
r7_133seqs	1	153
r7_133seqs	1	153
r7_133seqs	5	181
r7_133seqs	1	153
r7_133seqs	1	153
r7_133seqs	1	153
r7_133seqs	1	153
r7_133seqs	1	153
r7_133seqs	1	153
r7_133seqs	1	153
r7_133seqs	1	153
r7_133seqs	1	153
r7_133seqs	1	153
r7_133seqs	1	153
r7_133seqs	1	153
r7_133seqs	1	153
r7_133seqs	1	153
r7_133seqs	1	153
r7_133seqs	1	153
r7_133seqs	1	153
r7_133seqs	1	153
r7_133seqs	1	153
r7_133seqs	1	153
r7_133seqs	1	153
r7_133seqs	1	153
r7_133seqs	1	180
r7_133seqs	1	153
r7_133seqs	1	153
r7_133seqs	1	153
r7_133seqs	1	153
r7_133seqs	1	153
r7_133seqs	1	153
r7_133seqs	1	181
r7_133seqs	1	153
r7_133seqs	1	153
r7_133seqs	1	153
r7_133seqs	1	153
r7_133seqs	1	153
r7_133seqs	2	181
r7_133seqs	1	153
r7_133seqs	1	153
r7_133seqs	1	166
r7_133seqs	1	153
r7_133seqs	1	181
r7_133seqs	1	153
r7_133seqs	1	181
r7_133seqs	1	181
r7_133seqs	2	181
r7_133seqs	1	181
r7_133seqs	13	181
r7_133seqs	1	181
r7_133seqs	1	181
r7_133seqs	1	181
r7_133seqs	15	181
r7_133seqs	1	181
r7_133seqs	1	181
r7_133seqs	1	151
r7_133seqs	1	179
r7_133seqs	1	181
r7_133seqs	1	153
r7_133seqs	1	153
r7_133seqs	1	181
r7_133seqs	5	153
r7_133seqs	1	153
r7_133seqs	14	153
r7_133seqs	1	153
r7_133seqs	1	153
r7_133seqs	1	153
r7_133seqs	1	153
r7_133seqs	1	153
r7_133seqs	1	153
r7_133seqs	1	153
r7_133seqs	1	153
r7_133seqs	1	153
r7_133seqs	1	153
r7_133seqs	1	153
r7_133seqs	1	153
r7_133seqs	1	153
r7_133seqs	1	153
r7_133seqs	1	153
r7_133seqs	1	153
r7_133seqs	1	153
r7_133seqs	1	153
r7_133seqs	1	180
r7_133seqs	1	153
r7_133seqs	2	181
r7_133seqs	1	153
r7_133seqs	1	153
r7_133seqs	2	181
r7_133seqs	1	153
r7_133seqs	1	153
r7_133seqs	1	153
r7_133seqs	1	153
r7_133seqs	1	153
r7_133seqs	1	153
r7_133seqs	1	153
r7_133seqs	1	153
r7_133seqs	1	153
r7_133seqs	1	153
r7_133seqs	1	153
r7_133seqs	1	153
r7_133seqs	1	151
r7_133seqs	1	154
r7_133seqs	9	153
r7_133seqs	9	153
r7_133seqs	1	181
r7_133seqs	1	181
r7_133seqs	1	153
r7_133seqs	2	179
r7_133seqs	1	180
r7_133seqs	1	153
r7_133seqs	1	152
r7_133seqs	2	153
r7_133seqs	1	152
r7_133seqs	2	153
r7_133seqs	1	152
r7_133seqs	11	153
r7_133seqs	2	153
r7_133seqs	1	181
r7_133seqs	2	153
r7_133seqs	2	150
r7_133seqs	1	181
r7_133seqs	1	181
r7_133seqs	1	180
r7_133seqs	5	154
r7_133seqs	1	150
r7_133seqs	1	153
r7_133seqs	1	153
r7_133seqs	1	150
r7_133seqs	1	180
r7_133seqs	1	181
r7_133seqs	1	153
r7_133seqs	1	153
r7_133seqs	1	177
r7_133seqs	1	150
r7_133seqs	8	181
r7_133seqs	1	150
r7_133seqs	1	156
r7_133seqs	2	153
r7_133seqs	1	153
r7_133seqs	1	153
r7_133seqs	1	181
r7_133seqs	1	181
r7_133seqs	1	181
r7_133seqs	1	181
r7_133seqs	1	181
r7_133seqs	1	181
r7_133seqs	1	181
r7_133seqs	1	181
r7_133seqs	1	181
r7_133seqs	1	181
r7_133seqs	1	181
r7_133seqs	1	153
r7_133seqs	1	150
r7_133seqs	1	154
r7_133seqs	1	153
r7_133seqs	1	153
r7_133seqs	1	150
r7_133seqs	1	181
r7_133seqs	1	181
r7_133seqs	1	153
r7_133seqs	1	153
r7_133seqs	1	181
r7_133seqs	1	181
r7_133seqs	1	181
r7_133seqs	1	151
r7_133seqs	1	152
r7_133seqs	1	153
r7_133seqs	1	179
r7_133seqs	2	153
r7_133seqs	1	181
r7_133seqs	1	181
r7_133seqs	1	181
r7_133seqs	1	151
r7_133seqs	2	153
r7_133seqs	1	153
r7_133seqs	1	173
r7_133seqs	2	153
r7_133seqs	1	153
r7_133seqs	1	153
r7_133seqs	1	153
r7_133seqs	1	153
r7_133seqs	1	153
r7_133seqs	1	153
r7_133seqs	1	153
r7_133seqs	1	153
r7_133seqs	1	153
r7_133seqs	1	153
r7_133seqs	1	153
r7_133seqs	1	153
r7_133seqs	1	153
r7_133seqs	1	153
r7_133seqs	1	153
r7_133seqs	1	153
r7_133seqs	8	181
r7_133seqs	1	153
r7_133seqs	1	178
r7_133seqs	1	153
r7_133seqs	1	153
r7_133seqs	1	153
r7_133seqs	1	153
r7_133seqs	1	153
r7_133seqs	1	153
r7_133seqs	1	153
r7_133seqs	1	153
r7_133seqs	1	153
r7_133seqs	1	153
r7_133seqs	1	153
r7_133seqs	1	153
r7_133seqs	1	150
r7_133seqs	1	153
r7_133seqs	1	153
r7_133seqs	1	153
r7_133seqs	1	153
r7_133seqs	1	153
r7_133seqs	1	153
r7_133seqs	1	180
r7_133seqs	1	153
r7_133seqs	1	150
r7_133seqs	1	153
r7_133seqs	1	153
r7_133seqs	1	153
r7_133seqs	14	181
r7_133seqs	1	151
r7_133seqs	1	151
r7_133seqs	1	181
r7_133seqs	6	153
r7_133seqs	1	181
r7_133seqs	3	153
r7_133seqs	1	181
r7_133seqs	2	181
r7_133seqs	1	181
r7_133seqs	1	151
r7_133seqs	1	181
r7_133seqs	1	181
r7_133seqs	1	151
r7_133seqs	1	153
r7_133seqs	1	153
r7_133seqs	1	153
r7_133seqs	1	151
r7_133seqs	1	181
r7_133seqs	1	153
r7_133seqs	1	153
r7_133seqs	1	181
r7_133seqs	1	153
r7_133seqs	1	155
r7_133seqs	1	140
r7_133seqs	1	155
r7_133seqs	3	181
r7_133seqs	5	181
r7_133seqs	1	181
r7_133seqs	1	181
r7_133seqs	1	152
r7_133seqs	1	149
r7_133seqs	1	179
r7_133seqs	1	153
r7_133seqs	2	153
r7_133seqs	1	153
r7_133seqs	1	151
r7_133seqs	1	153
r7_133seqs	1	150
r7_133seqs	1	153
r7_133seqs	1	153
r7_133seqs	1	153
r7_133seqs	1	153
r7_133seqs	1	168
r7_133seqs	1	153
r7_133seqs	1	153
r7_133seqs	1	153
r7_133seqs	1	153
r7_133seqs	1	153
r7_133seqs	1	153
r7_133seqs	1	153
r7_133seqs	1	153
r7_133seqs	1	153
r7_133seqs	1	153
r7_133seqs	1	153
r7_133seqs	1	153
r7_133seqs	1	153
r7_133seqs	1	153
r7_133seqs	1	153
r7_133seqs	1	153
r7_133seqs	1	153
r7_133seqs	1	153
r7_133seqs	1	153
r7_133seqs	1	153
r7_133seqs	1	153
r7_133seqs	1	153
r7_133seqs	1	153
r7_133seqs	1	153
r7_133seqs	1	153
r7_133seqs	1	153
r7_133seqs	1	153
r7_133seqs	1	153
r7_133seqs	1	153
r7_133seqs	1	153
r7_133seqs	1	153
r7_133seqs	1	180
r7_133seqs	1	153
r7_133seqs	1	153
r7_133seqs	1	153
r7_133seqs	1	153
r7_133seqs	1	153
r7_133seqs	1	153
r7_133seqs	1	153
r7_133seqs	1	153
r7_133seqs	1	153
r7_133seqs	1	153
r7_133seqs	1	153
r7_133seqs	5	151
r7_133seqs	1	153
r7_133seqs	1	153
r7_133seqs	1	153
r7_133seqs	9	153
r7_133seqs	1	174
r7_133seqs	3	180
r7_133seqs	9	181
r7_133seqs	1	181
r7_133seqs	1	151
r7_133seqs	1	181
r7_133seqs	1	181
r7_133seqs	1	181
r7_133seqs	1	181
r7_133seqs	1	181
r7_133seqs	1	181
r7_133seqs	1	181
r7_133seqs	1	181
r7_133seqs	1	151
r7_133seqs	2	153
r7_133seqs	1	152
r7_133seqs	2	153
r7_133seqs	1	149
r7_133seqs	2	150
r7_133seqs	1	149
r7_133seqs	1	181
r7_133seqs	2	153
r7_133seqs	2	153
r7_133seqs	3	181
r7_133seqs	1	153
r7_133seqs	2	150
r7_133seqs	1	179
r7_133seqs	20	153
r7_133seqs	1	150
r7_133seqs	1	147
r7_133seqs	1	150
r7_133seqs	1	153
r7_133seqs	2	181
r7_133seqs	2	181
r7_133seqs	1	153
r7_133seqs	2	181
r7_133seqs	2	151
r7_133seqs	1	153
r7_133seqs	1	153
r7_133seqs	1	139
r7_133seqs	1	153
r7_133seqs	1	153
r7_133seqs	9	180
r7_133seqs	1	181
r7_133seqs	1	153
r7_133seqs	1	181
r7_133seqs	6	153
r7_133seqs	1	181
r7_133seqs	1	181
r7_133seqs	1	181
r7_133seqs	1	154
r7_133seqs	1	181
r7_133seqs	1	181
r7_133seqs	1	181
r7_133seqs	1	153
r7_133seqs	1	152
r7_133seqs	2	153
r7_133seqs	1	153
r7_133seqs	1	155
r7_133seqs	2	153
r7_133seqs	3	181
r7_133seqs	2	153
r7_133seqs	1	181
r7_133seqs	2	153
r7_133seqs	1	181
r7_133seqs	1	155
r7_133seqs	1	153
r7_133seqs	1	153
r7_133seqs	1	153
r7_133seqs	1	153
r7_133seqs	1	153
r7_133seqs	1	150
r7_133seqs	1	150
r7_133seqs	1	153
r7_133seqs	1	153
r7_133seqs	1	153
r7_133seqs	1	153
r7_133seqs	1	153
r7_133seqs	1	153
r7_133seqs	1	180
r7_133seqs	1	153
r7_133seqs	1	181
r7_133seqs	1	153
r7_133seqs	1	153
r7_133seqs	1	153
r7_133seqs	1	153
r7_133seqs	1	153
r7_133seqs	1	178
r7_133seqs	1	153
r7_133seqs	1	153
r7_133seqs	1	153
r7_133seqs	1	153
r7_133seqs	1	181
r7_133seqs	1	153
r7_133seqs	1	153
r7_133seqs	1	153
r7_133seqs	12	153
r7_133seqs	1	153
r7_133seqs	1	153
r7_133seqs	1	153
r7_133seqs	1	153
r7_133seqs	1	181
r7_133seqs	1	181
r7_133seqs	1	181
r7_133seqs	1	181
r7_133seqs	1	181
r7_133seqs	6	153
r7_133seqs	1	153
r7_133seqs	1	153
r7_133seqs	1	181
r7_133seqs	1	153
r7_133seqs	1	181
r7_133seqs	1	181
r7_133seqs	1	153
r7_133seqs	1	153
r7_133seqs	1	181
r7_133seqs	14	153
r7_133seqs	1	155
r7_133seqs	1	155
r7_133seqs	1	155
r7_133seqs	1	179
r7_133seqs	1	181
r7_133seqs	14	153
r7_133seqs	1	179
r7_133seqs	2	153
r7_133seqs	6	152
r7_133seqs	1	153
r7_133seqs	1	153
r7_133seqs	1	153
r7_133seqs	1	153
r7_133seqs	1	153
r7_133seqs	1	153
r7_133seqs	1	153
r7_133seqs	1	153
r7_133seqs	1	153
r7_133seqs	1	153
r7_133seqs	1	153
r7_133seqs	1	153
r7_133seqs	1	147
r7_133seqs	1	153
r7_133seqs	1	153
r7_133seqs	1	153
r7_133seqs	1	152
r7_133seqs	1	153
r7_133seqs	1	153
r7_133seqs	1	153
r7_133seqs	1	153
r7_133seqs	1	181
r7_133seqs	1	153
r7_133seqs	1	153
r7_133seqs	1	153
r7_133seqs	1	181
r7_133seqs	2	153
r7_133seqs	1	153
r7_133seqs	1	153
r7_133seqs	1	153
r7_133seqs	1	153
r7_133seqs	1	153
r7_133seqs	1	153
r7_133seqs	1	153
r7_133seqs	1	153
r7_133seqs	1	153
r7_133seqs	1	153
r7_133seqs	6	153
r7_133seqs	1	153
r7_133seqs	1	181
r7_133seqs	9	153
r7_133seqs	1	181
r7_133seqs	1	151
r7_133seqs	1	154
r7_133seqs	1	150
r7_133seqs	10	151
r7_133seqs	1	181
r7_133seqs	5	153
r7_133seqs	1	153
r7_133seqs	1	153
r7_133seqs	1	181
r7_133seqs	1	181
r7_133seqs	1	152
r7_133seqs	1	151
r7_133seqs	1	181
r7_133seqs	1	153
r7_133seqs	15	152
r7_133seqs	2	151
r7_133seqs	1	156
r7_133seqs	1	155
r7_133seqs	1	153
r7_133seqs	1	179
r7_133seqs	1	153
r7_133seqs	1	153
r7_133seqs	1	146
r7_133seqs	1	150
r7_133seqs	1	153
r7_133seqs	1	153
r7_133seqs	1	153
r7_133seqs	1	153
r7_133seqs	1	153
r7_133seqs	1	181
r7_133seqs	1	153
r7_133seqs	1	181
r7_133seqs	1	153
r7_133seqs	2	153
r7_133seqs	8	150
r7_133seqs	2	153
r7_133seqs	1	180
r7_133seqs	1	152
r7_133seqs	1	181
r7_133seqs	1	153
r7_133seqs	1	150
r7_133seqs	1	153
r7_133seqs	1	153
r7_133seqs	1	153
r7_133seqs	1	153
r7_133seqs	1	153
r7_133seqs	1	153
r7_133seqs	1	153
r7_133seqs	1	153
r7_133seqs	1	153
r7_133seqs	1	153
r7_133seqs	1	153
r7_133seqs	2	153
r7_133seqs	6	153
r7_133seqs	1	153
r7_133seqs	1	153
r7_133seqs	1	181
r7_133seqs	5	153
r7_133seqs	14	153
r7_133seqs	1	153
r7_133seqs	1	153
r7_133seqs	1	153
r7_133seqs	1	153
r7_133seqs	1	153
r7_133seqs	1	153
r7_133seqs	1	153
r7_133seqs	1	153
r7_133seqs	2	181
r7_133seqs	1	153
r7_133seqs	1	153
r7_133seqs	1	150
r7_133seqs	9	153
r7_133seqs	2	153
r7_133seqs	2	153
r7_133seqs	2	153
r7_133seqs	1	155
r7_133seqs	1	153
r7_133seqs	3	181
r7_133seqs	1	153
r7_133seqs	1	153
r7_133seqs	1	153
r7_133seqs	1	153
r7_133seqs	1	153
r7_133seqs	2	153
r7_133seqs	1	181
r7_133seqs	1	181
r7_133seqs	1	181
r7_133seqs	1	181
r7_133seqs	1	181
r7_133seqs	1	153
r7_133seqs	1	153
r7_133seqs	3	153
r7_133seqs	1	153
r7_133seqs	1	152
r7_133seqs	1	181
r7_133seqs	1	181
r7_133seqs	1	181
r7_133seqs	1	153
r7_133seqs	1	154
r7_133seqs	3	153
r7_133seqs	1	153
r7_133seqs	1	153
r7_133seqs	1	180
r7_133seqs	1	153
r7_133seqs	1	153
r7_133seqs	1	153
r7_133seqs	1	153
r7_133seqs	1	153
r7_133seqs	1	153
r7_133seqs	1	153
r7_133seqs	1	181
r7_133seqs	1	153
r7_133seqs	1	153
r7_133seqs	1	153
r7_133seqs	1	181
r7_133seqs	1	181
r7_133seqs	1	153
r7_133seqs	1	181
r7_133seqs	1	181
r7_133seqs	1	153
r7_133seqs	1	153
r7_133seqs	1	153
r7_133seqs	1	181
r7_133seqs	1	153
r7_133seqs	1	153
r7_133seqs	1	153
r7_133seqs	1	153
r7_133seqs	1	155
r7_133seqs	1	153
r7_133seqs	1	153
r7_133seqs	1	153
r7_133seqs	1	153
r7_133seqs	1	153
r7_133seqs	1	153
r7_133seqs	1	153
r7_133seqs	1	153
r7_133seqs	1	153
r7_133seqs	1	153
r7_133seqs	4	181
r7_133seqs	2	181
r7_133seqs	1	180
r7_133seqs	1	153
r7_133seqs	1	181
r7_133seqs	1	153
r7_133seqs	1	176
r7_133seqs	1	181
r7_133seqs	1	181
r7_133seqs	1	181
r7_133seqs	1	181
r7_133seqs	1	181
r7_133seqs	1	153
r7_133seqs	1	153
r7_133seqs	1	153
r7_133seqs	1	153
r7_133seqs	1	181
r7_133seqs	1	181
r7_133seqs	1	152
r7_133seqs	1	153
r7_133seqs	1	153
r7_133seqs	1	153
r7_133seqs	1	153
r7_133seqs	1	153
r7_133seqs	1	153
r7_133seqs	1	153
r7_133seqs	1	153
r7_133seqs	1	181
r7_133seqs	1	181
r7_133seqs	1	153
r7_133seqs	1	181
r7_133seqs	1	181
r7_133seqs	1	151
r7_133seqs	2	153
r7_133seqs	1	151
r7_133seqs	1	153
r7_133seqs	14	180
r7_133seqs	1	150
r7_133seqs	1	153
r7_133seqs	1	181
r7_133seqs	1	181
r7_133seqs	1	153
r7_133seqs	1	153
r7_133seqs	1	181
r7_133seqs	1	181
r7_133seqs	1	153
r7_133seqs	1	181
r7_133seqs	1	181
r7_133seqs	1	181
r7_133seqs	1	154
r7_133seqs	1	181
r7_133seqs	1	181
r7_133seqs	1	181
r7_133seqs	1	153
r7_133seqs	1	154
r7_133seqs	1	152
r7_133seqs	2	153
r7_133seqs	2	181
r7_133seqs	1	153
r7_133seqs	1	181
r7_133seqs	1	153
r7_133seqs	1	181
r7_133seqs	1	152
r7_133seqs	1	181
r7_133seqs	1	153
r7_133seqs	1	150
r7_133seqs	2	153
r7_133seqs	4	153
r7_133seqs	1	153
r7_133seqs	6	153
r7_133seqs	1	181
r7_133seqs	1	181
r7_133seqs	1	181
r7_133seqs	1	153
r7_133seqs	1	150
r7_133seqs	1	153
r7_133seqs	1	153
r7_133seqs	1	153
r7_133seqs	1	153
r7_133seqs	1	153
r7_133seqs	1	153
r7_133seqs	1	153
r7_133seqs	1	153
r7_133seqs	1	153
r7_133seqs	1	153
r7_133seqs	1	153
r7_133seqs	1	153
r7_133seqs	1	153
r7_133seqs	1	153
r7_133seqs	2	181
r7_133seqs	1	153
r7_133seqs	1	153
r7_133seqs	5	153
r7_133seqs	1	153
r7_133seqs	1	150
r7_133seqs	1	153
r7_133seqs	1	153
r7_133seqs	1	153
r7_133seqs	1	150
r7_133seqs	6	153
r7_133seqs	1	153
r7_133seqs	1	181
r7_133seqs	1	181
r7_133seqs	1	153
r7_133seqs	1	153
r7_133seqs	1	149
r7_133seqs	5	153
r7_133seqs	1	181
r7_133seqs	5	153
r7_133seqs	1	153
r7_133seqs	1	151
r7_133seqs	1	153
r7_133seqs	1	181
r7_133seqs	1	153
r7_133seqs	2	181
r7_133seqs	1	180
r7_133seqs	1	153
r7_133seqs	1	153
r7_133seqs	1	153
r7_133seqs	1	181
r7_133seqs	1	181
r7_133seqs	1	181
r7_133seqs	1	181
r7_133seqs	1	181
r7_133seqs	1	181
r7_133seqs	1	181
r7_133seqs	1	181
r7_133seqs	1	181
r7_133seqs	1	181
r7_133seqs	1	181
r7_133seqs	1	153
r7_133seqs	2	153
r7_133seqs	1	153
r7_133seqs	5	151
r7_133seqs	1	181
r7_133seqs	1	181
r7_133seqs	1	181
r7_133seqs	1	154
r7_133seqs	1	170
r7_133seqs	2	153
r7_133seqs	1	181
r7_133seqs	1	153
r7_133seqs	1	150
r7_133seqs	1	180
r7_133seqs	1	150
r7_133seqs	5	181
r7_133seqs	15	153
r7_133seqs	1	180
r7_133seqs	1	153
r7_133seqs	1	153
r7_133seqs	1	153
r7_133seqs	1	181
r7_133seqs	1	181
r7_133seqs	1	153
r7_133seqs	1	181
r7_133seqs	1	181
r7_133seqs	1	181
r7_133seqs	1	181
r7_133seqs	1	153
r7_133seqs	1	181
r7_133seqs	1	153
r7_133seqs	1	181
r7_133seqs	7	181
r7_133seqs	1	153
r7_133seqs	2	153
r7_133seqs	1	164
r7_133seqs	4	153
r7_133seqs	1	153
r7_133seqs	1	153
r7_133seqs	1	153
r7_133seqs	1	153
r7_133seqs	1	153
r7_133seqs	1	153
r7_133seqs	1	180
r7_133seqs	1	153
r7_133seqs	1	153
r7_133seqs	1	153
r7_133seqs	1	153
r7_133seqs	1	153
r7_133seqs	1	180
r7_133seqs	1	153
r7_133seqs	1	153
r7_133seqs	1	181
r7_133seqs	1	153
r7_133seqs	2	181
r7_133seqs	1	153
r7_133seqs	1	153
r7_133seqs	1	153
r7_133seqs	1	153
r7_133seqs	1	153
r7_133seqs	1	153
r7_133seqs	1	153
r7_133seqs	1	153
r7_133seqs	1	153
r7_133seqs	1	153
r7_133seqs	1	153
r7_133seqs	1	153
r7_133seqs	1	153
r7_133seqs	1	153
r7_133seqs	1	153
r7_133seqs	2	179
r7_133seqs	1	181
r7_133seqs	1	181
r7_133seqs	1	181
r7_133seqs	6	153
r7_133seqs	1	181
r7_133seqs	1	181
r7_133seqs	3	153
r7_133seqs	1	181
r7_133seqs	1	153
r7_133seqs	1	181
r7_133seqs	1	181
r7_133seqs	17	180
r7_133seqs	1	181
r7_133seqs	1	181
r7_133seqs	1	153
r7_133seqs	1	151
r7_133seqs	2	181
r7_133seqs	1	153
r7_133seqs	1	153
r7_133seqs	1	153
r7_133seqs	1	153
r7_133seqs	1	180
r7_133seqs	1	153
r7_133seqs	1	153
r7_133seqs	1	180
r7_133seqs	1	181
r7_133seqs	1	153
r7_133seqs	1	180
r7_133seqs	1	180
r7_133seqs	1	153
r7_133seqs	1	153
r7_133seqs	1	153
r7_133seqs	1	153
r7_133seqs	1	153
r7_133seqs	1	150
r7_133seqs	1	181
r7_133seqs	1	181
r7_133seqs	1	181
r7_133seqs	1	181
r7_133seqs	2	152
r7_133seqs	2	153
r7_133seqs	1	181
r7_133seqs	1	153
r7_133seqs	1	152
r7_133seqs	1	153
r7_133seqs	1	153
r7_133seqs	1	152
r7_133seqs	2	153
r7_133seqs	1	150
r7_133seqs	1	181
r7_133seqs	1	150
r7_133seqs	1	153
r7_133seqs	1	180
r7_133seqs	1	180
r7_133seqs	1	150
r7_133seqs	2	151
r7_133seqs	1	150
r7_133seqs	1	181
r7_133seqs	1	181
r7_133seqs	1	153
r7_133seqs	1	181
r7_133seqs	1	181
r7_133seqs	1	178
r7_133seqs	1	181
r7_133seqs	1	153
r7_133seqs	1	181
r7_133seqs	1	181
r7_133seqs	1	181
r7_133seqs	1	153
r7_133seqs	1	153
r7_133seqs	1	153
r7_133seqs	1	152
r7_133seqs	2	153
r7_133seqs	1	181
r7_133seqs	1	181
r7_133seqs	1	181
r7_133seqs	3	153
r7_133seqs	1	155
r7_133seqs	1	146
r7_133seqs	1	153
r7_133seqs	1	151
r7_133seqs	1	155
r7_133seqs	1	153
r7_133seqs	1	181
r7_133seqs	1	153
r7_133seqs	1	153
r7_133seqs	1	153
r7_133seqs	2	181
r7_133seqs	1	153
r7_133seqs	1	153
r7_133seqs	1	153
r7_133seqs	1	153
r7_133seqs	1	153
r7_133seqs	1	179
r7_133seqs	1	153
r7_133seqs	1	153
r7_133seqs	1	153
r7_133seqs	1	180
r7_133seqs	1	153
r7_133seqs	1	153
r7_133seqs	1	181
r7_133seqs	1	153
r7_133seqs	1	153
r7_133seqs	1	153
r7_133seqs	1	153
r7_133seqs	1	153
r7_133seqs	1	153
r7_133seqs	1	153
r7_133seqs	1	153
r7_133seqs	1	153
r7_133seqs	5	181
r7_133seqs	1	153
r7_133seqs	1	153
r7_133seqs	1	153
r7_133seqs	1	153
r7_133seqs	1	153
r7_133seqs	1	153
r7_133seqs	1	151
r7_133seqs	1	181
r7_133seqs	1	151
r7_133seqs	1	181
r7_133seqs	2	153
r7_133seqs	1	181
r7_133seqs	1	153
r7_133seqs	1	153
r7_133seqs	1	181
r7_133seqs	1	153
r7_133seqs	15	153
r7_133seqs	1	153
r7_133seqs	5	146
r7_133seqs	1	180
r7_133seqs	1	155
r7_133seqs	1	153
r7_133seqs	1	181
r7_133seqs	1	179
r7_133seqs	1	155
r7_133seqs	1	153
r7_133seqs	1	180
r7_133seqs	1	153
r7_133seqs	8	181
r7_133seqs	1	153
r7_133seqs	1	153
r7_133seqs	1	153
r7_133seqs	12	181
r7_133seqs	1	153
r7_133seqs	1	153
r7_133seqs	1	153
r7_133seqs	1	153
r7_133seqs	1	153
r7_133seqs	1	153
r7_133seqs	1	153
r7_133seqs	1	153
r7_133seqs	1	153
r7_133seqs	1	153
r7_133seqs	8	181
r7_133seqs	1	150
r7_133seqs	1	153
r7_133seqs	1	153
r7_133seqs	1	153
r7_133seqs	1	153
r7_133seqs	1	153
r7_133seqs	1	153
r7_133seqs	1	153
r7_133seqs	1	153
r7_133seqs	1	153
r7_133seqs	1	153
r7_133seqs	1	153
r7_133seqs	1	153
r7_133seqs	1	153
r7_133seqs	1	153
r7_133seqs	1	181
r7_133seqs	1	181
r7_133seqs	1	151
r7_133seqs	1	181
r7_133seqs	1	181
r7_133seqs	1	151
r7_133seqs	1	154
r7_133seqs	1	181
r7_133seqs	1	179
r7_133seqs	2	153
r7_133seqs	2	153
r7_133seqs	2	181
r7_133seqs	1	153
r7_133seqs	1	181
r7_133seqs	2	153
r7_133seqs	17	180
r7_133seqs	2	153
r7_133seqs	1	181
r7_133seqs	1	150
r7_133seqs	1	153
r7_133seqs	1	181
r7_133seqs	1	153
r7_133seqs	1	177
r7_133seqs	1	153
r7_133seqs	1	181
r7_133seqs	1	150
r7_133seqs	1	153
r7_133seqs	4	153
r7_133seqs	1	180
r7_133seqs	1	151
r7_133seqs	1	153
r7_133seqs	1	181
r7_133seqs	5	153
r7_133seqs	10	181
r7_133seqs	1	181
r7_133seqs	1	181
r7_133seqs	1	181
r7_133seqs	1	153
r7_133seqs	1	178
r7_133seqs	1	181
r7_133seqs	1	181
r7_133seqs	1	181
r7_133seqs	1	181
r7_133seqs	1	181
r7_133seqs	1	181
r7_133seqs	1	181
r7_133seqs	1	153
r7_133seqs	1	151
r7_133seqs	1	181
r7_133seqs	1	153
r7_133seqs	1	181
r7_133seqs	1	153
r7_133seqs	2	153
r7_133seqs	2	147
r7_133seqs	1	181
r7_133seqs	1	181
r7_133seqs	5	153
r7_133seqs	1	153
r7_133seqs	1	179
r7_133seqs	1	146
r7_133seqs	1	152
r7_133seqs	8	181
r7_133seqs	1	181
r7_133seqs	1	153
r7_133seqs	2	153
r7_133seqs	1	153
r7_133seqs	1	153
r7_133seqs	1	153
r7_133seqs	1	153
r7_133seqs	1	153
r7_133seqs	1	153
r7_133seqs	1	153
r7_133seqs	1	153
r7_133seqs	1	153
r7_133seqs	1	153
r7_133seqs	1	153
r7_133seqs	10	153
r7_133seqs	1	153
r7_133seqs	1	153
r7_133seqs	1	153
r7_133seqs	1	153
r7_133seqs	1	153
r7_133seqs	1	153
r7_133seqs	1	153
r7_133seqs	1	153
r7_133seqs	1	181
r7_133seqs	1	153
r7_133seqs	1	153
r7_133seqs	1	153
r7_133seqs	1	153
r7_133seqs	1	153
r7_133seqs	1	150
r7_133seqs	1	153
r7_133seqs	19	153
r7_133seqs	1	153
r7_133seqs	1	153
r7_133seqs	1	153
r7_133seqs	1	153
r7_133seqs	1	153
r7_133seqs	17	151
r7_133seqs	1	181
r7_133seqs	1	181
r7_133seqs	1	166
r7_133seqs	1	153
r7_133seqs	1	181
r7_133seqs	6	153
r7_133seqs	1	180
r7_133seqs	1	151
r7_133seqs	13	181
r7_133seqs	1	181
r7_133seqs	1	153
r7_133seqs	1	181
r7_133seqs	6	153
r7_133seqs	1	153
r7_133seqs	10	181
r7_133seqs	3	153
r7_133seqs	2	153
r7_133seqs	1	179
r7_133seqs	1	181
r7_133seqs	1	155
r7_133seqs	3	151
r7_133seqs	8	153
r7_133seqs	1	153
r7_133seqs	1	153
r7_133seqs	1	153
r7_133seqs	1	153
r7_133seqs	1	153
r7_133seqs	1	153
r7_133seqs	1	153
r7_133seqs	2	181
r7_133seqs	1	180
r7_133seqs	1	153
r7_133seqs	1	153
r7_133seqs	1	153
r7_133seqs	1	152
r7_133seqs	1	153
r7_133seqs	1	153
r7_133seqs	1	150
r7_133seqs	1	153
r7_133seqs	1	153
r7_133seqs	1	153
r7_133seqs	1	153
r7_133seqs	1	181
r7_133seqs	1	153
r7_133seqs	1	153
r7_133seqs	1	153
r7_133seqs	1	153
r7_133seqs	1	153
r7_133seqs	1	153
r7_133seqs	1	153
r7_133seqs	1	153
r7_133seqs	1	153
r7_133seqs	1	153
r7_133seqs	1	153
r7_133seqs	1	153
r7_133seqs	1	153
r7_133seqs	1	153
r7_133seqs	5	151
r7_133seqs	1	153
r7_133seqs	10	147
r7_133seqs	1	151
r7_133seqs	1	153
r7_133seqs	1	151
r7_133seqs	1	181
r7_133seqs	1	181
r7_133seqs	1	181
r7_133seqs	1	181
r7_133seqs	1	180
r7_133seqs	1	180
r7_133seqs	1	181
r7_133seqs	1	181
r7_133seqs	1	149
r7_133seqs	1	181
r7_133seqs	1	154
r7_133seqs	1	181
r7_133seqs	5	181
r7_133seqs	11	181
r7_133seqs	3	153
r7_133seqs	1	151
r7_133seqs	1	151
r7_133seqs	3	181
r7_133seqs	2	153
r7_133seqs	1	153
r7_133seqs	1	151
r7_133seqs	1	181
r7_133seqs	1	181
r7_133seqs	2	153
r7_133seqs	2	153
r7_133seqs	1	179
r7_133seqs	2	153
r7_133seqs	2	153
r7_133seqs	1	153
r7_133seqs	1	153
r7_133seqs	1	155
r7_133seqs	2	151
r7_133seqs	1	156
r7_133seqs	1	181
r7_133seqs	1	150
r7_133seqs	1	150
r7_133seqs	1	153
r7_133seqs	1	153
r7_133seqs	1	153
r7_133seqs	1	180
r7_133seqs	1	152
r7_133seqs	1	180
r7_133seqs	1	153
r7_133seqs	1	153
r7_133seqs	1	153
r7_133seqs	1	153
r7_133seqs	1	150
r7_133seqs	1	181
r7_133seqs	1	181
r7_133seqs	1	153
r7_133seqs	1	181
r7_133seqs	1	181
r7_133seqs	1	153
r7_133seqs	1	181
r7_133seqs	1	153
r7_133seqs	6	153
r7_133seqs	1	153
r7_133seqs	1	153
r7_133seqs	1	181
r7_133seqs	1	181
r7_133seqs	1	181
r7_133seqs	1	181
r7_133seqs	1	181
r7_133seqs	1	181
r7_133seqs	1	181
r7_133seqs	1	181
r7_133seqs	19	181
r7_133seqs	1	179
r7_133seqs	1	181
r7_133seqs	8	153
r7_133seqs	1	181
r7_133seqs	2	153
r7_133seqs	2	153
r7_133seqs	2	153
r7_133seqs	1	153
r7_133seqs	1	153
r7_133seqs	1	153
r7_133seqs	1	153
r7_133seqs	1	153
r7_133seqs	1	153
r7_133seqs	1	153
r7_133seqs	1	153
r7_133seqs	1	153
r7_133seqs	1	181
r7_133seqs	1	153
r7_133seqs	1	181
r7_133seqs	1	153
r7_133seqs	1	153
r7_133seqs	1	153
r7_133seqs	1	150
r7_133seqs	1	153
r7_133seqs	1	153
r7_133seqs	1	153
r7_133seqs	10	153
r7_133seqs	1	153
r7_133seqs	1	153
r7_133seqs	1	153
r7_133seqs	1	153
r7_133seqs	1	153
r7_133seqs	1	153
r7_133seqs	19	153
r7_133seqs	1	153
r7_133seqs	1	151
r7_133seqs	1	153
r7_133seqs	1	181
r7_133seqs	2	181
r7_133seqs	1	181
r7_133seqs	1	181
r7_133seqs	1	181
r7_133seqs	1	181
r7_133seqs	1	153
r7_133seqs	1	181
r7_133seqs	2	181
r7_133seqs	1	181
r7_133seqs	1	181
r7_133seqs	10	153
r7_133seqs	1	153
r7_133seqs	1	153
r7_133seqs	1	179
r7_133seqs	1	153
r7_133seqs	2	150
r7_133seqs	1	155
r7_133seqs	1	153
r7_133seqs	1	153
r7_133seqs	1	153
r7_133seqs	1	153
r7_133seqs	2	153
r7_133seqs	1	153
r7_133seqs	1	153
r7_133seqs	1	153
r7_133seqs	1	153
r7_133seqs	1	181
r7_133seqs	1	150
r7_133seqs	1	153
r7_133seqs	1	153
r7_133seqs	1	153
r7_133seqs	1	153
r7_133seqs	1	153
r7_133seqs	1	153
r7_133seqs	1	153
r7_133seqs	1	153
r7_133seqs	1	153
r7_133seqs	1	153
r7_133seqs	1	153
r7_133seqs	1	153
r7_133seqs	1	153
r7_133seqs	1	181
r7_133seqs	1	153
r7_133seqs	1	153
r7_133seqs	1	153
r7_133seqs	1	153
r7_133seqs	1	153
r7_133seqs	1	153
r7_133seqs	1	153
r7_133seqs	1	153
r7_133seqs	1	153
r7_133seqs	1	153
r7_133seqs	1	153
r7_133seqs	1	153
r7_133seqs	1	153
r7_133seqs	1	153
r7_133seqs	2	153
r7_133seqs	1	153
r7_133seqs	1	153
r7_133seqs	1	153
r7_133seqs	1	153
r7_133seqs	1	153
r7_133seqs	5	151
r7_133seqs	1	153
r7_133seqs	1	141
r7_133seqs	17	154
r7_133seqs	1	151
r7_133seqs	1	181
r7_133seqs	1	181
r7_133seqs	1	153
r7_133seqs	1	153
r7_133seqs	1	181
r7_133seqs	1	181
r7_133seqs	1	181
r7_133seqs	1	181
r7_133seqs	2	153
r7_133seqs	5	153
r7_133seqs	1	181
r7_133seqs	1	150
r7_133seqs	1	181
r7_133seqs	1	153
r7_133seqs	1	150
r7_133seqs	1	180
r7_133seqs	2	153
r7_133seqs	1	151
r7_133seqs	1	150
r7_133seqs	6	153
r7_133seqs	1	153
r7_133seqs	1	153
r7_133seqs	2	181
r7_133seqs	1	181
r7_133seqs	1	150
r7_133seqs	1	180
r7_133seqs	1	153
r7_133seqs	1	153
r7_133seqs	1	153
r7_133seqs	1	153
r7_133seqs	1	180
r7_133seqs	1	153
r7_133seqs	1	153
r7_133seqs	1	153
r7_133seqs	6	153
r7_133seqs	1	153
r7_133seqs	1	181
r7_133seqs	1	181
r7_133seqs	1	181
r7_133seqs	1	181
r7_133seqs	1	181
r7_133seqs	1	181
r7_133seqs	3	181
r7_133seqs	1	181
r7_133seqs	1	153
r7_133seqs	1	181
r7_133seqs	8	150
r7_133seqs	1	155
r7_133seqs	1	152
r7_133seqs	2	153
r7_133seqs	2	153
r7_133seqs	1	153
r7_133seqs	1	181
r7_133seqs	1	155
r7_133seqs	1	152
r7_133seqs	2	153
r7_133seqs	2	153
r7_133seqs	1	152
r7_133seqs	1	153
r7_133seqs	1	153
r7_133seqs	1	181
r7_133seqs	1	153
r7_133seqs	1	153
r7_133seqs	1	153
r7_133seqs	1	153
r7_133seqs	2	181
r7_133seqs	1	153
r7_133seqs	14	154
r7_133seqs	1	150
r7_133seqs	1	181
r7_133seqs	2	181
r7_133seqs	1	153
r7_133seqs	1	153
r7_133seqs	1	181
r7_133seqs	1	153
r7_133seqs	1	153
r7_133seqs	1	153
r7_133seqs	1	150
r7_133seqs	1	153
r7_133seqs	1	153
r7_133seqs	1	153
r7_133seqs	1	153
r7_133seqs	1	153
r7_133seqs	1	153
r7_133seqs	1	150
r7_133seqs	1	181
r7_133seqs	1	153
r7_133seqs	1	153
r7_133seqs	3	153
r7_133seqs	1	181
r7_133seqs	6	153
r7_133seqs	1	153
r7_133seqs	1	181
r7_133seqs	1	181
r7_133seqs	1	153
r7_133seqs	1	151
r7_133seqs	1	181
r7_133seqs	1	149
r7_133seqs	1	172
r7_133seqs	2	180
r7_133seqs	1	153
r7_133seqs	1	149
r7_133seqs	1	152
r7_133seqs	1	153
r7_133seqs	1	153
r7_133seqs	1	153
r7_133seqs	1	180
r7_133seqs	1	153
r7_133seqs	1	153
r7_133seqs	1	153
r7_133seqs	1	153
r7_133seqs	16	153
r7_133seqs	1	153
r7_133seqs	1	153
r7_133seqs	1	153
r7_133seqs	1	153
r7_133seqs	1	153
r7_133seqs	2	181
r7_133seqs	1	153
r7_133seqs	1	153
r7_133seqs	1	147
r7_133seqs	1	153
r7_133seqs	5	166
r7_133seqs	1	153
r7_133seqs	6	153
r7_133seqs	1	153
r7_133seqs	1	153
r7_133seqs	2	154
r7_133seqs	1	153
r7_133seqs	1	153
r7_133seqs	1	181
r7_133seqs	1	181
r7_133seqs	1	154
r7_133seqs	1	153
r7_133seqs	1	153
r7_133seqs	1	181
r7_133seqs	1	151
r7_133seqs	2	153
r7_133seqs	1	152
r7_133seqs	1	179
r7_133seqs	1	181
r7_133seqs	2	181
r7_133seqs	1	155
r7_133seqs	1	181
r7_133seqs	6	153
r7_133seqs	1	153
r7_133seqs	2	153
r7_133seqs	1	152
r7_133seqs	1	153
r7_133seqs	2	153
r7_133seqs	1	152
r7_133seqs	1	153
r7_133seqs	1	153
r7_133seqs	1	153
r7_133seqs	1	153
r7_133seqs	2	153
r7_133seqs	1	153
r7_133seqs	4	181
r7_133seqs	16	181
r7_133seqs	1	151
r7_133seqs	1	153
r7_133seqs	1	181
r7_133seqs	1	153
r7_133seqs	9	153
r7_133seqs	2	153
r7_133seqs	1	181
r7_133seqs	1	153
r7_133seqs	1	150
r7_133seqs	1	152
r7_133seqs	1	146
r7_133seqs	1	152
r7_133seqs	1	152
r7_133seqs	1	154
r7_133seqs	2	153
r7_133seqs	17	181
r7_133seqs	1	152
r7_133seqs	2	153
r7_133seqs	2	153
r7_133seqs	2	181
r7_133seqs	2	151
r7_133seqs	1	153
r7_133seqs	1	180
r7_133seqs	1	153
r7_133seqs	1	153
r7_133seqs	1	153
r7_133seqs	1	153
r7_133seqs	1	153
r7_133seqs	1	150
r7_133seqs	1	153
r7_133seqs	1	150
r7_133seqs	1	181
r7_133seqs	1	181
r7_133seqs	1	181
r7_133seqs	1	181
r7_133seqs	1	152
r7_133seqs	1	153
r7_133seqs	1	142
r7_133seqs	1	155
r7_133seqs	2	180
r7_133seqs	6	150
r7_133seqs	1	150
r7_133seqs	1	153
r7_133seqs	1	153
r7_133seqs	1	153
r7_133seqs	1	153
r7_133seqs	1	153
r7_133seqs	1	167
r7_133seqs	1	153
r7_133seqs	1	153
r7_133seqs	1	153
r7_133seqs	1	153
r7_133seqs	1	180
r7_133seqs	1	181
r7_133seqs	1	178
r7_133seqs	1	151
r7_133seqs	2	153
r7_133seqs	1	181
r7_133seqs	2	153
r7_133seqs	1	149
r7_133seqs	1	166
r7_133seqs	1	153
r7_133seqs	2	153
r7_133seqs	1	180
r7_133seqs	1	150
r7_133seqs	1	153
r7_133seqs	1	151
r7_133seqs	1	139
r7_133seqs	1	181
r7_133seqs	1	153
r7_133seqs	1	155
r7_133seqs	1	153
r7_133seqs	1	150
r7_133seqs	1	181
r7_133seqs	1	181
r7_133seqs	1	155
r7_133seqs	1	153
r7_133seqs	1	153
r7_133seqs	1	153
r7_133seqs	1	153
r7_133seqs	1	181
r7_133seqs	1	153
r7_133seqs	1	181
r7_133seqs	5	152
r7_133seqs	1	181
r7_133seqs	1	153
r7_133seqs	1	153
r7_133seqs	1	181
r7_133seqs	1	181
r7_133seqs	1	181
r7_133seqs	1	153
r7_133seqs	2	181
r7_133seqs	1	153
r7_133seqs	1	153
r7_133seqs	1	153
r7_133seqs	1	153
r7_133seqs	1	180
r7_133seqs	1	153
r7_133seqs	1	181
r7_133seqs	1	181
r7_133seqs	1	153
r7_133seqs	1	181
r7_133seqs	2	153
r7_133seqs	1	181
r7_133seqs	1	181
r7_133seqs	1	181
r7_133seqs	1	181
r7_133seqs	1	179
r7_133seqs	1	150
r7_133seqs	1	151
r7_133seqs	1	181
r7_133seqs	1	181
r7_133seqs	1	153
r7_133seqs	1	153
r7_133seqs	13	179
r7_133seqs	1	153
r7_133seqs	1	153
r7_133seqs	1	181
r7_133seqs	1	181
r7_133seqs	1	153
r7_133seqs	1	153
r7_133seqs	1	151
r7_133seqs	1	153
r7_133seqs	1	181
r7_133seqs	1	180
r7_133seqs	1	181
r7_133seqs	2	181
r7_133seqs	1	180
r7_133seqs	4	152
r7_133seqs	9	153
r7_133seqs	9	153
r7_133seqs	1	151
r7_133seqs	1	181
r7_133seqs	1	181
r7_133seqs	1	181
r7_133seqs	14	153
r7_133seqs	1	181
r7_133seqs	5	153
r7_133seqs	1	181
r7_133seqs	1	153
r7_133seqs	1	180
r7_133seqs	1	181
r7_133seqs	1	181
r7_133seqs	1	181
r7_133seqs	1	181
r7_133seqs	3	181
r7_133seqs	9	181
r7_133seqs	1	153
r7_133seqs	1	153
r7_133seqs	1	153
r7_133seqs	1	153
r7_133seqs	2	181
r7_133seqs	1	181
r7_133seqs	1	153
r7_133seqs	1	153
r7_133seqs	1	180
r7_133seqs	1	153
r7_133seqs	1	153
r7_133seqs	1	151
r7_133seqs	3	153
r7_133seqs	1	178
r7_133seqs	1	153
r7_133seqs	1	153
r7_133seqs	1	180
r7_133seqs	1	181
r7_133seqs	5	153
r7_133seqs	1	181
r7_133seqs	1	153
r7_133seqs	1	153
r7_133seqs	1	153
r7_133seqs	1	153
r7_133seqs	1	151
r7_133seqs	1	181
r7_133seqs	1	181
r7_133seqs	1	181
r7_133seqs	4	153
r7_133seqs	8	156
r7_133seqs	1	181
r7_133seqs	1	181
r7_133seqs	1	150
r7_133seqs	1	153
r7_133seqs	1	179
r7_133seqs	1	150
r7_133seqs	1	153
r7_133seqs	1	151
r7_133seqs	1	150
r7_133seqs	1	153
r7_133seqs	1	153
r7_133seqs	1	153
r7_133seqs	14	181
r7_133seqs	9	153
r7_133seqs	1	181
r7_133seqs	1	151
r7_133seqs	1	181
r7_133seqs	1	153
r7_133seqs	1	181
r7_133seqs	1	153
r7_133seqs	1	181
r7_133seqs	1	153
r7_133seqs	1	153
r7_133seqs	2	153
r7_133seqs	10	179
r7_133seqs	1	164
r7_133seqs	1	181
r7_133seqs	1	153
r7_133seqs	11	181
r7_133seqs	1	153
r7_133seqs	1	153
r7_133seqs	1	150
r7_133seqs	1	153
r7_133seqs	2	153
r7_133seqs	1	149
r7_133seqs	1	153
r7_133seqs	3	153
r7_133seqs	1	181
r7_133seqs	1	181
r7_133seqs	1	151
r7_133seqs	1	153
r7_133seqs	1	153
r7_133seqs	1	154
r7_133seqs	1	153
r7_133seqs	2	181
r7_133seqs	1	153
r7_133seqs	9	153
r7_133seqs	1	153
r7_133seqs	1	181
r7_133seqs	1	181
r7_133seqs	1	181
r7_133seqs	1	181
r7_133seqs	5	180
r7_133seqs	1	181
r7_133seqs	1	153
r7_133seqs	1	181
r7_133seqs	9	153
r7_133seqs	1	153
r7_133seqs	1	181
r7_133seqs	1	181
r7_133seqs	2	153
r7_133seqs	1	151
r7_133seqs	4	153
r7_133seqs	1	153
r7_133seqs	1	179
r7_133seqs	1	150
r7_133seqs	1	153
r7_133seqs	1	150
r7_133seqs	1	153
r7_133seqs	1	153
r7_133seqs	1	153
r7_133seqs	1	153
r7_133seqs	1	181
r7_133seqs	1	181
r7_133seqs	1	181
r7_133seqs	1	181
r7_133seqs	1	181
r7_133seqs	1	181
r7_133seqs	5	165
r7_133seqs	1	154
r7_133seqs	1	176
r7_133seqs	1	153
r7_133seqs	1	153
r7_133seqs	1	153
r7_133seqs	1	153
r7_133seqs	1	153
r7_133seqs	1	153
r7_133seqs	1	153
r7_133seqs	2	181
r7_133seqs	1	153
r7_133seqs	1	181
r7_133seqs	1	153
r7_133seqs	1	150
r7_133seqs	1	153
r7_133seqs	1	153
r7_133seqs	1	153
r7_133seqs	1	153
r7_133seqs	1	153
r7_133seqs	1	153
r7_133seqs	1	153
r7_133seqs	1	181
r7_133seqs	1	178
r7_133seqs	1	153
r7_133seqs	1	151
r7_133seqs	1	153
r7_133seqs	23	153
r7_133seqs	6	136
r7_133seqs	1	172
r7_133seqs	1	181
r7_133seqs	1	149
r7_133seqs	1	179
r7_133seqs	1	153
r7_133seqs	1	153
r7_133seqs	1	153
r7_133seqs	1	153
r7_133seqs	1	153
r7_133seqs	1	153
r7_133seqs	1	166
r7_133seqs	1	153
r7_133seqs	1	153
r7_133seqs	1	147
r7_133seqs	1	153
r7_133seqs	1	179
r7_133seqs	1	147
r7_133seqs	2	153
r7_133seqs	1	153
r7_133seqs	1	181
r7_133seqs	1	153
r7_133seqs	1	153
r7_133seqs	1	153
r7_133seqs	1	153
r7_133seqs	4	150
r7_133seqs	1	153
r7_133seqs	2	151
r7_133seqs	1	150
r7_133seqs	1	181
r7_133seqs	1	181
r7_133seqs	9	153
r7_133seqs	1	151
r7_133seqs	1	153
r7_133seqs	1	154
r7_133seqs	2	153
r7_133seqs	1	181
r7_133seqs	5	153
r7_133seqs	1	179
r7_133seqs	1	179
r7_133seqs	2	153
r7_133seqs	2	153
r7_133seqs	1	181
r7_133seqs	1	153
r7_133seqs	1	152
r7_133seqs	1	153
r7_133seqs	1	152
r7_133seqs	1	150
r7_133seqs	1	153
r7_133seqs	11	181
r7_133seqs	2	181
r7_133seqs	1	181
r7_133seqs	1	153
r7_133seqs	1	153
r7_133seqs	2	151
r7_133seqs	1	155
r7_133seqs	1	150
r7_133seqs	5	153
r7_133seqs	2	181
r7_133seqs	1	181
r7_133seqs	1	181
r7_133seqs	1	181
r7_133seqs	1	181
r7_133seqs	1	180
r7_133seqs	1	150
r7_133seqs	1	153
r7_133seqs	1	181
r7_133seqs	14	181
r7_133seqs	1	153
r7_133seqs	1	153
r7_133seqs	8	181
r7_133seqs	17	153
r7_133seqs	2	153
r7_133seqs	2	153
r7_133seqs	1	152
r7_133seqs	1	164
r7_133seqs	1	153
r7_133seqs	1	153
r7_133seqs	1	181
r7_133seqs	1	155
r7_133seqs	1	181
r7_133seqs	1	151
r7_133seqs	1	153
r7_133seqs	1	153
r7_133seqs	1	153
r7_133seqs	1	153
r7_133seqs	1	153
r7_133seqs	4	153
r7_133seqs	1	179
r7_133seqs	1	153
r7_133seqs	1	180
r7_133seqs	1	153
r7_133seqs	1	153
r7_133seqs	1	153
r7_133seqs	5	181
r7_133seqs	1	181
r7_133seqs	1	153
r7_133seqs	1	153
r7_133seqs	1	153
r7_133seqs	1	153
r7_133seqs	1	153
r7_133seqs	1	153
r7_133seqs	1	180
r7_133seqs	1	153
r7_133seqs	1	181
r7_133seqs	1	153
r7_133seqs	1	153
r7_133seqs	1	181
r7_133seqs	1	181
r7_133seqs	1	181
r7_133seqs	1	153
r7_133seqs	1	153
r7_133seqs	1	151
r7_133seqs	1	153
r7_133seqs	1	153
r7_133seqs	2	153
r7_133seqs	2	153
r7_133seqs	1	181
r7_133seqs	2	153
r7_133seqs	17	153
r7_133seqs	1	150
r7_133seqs	1	147
r7_133seqs	1	153
r7_133seqs	1	153
r7_133seqs	2	181
r7_133seqs	1	153
r7_133seqs	1	153
r7_133seqs	1	153
r7_133seqs	1	181
r7_133seqs	1	153
r7_133seqs	1	153
r7_133seqs	1	153
r7_133seqs	1	153
r7_133seqs	1	153
r7_133seqs	1	153
r7_133seqs	1	153
r7_133seqs	1	153
r7_133seqs	1	153
r7_133seqs	1	153
r7_133seqs	1	153
r7_133seqs	1	153
r7_133seqs	1	153
r7_133seqs	1	151
r7_133seqs	1	153
r7_133seqs	1	153
r7_133seqs	1	153
r7_133seqs	1	181
r7_133seqs	1	181
r7_133seqs	2	153
r7_133seqs	1	181
r7_133seqs	1	180
r7_133seqs	1	153
r7_133seqs	2	153
r7_133seqs	1	153
r7_133seqs	1	181
r7_133seqs	2	181
r7_133seqs	1	181
r7_133seqs	1	179
r7_133seqs	2	181
r7_133seqs	1	179
r7_133seqs	1	181
r7_133seqs	1	181
r7_133seqs	1	181
r7_133seqs	1	181
r7_133seqs	1	181
r7_133seqs	1	152
r7_133seqs	2	153
r7_133seqs	2	153
r7_133seqs	2	150
r7_133seqs	1	152
r7_133seqs	1	153
r7_133seqs	1	153
r7_133seqs	1	181
r7_133seqs	1	180
r7_133seqs	1	150
r7_133seqs	1	152
r7_133seqs	1	181
r7_133seqs	1	180
r7_133seqs	1	150
r7_133seqs	1	181
r7_133seqs	1	155
r7_133seqs	1	181
r7_133seqs	1	153
r7_133seqs	1	181
r7_133seqs	1	181
r7_133seqs	1	154
r7_133seqs	1	181
r7_133seqs	1	148
r7_133seqs	1	153
r7_133seqs	1	181
r7_133seqs	1	153
r7_133seqs	1	153
r7_133seqs	2	181
r7_133seqs	5	153
r7_133seqs	18	181
r7_133seqs	21	181
r7_133seqs	8	153
r7_133seqs	17	153
r7_133seqs	1	181
r7_133seqs	2	153
r7_133seqs	1	181
r7_133seqs	1	152
r7_133seqs	1	153
r7_133seqs	2	180
r7_133seqs	6	153
r7_133seqs	1	151
r7_133seqs	1	153
r7_133seqs	1	153
r7_133seqs	1	153
r7_133seqs	1	153
r7_133seqs	1	153
r7_133seqs	2	181
r7_133seqs	5	153
r7_133seqs	1	181
r7_133seqs	1	153
r7_133seqs	2	181
r7_133seqs	1	153
r7_133seqs	1	179
r7_133seqs	1	153
r7_133seqs	1	180
r7_133seqs	1	147
r7_133seqs	3	153
r7_133seqs	1	166
r7_133seqs	1	181
r7_133seqs	1	181
r7_133seqs	1	181
r7_133seqs	1	181
r7_133seqs	1	181
r7_133seqs	1	181
r7_133seqs	1	151
r7_133seqs	1	181
r7_133seqs	1	153
r7_133seqs	1	153
r7_133seqs	3	180
r7_133seqs	1	153
r7_133seqs	1	153
r7_133seqs	1	181
r7_133seqs	1	172
r7_133seqs	1	153
r7_133seqs	1	131
r7_133seqs	1	151
r7_133seqs	1	181
r7_133seqs	1	153
r7_133seqs	1	152
r7_133seqs	1	149
r7_133seqs	1	181
r7_133seqs	1	153
r7_133seqs	1	153
r7_133seqs	1	153
r7_133seqs	1	153
r7_133seqs	3	151
r7_133seqs	1	153
r7_133seqs	1	153
r7_133seqs	1	153
r7_133seqs	1	153
r7_133seqs	2	153
r7_133seqs	1	147
r7_133seqs	1	153
r7_133seqs	1	153
r7_133seqs	1	153
r7_133seqs	1	153
r7_133seqs	1	153
r7_133seqs	13	180
r7_133seqs	1	153
r7_133seqs	1	153
r7_133seqs	1	153
r7_133seqs	1	150
r7_133seqs	1	153
r7_133seqs	1	153
r7_133seqs	1	180
r7_133seqs	1	153
r7_133seqs	1	151
r7_133seqs	1	154
r7_133seqs	9	153
r7_133seqs	3	153
r7_133seqs	1	153
r7_133seqs	1	181
r7_133seqs	1	181
r7_133seqs	10	149
r7_133seqs	1	149
r7_133seqs	2	153
r7_133seqs	2	151
r7_133seqs	5	153
r7_133seqs	1	181
r7_133seqs	1	149
r7_133seqs	1	181
r7_133seqs	1	181
r7_133seqs	1	153
r7_133seqs	1	152
r7_133seqs	2	153
r7_133seqs	11	153
r7_133seqs	1	153
r7_133seqs	1	153
r7_133seqs	13	153
r7_133seqs	1	147
r7_133seqs	1	153
r7_133seqs	1	180
r7_133seqs	22	153
r7_133seqs	1	181
r7_133seqs	1	179
r7_133seqs	1	180
r7_133seqs	1	153
r7_133seqs	2	181
r7_133seqs	1	139
r7_133seqs	4	153
r7_133seqs	1	154
r7_133seqs	1	181
r7_133seqs	1	181
r7_133seqs	1	153
r7_133seqs	1	154
r7_133seqs	1	181
r7_133seqs	1	181
r7_133seqs	1	181
r7_133seqs	1	153
r7_133seqs	9	153
r7_133seqs	1	151
r7_133seqs	1	153
r7_133seqs	12	153
r7_133seqs	1	153
r7_133seqs	1	155
r7_133seqs	2	153
r7_133seqs	2	153
r7_133seqs	2	153
r7_133seqs	2	153
r7_133seqs	1	181
r7_133seqs	2	180
r7_133seqs	1	153
r7_133seqs	3	181
r7_133seqs	2	176
r7_133seqs	1	153
r7_133seqs	1	153
r7_133seqs	1	153
r7_133seqs	1	153
r7_133seqs	1	153
r7_133seqs	1	153
r7_133seqs	1	153
r7_133seqs	1	153
r7_133seqs	1	153
r7_133seqs	1	153
r7_133seqs	1	153
r7_133seqs	1	153
r7_133seqs	7	153
r7_133seqs	1	150
r7_133seqs	1	153
r7_133seqs	1	181
r7_133seqs	1	153
r7_133seqs	1	153
r7_133seqs	1	153
r7_133seqs	1	153
r7_133seqs	1	180
r7_133seqs	24	181
r7_133seqs	1	153
r7_133seqs	1	153
r7_133seqs	1	153
r7_133seqs	1	181
r7_133seqs	1	153
r7_133seqs	4	153
r7_133seqs	19	153
r7_133seqs	5	145
r7_133seqs	12	153
r7_133seqs	1	154
r7_133seqs	1	151
r7_133seqs	16	153
r7_133seqs	1	181
r7_133seqs	1	181
r7_133seqs	2	143
r7_133seqs	1	153
r7_133seqs	1	155
r7_133seqs	1	181
r7_133seqs	1	153
r7_133seqs	17	153
r7_133seqs	5	153
r7_133seqs	1	155
r7_133seqs	14	165
r7_133seqs	1	153
r7_133seqs	24	181
r7_133seqs	13	181
r7_133seqs	1	155
r7_133seqs	1	164
r7_133seqs	1	155
r7_133seqs	5	153
r7_133seqs	5	153
r7_133seqs	1	152
r7_133seqs	1	153
r7_133seqs	1	181
r7_133seqs	2	181
r7_133seqs	1	149
r7_133seqs	1	181
r7_133seqs	2	153
r7_133seqs	1	181
r7_133seqs	1	153
r7_133seqs	1	153
r7_133seqs	1	153
r7_133seqs	1	153
r7_133seqs	1	153
r7_133seqs	1	153
r7_133seqs	1	180
r7_133seqs	1	153
r7_133seqs	7	150
r7_133seqs	1	153
r7_133seqs	1	153
r7_133seqs	1	153
r7_133seqs	1	181
r7_133seqs	1	153
r7_133seqs	1	153
r7_133seqs	1	153
r7_133seqs	1	153
r7_133seqs	1	153
r7_133seqs	3	179
r7_133seqs	2	181
r7_133seqs	1	153
r7_133seqs	1	153
r7_133seqs	1	153
r7_133seqs	1	180
r7_133seqs	1	181
r7_133seqs	1	153
r7_133seqs	1	151
r7_133seqs	2	179
r7_133seqs	13	181
r7_133seqs	1	181
r7_133seqs	1	181
r7_133seqs	1	151
r7_133seqs	11	177
r7_133seqs	3	153
r7_133seqs	1	153
r7_133seqs	1	153
r7_133seqs	1	153
r7_133seqs	1	181
r7_133seqs	2	153
r7_133seqs	2	153
r7_133seqs	2	150
r7_133seqs	6	181
r7_133seqs	1	181
r7_133seqs	1	181
r7_133seqs	1	153
r7_133seqs	1	153
r7_133seqs	1	153
r7_133seqs	1	150
r7_133seqs	1	153
r7_133seqs	1	181
r7_133seqs	1	147
r7_133seqs	5	181
r7_133seqs	1	150
r7_133seqs	1	153
r7_133seqs	1	153
r7_133seqs	1	153
r7_133seqs	1	180
r7_133seqs	2	181
r7_133seqs	1	153
r7_133seqs	1	153
r7_133seqs	1	150
r7_133seqs	1	153
r7_133seqs	1	152
r7_133seqs	1	150
r7_133seqs	1	144
r7_133seqs	1	153
r7_133seqs	22	181
r7_133seqs	1	181
r7_133seqs	1	181
r7_133seqs	1	181
r7_133seqs	1	154
r7_133seqs	1	153
r7_133seqs	1	153
r7_133seqs	1	181
r7_133seqs	1	181
r7_133seqs	19	181
r7_133seqs	1	181
r7_133seqs	1	181
r7_133seqs	1	181
r7_133seqs	2	181
r7_133seqs	1	148
r7_133seqs	1	151
r7_133seqs	2	153
r7_133seqs	2	153
r7_133seqs	20	153
r7_133seqs	1	152
r7_133seqs	11	153
r7_133seqs	1	153
r7_133seqs	1	181
r7_133seqs	1	181
r7_133seqs	1	153
r7_133seqs	1	153
r7_133seqs	28	180
r7_133seqs	4	153
r7_133seqs	1	150
r7_133seqs	1	153
r7_133seqs	1	153
r7_133seqs	1	181
r7_133seqs	1	180
r7_133seqs	1	153
r7_133seqs	2	181
r7_133seqs	1	153
r7_133seqs	1	153
r7_133seqs	1	153
r7_133seqs	1	153
r7_133seqs	1	153
r7_133seqs	1	150
r7_133seqs	1	153
r7_133seqs	1	150
r7_133seqs	1	155
r7_133seqs	1	153
r7_133seqs	1	153
r7_133seqs	2	152
r7_133seqs	15	153
r7_133seqs	1	181
r7_133seqs	1	181
r7_133seqs	1	181
r7_133seqs	1	153
r7_133seqs	7	181
r7_133seqs	1	181
r7_133seqs	1	181
r7_133seqs	1	153
r7_133seqs	1	181
r7_133seqs	3	150
r7_133seqs	1	153
r7_133seqs	12	153
r7_133seqs	1	181
r7_133seqs	1	181
r7_133seqs	1	153
r7_133seqs	2	153
r7_133seqs	1	181
r7_133seqs	1	153
r7_133seqs	2	153
r7_133seqs	16	153
r7_133seqs	1	153
r7_133seqs	1	153
r7_133seqs	1	153
r7_133seqs	4	153
r7_133seqs	1	153
r7_133seqs	1	153
r7_133seqs	1	153
r7_133seqs	1	153
r7_133seqs	1	153
r7_133seqs	1	153
r7_133seqs	1	153
r7_133seqs	1	153
r7_133seqs	1	153
r7_133seqs	1	153
r7_133seqs	1	180
r7_133seqs	1	153
r7_133seqs	1	153
r7_133seqs	1	150
r7_133seqs	1	153
r7_133seqs	11	153
r7_133seqs	1	153
r7_133seqs	1	153
r7_133seqs	1	153
r7_133seqs	5	181
r7_133seqs	1	153
r7_133seqs	2	152
r7_133seqs	1	153
r7_133seqs	1	153
r7_133seqs	1	180
r7_133seqs	1	180
r7_133seqs	1	153
r7_133seqs	1	181
r7_133seqs	1	153
r7_133seqs	1	153
r7_133seqs	1	181
r7_133seqs	1	142
r7_133seqs	1	141
r7_133seqs	3	153
r7_133seqs	2	153
r7_133seqs	1	181
r7_133seqs	1	181
r7_133seqs	9	153
r7_133seqs	14	181
r7_133seqs	1	153
r7_133seqs	1	153
r7_133seqs	1	181
r7_133seqs	3	153
r7_133seqs	31	181
r7_133seqs	1	151
r7_133seqs	1	151
r7_133seqs	1	149
r7_133seqs	1	155
r7_133seqs	6	181
r7_133seqs	6	181
r7_133seqs	1	181
r7_133seqs	1	153
r7_133seqs	1	151
r7_133seqs	1	153
r7_133seqs	7	153
r7_133seqs	9	155
r7_133seqs	1	153
r7_133seqs	1	153
r7_133seqs	1	153
r7_133seqs	2	151
r7_133seqs	1	153
r7_133seqs	1	153
r7_133seqs	1	153
r7_133seqs	1	153
r7_133seqs	1	153
r7_133seqs	1	153
r7_133seqs	1	150
r7_133seqs	1	181
r7_133seqs	1	153
r7_133seqs	1	150
r7_133seqs	5	151
r7_133seqs	1	153
r7_133seqs	1	145
r7_133seqs	1	181
r7_133seqs	1	181
r7_133seqs	1	153
r7_133seqs	1	180
r7_133seqs	1	181
r7_133seqs	19	151
r7_133seqs	1	143
r7_133seqs	11	180
r7_133seqs	2	153
r7_133seqs	2	153
r7_133seqs	16	152
r7_133seqs	13	181
r7_133seqs	2	153
r7_133seqs	1	151
r7_133seqs	1	135
r7_133seqs	1	150
r7_133seqs	1	153
r7_133seqs	1	155
r7_133seqs	10	153
r7_133seqs	1	153
r7_133seqs	1	153
r7_133seqs	2	181
r7_133seqs	1	180
r7_133seqs	1	138
r7_133seqs	1	153
r7_133seqs	1	153
r7_133seqs	1	153
r7_133seqs	1	150
r7_133seqs	1	153
r7_133seqs	1	153
r7_133seqs	1	153
r7_133seqs	1	153
r7_133seqs	1	153
r7_133seqs	1	150
r7_133seqs	9	147
r7_133seqs	6	153
r7_133seqs	1	151
r7_133seqs	1	153
r7_133seqs	1	181
r7_133seqs	1	153
r7_133seqs	5	181
r7_133seqs	1	153
r7_133seqs	1	153
r7_133seqs	1	153
r7_133seqs	1	153
r7_133seqs	1	153
r7_133seqs	1	153
r7_133seqs	1	152
r7_133seqs	1	153
r7_133seqs	1	153
r7_133seqs	1	180
r7_133seqs	1	179
r7_133seqs	7	164
r7_133seqs	1	153
r7_133seqs	1	181
r7_133seqs	1	153
r7_133seqs	1	150
r7_133seqs	1	153
r7_133seqs	1	153
r7_133seqs	2	153
r7_133seqs	1	153
r7_133seqs	1	155
r7_133seqs	1	153
r7_133seqs	1	153
r7_133seqs	1	181
r7_133seqs	1	153
r7_133seqs	1	180
r7_133seqs	2	181
r7_133seqs	1	153
r7_133seqs	3	151
r7_133seqs	2	181
r7_133seqs	1	153
r7_133seqs	34	180
r7_133seqs	1	151
r7_133seqs	1	153
r7_133seqs	1	181
r7_133seqs	1	153
r7_133seqs	2	150
r7_133seqs	1	153
r7_133seqs	2	133
r7_133seqs	1	153
r7_133seqs	1	181
r7_133seqs	1	155
r7_133seqs	1	153
r7_133seqs	1	181
r7_133seqs	29	153
r7_133seqs	1	152
r7_133seqs	1	153
r7_133seqs	1	181
r7_133seqs	5	153
r7_133seqs	2	153
r7_133seqs	1	150
r7_133seqs	12	181
r7_133seqs	9	181
r7_133seqs	1	150
r7_133seqs	1	153
r7_133seqs	1	180
r7_133seqs	1	153
r7_133seqs	1	153
r7_133seqs	1	153
r7_133seqs	12	153
r7_133seqs	1	154
r7_133seqs	2	146
r7_133seqs	1	134
r7_133seqs	1	152
r7_133seqs	5	153
r7_133seqs	1	149
r7_133seqs	1	180
r7_133seqs	2	151
r7_133seqs	1	153
r7_133seqs	3	153
r7_133seqs	1	153
r7_133seqs	34	181
r7_133seqs	1	153
r7_133seqs	1	153
r7_133seqs	1	153
r7_133seqs	1	151
r7_133seqs	1	151
r7_133seqs	1	155
r7_133seqs	1	181
r7_133seqs	1	181
r7_133seqs	1	153
r7_133seqs	2	153
r7_133seqs	1	153
r7_133seqs	1	150
r7_133seqs	1	152
r7_133seqs	15	151
r7_133seqs	13	153
r7_133seqs	1	155
r7_133seqs	1	153
r7_133seqs	1	146
r7_133seqs	1	181
r7_133seqs	1	120
r7_133seqs	1	153
r7_133seqs	1	153
r7_133seqs	1	153
r7_133seqs	1	153
r7_133seqs	1	181
r7_133seqs	1	153
r7_133seqs	1	153
r7_133seqs	1	181
r7_133seqs	1	153
r7_133seqs	1	181
r7_133seqs	1	153
r7_133seqs	1	153
r7_133seqs	1	153
r7_133seqs	1	153
r7_133seqs	1	153
r7_133seqs	1	153
r7_133seqs	21	151
r7_133seqs	1	153
r7_133seqs	12	153
r7_133seqs	1	153
r7_133seqs	17	181
r7_133seqs	1	181
r7_133seqs	1	148
r7_133seqs	1	153
r7_133seqs	1	128
r7_133seqs	2	153
r7_133seqs	1	125
r7_133seqs	1	151
r7_133seqs	2	153
r7_133seqs	11	153
r7_133seqs	1	180
r7_133seqs	1	155
r7_133seqs	1	153
r7_133seqs	1	152
r7_133seqs	1	153
r7_133seqs	5	181
r7_133seqs	2	153
r7_133seqs	1	153
r7_133seqs	1	155
r7_133seqs	1	156
r7_133seqs	1	160
r7_133seqs	3	153
r7_133seqs	1	153
r7_133seqs	6	153
r7_133seqs	1	152
r7_133seqs	2	153
r7_133seqs	1	179
r7_133seqs	1	153
r7_133seqs	1	153
r7_133seqs	1	153
r7_133seqs	1	151
r7_133seqs	2	132
r7_133seqs	1	153
r7_133seqs	1	153
r7_133seqs	1	153
r7_133seqs	1	151
r7_133seqs	2	153
r7_133seqs	1	153
r7_133seqs	11	152
r7_133seqs	1	153
r7_133seqs	1	181
r7_133seqs	1	153
r7_133seqs	1	150
r8_83seqs	1	180
r8_83seqs	1	178
r8_83seqs	1	181
r8_83seqs	1	180
r8_83seqs	1	181
r8_83seqs	1	181
r8_83seqs	1	181
r8_83seqs	1	181
r8_83seqs	1	181
r8_83seqs	1	178
r8_83seqs	1	181
r8_83seqs	1	181
r8_83seqs	1	181
r8_83seqs	1	181
r8_83seqs	1	181
r8_83seqs	1	181
r8_83seqs	1	181
r8_83seqs	1	181
r8_83seqs	1	181
r8_83seqs	1	179
r8_83seqs	1	177
r8_83seqs	1	180
r8_83seqs	1	178
r8_83seqs	1	178
r8_83seqs	1	178
r8_83seqs	2	175
r8_83seqs	1	180
r8_83seqs	1	181
r8_83seqs	1	178
r8_83seqs	1	181
r8_83seqs	1	181
r8_83seqs	1	181
r8_83seqs	1	181
r8_83seqs	1	181
r8_83seqs	1	181
r8_83seqs	1	181
r8_83seqs	1	181
r8_83seqs	1	181
r8_83seqs	1	181
r8_83seqs	1	181
r8_83seqs	1	181
r8_83seqs	1	181
r8_83seqs	1	181
r8_83seqs	1	181
r8_83seqs	1	178
r8_83seqs	1	180
r8_83seqs	1	180
r8_83seqs	1	178
r8_83seqs	1	178
r8_83seqs	1	181
r8_83seqs	1	181
r8_83seqs	1	181
r8_83seqs	1	181
r8_83seqs	1	178
r8_83seqs	1	181
r8_83seqs	1	181
r8_83seqs	1	181
r8_83seqs	1	181
r8_83seqs	1	181
r8_83seqs	1	181
r8_83seqs	1	181
r8_83seqs	1	181
r8_83seqs	1	181
r8_83seqs	1	181
r8_83seqs	1	179
r8_83seqs	1	181
r8_83seqs	1	179
r8_83seqs	2	178
r8_83seqs	2	181
r8_83seqs	1	181
r8_83seqs	1	181
r8_83seqs	1	181
r8_83seqs	1	178
r8_83seqs	1	180
r8_83seqs	1	180
r8_83seqs	1	178
r8_83seqs	1	178
r8_83seqs	1	178
r8_83seqs	1	178
r8_83seqs	1	178
r8_83seqs	1	178
r8_83seqs	1	178
r8_83seqs	1	178
r8_83seqs	1	178
r8_83seqs	1	178
r8_83seqs	1	180
r8_83seqs	1	180
r8_83seqs	1	180
r8_83seqs	8	181
r8_83seqs	1	178
r8_83seqs	1	181
r8_83seqs	1	181
r8_83seqs	1	181
r8_83seqs	1	181
r8_83seqs	1	181
r8_83seqs	1	181
r8_83seqs	1	181
r8_83seqs	1	181
r8_83seqs	1	181
r8_83seqs	1	181
r8_83seqs	1	181
r8_83seqs	1	178
r8_83seqs	1	178
r8_83seqs	1	181
r8_83seqs	1	179
r8_83seqs	1	179
r8_83seqs	2	181
r8_83seqs	1	177
r8_83seqs	1	177
r8_83seqs	1	181
r8_83seqs	1	181
r8_83seqs	1	181
r8_83seqs	1	181
r8_83seqs	1	181
r8_83seqs	1	181
r8_83seqs	1	180
r8_83seqs	1	180
r8_83seqs	2	181
r8_83seqs	1	177
r8_83seqs	2	181
r8_83seqs	2	181
r8_83seqs	1	180
r8_83seqs	1	178
r8_83seqs	1	178
r8_83seqs	1	178
r8_83seqs	1	178
r8_83seqs	1	178
r8_83seqs	1	178
r8_83seqs	1	181
r8_83seqs	1	178
r8_83seqs	1	178
r8_83seqs	1	178
r8_83seqs	1	178
r8_83seqs	1	176
r8_83seqs	1	181
r8_83seqs	1	181
r8_83seqs	1	178
r8_83seqs	1	180
r8_83seqs	1	181
r8_83seqs	1	181
r8_83seqs	1	178
r7_133seqs	1	180
r7_133seqs	1	153
r7_133seqs	1	153
r7_133seqs	1	181
r7_133seqs	1	153
r7_133seqs	1	150
r7_133seqs	1	153
r7_133seqs	3	164
r7_133seqs	1	155
r7_133seqs	1	151
r7_133seqs	2	153
r7_133seqs	1	180
r7_133seqs	1	181
r7_133seqs	1	181
r7_133seqs	1	153
r7_133seqs	1	153
r7_133seqs	1	148
r7_133seqs	1	181
r7_133seqs	6	153
r7_133seqs	1	181
r7_133seqs	2	150
r7_133seqs	1	153
r7_133seqs	1	153
r7_133seqs	1	153
r7_133seqs	1	153
r7_133seqs	2	153
r7_133seqs	1	181
r7_133seqs	9	153
r7_133seqs	1	166
r7_133seqs	1	153
r7_133seqs	1	153
r7_133seqs	2	180
r7_133seqs	9	153
r7_133seqs	2	153
r7_133seqs	1	153
r7_133seqs	1	153
r7_133seqs	2	179
r7_133seqs	6	153
r7_133seqs	9	153
r7_133seqs	1	180
r7_133seqs	1	153
r7_133seqs	3	181
r7_133seqs	14	181
r7_133seqs	1	181
r7_133seqs	1	181
r7_133seqs	1	153
r7_133seqs	1	153
r7_133seqs	1	153
r7_133seqs	1	153
r7_133seqs	1	153
r7_133seqs	1	153
r7_133seqs	1	153
r7_133seqs	1	153
r7_133seqs	1	153
r7_133seqs	13	181
r7_133seqs	9	153
r7_133seqs	1	149
r7_133seqs	1	153
r7_133seqs	5	181
r7_133seqs	1	181
r7_133seqs	19	153
r7_133seqs	1	153
r7_133seqs	1	153
r7_133seqs	1	147
r7_133seqs	1	153
r7_133seqs	1	181
r7_133seqs	1	153
r7_133seqs	1	181
r7_133seqs	1	181
r7_133seqs	1	153
r7_133seqs	2	153
r7_133seqs	1	153
r7_133seqs	1	181
r7_133seqs	1	181
r7_133seqs	1	181
r7_133seqs	1	181
r7_133seqs	1	151
r7_133seqs	1	181
r7_133seqs	1	181
r7_133seqs	1	152
r7_133seqs	1	155
r7_133seqs	1	153
r7_133seqs	1	153
r7_133seqs	1	153
r7_133seqs	1	153
r7_133seqs	1	153
r7_133seqs	1	153
r7_133seqs	1	153
r7_133seqs	1	153
r7_133seqs	1	181
r7_133seqs	1	153
r7_133seqs	1	153
r7_133seqs	17	151
r7_133seqs	1	153
r7_133seqs	1	181
r7_133seqs	1	181
r7_133seqs	1	153
r7_133seqs	1	153
r7_133seqs	1	181
r7_133seqs	1	181
r7_133seqs	1	153
r7_133seqs	1	164
r7_133seqs	1	156
r7_133seqs	1	153
r7_133seqs	1	179
r7_133seqs	1	153
r7_133seqs	19	180
r7_133seqs	1	153
r7_133seqs	1	181
r7_133seqs	1	181
r7_133seqs	1	153
r7_133seqs	1	153
r7_133seqs	11	153
r7_133seqs	1	181
r7_133seqs	11	153
r7_133seqs	1	153
r7_133seqs	1	181
r7_133seqs	1	153
r7_133seqs	1	153
r7_133seqs	2	153
r7_133seqs	1	181
r7_133seqs	1	153
r7_133seqs	1	181
r7_133seqs	1	181
r7_133seqs	1	181
r7_133seqs	12	181
r7_133seqs	1	146
r7_133seqs	1	178
r7_133seqs	9	151
r7_133seqs	1	181
r7_133seqs	1	181
r7_133seqs	1	153
r7_133seqs	1	155
r7_133seqs	1	149
r7_133seqs	2	180
r7_133seqs	1	181
r7_133seqs	1	153
r7_133seqs	28	153
r7_133seqs	1	181
r7_133seqs	1	153
r7_133seqs	2	181
r7_133seqs	1	153
r7_133seqs	28	153
r7_133seqs	1	146
r7_133seqs	1	145
r7_133seqs	1	153
r7_133seqs	2	181
r7_133seqs	3	181
r7_133seqs	1	150
r7_133seqs	1	153
r7_133seqs	6	153
r7_133seqs	14	155
r7_133seqs	1	153
r7_133seqs	1	181
r7_133seqs	1	164
r7_133seqs	17	153
r7_133seqs	1	153
r7_133seqs	1	181
r7_133seqs	17	147
r7_133seqs	1	153
r7_133seqs	20	153
r7_133seqs	17	181
r7_133seqs	1	152
r7_133seqs	1	181
r7_133seqs	15	180
r7_133seqs	22	181
r7_133seqs	2	153
r7_133seqs	2	152
r7_133seqs	1	153
r7_133seqs	9	181
r7_133seqs	1	173
r7_133seqs	1	138
r7_133seqs	1	181
r7_133seqs	23	181
r7_133seqs	2	153
r7_133seqs	1	181
r7_133seqs	1	153
r7_133seqs	1	181
r7_133seqs	1	181
r7_133seqs	1	153
r7_133seqs	19	153
r7_133seqs	1	153
r7_133seqs	1	153
r7_133seqs	11	153
r7_133seqs	1	181
r7_133seqs	1	181
r7_133seqs	2	153
r7_133seqs	1	155
r7_133seqs	6	151
r7_133seqs	1	152
r7_133seqs	5	153
r7_133seqs	1	153
r7_133seqs	1	153
r7_133seqs	1	180
r7_133seqs	1	153
r7_133seqs	1	153
r7_133seqs	26	181
r7_133seqs	1	153
r7_133seqs	1	153
r7_133seqs	2	153
r7_133seqs	1	153
r7_133seqs	6	153
r7_133seqs	1	153
r7_133seqs	1	153
r7_133seqs	1	129
r7_133seqs	1	153
r7_133seqs	1	175
r7_133seqs	1	180
r7_133seqs	1	153
r7_133seqs	1	153
r7_133seqs	14	153
r7_133seqs	1	181
r7_133seqs	2	180
r7_133seqs	1	181
r7_133seqs	4	181
r7_133seqs	21	151
r7_133seqs	1	153
r7_133seqs	1	181
r7_133seqs	9	181
r7_133seqs	1	153
r7_133seqs	6	179
r7_133seqs	2	153
r7_133seqs	1	153
r7_133seqs	1	153
r7_133seqs	25	153
r7_133seqs	1	153
r7_133seqs	1	156
r7_133seqs	18	153
r7_133seqs	12	153
r7_133seqs	1	153
r7_133seqs	1	181
r7_133seqs	1	153
r7_133seqs	1	152
r7_133seqs	1	151
r7_133seqs	1	181
r7_133seqs	1	153
r7_133seqs	9	153
r7_133seqs	1	151
r7_133seqs	1	144
r7_133seqs	1	153
r7_133seqs	1	153
r7_133seqs	1	153
r7_133seqs	9	181
r7_133seqs	22	153
r7_133seqs	7	153
r7_133seqs	2	153
r7_133seqs	1	180
r7_133seqs	1	178
r7_133seqs	1	181
r7_133seqs	1	153
r7_133seqs	1	181
r7_133seqs	1	153
r7_133seqs	1	150
r7_133seqs	1	153
r7_133seqs	2	153
r7_133seqs	6	181
r7_133seqs	19	181
r7_133seqs	1	153
r7_133seqs	1	181
r7_133seqs	1	153
r7_133seqs	2	154
r7_133seqs	1	153
r7_133seqs	17	181
r7_133seqs	1	153
r7_133seqs	1	153
r7_133seqs	13	153
r7_133seqs	1	181
r7_133seqs	1	181
r7_133seqs	1	153
r7_133seqs	1	181
r7_133seqs	1	181
r7_133seqs	1	181
r7_133seqs	1	153
r7_133seqs	1	135
r7_133seqs	1	153
r7_133seqs	2	153
r7_133seqs	15	181
r7_133seqs	1	131
r7_133seqs	1	153
r7_133seqs	35	181
r7_133seqs	1	180
r7_133seqs	16	153
r7_133seqs	1	156
r7_133seqs	1	153
r7_133seqs	1	129
r7_133seqs	1	153
r7_133seqs	1	153
r7_133seqs	1	153
r7_133seqs	21	153
r7_133seqs	1	181
r7_133seqs	9	153
r7_133seqs	1	153
r7_133seqs	1	133
r7_133seqs	14	180
r7_133seqs	2	153
r7_133seqs	1	149
r7_133seqs	38	153
r7_133seqs	1	181
r7_133seqs	1	132
r7_133seqs	1	153
r7_133seqs	13	153
r7_133seqs	1	153
r7_133seqs	2	181
r7_133seqs	1	153
r7_133seqs	25	153
r7_133seqs	1	153
r7_133seqs	24	153
r7_133seqs	1	154
r7_133seqs	1	150
r7_133seqs	27	153
r7_133seqs	2	146
r7_133seqs	1	153
r7_133seqs	20	153
r7_133seqs	17	135
r7_133seqs	2	153
r7_133seqs	1	153
r7_133seqs	1	153
r7_133seqs	1	180
r7_133seqs	1	153
r7_133seqs	1	153
r7_133seqs	2	151
r7_133seqs	1	153
r7_133seqs	1	180
r7_133seqs	1	180
r7_133seqs	27	153
r7_133seqs	1	153
r7_133seqs	2	148
r7_133seqs	1	181
r7_133seqs	1	181
r7_133seqs	1	153
r7_133seqs	9	153
r7_133seqs	1	153
r7_133seqs	1	153
r7_133seqs	1	153
r7_133seqs	1	181
r7_133seqs	2	153
r7_133seqs	1	181
r7_133seqs	1	152
r7_133seqs	1	131
r7_133seqs	2	132
r7_133seqs	2	153
r7_133seqs	1	153
r7_133seqs	1	153
r7_133seqs	1	150
r7_133seqs	1	135
r7_133seqs	1	153
r7_133seqs	1	153
r7_133seqs	1	153
r7_133seqs	14	153
r7_133seqs	34	153
r7_133seqs	2	181
r7_133seqs	1	153
r7_133seqs	1	153
r7_133seqs	16	153
r7_133seqs	1	153
r7_133seqs	25	153
r7_133seqs	1	127
r7_133seqs	25	151
r7_133seqs	1	181
r7_133seqs	1	181
r7_133seqs	2	149
r7_133seqs	1	153
r7_133seqs	1	129
r7_133seqs	8	153
r7_133seqs	14	153
r7_133seqs	1	181
r7_133seqs	17	153
r7_133seqs	22	153
r7_133seqs	10	153
r7_133seqs	1	131
r7_133seqs	2	153
r7_133seqs	1	134
r7_133seqs	7	180
r7_133seqs	1	132
r7_133seqs	1	150
r7_133seqs	16	152
r7_133seqs	1	153
r7_133seqs	1	153
r7_133seqs	31	153
r7_133seqs	33	153
r7_133seqs	1	181
r7_133seqs	1	153
r7_133seqs	28	181
r7_133seqs	1	153
r7_133seqs	1	153
r7_133seqs	1	148
r7_133seqs	6	181
r7_133seqs	6	153
r7_133seqs	2	153
r7_133seqs	1	113
r7_133seqs	2	153
r7_133seqs	4	153
r7_133seqs	9	153
r7_133seqs	1	153
r7_133seqs	1	153
r7_133seqs	1	153
r7_133seqs	1	153
r7_133seqs	1	181
r7_133seqs	1	153
r7_133seqs	1	150
r7_133seqs	1	135
r7_133seqs	21	155
r7_133seqs	1	181
r7_133seqs	1	142
r7_133seqs	5	180
r7_133seqs	1	181
r7_133seqs	30	153
r7_133seqs	1	153
r7_133seqs	1	153
r7_133seqs	6	135
r7_133seqs	1	124
r7_133seqs	1	152
r7_133seqs	1	153
r7_133seqs	5	153
r7_133seqs	17	153
r7_133seqs	1	153
r7_133seqs	23	181
r7_133seqs	1	153
r7_133seqs	1	153
r7_133seqs	2	181
r7_133seqs	1	153
r7_133seqs	1	153
r7_133seqs	1	153
r7_133seqs	1	153
r7_133seqs	1	153
r7_133seqs	1	150
r7_133seqs	1	145
r7_133seqs	2	153
r7_133seqs	1	153
r7_133seqs	3	153
r7_133seqs	1	181
r7_133seqs	1	151
r7_133seqs	1	181
r7_133seqs	1	181
r7_133seqs	28	181
r7_133seqs	1	153
r7_133seqs	36	153
r7_133seqs	2	181
r7_133seqs	28	151
r7_133seqs	1	181
r7_133seqs	1	181
r7_133seqs	1	153
r7_133seqs	1	153
r7_133seqs	34	156
r7_133seqs	14	181
r7_133seqs	4	150
r7_133seqs	13	150
r7_133seqs	1	153
r7_133seqs	2	181
r7_133seqs	2	153
r7_133seqs	1	153
r7_133seqs	1	132
r7_133seqs	1	153
r7_133seqs	1	132
r7_133seqs	1	128
r7_133seqs	5	127
r7_133seqs	1	181
r7_133seqs	1	153
r7_133seqs	1	181
r7_133seqs	13	153
r7_133seqs	1	153
r7_133seqs	1	181
r7_133seqs	1	181
r7_133seqs	1	181
r7_133seqs	1	150
r7_133seqs	1	181
r7_133seqs	1	181
r7_133seqs	1	153
r7_133seqs	19	180
r7_133seqs	1	152
r7_133seqs	1	153
r7_133seqs	1	132
r7_133seqs	12	181
r7_133seqs	17	181
r7_133seqs	19	153
r7_133seqs	1	179
r7_133seqs	1	153
r7_133seqs	1	132
r7_133seqs	1	153
r7_133seqs	1	154
r7_133seqs	9	153
r7_133seqs	1	181
r7_133seqs	11	155
r7_133seqs	1	109
r7_133seqs	48	153
r7_133seqs	41	153
r7_133seqs	1	153
r7_133seqs	1	153
r7_133seqs	1	131
r7_133seqs	1	150
r7_133seqs	1	153
r7_133seqs	1	150
r7_133seqs	1	153
r7_133seqs	1	153
r7_133seqs	1	153
r7_133seqs	1	153
r7_133seqs	1	181
r7_133seqs	1	181
r7_133seqs	11	153
r7_133seqs	10	181
r7_133seqs	1	153
r7_133seqs	8	152
r7_133seqs	1	181
r7_133seqs	1	153
r7_133seqs	1	153
r7_133seqs	1	151
r7_133seqs	3	153
r7_133seqs	1	153
r7_133seqs	1	124
r7_133seqs	1	131
r7_133seqs	1	140
r7_133seqs	1	180
r7_133seqs	1	181
r7_133seqs	1	152
r7_133seqs	1	153
r7_133seqs	1	153
r7_133seqs	1	153
r7_133seqs	23	181
r7_133seqs	2	153
r7_133seqs	1	153
r7_133seqs	1	153
r7_133seqs	25	153
r7_133seqs	27	153
r7_133seqs	27	153
r7_133seqs	30	145
r7_133seqs	1	153
r7_133seqs	2	153
r7_133seqs	31	181
r7_133seqs	1	181
r7_133seqs	1	181
r7_133seqs	3	153
r7_133seqs	1	181
r7_133seqs	35	153
r7_133seqs	1	117
r7_133seqs	1	181
r7_133seqs	1	153
r7_133seqs	1	153
r7_133seqs	1	150
r7_133seqs	12	152
r7_133seqs	1	153
r7_133seqs	1	142
r7_133seqs	1	181
r7_133seqs	1	181
r7_133seqs	1	181
r7_133seqs	22	181
r7_133seqs	1	153
r7_133seqs	1	153
r7_133seqs	12	153
r7_133seqs	7	181
r7_133seqs	1	131
r7_133seqs	1	181
r7_133seqs	13	180
r7_133seqs	40	152
r7_133seqs	1	153
r7_133seqs	1	153
r7_133seqs	1	180
r7_133seqs	1	153
r7_133seqs	17	181
r7_133seqs	34	151
r7_133seqs	1	127
r7_133seqs	1	153
r7_133seqs	1	150
r7_133seqs	1	127
r7_133seqs	1	141
r7_133seqs	1	116
r7_133seqs	1	153
r7_133seqs	1	153
r7_133seqs	1	153
r7_133seqs	1	181
r7_133seqs	19	181
r7_133seqs	2	151
r7_133seqs	8	153
r7_133seqs	1	153
r7_133seqs	1	132
r7_133seqs	1	181
r7_133seqs	1	121
r7_133seqs	3	153
r7_133seqs	1	180
r7_133seqs	51	153
r7_133seqs	1	153
r7_133seqs	1	181
r7_133seqs	1	181
r7_133seqs	19	153
r7_133seqs	1	153
r7_133seqs	1	180
r7_133seqs	1	153
r7_133seqs	1	123
r7_133seqs	28	153
r7_133seqs	1	153
r7_133seqs	34	153
r7_133seqs	1	153
r7_133seqs	1	153
r7_133seqs	2	150
r7_133seqs	2	153
r7_133seqs	2	153
r7_133seqs	33	164
r7_133seqs	1	153
r7_133seqs	1	133
r7_133seqs	1	118
r7_133seqs	2	117
r7_133seqs	2	117
r7_133seqs	1	181
r7_133seqs	1	181
r7_133seqs	1	181
r7_133seqs	1	180
r7_133seqs	49	153
r7_133seqs	1	153
r7_133seqs	1	153
r7_133seqs	1	117
r7_133seqs	1	153
r7_133seqs	1	181
r7_133seqs	34	181
r7_133seqs	25	156
r7_133seqs	1	153
r7_133seqs	1	181
r7_133seqs	1	176
r7_133seqs	11	153
r7_133seqs	2	153
r7_133seqs	2	129
r7_133seqs	2	153
r7_133seqs	1	153
r7_133seqs	1	179
r7_133seqs	1	126
r7_133seqs	1	180
r7_133seqs	17	153
r7_133seqs	1	153
r7_133seqs	1	179
r7_133seqs	46	153
r7_133seqs	1	153
r7_133seqs	1	149
r7_133seqs	1	180
r7_133seqs	1	153
r7_133seqs	1	153
r7_133seqs	1	114
r7_133seqs	1	124
r7_133seqs	1	109
r7_133seqs	2	116
r7_133seqs	11	153
r7_133seqs	1	148
r7_133seqs	60	181
r7_133seqs	1	155
r7_133seqs	2	153
r7_133seqs	1	113
r7_133seqs	1	153
r7_133seqs	1	153
r7_133seqs	1	153
r7_133seqs	1	153
r7_133seqs	44	181
r7_133seqs	1	153
r7_133seqs	1	153
r7_133seqs	1	150
r7_133seqs	1	120
r7_133seqs	5	155
r7_133seqs	1	181
r7_133seqs	1	153
r7_133seqs	1	127
r7_133seqs	1	109
r7_133seqs	42	153
r7_133seqs	6	153
r7_133seqs	1	181
r7_133seqs	1	153
r7_133seqs	1	118
r7_133seqs	1	153
r7_133seqs	1	152
r7_133seqs	40	153
r7_133seqs	10	165
r7_133seqs	27	152
r7_133seqs	1	153
r7_133seqs	1	150
r7_133seqs	1	117
r7_133seqs	1	153
r7_133seqs	39	153
r7_133seqs	1	181
r7_133seqs	1	153
r7_133seqs	6	181
r7_133seqs	39	153
r7_133seqs	15	153
r7_133seqs	1	153
r7_133seqs	2	153
r7_133seqs	1	155
r7_133seqs	1	153
r7_133seqs	1	153
r7_133seqs	2	153
r7_133seqs	1	153
r7_133seqs	1	120
r7_133seqs	1	153
r7_133seqs	2	153
r7_133seqs	1	151
r7_133seqs	1	153
r7_133seqs	12	151
r7_133seqs	7	153
r7_133seqs	1	117
r7_133seqs	1	181
r7_133seqs	5	181
r7_133seqs	1	154
r7_133seqs	1	121
r7_133seqs	2	151
r7_133seqs	5	180
r7_133seqs	32	153
r7_133seqs	2	112
r7_133seqs	1	153
r7_133seqs	1	153
r7_133seqs	1	121
r7_133seqs	1	121
r7_133seqs	2	153
r7_133seqs	2	153
r7_133seqs	32	153
r7_133seqs	32	153
r7_133seqs	1	153
r7_133seqs	1	153
r7_133seqs	1	181
r7_133seqs	1	103
r7_133seqs	1	152
r7_133seqs	1	151
r7_133seqs	1	149
r7_133seqs	1	180
r7_133seqs	34	153
r7_133seqs	24	152
r7_133seqs	1	121
r7_133seqs	1	153
r7_133seqs	1	153
r7_133seqs	1	181
r7_133seqs	1	153
r7_133seqs	2	153
r7_133seqs	1	113
r7_133seqs	1	179
r7_133seqs	1	117
r7_133seqs	1	153
r7_133seqs	1	153
r7_133seqs	1	152
r7_133seqs	1	155
r7_133seqs	2	117
r7_133seqs	1	153
r7_133seqs	32	153
r7_133seqs	1	180
r7_133seqs	1	181
r7_133seqs	6	153
r7_133seqs	1	153
r7_133seqs	54	153
r7_133seqs	41	153
r7_133seqs	9	153
r7_133seqs	57	153
r7_133seqs	1	120
r7_133seqs	1	114
r7_133seqs	1	117
r7_133seqs	1	116
r7_133seqs	6	181
r7_133seqs	1	180
r7_133seqs	1	181
r7_133seqs	1	153
r7_133seqs	1	135
r7_133seqs	1	181
r7_133seqs	57	151
r7_133seqs	1	107
r7_133seqs	1	156
r7_133seqs	1	153
r7_133seqs	1	153
r7_133seqs	19	150
r7_133seqs	1	117
r7_133seqs	7	117
r7_133seqs	1	109
r7_133seqs	22	153
r7_133seqs	5	118
r7_133seqs	1	114
r7_133seqs	1	151
r7_133seqs	36	152
r7_133seqs	33	153
r7_133seqs	1	123
r7_133seqs	1	153
r7_133seqs	1	181
r7_133seqs	2	181
r7_133seqs	2	107
r7_133seqs	1	151
r7_133seqs	1	153
r7_133seqs	1	109
r7_133seqs	1	181
r7_133seqs	1	113
r7_133seqs	40	153
r7_133seqs	1	153
r7_133seqs	58	150
r7_133seqs	9	152
r7_133seqs	1	101
r7_133seqs	1	149
r7_133seqs	2	117
r7_133seqs	1	101
r7_133seqs	62	153
r7_133seqs	17	153
r7_133seqs	41	181
r7_133seqs	9	181
r7_133seqs	5	117
r7_133seqs	1	101
r7_133seqs	1	153
r7_133seqs	1	153
r7_133seqs	1	101
r7_133seqs	1	122
r7_133seqs	1	153
r7_133seqs	17	181
r7_133seqs	1	93
r7_133seqs	1	181
r7_133seqs	2	153
r7_133seqs	1	101
r7_133seqs	1	164
r7_133seqs	6	173
r7_133seqs	1	126
r7_133seqs	1	181
r7_133seqs	36	177
r7_133seqs	1	113
r7_133seqs	1	101
r7_133seqs	1	117
r7_133seqs	17	153
r7_133seqs	1	152
r7_133seqs	1	180
r7_133seqs	1	109
r7_133seqs	1	152
r7_133seqs	1	101
r7_133seqs	1	180
r7_133seqs	1	107
r7_133seqs	61	153
r7_133seqs	1	181
r7_133seqs	1	101
r7_133seqs	1	97
r7_133seqs	1	109
r7_133seqs	1	181
r7_133seqs	1	150
r7_133seqs	1	96
r7_133seqs	1	153
r7_133seqs	1	92
r7_133seqs	1	166
r7_133seqs	74	181
r7_133seqs	1	101
r7_133seqs	1	102
r7_133seqs	1	101
r7_133seqs	40	153
r7_133seqs	1	106
r7_133seqs	1	101
r7_133seqs	1	153
r7_133seqs	1	181
r7_133seqs	2	98
r7_133seqs	1	121
r7_133seqs	1	126
r7_133seqs	2	106
r7_133seqs	5	153
r7_133seqs	1	110
r7_133seqs	1	166
r7_133seqs	72	181
r7_133seqs	68	153
r7_133seqs	1	109
r7_133seqs	1	81
r7_133seqs	41	137
r7_133seqs	1	85
r7_133seqs	1	86
r7_133seqs	1	80
r7_133seqs	79	153
r7_133seqs	1	83
r7_133seqs	1	83
r7_133seqs	2	91
r7_133seqs	1	92
r7_133seqs	6	95
r7_133seqs	1	87
r8_83seqs	1	178
r8_83seqs	1	178
r8_83seqs	5	178
r8_83seqs	1	178
r8_83seqs	1	181
r8_83seqs	1	178
r8_83seqs	1	181
r8_83seqs	1	178
r8_83seqs	1	178
r8_83seqs	1	178
r8_83seqs	1	181
r8_83seqs	1	181
r8_83seqs	1	181
r8_83seqs	1	181
r8_83seqs	1	181
r8_83seqs	1	181
r8_83seqs	1	181
r8_83seqs	1	181
r8_83seqs	1	181
r8_83seqs	1	181
r8_83seqs	1	181
r8_83seqs	1	181
r8_83seqs	1	181
r8_83seqs	1	178
r8_83seqs	1	178
r8_83seqs	3	181
r8_83seqs	1	179
r8_83seqs	9	178
r8_83seqs	6	181
r8_83seqs	1	181
r8_83seqs	2	178
r8_83seqs	2	181
r8_83seqs	1	177
r8_83seqs	1	181
r8_83seqs	1	178
r8_83seqs	1	181
r8_83seqs	2	181
r8_83seqs	1	181
r8_83seqs	1	181
r8_83seqs	1	181
r8_83seqs	1	181
r8_83seqs	1	181
r8_83seqs	1	181
r8_83seqs	1	181
r8_83seqs	1	181
r8_83seqs	1	181
r8_83seqs	1	181
r8_83seqs	1	181
r8_83seqs	1	175
r8_83seqs	1	178
r8_83seqs	1	179
r8_83seqs	1	164
r8_83seqs	1	180
r8_83seqs	1	180
r8_83seqs	1	180
r8_83seqs	1	180
r8_83seqs	2	181
r8_83seqs	1	180
r8_83seqs	1	178
r8_83seqs	1	178
r8_83seqs	1	178
r8_83seqs	1	178
r8_83seqs	1	181
r8_83seqs	1	178
r8_83seqs	1	178
r8_83seqs	1	178
r8_83seqs	1	178
r8_83seqs	1	178
r8_83seqs	1	178
r8_83seqs	1	178
r8_83seqs	1	178
r8_83seqs	1	178
r8_83seqs	1	178
r8_83seqs	1	178
r8_83seqs	1	178
r8_83seqs	1	178
r8_83seqs	1	181
r8_83seqs	2	181
r8_83seqs	1	181
r8_83seqs	1	178
r8_83seqs	1	178
r8_83seqs	1	178
r8_83seqs	1	178
r8_83seqs	1	181
r8_83seqs	1	181
r8_83seqs	1	179
r8_83seqs	1	181
r8_83seqs	1	181
r8_83seqs	1	176
r8_83seqs	1	178
r8_83seqs	1	178
r8_83seqs	1	181
r8_83seqs	1	178
r8_83seqs	1	178
r8_83seqs	1	180
r8_83seqs	1	180
r8_83seqs	1	180
r8_83seqs	1	180
r8_83seqs	1	178
r8_83seqs	1	178
r8_83seqs	1	178
r8_83seqs	1	181
r8_83seqs	1	181
r8_83seqs	1	178
r8_83seqs	1	181
r8_83seqs	1	178
r8_83seqs	1	181
r8_83seqs	1	181
r8_83seqs	1	181
r8_83seqs	1	181
r8_83seqs	1	181
r8_83seqs	1	181
r8_83seqs	1	181
r8_83seqs	1	181
r8_83seqs	1	181
r8_83seqs	1	181
r8_83seqs	1	181
r8_83seqs	1	181
r8_83seqs	1	181
r8_83seqs	1	181
r8_83seqs	1	181
r8_83seqs	1	181
r8_83seqs	1	181
r8_83seqs	1	181
r8_83seqs	1	181
r8_83seqs	1	181
r8_83seqs	1	181
r8_83seqs	2	177
r8_83seqs	2	178
r8_83seqs	1	178
r8_83seqs	1	181
r8_83seqs	1	180
r8_83seqs	1	179
r8_83seqs	1	179
r8_83seqs	1	176
r8_83seqs	5	180
r8_83seqs	1	181
r8_83seqs	1	181
r8_83seqs	1	177
r8_83seqs	1	177
r8_83seqs	1	177
r8_83seqs	2	176
r8_83seqs	1	181
r8_83seqs	1	181
r8_83seqs	1	178
r8_83seqs	1	181
r8_83seqs	1	181
r8_83seqs	1	181
r8_83seqs	1	181
r8_83seqs	1	181
r8_83seqs	1	181
r8_83seqs	1	181
r8_83seqs	1	181
r8_83seqs	1	181
r8_83seqs	1	181
r8_83seqs	1	181
r8_83seqs	1	181
r8_83seqs	1	181
r8_83seqs	2	178
r8_83seqs	1	179
r8_83seqs	2	178
r8_83seqs	1	173
r8_83seqs	9	181
r8_83seqs	1	178
r8_83seqs	1	181
r8_83seqs	3	178
r8_83seqs	1	181
r8_83seqs	1	180
r8_83seqs	2	178
r8_83seqs	1	180
r8_83seqs	2	181
r8_83seqs	1	180
r8_83seqs	2	181
r8_83seqs	2	181
r8_83seqs	5	181
r8_83seqs	7	177
r8_83seqs	1	178
r8_83seqs	1	178
r8_83seqs	1	178
r8_83seqs	1	178
r8_83seqs	1	178
r8_83seqs	1	178
r8_83seqs	1	178
r8_83seqs	1	178
r8_83seqs	1	178
r8_83seqs	1	178
r8_83seqs	1	178
r8_83seqs	1	178
r8_83seqs	1	178
r8_83seqs	1	178
r8_83seqs	1	178
r8_83seqs	1	178
r8_83seqs	1	181
r8_83seqs	1	178
r8_83seqs	1	178
r8_83seqs	1	178
r8_83seqs	1	180
r8_83seqs	1	181
r8_83seqs	1	181
r8_83seqs	1	181
r8_83seqs	1	181
r8_83seqs	1	181
r8_83seqs	1	181
r8_83seqs	1	181
r8_83seqs	2	181
r8_83seqs	1	181
r8_83seqs	1	181
r8_83seqs	1	176
r8_83seqs	1	179
r8_83seqs	1	179
r8_83seqs	1	180
r8_83seqs	1	180
r8_83seqs	2	180
r8_83seqs	2	181
r8_83seqs	6	179
r8_83seqs	1	181
r8_83seqs	1	178
r8_83seqs	1	181
r8_83seqs	1	178
r8_83seqs	2	179
r8_83seqs	1	178
r8_83seqs	1	181
r8_83seqs	1	181
r8_83seqs	1	181
r8_83seqs	1	178
r8_83seqs	1	178
r8_83seqs	1	178
r8_83seqs	1	181
r8_83seqs	1	181
r8_83seqs	1	181
r8_83seqs	1	181
r8_83seqs	1	181
r8_83seqs	1	181
r8_83seqs	1	181
r8_83seqs	1	181
r8_83seqs	1	181
r8_83seqs	1	181
r8_83seqs	1	181
r8_83seqs	1	181
r8_83seqs	1	181
r8_83seqs	1	181
r8_83seqs	1	181
r8_83seqs	1	181
r8_83seqs	1	181
r8_83seqs	1	178
r8_83seqs	1	178
r8_83seqs	1	178
r8_83seqs	9	180
r8_83seqs	1	178
r8_83seqs	1	181
r8_83seqs	1	181
r8_83seqs	1	179
r8_83seqs	1	181
r8_83seqs	3	181
r8_83seqs	1	181
r8_83seqs	3	181
r8_83seqs	1	181
r8_83seqs	1	179
r8_83seqs	1	176
r8_83seqs	1	178
r8_83seqs	1	181
r8_83seqs	1	181
r8_83seqs	2	178
r8_83seqs	3	181
r8_83seqs	2	181
r8_83seqs	1	177
r8_83seqs	2	181
r8_83seqs	2	178
r8_83seqs	2	181
r8_83seqs	1	181
r8_83seqs	1	181
r8_83seqs	1	178
r8_83seqs	1	180
r8_83seqs	2	181
r8_83seqs	1	181
r8_83seqs	1	178
r8_83seqs	1	181
r8_83seqs	1	181
r8_83seqs	1	181
r8_83seqs	1	181
r8_83seqs	1	181
r8_83seqs	1	181
r8_83seqs	1	178
r8_83seqs	1	181
r8_83seqs	1	181
r8_83seqs	1	181
r8_83seqs	1	181
r8_83seqs	1	181
r8_83seqs	1	181
r8_83seqs	1	176
r8_83seqs	1	181
r8_83seqs	1	181
r8_83seqs	1	178
r8_83seqs	3	181
r8_83seqs	1	164
r8_83seqs	2	178
r8_83seqs	1	181
r8_83seqs	1	180
r8_83seqs	1	180
r8_83seqs	1	181
r8_83seqs	2	181
r8_83seqs	1	180
r8_83seqs	1	180
r8_83seqs	2	181
r8_83seqs	1	177
r8_83seqs	1	178
r8_83seqs	1	181
r8_83seqs	1	178
r8_83seqs	1	178
r8_83seqs	1	178
r8_83seqs	1	178
r8_83seqs	1	178
r8_83seqs	1	178
r8_83seqs	1	178
r8_83seqs	1	178
r8_83seqs	1	178
r8_83seqs	1	178
r8_83seqs	1	178
r8_83seqs	1	178
r8_83seqs	1	178
r8_83seqs	1	180
r8_83seqs	1	178
r8_83seqs	1	181
r8_83seqs	1	181
r8_83seqs	2	181
r8_83seqs	1	181
r8_83seqs	1	181
r8_83seqs	1	178
r8_83seqs	1	178
r8_83seqs	1	178
r8_83seqs	1	178
r8_83seqs	1	179
r8_83seqs	1	178
r8_83seqs	1	179
r8_83seqs	1	178
r8_83seqs	1	181
r8_83seqs	1	179
r8_83seqs	2	181
r8_83seqs	1	180
r8_83seqs	1	177
r8_83seqs	1	177
r8_83seqs	2	181
r8_83seqs	2	181
r8_83seqs	1	180
r8_83seqs	1	180
r8_83seqs	1	180
r8_83seqs	1	180
r8_83seqs	1	181
r8_83seqs	1	177
r8_83seqs	1	178
r8_83seqs	1	178
r8_83seqs	1	181
r8_83seqs	1	178
r8_83seqs	1	178
r8_83seqs	1	181
r8_83seqs	1	181
r8_83seqs	1	181
r8_83seqs	1	181
r8_83seqs	1	181
r8_83seqs	1	181
r8_83seqs	1	181
r8_83seqs	1	181
r8_83seqs	1	181
r8_83seqs	1	181
r8_83seqs	1	181
r8_83seqs	1	181
r8_83seqs	1	181
r8_83seqs	1	181
r8_83seqs	1	181
r8_83seqs	1	181
r8_83seqs	1	181
r8_83seqs	1	181
r8_83seqs	1	181
r8_83seqs	1	181
r8_83seqs	1	181
r8_83seqs	1	181
r8_83seqs	1	181
r8_83seqs	1	177
r8_83seqs	1	180
r8_83seqs	1	181
r8_83seqs	1	178
r8_83seqs	1	178
r8_83seqs	1	178
r8_83seqs	2	178
r8_83seqs	1	178
r8_83seqs	1	179
r8_83seqs	1	181
r8_83seqs	1	181
r8_83seqs	2	180
r8_83seqs	1	180
r8_83seqs	1	181
r8_83seqs	2	177
r8_83seqs	1	176
r8_83seqs	1	178
r8_83seqs	1	181
r8_83seqs	1	177
r8_83seqs	1	178
r8_83seqs	1	181
r8_83seqs	1	178
r8_83seqs	1	181
r8_83seqs	1	181
r8_83seqs	1	181
r8_83seqs	1	181
r8_83seqs	1	178
r8_83seqs	1	181
r8_83seqs	1	181
r8_83seqs	1	181
r8_83seqs	1	181
r8_83seqs	1	181
r8_83seqs	1	181
r8_83seqs	1	181
r8_83seqs	1	181
r8_83seqs	1	181
r8_83seqs	1	181
r8_83seqs	1	181
r8_83seqs	1	181
r8_83seqs	1	181
r8_83seqs	1	181
r8_83seqs	1	181
r8_83seqs	1	181
r8_83seqs	1	181
r8_83seqs	1	181
r8_83seqs	1	181
r8_83seqs	1	181
r8_83seqs	1	178
r8_83seqs	1	175
r8_83seqs	1	178
r8_83seqs	1	181
r8_83seqs	1	178
r8_83seqs	1	178
r8_83seqs	1	179
r8_83seqs	1	178
r8_83seqs	1	178
r8_83seqs	1	164
r8_83seqs	1	178
r8_83seqs	1	179
r8_83seqs	1	179
r8_83seqs	1	178
r8_83seqs	1	181
r8_83seqs	3	181
r8_83seqs	1	178
r8_83seqs	1	178
r8_83seqs	1	178
r8_83seqs	1	178
r8_83seqs	1	179
r8_83seqs	1	179
r8_83seqs	1	164
r8_83seqs	1	164
r8_83seqs	1	164
r8_83seqs	1	181
r8_83seqs	1	181
r8_83seqs	1	180
r8_83seqs	2	181
r8_83seqs	1	180
r8_83seqs	2	178
r8_83seqs	1	180
r8_83seqs	1	180
r8_83seqs	1	180
r8_83seqs	3	178
r8_83seqs	1	177
r8_83seqs	1	177
r8_83seqs	1	177
r8_83seqs	2	178
r8_83seqs	1	178
r8_83seqs	1	178
r8_83seqs	1	178
r8_83seqs	1	181
r8_83seqs	1	178
r8_83seqs	1	178
r8_83seqs	1	178
r8_83seqs	1	178
r8_83seqs	1	178
r8_83seqs	1	178
r8_83seqs	1	178
r8_83seqs	1	178
r8_83seqs	1	178
r8_83seqs	1	178
r8_83seqs	1	178
r8_83seqs	1	180
r8_83seqs	1	178
r8_83seqs	1	181
r8_83seqs	1	181
r8_83seqs	1	178
r8_83seqs	1	180
r8_83seqs	1	180
r8_83seqs	1	178
r8_83seqs	1	178
r8_83seqs	1	178
r8_83seqs	1	178
r8_83seqs	1	181
r8_83seqs	1	181
r8_83seqs	1	181
r8_83seqs	6	181
r8_83seqs	1	181
r8_83seqs	1	181
r8_83seqs	1	176
r8_83seqs	1	178
r8_83seqs	1	176
r8_83seqs	1	173
r8_83seqs	1	178
r8_83seqs	1	181
r8_83seqs	1	174
r8_83seqs	1	178
r8_83seqs	1	175
r8_83seqs	1	179
r8_83seqs	2	172
r8_83seqs	3	181
r8_83seqs	1	180
r8_83seqs	1	180
r8_83seqs	2	181
r8_83seqs	2	178
r8_83seqs	1	180
r8_83seqs	1	180
r8_83seqs	1	165
r8_83seqs	2	181
r8_83seqs	1	178
r8_83seqs	1	178
r8_83seqs	1	178
r8_83seqs	1	181
r8_83seqs	1	177
r8_83seqs	1	178
r8_83seqs	1	178
r8_83seqs	1	181
r8_83seqs	1	178
r8_83seqs	1	178
r8_83seqs	1	178
r8_83seqs	1	178
r8_83seqs	1	181
r8_83seqs	1	181
r8_83seqs	1	178
r8_83seqs	1	178
r8_83seqs	1	181
r8_83seqs	1	181
r8_83seqs	1	181
r8_83seqs	1	181
r8_83seqs	1	181
r8_83seqs	1	181
r8_83seqs	1	181
r8_83seqs	1	181
r8_83seqs	1	178
r8_83seqs	1	181
r8_83seqs	1	181
r8_83seqs	1	178
r8_83seqs	1	178
r8_83seqs	1	181
r8_83seqs	1	181
r8_83seqs	1	181
r8_83seqs	1	181
r8_83seqs	1	181
r8_83seqs	1	181
r8_83seqs	1	181
r8_83seqs	1	181
r8_83seqs	1	178
r8_83seqs	1	178
r8_83seqs	1	180
r8_83seqs	1	181
r8_83seqs	1	178
r8_83seqs	2	164
r8_83seqs	1	180
r8_83seqs	1	181
r8_83seqs	2	177
r8_83seqs	1	180
r8_83seqs	1	181
r8_83seqs	1	181
r8_83seqs	1	181
r8_83seqs	3	178
r8_83seqs	1	181
r8_83seqs	1	181
r8_83seqs	1	178
r8_83seqs	1	178
r8_83seqs	1	181
r8_83seqs	2	178
r8_83seqs	9	181
r8_83seqs	1	180
r8_83seqs	2	181
r8_83seqs	1	177
r8_83seqs	1	178
r8_83seqs	1	180
r8_83seqs	1	181
r8_83seqs	1	181
r8_83seqs	1	178
r8_83seqs	2	179
r8_83seqs	1	177
r8_83seqs	1	181
r8_83seqs	1	181
r8_83seqs	1	181
r8_83seqs	1	181
r8_83seqs	1	181
r8_83seqs	1	181
r8_83seqs	1	181
r8_83seqs	1	181
r8_83seqs	1	181
r8_83seqs	1	181
r8_83seqs	1	181
r8_83seqs	1	181
r8_83seqs	1	181
r8_83seqs	1	181
r8_83seqs	1	178
r8_83seqs	1	181
r8_83seqs	1	181
r8_83seqs	1	181
r8_83seqs	1	181
r8_83seqs	1	181
r8_83seqs	1	181
r8_83seqs	1	181
r8_83seqs	7	181
r8_83seqs	1	181
r8_83seqs	1	181
r8_83seqs	4	178
r8_83seqs	1	180
r8_83seqs	1	170
r8_83seqs	1	181
r8_83seqs	1	178
r8_83seqs	1	180
r8_83seqs	5	181
r8_83seqs	1	178
r8_83seqs	9	178
r8_83seqs	1	176
r8_83seqs	1	170
r8_83seqs	1	164
r8_83seqs	1	178
r8_83seqs	1	181
r8_83seqs	2	178
r8_83seqs	1	177
r8_83seqs	1	181
r8_83seqs	1	181
r8_83seqs	1	180
r8_83seqs	1	180
r8_83seqs	2	181
r8_83seqs	1	180
r8_83seqs	5	181
r8_83seqs	1	177
r8_83seqs	1	180
r8_83seqs	1	178
r8_83seqs	1	178
r8_83seqs	1	178
r8_83seqs	1	178
r8_83seqs	1	178
r8_83seqs	1	178
r8_83seqs	1	178
r8_83seqs	1	178
r8_83seqs	1	178
r8_83seqs	1	181
r8_83seqs	1	178
r8_83seqs	1	178
r8_83seqs	1	180
r8_83seqs	1	181
r8_83seqs	1	181
r8_83seqs	1	179
r8_83seqs	1	178
r8_83seqs	1	178
r8_83seqs	2	179
r8_83seqs	1	178
r8_83seqs	1	178
r8_83seqs	1	181
r8_83seqs	1	181
r8_83seqs	1	175
r8_83seqs	1	170
r8_83seqs	2	181
r8_83seqs	1	178
r8_83seqs	1	176
r8_83seqs	1	178
r8_83seqs	1	180
r8_83seqs	1	178
r8_83seqs	1	181
r8_83seqs	1	181
r8_83seqs	1	176
r8_83seqs	1	178
r8_83seqs	2	180
r8_83seqs	15	181
r8_83seqs	1	179
r8_83seqs	1	181
r8_83seqs	1	180
r8_83seqs	1	180
r8_83seqs	1	180
r8_83seqs	1	180
r8_83seqs	1	180
r8_83seqs	1	180
r8_83seqs	1	180
r8_83seqs	2	181
r8_83seqs	1	180
r8_83seqs	11	181
r8_83seqs	7	180
r8_83seqs	1	177
r8_83seqs	1	181
r8_83seqs	1	181
r8_83seqs	1	178
r8_83seqs	1	178
r8_83seqs	1	177
r8_83seqs	1	181
r8_83seqs	1	178
r8_83seqs	1	178
r8_83seqs	1	178
r8_83seqs	1	181
r8_83seqs	1	181
r8_83seqs	1	181
r8_83seqs	1	178
r8_83seqs	1	178
r8_83seqs	1	181
r8_83seqs	1	181
r8_83seqs	1	178
r8_83seqs	1	181
r8_83seqs	1	178
r8_83seqs	1	181
r8_83seqs	1	181
r8_83seqs	1	178
r8_83seqs	1	178
r8_83seqs	1	181
r8_83seqs	1	178
r8_83seqs	1	181
r8_83seqs	1	181
r8_83seqs	1	181
r8_83seqs	1	178
r8_83seqs	1	178
r8_83seqs	1	178
r8_83seqs	1	181
r8_83seqs	1	181
r8_83seqs	1	179
r8_83seqs	1	179
r8_83seqs	1	181
r8_83seqs	1	181
r8_83seqs	1	181
r8_83seqs	1	179
r8_83seqs	2	177
r8_83seqs	1	181
r8_83seqs	1	176
r8_83seqs	1	181
r8_83seqs	1	170
r8_83seqs	1	181
r8_83seqs	1	174
r8_83seqs	1	181
r8_83seqs	1	177
r8_83seqs	1	181
r8_83seqs	1	177
r8_83seqs	1	180
r8_83seqs	1	180
r8_83seqs	1	177
r8_83seqs	2	178
r8_83seqs	1	180
r8_83seqs	19	181
r8_83seqs	1	181
r8_83seqs	1	180
r8_83seqs	1	181
r8_83seqs	1	178
r8_83seqs	1	181
r8_83seqs	1	177
r8_83seqs	1	181
r8_83seqs	1	181
r8_83seqs	1	181
r8_83seqs	1	181
r8_83seqs	1	181
r8_83seqs	1	181
r8_83seqs	1	181
r8_83seqs	1	181
r8_83seqs	1	181
r8_83seqs	1	181
r8_83seqs	1	181
r8_83seqs	1	181
r8_83seqs	1	181
r8_83seqs	1	181
r8_83seqs	1	181
r8_83seqs	1	181
r8_83seqs	1	180
r8_83seqs	1	181
r8_83seqs	1	181
r8_83seqs	1	181
r8_83seqs	1	181
r8_83seqs	1	181
r8_83seqs	1	181
r8_83seqs	1	178
r8_83seqs	1	181
r8_83seqs	1	179
r8_83seqs	1	178
r8_83seqs	1	179
r8_83seqs	1	181
r8_83seqs	1	173
r8_83seqs	1	181
r8_83seqs	1	181
r8_83seqs	4	181
r8_83seqs	1	177
r8_83seqs	1	179
r8_83seqs	1	179
r8_83seqs	1	179
r8_83seqs	1	179
r8_83seqs	1	164
r8_83seqs	1	178
r8_83seqs	1	177
r8_83seqs	1	180
r8_83seqs	1	181
r8_83seqs	1	181
r8_83seqs	1	180
r8_83seqs	2	181
r8_83seqs	1	180
r8_83seqs	2	181
r8_83seqs	1	177
r8_83seqs	1	177
r8_83seqs	1	177
r8_83seqs	1	177
r8_83seqs	2	181
r8_83seqs	1	173
r8_83seqs	1	180
r8_83seqs	1	178
r8_83seqs	1	180
r8_83seqs	1	178
r8_83seqs	1	181
r8_83seqs	1	178
r8_83seqs	2	178
r8_83seqs	1	178
r8_83seqs	2	181
r8_83seqs	2	181
r8_83seqs	1	181
r8_83seqs	1	181
r8_83seqs	1	181
r8_83seqs	1	181
r8_83seqs	1	181
r8_83seqs	1	181
r8_83seqs	1	178
r8_83seqs	1	181
r8_83seqs	1	178
r8_83seqs	1	178
r8_83seqs	1	181
r8_83seqs	1	175
r8_83seqs	1	175
r8_83seqs	1	181
r8_83seqs	1	178
r8_83seqs	1	181
r8_83seqs	1	177
r8_83seqs	1	176
r8_83seqs	1	178
r8_83seqs	1	178
r8_83seqs	1	179
r8_83seqs	9	181
r8_83seqs	1	180
r8_83seqs	1	178
r8_83seqs	1	180
r8_83seqs	1	178
r8_83seqs	1	177
r8_83seqs	5	178
r8_83seqs	3	181
r8_83seqs	1	180
r8_83seqs	1	178
r8_83seqs	2	181
r8_83seqs	1	180
r8_83seqs	12	181
r8_83seqs	1	181
r8_83seqs	1	177
r8_83seqs	2	178
r8_83seqs	1	178
r8_83seqs	1	178
r8_83seqs	1	178
r8_83seqs	1	178
r8_83seqs	1	178
r8_83seqs	1	181
r8_83seqs	1	181
r8_83seqs	1	181
r8_83seqs	1	181
r8_83seqs	1	178
r8_83seqs	1	181
r8_83seqs	1	181
r8_83seqs	1	178
r8_83seqs	1	178
r8_83seqs	1	181
r8_83seqs	1	181
r8_83seqs	1	178
r8_83seqs	1	181
r8_83seqs	1	180
r8_83seqs	1	181
r8_83seqs	1	181
r8_83seqs	1	181
r8_83seqs	1	181
r8_83seqs	2	181
r8_83seqs	1	178
r8_83seqs	1	178
r8_83seqs	1	178
r8_83seqs	9	181
r8_83seqs	1	181
r8_83seqs	1	179
r8_83seqs	2	180
r8_83seqs	1	179
r8_83seqs	1	181
r8_83seqs	1	181
r8_83seqs	1	181
r8_83seqs	1	180
r8_83seqs	5	180
r8_83seqs	1	181
r8_83seqs	1	176
r8_83seqs	1	176
r8_83seqs	9	178
r8_83seqs	1	178
r8_83seqs	1	181
r8_83seqs	1	181
r8_83seqs	1	181
r8_83seqs	1	180
r8_83seqs	6	178
r8_83seqs	2	181
r8_83seqs	1	181
r8_83seqs	1	181
r8_83seqs	1	181
r8_83seqs	1	177
r8_83seqs	1	178
r8_83seqs	1	178
r8_83seqs	1	178
r8_83seqs	1	181
r8_83seqs	1	181
r8_83seqs	1	181
r8_83seqs	1	181
r8_83seqs	1	181
r8_83seqs	1	181
r8_83seqs	1	181
r8_83seqs	1	181
r8_83seqs	1	181
r8_83seqs	1	181
r8_83seqs	1	181
r8_83seqs	1	181
r8_83seqs	1	181
r8_83seqs	1	181
r8_83seqs	1	180
r8_83seqs	1	181
r8_83seqs	1	181
r8_83seqs	1	181
r8_83seqs	1	181
r8_83seqs	1	178
r8_83seqs	1	181
r8_83seqs	1	181
r8_83seqs	1	181
r8_83seqs	1	178
r8_83seqs	3	181
r8_83seqs	1	179
r8_83seqs	1	179
r8_83seqs	1	178
r8_83seqs	1	179
r8_83seqs	1	181
r8_83seqs	2	178
r8_83seqs	1	178
r8_83seqs	1	179
r8_83seqs	1	181
r8_83seqs	1	179
r8_83seqs	1	181
r8_83seqs	1	179
r8_83seqs	3	181
r8_83seqs	2	180
r8_83seqs	17	180
r8_83seqs	1	164
r8_83seqs	1	164
r8_83seqs	1	164
r8_83seqs	1	180
r8_83seqs	1	178
r8_83seqs	2	178
r8_83seqs	1	178
r8_83seqs	1	177
r8_83seqs	2	181
r8_83seqs	1	178
r8_83seqs	1	177
r8_83seqs	1	177
r8_83seqs	2	181
r8_83seqs	2	178
r8_83seqs	1	177
r8_83seqs	1	180
r8_83seqs	1	180
r8_83seqs	5	181
r8_83seqs	1	178
r8_83seqs	1	181
r8_83seqs	1	178
r8_83seqs	1	179
r8_83seqs	1	181
r8_83seqs	1	181
r8_83seqs	1	180
r8_83seqs	1	181
r8_83seqs	1	181
r8_83seqs	1	181
r8_83seqs	1	181
r8_83seqs	2	180
r8_83seqs	1	181
r8_83seqs	1	181
r8_83seqs	1	181
r8_83seqs	1	181
r8_83seqs	1	178
r8_83seqs	2	178
r8_83seqs	1	181
r8_83seqs	1	178
r8_83seqs	2	178
r8_83seqs	1	178
r8_83seqs	1	178
r8_83seqs	2	178
r8_83seqs	1	164
r8_83seqs	1	181
r8_83seqs	2	178
r8_83seqs	1	180
r8_83seqs	1	180
r8_83seqs	1	180
r8_83seqs	1	181
r8_83seqs	1	181
r8_83seqs	1	178
r8_83seqs	1	181
r8_83seqs	1	181
r8_83seqs	1	178
r8_83seqs	1	177
r8_83seqs	1	181
r8_83seqs	1	181
r8_83seqs	1	177
r8_83seqs	1	177
r8_83seqs	1	181
r8_83seqs	2	181
r8_83seqs	1	178
r8_83seqs	1	178
r8_83seqs	1	181
r8_83seqs	2	178
r8_83seqs	1	181
r8_83seqs	1	180
r8_83seqs	1	181
r8_83seqs	1	178
r8_83seqs	1	181
r8_83seqs	1	181
r8_83seqs	17	178
r8_83seqs	1	178
r8_83seqs	1	178
r8_83seqs	1	178
r8_83seqs	1	178
r8_83seqs	1	178
r8_83seqs	1	178
r8_83seqs	2	170
r8_83seqs	2	178
r8_83seqs	1	174
r8_83seqs	1	181
r8_83seqs	7	179
r8_83seqs	3	181
r8_83seqs	1	181
r8_83seqs	1	181
r8_83seqs	1	178
r8_83seqs	1	181
r8_83seqs	1	180
r8_83seqs	2	181
r8_83seqs	1	180
r8_83seqs	6	181
r8_83seqs	1	178
r8_83seqs	2	181
r8_83seqs	2	180
r8_83seqs	1	178
r8_83seqs	1	178
r8_83seqs	1	181
r8_83seqs	1	181
r8_83seqs	1	181
r8_83seqs	1	181
r8_83seqs	1	181
r8_83seqs	1	181
r8_83seqs	1	181
r8_83seqs	1	178
r8_83seqs	1	178
r8_83seqs	1	178
r8_83seqs	1	181
r8_83seqs	1	178
r8_83seqs	1	178
r8_83seqs	1	181
r8_83seqs	1	181
r8_83seqs	1	181
r8_83seqs	1	181
r8_83seqs	1	178
r8_83seqs	1	176
r8_83seqs	2	178
r8_83seqs	6	181
r8_83seqs	1	181
r8_83seqs	3	178
r8_83seqs	1	181
r8_83seqs	1	181
r8_83seqs	1	181
r8_83seqs	1	181
r8_83seqs	1	181
r8_83seqs	1	181
r8_83seqs	1	181
r8_83seqs	1	165
r8_83seqs	8	181
r8_83seqs	1	180
r8_83seqs	1	177
r8_83seqs	2	181
r8_83seqs	2	181
r8_83seqs	4	180
r8_83seqs	3	181
r8_83seqs	2	181
r8_83seqs	1	180
r8_83seqs	1	177
r8_83seqs	1	180
r8_83seqs	1	180
r8_83seqs	1	181
r8_83seqs	1	181
r8_83seqs	1	178
r8_83seqs	1	166
r8_83seqs	1	181
r8_83seqs	1	181
r8_83seqs	1	181
r8_83seqs	2	176
r8_83seqs	1	181
r8_83seqs	1	181
r8_83seqs	1	181
r8_83seqs	1	180
r8_83seqs	1	181
r8_83seqs	1	181
r8_83seqs	1	181
r8_83seqs	1	181
r8_83seqs	1	181
r8_83seqs	1	181
r8_83seqs	1	181
r8_83seqs	1	181
r8_83seqs	1	181
r8_83seqs	1	181
r8_83seqs	1	177
r8_83seqs	1	181
r8_83seqs	1	178
r8_83seqs	1	181
r8_83seqs	1	181
r8_83seqs	1	164
r8_83seqs	1	164
r8_83seqs	1	164
r8_83seqs	1	164
r8_83seqs	1	178
r8_83seqs	1	179
r8_83seqs	1	181
r8_83seqs	1	178
r8_83seqs	1	178
r8_83seqs	6	177
r8_83seqs	1	178
r8_83seqs	1	177
r8_83seqs	1	180
r8_83seqs	1	177
r8_83seqs	2	181
r8_83seqs	1	177
r8_83seqs	1	181
r8_83seqs	1	180
r8_83seqs	1	177
r8_83seqs	2	178
r8_83seqs	1	181
r8_83seqs	1	180
r8_83seqs	2	181
r8_83seqs	1	177
r8_83seqs	1	178
r8_83seqs	1	181
r8_83seqs	2	178
r8_83seqs	1	176
r8_83seqs	1	178
r8_83seqs	1	177
r8_83seqs	1	181
r8_83seqs	2	176
r8_83seqs	1	181
r8_83seqs	1	181
r8_83seqs	2	179
r8_83seqs	1	181
r8_83seqs	1	181
r8_83seqs	1	181
r8_83seqs	1	177
r8_83seqs	1	181
r8_83seqs	1	180
r8_83seqs	1	180
r8_83seqs	1	181
r8_83seqs	1	181
r8_83seqs	1	180
r8_83seqs	1	181
r8_83seqs	1	178
r8_83seqs	2	179
r8_83seqs	1	178
r8_83seqs	1	178
r8_83seqs	1	178
r8_83seqs	1	178
r8_83seqs	2	178
r8_83seqs	1	178
r8_83seqs	22	170
r8_83seqs	9	181
r8_83seqs	2	180
r8_83seqs	1	178
r8_83seqs	1	181
r8_83seqs	2	181
r8_83seqs	1	164
r8_83seqs	1	181
r8_83seqs	1	178
r8_83seqs	1	181
r8_83seqs	1	178
r8_83seqs	1	179
r8_83seqs	1	181
r8_83seqs	1	174
r8_83seqs	1	174
r8_83seqs	1	180
r8_83seqs	1	180
r8_83seqs	1	180
r8_83seqs	1	180
r8_83seqs	1	180
r8_83seqs	1	179
r8_83seqs	1	180
r8_83seqs	1	180
r8_83seqs	1	181
r8_83seqs	4	177
r8_83seqs	1	178
r8_83seqs	1	165
r8_83seqs	1	163
r8_83seqs	1	178
r8_83seqs	1	179
r8_83seqs	1	181
r8_83seqs	1	178
r8_83seqs	1	178
r8_83seqs	1	181
r8_83seqs	1	181
r8_83seqs	1	181
r8_83seqs	1	178
r8_83seqs	1	181
r8_83seqs	1	181
r8_83seqs	1	181
r8_83seqs	1	181
r8_83seqs	1	178
r8_83seqs	1	178
r8_83seqs	1	178
r8_83seqs	1	178
r8_83seqs	1	178
r8_83seqs	1	178
r8_83seqs	1	178
r8_83seqs	1	178
r8_83seqs	1	181
r8_83seqs	1	181
r8_83seqs	1	178
r8_83seqs	1	178
r8_83seqs	1	178
r8_83seqs	1	178
r8_83seqs	1	179
r8_83seqs	1	181
r8_83seqs	1	181
r8_83seqs	1	180
r8_83seqs	2	181
r8_83seqs	1	181
r8_83seqs	1	181
r8_83seqs	1	181
r8_83seqs	1	181
r8_83seqs	1	181
r8_83seqs	1	181
r8_83seqs	1	181
r8_83seqs	1	181
r8_83seqs	1	181
r8_83seqs	1	181
r8_83seqs	6	181
r8_83seqs	1	179
r8_83seqs	1	164
r8_83seqs	1	180
r8_83seqs	1	180
r8_83seqs	2	177
r8_83seqs	1	180
r8_83seqs	1	180
r8_83seqs	1	181
r8_83seqs	1	181
r8_83seqs	3	181
r8_83seqs	1	181
r8_83seqs	1	178
r8_83seqs	1	181
r8_83seqs	1	174
r8_83seqs	1	178
r8_83seqs	1	172
r8_83seqs	10	178
r8_83seqs	1	181
r8_83seqs	1	181
r8_83seqs	7	180
r8_83seqs	5	181
r8_83seqs	2	181
r8_83seqs	1	181
r8_83seqs	1	181
r8_83seqs	1	181
r8_83seqs	1	181
r8_83seqs	1	178
r8_83seqs	1	181
r8_83seqs	1	181
r8_83seqs	1	181
r8_83seqs	1	181
r8_83seqs	2	180
r8_83seqs	1	181
r8_83seqs	1	181
r8_83seqs	1	181
r8_83seqs	1	181
r8_83seqs	1	181
r8_83seqs	1	181
r8_83seqs	1	178
r8_83seqs	1	181
r8_83seqs	1	178
r8_83seqs	1	178
r8_83seqs	1	181
r8_83seqs	1	181
r8_83seqs	1	181
r8_83seqs	1	181
r8_83seqs	1	181
r8_83seqs	1	179
r8_83seqs	1	164
r8_83seqs	1	164
r8_83seqs	1	179
r8_83seqs	1	181
r8_83seqs	1	177
r8_83seqs	1	181
r8_83seqs	1	164
r8_83seqs	1	181
r8_83seqs	1	181
r8_83seqs	2	180
r8_83seqs	1	164
r8_83seqs	1	181
r8_83seqs	1	179
r8_83seqs	1	179
r8_83seqs	1	178
r8_83seqs	1	178
r8_83seqs	1	178
r8_83seqs	1	181
r8_83seqs	1	178
r8_83seqs	1	181
r8_83seqs	6	179
r8_83seqs	3	176
r8_83seqs	1	179
r8_83seqs	1	177
r8_83seqs	1	181
r8_83seqs	2	180
r8_83seqs	1	177
r8_83seqs	1	181
r8_83seqs	1	180
r8_83seqs	1	181
r8_83seqs	1	180
r8_83seqs	1	181
r8_83seqs	8	181
r8_83seqs	1	181
r8_83seqs	1	180
r8_83seqs	1	181
r8_83seqs	6	181
r8_83seqs	1	164
r8_83seqs	1	175
r8_83seqs	1	181
r8_83seqs	1	181
r8_83seqs	1	181
r8_83seqs	1	181
r8_83seqs	1	181
r8_83seqs	1	181
r8_83seqs	1	181
r8_83seqs	1	181
r8_83seqs	1	181
r8_83seqs	1	178
r8_83seqs	1	178
r8_83seqs	1	177
r8_83seqs	1	178
r8_83seqs	1	181
r8_83seqs	1	181
r8_83seqs	1	164
r8_83seqs	1	164
r8_83seqs	2	181
r8_83seqs	3	175
r8_83seqs	12	178
r8_83seqs	9	181
r8_83seqs	2	181
r8_83seqs	1	179
r8_83seqs	1	178
r8_83seqs	1	181
r8_83seqs	1	181
r8_83seqs	1	181
r8_83seqs	1	181
r8_83seqs	1	181
r8_83seqs	2	176
r8_83seqs	1	181
r8_83seqs	1	178
r8_83seqs	1	180
r8_83seqs	2	178
r8_83seqs	1	180
r8_83seqs	1	180
r8_83seqs	1	180
r8_83seqs	1	180
r8_83seqs	1	180
r8_83seqs	1	179
r8_83seqs	1	181
r8_83seqs	2	181
r8_83seqs	1	181
r8_83seqs	1	181
r8_83seqs	1	180
r8_83seqs	1	180
r8_83seqs	1	181
r8_83seqs	1	181
r8_83seqs	1	165
r8_83seqs	1	178
r8_83seqs	1	163
r8_83seqs	1	180
r8_83seqs	1	178
r8_83seqs	1	181
r8_83seqs	1	180
r8_83seqs	1	178
r8_83seqs	1	181
r8_83seqs	1	178
r8_83seqs	1	181
r8_83seqs	1	181
r8_83seqs	1	181
r8_83seqs	1	181
r8_83seqs	1	178
r8_83seqs	1	178
r8_83seqs	1	178
r8_83seqs	1	181
r8_83seqs	1	181
r8_83seqs	1	181
r8_83seqs	1	178
r8_83seqs	1	178
r8_83seqs	1	178
r8_83seqs	1	178
r8_83seqs	1	178
r8_83seqs	1	181
r8_83seqs	1	181
r8_83seqs	1	181
r8_83seqs	1	181
r8_83seqs	1	170
r8_83seqs	1	179
r8_83seqs	1	181
r8_83seqs	1	176
r8_83seqs	1	181
r8_83seqs	1	178
r8_83seqs	1	179
r8_83seqs	1	181
r8_83seqs	1	181
r8_83seqs	1	181
r8_83seqs	1	178
r8_83seqs	1	170
r8_83seqs	1	181
r8_83seqs	1	179
r8_83seqs	1	181
r8_83seqs	1	178
r8_83seqs	1	165
r8_83seqs	2	175
r8_83seqs	1	180
r8_83seqs	1	181
r8_83seqs	2	181
r8_83seqs	1	164
r8_83seqs	1	178
r8_83seqs	1	179
r8_83seqs	2	181
r8_83seqs	2	181
r8_83seqs	2	178
r8_83seqs	1	178
r8_83seqs	1	181
r8_83seqs	1	181
r8_83seqs	1	179
r8_83seqs	1	178
r8_83seqs	1	178
r8_83seqs	1	181
r8_83seqs	1	178
r8_83seqs	1	181
r8_83seqs	14	180
r8_83seqs	1	178
r8_83seqs	1	178
r8_83seqs	1	181
r8_83seqs	1	181
r8_83seqs	1	181
r8_83seqs	1	181
r8_83seqs	1	181
r8_83seqs	1	181
r8_83seqs	1	178
r8_83seqs	1	178
r8_83seqs	1	181
r8_83seqs	1	181
r8_83seqs	1	181
r8_83seqs	1	181
r8_83seqs	1	181
r8_83seqs	1	181
r8_83seqs	1	181
r8_83seqs	3	181
r8_83seqs	1	181
r8_83seqs	1	181
r8_83seqs	1	181
r8_83seqs	1	171
r8_83seqs	1	179
r8_83seqs	1	177
r8_83seqs	1	181
r8_83seqs	1	181
r8_83seqs	1	181
r8_83seqs	1	174
r8_83seqs	1	164
r8_83seqs	1	164
r8_83seqs	1	164
r8_83seqs	1	170
r8_83seqs	1	175
r8_83seqs	1	181
r8_83seqs	1	178
r8_83seqs	1	164
r8_83seqs	1	181
r8_83seqs	1	178
r8_83seqs	2	178
r8_83seqs	2	181
r8_83seqs	1	164
r8_83seqs	1	181
r8_83seqs	1	181
r8_83seqs	2	178
r8_83seqs	2	181
r8_83seqs	2	181
r8_83seqs	2	178
r8_83seqs	1	181
r8_83seqs	2	178
r8_83seqs	2	180
r8_83seqs	1	180
r8_83seqs	1	181
r8_83seqs	9	178
r8_83seqs	1	178
r8_83seqs	1	181
r8_83seqs	1	181
r8_83seqs	1	181
r8_83seqs	1	181
r8_83seqs	1	181
r8_83seqs	1	181
r8_83seqs	1	181
r8_83seqs	1	181
r8_83seqs	1	181
r8_83seqs	1	180
r8_83seqs	1	181
r8_83seqs	2	178
r8_83seqs	1	181
r8_83seqs	1	180
r8_83seqs	1	181
r8_83seqs	1	178
r8_83seqs	1	178
r8_83seqs	1	181
r8_83seqs	1	178
r8_83seqs	1	181
r8_83seqs	2	178
r8_83seqs	1	164
r8_83seqs	1	179
r8_83seqs	1	179
r8_83seqs	1	181
r8_83seqs	1	179
r8_83seqs	1	180
r8_83seqs	1	181
r8_83seqs	1	181
r8_83seqs	1	181
r8_83seqs	1	178
r8_83seqs	1	181
r8_83seqs	1	175
r8_83seqs	4	181
r8_83seqs	1	181
r8_83seqs	1	181
r8_83seqs	2	181
r8_83seqs	2	181
r8_83seqs	1	181
r8_83seqs	1	176
r8_83seqs	5	178
r8_83seqs	1	180
r8_83seqs	1	162
r8_83seqs	1	176
r8_83seqs	1	180
r8_83seqs	1	180
r8_83seqs	1	180
r8_83seqs	1	165
r8_83seqs	1	178
r8_83seqs	1	181
r8_83seqs	1	178
r8_83seqs	1	174
r8_83seqs	1	181
r8_83seqs	1	180
r8_83seqs	1	163
r8_83seqs	1	164
r8_83seqs	7	181
r8_83seqs	1	178
r8_83seqs	1	181
r8_83seqs	1	178
r8_83seqs	1	181
r8_83seqs	1	178
r8_83seqs	1	178
r8_83seqs	1	177
r8_83seqs	1	178
r8_83seqs	1	181
r8_83seqs	1	178
r8_83seqs	1	181
r8_83seqs	1	181
r8_83seqs	1	181
r8_83seqs	1	178
r8_83seqs	1	181
r8_83seqs	1	178
r8_83seqs	1	178
r8_83seqs	1	181
r8_83seqs	1	181
r8_83seqs	1	178
r8_83seqs	1	181
r8_83seqs	1	178
r8_83seqs	1	181
r8_83seqs	1	178
r8_83seqs	1	181
r8_83seqs	9	180
r8_83seqs	2	177
r8_83seqs	2	179
r8_83seqs	1	178
r8_83seqs	1	181
r8_83seqs	1	178
r8_83seqs	6	164
r8_83seqs	1	165
r8_83seqs	1	164
r8_83seqs	1	180
r8_83seqs	3	179
r8_83seqs	1	180
r8_83seqs	1	180
r8_83seqs	2	178
r8_83seqs	2	181
r8_83seqs	1	181
r8_83seqs	1	181
r8_83seqs	2	178
r8_83seqs	1	181
r8_83seqs	1	178
r8_83seqs	1	178
r8_83seqs	17	177
r8_83seqs	9	180
r8_83seqs	1	178
r8_83seqs	1	175
r8_83seqs	1	178
r8_83seqs	1	181
r8_83seqs	1	178
r8_83seqs	1	178
r8_83seqs	1	181
r8_83seqs	1	181
r8_83seqs	1	181
r8_83seqs	1	178
r8_83seqs	1	180
r8_83seqs	1	181
r8_83seqs	1	178
r8_83seqs	2	181
r8_83seqs	1	181
r8_83seqs	1	181
r8_83seqs	1	181
r8_83seqs	1	181
r8_83seqs	1	178
r8_83seqs	1	181
r8_83seqs	1	181
r8_83seqs	1	181
r8_83seqs	1	181
r8_83seqs	1	181
r8_83seqs	1	178
r8_83seqs	1	178
r8_83seqs	1	178
r8_83seqs	1	178
r8_83seqs	1	181
r8_83seqs	1	181
r8_83seqs	1	164
r8_83seqs	1	164
r8_83seqs	1	164
r8_83seqs	18	178
r8_83seqs	1	163
r8_83seqs	1	164
r8_83seqs	1	164
r8_83seqs	1	179
r8_83seqs	1	181
r8_83seqs	2	176
r8_83seqs	5	181
r8_83seqs	1	179
r8_83seqs	1	176
r8_83seqs	2	180
r8_83seqs	1	181
r8_83seqs	1	164
r8_83seqs	1	164
r8_83seqs	1	178
r8_83seqs	1	181
r8_83seqs	1	181
r8_83seqs	1	177
r8_83seqs	1	177
r8_83seqs	1	181
r8_83seqs	2	181
r8_83seqs	5	181
r8_83seqs	1	180
r8_83seqs	1	180
r8_83seqs	1	180
r8_83seqs	1	178
r8_83seqs	1	177
r8_83seqs	1	178
r8_83seqs	1	178
r8_83seqs	1	177
r8_83seqs	1	181
r8_83seqs	28	178
r8_83seqs	1	181
r8_83seqs	2	170
r8_83seqs	1	181
r8_83seqs	1	181
r8_83seqs	1	181
r8_83seqs	1	181
r8_83seqs	1	181
r8_83seqs	1	181
r8_83seqs	1	181
r8_83seqs	1	181
r8_83seqs	2	178
r8_83seqs	1	181
r8_83seqs	2	178
r8_83seqs	1	181
r8_83seqs	1	181
r8_83seqs	1	181
r8_83seqs	1	181
r8_83seqs	2	181
r8_83seqs	1	178
r8_83seqs	1	179
r8_83seqs	1	178
r8_83seqs	1	181
r8_83seqs	5	178
r8_83seqs	1	164
r8_83seqs	1	164
r8_83seqs	1	164
r8_83seqs	1	170
r8_83seqs	1	179
r8_83seqs	1	158
r8_83seqs	9	181
r8_83seqs	1	180
r8_83seqs	1	178
r8_83seqs	1	181
r8_83seqs	1	181
r8_83seqs	1	178
r8_83seqs	1	180
r8_83seqs	1	166
r8_83seqs	1	181
r8_83seqs	1	177
r8_83seqs	2	181
r8_83seqs	1	180
r8_83seqs	1	181
r8_83seqs	1	181
r8_83seqs	2	180
r8_83seqs	1	181
r8_83seqs	1	178
r8_83seqs	7	178
r8_83seqs	1	178
r8_83seqs	1	181
r8_83seqs	1	178
r8_83seqs	8	179
r8_83seqs	1	181
r8_83seqs	1	181
r8_83seqs	1	181
r8_83seqs	1	181
r8_83seqs	7	181
r8_83seqs	1	178
r8_83seqs	1	178
r8_83seqs	1	181
r8_83seqs	1	181
r8_83seqs	2	173
r8_83seqs	1	181
r8_83seqs	1	178
r8_83seqs	7	177
r8_83seqs	1	164
r8_83seqs	1	164
r8_83seqs	1	170
r8_83seqs	2	172
r8_83seqs	1	178
r8_83seqs	1	178
r8_83seqs	1	181
r8_83seqs	1	180
r8_83seqs	1	181
r8_83seqs	1	181
r8_83seqs	1	177
r8_83seqs	2	178
r8_83seqs	1	180
r8_83seqs	2	181
r8_83seqs	2	166
r8_83seqs	1	164
r8_83seqs	1	180
r8_83seqs	2	181
r8_83seqs	1	181
r8_83seqs	1	181
r8_83seqs	1	164
r8_83seqs	1	178
r8_83seqs	1	178
r8_83seqs	2	164
r8_83seqs	1	179
r8_83seqs	1	163
r8_83seqs	1	166
r8_83seqs	1	178
r8_83seqs	1	181
r8_83seqs	4	181
r8_83seqs	1	181
r8_83seqs	5	181
r8_83seqs	1	181
r8_83seqs	1	181
r8_83seqs	1	178
r8_83seqs	1	181
r8_83seqs	1	178
r8_83seqs	1	181
r8_83seqs	1	181
r8_83seqs	1	181
r8_83seqs	1	181
r8_83seqs	1	172
r8_83seqs	1	181
r8_83seqs	1	181
r8_83seqs	5	178
r8_83seqs	1	178
r8_83seqs	1	181
r8_83seqs	1	178
r8_83seqs	1	181
r8_83seqs	1	178
r8_83seqs	1	181
r8_83seqs	1	181
r8_83seqs	1	181
r8_83seqs	2	180
r8_83seqs	1	164
r8_83seqs	9	181
r8_83seqs	1	179
r8_83seqs	1	164
r8_83seqs	1	179
r8_83seqs	5	178
r8_83seqs	1	180
r8_83seqs	1	180
r8_83seqs	1	180
r8_83seqs	2	178
r8_83seqs	1	153
r8_83seqs	1	178
r8_83seqs	1	181
r8_83seqs	1	181
r8_83seqs	1	181
r8_83seqs	1	178
r8_83seqs	1	180
r8_83seqs	1	180
r8_83seqs	2	181
r8_83seqs	3	178
r8_83seqs	1	177
r8_83seqs	1	175
r8_83seqs	4	178
r8_83seqs	1	181
r8_83seqs	1	181
r8_83seqs	1	181
r8_83seqs	1	181
r8_83seqs	1	181
r8_83seqs	1	181
r8_83seqs	1	181
r8_83seqs	1	178
r8_83seqs	1	181
r8_83seqs	2	180
r8_83seqs	1	165
r8_83seqs	2	164
r8_83seqs	1	180
r8_83seqs	1	158
r8_83seqs	1	164
r8_83seqs	1	179
r8_83seqs	1	181
r8_83seqs	9	181
r8_83seqs	1	176
r8_83seqs	1	178
r8_83seqs	1	181
r8_83seqs	1	164
r8_83seqs	1	178
r8_83seqs	6	178
r8_83seqs	1	181
r8_83seqs	1	181
r8_83seqs	1	164
r8_83seqs	1	181
r8_83seqs	1	165
r8_83seqs	17	178
r8_83seqs	1	177
r8_83seqs	2	178
r8_83seqs	1	175
r8_83seqs	1	180
r8_83seqs	1	180
r8_83seqs	2	181
r8_83seqs	2	181
r8_83seqs	2	181
r8_83seqs	1	180
r8_83seqs	1	180
r8_83seqs	1	180
r8_83seqs	1	181
r8_83seqs	1	181
r8_83seqs	1	163
r8_83seqs	1	169
r8_83seqs	16	181
r8_83seqs	1	164
r8_83seqs	1	175
r8_83seqs	1	181
r8_83seqs	1	178
r8_83seqs	1	181
r8_83seqs	1	178
r8_83seqs	1	181
r8_83seqs	1	181
r8_83seqs	1	181
r8_83seqs	1	181
r8_83seqs	1	178
r8_83seqs	1	178
r8_83seqs	1	178
r8_83seqs	1	178
r8_83seqs	1	178
r8_83seqs	1	181
r8_83seqs	1	181
r8_83seqs	1	181
r8_83seqs	1	160
r8_83seqs	1	164
r8_83seqs	1	179
r8_83seqs	1	181
r8_83seqs	1	181
r8_83seqs	1	180
r8_83seqs	1	181
r8_83seqs	1	181
r8_83seqs	1	181
r8_83seqs	1	181
r8_83seqs	1	180
r8_83seqs	1	181
r8_83seqs	1	181
r8_83seqs	1	181
r8_83seqs	1	180
r8_83seqs	1	178
r8_83seqs	1	180
r8_83seqs	1	180
r8_83seqs	1	180
r8_83seqs	1	180
r8_83seqs	1	180
r8_83seqs	1	165
r8_83seqs	1	180
r8_83seqs	2	181
r8_83seqs	1	181
r8_83seqs	1	178
r8_83seqs	1	181
r8_83seqs	1	181
r8_83seqs	1	181
r8_83seqs	1	178
r8_83seqs	1	181
r8_83seqs	1	181
r8_83seqs	1	181
r8_83seqs	3	181
r8_83seqs	1	181
r8_83seqs	1	181
r8_83seqs	1	181
r8_83seqs	1	178
r8_83seqs	1	181
r8_83seqs	1	181
r8_83seqs	1	178
r8_83seqs	1	181
r8_83seqs	1	181
r8_83seqs	1	181
r8_83seqs	1	163
r8_83seqs	1	172
r8_83seqs	1	170
r8_83seqs	1	176
r8_83seqs	19	178
r8_83seqs	1	180
r8_83seqs	1	178
r8_83seqs	1	181
r8_83seqs	1	178
r8_83seqs	1	164
r8_83seqs	1	179
r8_83seqs	1	164
r8_83seqs	1	178
r8_83seqs	1	180
r8_83seqs	1	180
r8_83seqs	1	176
r8_83seqs	1	178
r8_83seqs	2	178
r8_83seqs	1	181
r8_83seqs	1	181
r8_83seqs	5	178
r8_83seqs	1	164
r8_83seqs	2	164
r8_83seqs	10	181
r8_83seqs	1	164
r8_83seqs	2	179
r8_83seqs	1	177
r8_83seqs	1	181
r8_83seqs	1	181
r8_83seqs	7	178
r8_83seqs	1	181
r8_83seqs	1	181
r8_83seqs	1	181
r8_83seqs	1	178
r8_83seqs	1	181
r8_83seqs	1	180
r8_83seqs	1	181
r8_83seqs	2	181
r8_83seqs	1	178
r8_83seqs	1	179
r8_83seqs	1	181
r8_83seqs	1	164
r8_83seqs	1	181
r8_83seqs	1	178
r8_83seqs	1	181
r8_83seqs	1	178
r8_83seqs	1	181
r8_83seqs	1	181
r8_83seqs	1	178
r8_83seqs	2	178
r8_83seqs	1	181
r8_83seqs	1	178
r8_83seqs	2	181
r8_83seqs	1	181
r8_83seqs	1	178
r8_83seqs	1	181
r8_83seqs	1	180
r8_83seqs	1	181
r8_83seqs	4	178
r8_83seqs	1	178
r8_83seqs	1	181
r8_83seqs	1	164
r8_83seqs	1	178
r8_83seqs	1	181
r8_83seqs	3	181
r8_83seqs	1	181
r8_83seqs	1	164
r8_83seqs	1	181
r8_83seqs	1	181
r8_83seqs	1	181
r8_83seqs	1	178
r8_83seqs	1	164
r8_83seqs	1	181
r8_83seqs	1	178
r8_83seqs	1	181
r8_83seqs	1	180
r8_83seqs	1	167
r8_83seqs	1	181
r8_83seqs	1	178
r8_83seqs	1	181
r8_83seqs	1	181
r8_83seqs	1	180
r8_83seqs	1	181
r8_83seqs	1	181
r8_83seqs	1	180
r8_83seqs	1	181
r8_83seqs	1	181
r8_83seqs	1	181
r8_83seqs	1	181
r8_83seqs	1	178
r8_83seqs	2	178
r8_83seqs	2	178
r8_83seqs	1	181
r8_83seqs	2	181
r8_83seqs	10	181
r8_83seqs	1	181
r8_83seqs	1	181
r8_83seqs	1	180
r8_83seqs	2	178
r8_83seqs	1	181
r8_83seqs	2	181
r8_83seqs	1	181
r8_83seqs	6	181
r8_83seqs	1	178
r8_83seqs	1	178
r8_83seqs	3	164
r8_83seqs	1	180
r8_83seqs	1	166
r8_83seqs	1	181
r8_83seqs	1	164
r8_83seqs	24	178
r8_83seqs	1	164
r8_83seqs	1	164
r8_83seqs	2	164
r8_83seqs	1	165
r8_83seqs	1	180
r8_83seqs	1	180
r8_83seqs	2	181
r8_83seqs	2	178
r8_83seqs	1	180
r8_83seqs	1	181
r8_83seqs	1	178
r8_83seqs	9	178
r8_83seqs	1	181
r8_83seqs	1	181
r8_83seqs	1	178
r8_83seqs	1	181
r8_83seqs	1	164
r8_83seqs	1	177
r8_83seqs	1	180
r8_83seqs	1	180
r8_83seqs	2	181
r8_83seqs	1	181
r8_83seqs	1	180
r8_83seqs	1	177
r8_83seqs	5	181
r8_83seqs	31	178
r8_83seqs	8	164
r8_83seqs	1	181
r8_83seqs	1	181
r8_83seqs	1	177
r8_83seqs	1	181
r8_83seqs	1	181
r8_83seqs	1	181
r8_83seqs	1	178
r8_83seqs	1	180
r8_83seqs	1	181
r8_83seqs	1	170
r8_83seqs	1	164
r8_83seqs	1	181
r8_83seqs	1	164
r8_83seqs	1	181
r8_83seqs	1	178
r8_83seqs	1	179
r8_83seqs	6	164
r8_83seqs	2	178
r8_83seqs	1	180
r8_83seqs	11	178
r8_83seqs	2	181
r8_83seqs	1	180
r8_83seqs	1	178
r8_83seqs	6	178
r8_83seqs	1	181
r8_83seqs	1	181
r8_83seqs	1	181
r8_83seqs	1	180
r8_83seqs	1	179
r8_83seqs	1	180
r8_83seqs	1	172
r8_83seqs	1	172
r8_83seqs	1	181
r8_83seqs	2	181
r8_83seqs	1	181
r8_83seqs	1	178
r8_83seqs	1	181
r8_83seqs	1	181
r8_83seqs	2	179
r8_83seqs	2	177
r8_83seqs	2	179
r8_83seqs	1	181
r8_83seqs	6	178
r8_83seqs	1	181
r8_83seqs	1	181
r8_83seqs	1	164
r8_83seqs	1	164
r8_83seqs	1	174
r8_83seqs	1	164
r8_83seqs	1	179
r8_83seqs	1	181
r8_83seqs	1	178
r8_83seqs	1	178
r8_83seqs	1	178
r8_83seqs	1	164
r8_83seqs	1	178
r8_83seqs	1	181
r8_83seqs	5	181
r8_83seqs	1	180
r8_83seqs	6	181
r8_83seqs	2	181
r8_83seqs	1	181
r8_83seqs	1	181
r8_83seqs	2	181
r8_83seqs	1	180
r8_83seqs	1	163
r8_83seqs	1	181
r8_83seqs	1	180
r8_83seqs	1	178
r8_83seqs	1	181
r8_83seqs	1	181
r8_83seqs	1	181
r8_83seqs	1	181
r8_83seqs	1	181
r8_83seqs	1	173
r8_83seqs	1	178
r8_83seqs	1	181
r8_83seqs	1	181
r8_83seqs	1	181
r8_83seqs	1	178
r8_83seqs	1	164
r8_83seqs	1	181
r8_83seqs	1	179
r8_83seqs	1	178
r8_83seqs	1	164
r8_83seqs	17	181
r8_83seqs	29	178
r8_83seqs	1	180
r8_83seqs	2	181
r8_83seqs	3	181
r8_83seqs	1	176
r8_83seqs	1	180
r8_83seqs	1	178
r8_83seqs	1	166
r8_83seqs	16	181
r8_83seqs	1	178
r8_83seqs	1	164
r8_83seqs	1	181
r8_83seqs	1	181
r8_83seqs	1	181
r8_83seqs	1	179
r8_83seqs	1	178
r8_83seqs	1	178
r8_83seqs	1	178
r8_83seqs	1	178
r8_83seqs	1	181
r8_83seqs	20	180
r8_83seqs	1	163
r8_83seqs	1	163
r8_83seqs	19	181
r8_83seqs	17	180
r8_83seqs	1	164
r8_83seqs	1	170
r8_83seqs	1	170
r8_83seqs	1	165
r8_83seqs	1	181
r8_83seqs	1	180
r8_83seqs	1	181
r8_83seqs	1	181
r8_83seqs	2	181
r8_83seqs	1	164
r8_83seqs	1	164
r8_83seqs	1	180
r8_83seqs	1	180
r8_83seqs	5	178
r8_83seqs	1	180
r8_83seqs	1	181
r8_83seqs	1	181
r8_83seqs	1	181
r8_83seqs	1	180
r8_83seqs	1	151
r8_83seqs	1	163
r8_83seqs	1	181
r8_83seqs	1	181
r8_83seqs	2	171
r8_83seqs	1	181
r8_83seqs	2	178
r8_83seqs	1	181
r8_83seqs	1	181
r8_83seqs	1	181
r8_83seqs	1	181
r8_83seqs	1	181
r8_83seqs	1	180
r8_83seqs	1	181
r8_83seqs	1	178
r8_83seqs	1	181
r8_83seqs	1	180
r8_83seqs	1	178
r8_83seqs	1	181
r8_83seqs	1	181
r8_83seqs	1	166
r8_83seqs	1	164
r8_83seqs	1	170
r8_83seqs	1	164
r8_83seqs	1	173
r8_83seqs	1	164
r8_83seqs	1	180
r8_83seqs	1	181
r8_83seqs	1	181
r8_83seqs	1	181
r8_83seqs	1	181
r8_83seqs	1	177
r8_83seqs	2	175
r8_83seqs	1	180
r8_83seqs	2	181
r8_83seqs	7	180
r8_83seqs	2	181
r8_83seqs	1	181
r8_83seqs	1	178
r8_83seqs	1	181
r8_83seqs	1	180
r8_83seqs	3	180
r8_83seqs	1	165
r8_83seqs	1	175
r8_83seqs	1	178
r8_83seqs	1	177
r8_83seqs	1	178
r8_83seqs	1	181
r8_83seqs	1	181
r8_83seqs	1	164
r8_83seqs	1	181
r8_83seqs	1	181
r8_83seqs	1	178
r8_83seqs	1	178
r8_83seqs	1	181
r8_83seqs	21	178
r8_83seqs	1	165
r8_83seqs	2	181
r8_83seqs	1	176
r8_83seqs	1	181
r8_83seqs	1	181
r8_83seqs	1	164
r8_83seqs	1	181
r8_83seqs	1	180
r8_83seqs	1	178
r8_83seqs	1	178
r8_83seqs	1	181
r8_83seqs	1	164
r8_83seqs	1	181
r8_83seqs	1	181
r8_83seqs	1	178
r8_83seqs	8	181
r8_83seqs	1	181
r8_83seqs	1	181
r8_83seqs	1	181
r8_83seqs	2	164
r8_83seqs	1	164
r8_83seqs	1	181
r8_83seqs	10	164
r8_83seqs	1	178
r8_83seqs	1	179
r8_83seqs	1	181
r8_83seqs	1	181
r8_83seqs	1	177
r8_83seqs	1	164
r8_83seqs	1	181
r8_83seqs	1	164
r8_83seqs	1	166
r8_83seqs	1	181
r8_83seqs	1	181
r8_83seqs	1	181
r8_83seqs	1	181
r8_83seqs	1	177
r8_83seqs	1	163
r8_83seqs	1	178
r8_83seqs	1	181
r8_83seqs	1	181
r8_83seqs	1	181
r8_83seqs	1	181
r8_83seqs	3	180
r8_83seqs	1	181
r8_83seqs	1	181
r8_83seqs	1	181
r8_83seqs	1	181
r8_83seqs	1	181
r8_83seqs	1	181
r8_83seqs	1	164
r8_83seqs	1	165
r8_83seqs	1	164
r8_83seqs	1	181
r8_83seqs	1	181
r8_83seqs	1	181
r8_83seqs	1	178
r8_83seqs	1	181
r8_83seqs	1	179
r8_83seqs	1	168
r8_83seqs	17	181
r8_83seqs	6	181
r8_83seqs	1	174
r8_83seqs	1	181
r8_83seqs	1	178
r8_83seqs	1	181
r8_83seqs	1	181
r8_83seqs	1	181
r8_83seqs	1	179
r8_83seqs	1	180
r8_83seqs	1	181
r8_83seqs	1	181
r8_83seqs	1	178
r8_83seqs	2	164
r8_83seqs	1	164
r8_83seqs	1	181
r8_83seqs	1	167
r8_83seqs	1	164
r8_83seqs	5	178
r8_83seqs	1	180
r8_83seqs	1	181
r8_83seqs	1	180
r8_83seqs	1	180
r8_83seqs	1	181
r8_83seqs	1	181
r8_83seqs	1	181
r8_83seqs	1	181
r8_83seqs	1	178
r8_83seqs	1	180
r8_83seqs	1	181
r8_83seqs	1	153
r8_83seqs	1	180
r8_83seqs	1	181
r8_83seqs	1	181
r8_83seqs	5	181
r8_83seqs	2	181
r8_83seqs	2	178
r8_83seqs	1	181
r8_83seqs	7	181
r8_83seqs	35	180
r8_83seqs	1	164
r8_83seqs	1	173
r8_83seqs	1	181
r8_83seqs	2	180
r8_83seqs	1	170
r8_83seqs	1	177
r8_83seqs	1	181
r8_83seqs	1	181
r8_83seqs	1	178
r8_83seqs	1	180
r8_83seqs	1	178
r8_83seqs	1	164
r8_83seqs	1	178
r8_83seqs	1	180
r8_83seqs	1	181
r8_83seqs	1	181
r8_83seqs	1	181
r8_83seqs	1	180
r8_83seqs	17	181
r8_83seqs	1	163
r8_83seqs	1	181
r8_83seqs	1	181
r8_83seqs	3	181
r8_83seqs	12	181
r8_83seqs	9	176
r8_83seqs	1	181
r8_83seqs	1	181
r8_83seqs	1	180
r8_83seqs	1	181
r8_83seqs	1	181
r8_83seqs	1	180
r8_83seqs	1	181
r8_83seqs	1	181
r8_83seqs	1	181
r8_83seqs	27	181
r8_83seqs	1	164
r8_83seqs	1	165
r8_83seqs	3	181
r8_83seqs	1	181
r8_83seqs	1	181
r8_83seqs	1	164
r8_83seqs	1	180
r8_83seqs	1	164
r8_83seqs	1	181
r8_83seqs	20	181
r8_83seqs	1	165
r8_83seqs	9	181
r8_83seqs	5	181
r8_83seqs	2	181
r8_83seqs	1	179
r8_83seqs	1	164
r8_83seqs	1	165
r8_83seqs	1	180
r8_83seqs	1	178
r8_83seqs	1	181
r8_83seqs	1	181
r8_83seqs	1	178
r8_83seqs	1	164
r8_83seqs	1	181
r8_83seqs	5	181
r8_83seqs	1	181
r8_83seqs	1	181
r8_83seqs	6	181
r8_83seqs	1	181
r8_83seqs	1	164
r8_83seqs	1	181
r8_83seqs	2	181
r8_83seqs	1	171
r8_83seqs	2	180
r8_83seqs	1	180
r8_83seqs	1	164
r8_83seqs	1	181
r8_83seqs	1	180
r8_83seqs	1	181
r8_83seqs	1	181
r8_83seqs	1	181
r8_83seqs	1	181
r8_83seqs	22	181
r8_83seqs	1	181
r8_83seqs	12	181
r8_83seqs	1	181
r8_83seqs	1	181
r8_83seqs	1	181
r8_83seqs	1	181
r8_83seqs	1	179
r8_83seqs	1	179
r8_83seqs	1	164
r8_83seqs	1	181
r8_83seqs	1	164
r8_83seqs	1	181
r8_83seqs	1	178
r8_83seqs	1	181
r8_83seqs	1	178
r8_83seqs	1	181
r8_83seqs	1	178
r8_83seqs	1	181
r8_83seqs	1	180
r8_83seqs	1	181
r8_83seqs	4	181
r8_83seqs	1	181
r8_83seqs	1	180
r8_83seqs	1	181
r8_83seqs	1	178
r8_83seqs	1	178
r8_83seqs	1	181
r8_83seqs	1	164
r8_83seqs	1	164
r8_83seqs	1	164
r8_83seqs	4	181
r8_83seqs	1	181
r8_83seqs	1	178
r8_83seqs	1	180
r8_83seqs	1	180
r8_83seqs	2	180
r8_83seqs	1	180
r8_83seqs	1	180
r8_83seqs	1	180
r8_83seqs	1	180
r8_83seqs	2	181
r8_83seqs	1	181
r8_83seqs	2	181
r8_83seqs	1	178
r8_83seqs	1	180
r8_83seqs	1	178
r8_83seqs	1	181
r8_83seqs	1	181
r8_83seqs	1	181
r8_83seqs	1	164
r8_83seqs	1	181
r8_83seqs	1	163
r8_83seqs	1	181
r8_83seqs	2	180
r8_83seqs	7	164
r8_83seqs	1	180
r8_83seqs	1	181
r8_83seqs	1	181
r8_83seqs	5	178
r8_83seqs	1	164
r8_83seqs	2	178
r8_83seqs	1	180
r8_83seqs	1	179
r8_83seqs	1	180
r8_83seqs	1	180
r8_83seqs	1	181
r8_83seqs	1	179
r8_83seqs	8	181
r8_83seqs	1	166
r8_83seqs	1	181
r8_83seqs	1	181
r8_83seqs	1	181
r8_83seqs	1	181
r8_83seqs	1	181
r8_83seqs	1	164
r8_83seqs	1	164
r8_83seqs	1	181
r8_83seqs	1	179
r8_83seqs	1	181
r8_83seqs	1	178
r8_83seqs	1	178
r8_83seqs	1	171
r8_83seqs	1	180
r8_83seqs	1	177
r8_83seqs	1	178
r8_83seqs	1	181
r8_83seqs	1	173
r8_83seqs	1	178
r8_83seqs	1	181
r8_83seqs	1	164
r8_83seqs	1	181
r8_83seqs	1	181
r8_83seqs	1	181
r8_83seqs	1	181
r8_83seqs	1	170
r8_83seqs	2	164
r8_83seqs	1	180
r8_83seqs	2	180
r8_83seqs	1	164
r8_83seqs	1	181
r8_83seqs	5	180
r8_83seqs	1	181
r8_83seqs	1	181
r8_83seqs	1	178
r8_83seqs	2	181
r8_83seqs	1	181
r8_83seqs	4	181
r8_83seqs	2	178
r8_83seqs	1	181
r8_83seqs	1	180
r8_83seqs	2	181
r8_83seqs	1	181
r8_83seqs	1	181
r8_83seqs	2	150
r8_83seqs	1	170
r8_83seqs	1	179
r8_83seqs	1	181
r8_83seqs	1	181
r8_83seqs	1	177
r8_83seqs	9	181
r8_83seqs	1	153
r8_83seqs	1	180
r8_83seqs	5	178
r8_83seqs	1	163
r8_83seqs	1	165
r8_83seqs	1	181
r8_83seqs	1	180
r8_83seqs	1	180
r8_83seqs	1	181
r8_83seqs	1	181
r8_83seqs	1	181
r8_83seqs	1	178
r8_83seqs	1	181
r8_83seqs	1	181
r8_83seqs	1	181
r8_83seqs	1	181
r8_83seqs	1	179
r8_83seqs	1	181
r8_83seqs	5	180
r8_83seqs	1	181
r8_83seqs	1	178
r8_83seqs	1	178
r8_83seqs	2	163
r8_83seqs	1	181
r8_83seqs	1	181
r8_83seqs	1	180
r8_83seqs	8	164
r8_83seqs	12	180
r8_83seqs	1	181
r8_83seqs	1	181
r8_83seqs	1	181
r8_83seqs	1	181
r8_83seqs	1	181
r8_83seqs	1	181
r8_83seqs	1	181
r8_83seqs	1	180
r8_83seqs	1	181
r8_83seqs	1	181
r8_83seqs	1	164
r8_83seqs	1	181
r8_83seqs	1	180
r8_83seqs	1	181
r8_83seqs	1	181
r8_83seqs	1	165
r8_83seqs	1	178
r8_83seqs	1	180
r8_83seqs	1	174
r8_83seqs	1	177
r8_83seqs	1	181
r8_83seqs	3	181
r8_83seqs	1	164
r8_83seqs	1	179
r8_83seqs	1	176
r8_83seqs	1	180
r8_83seqs	1	178
r8_83seqs	1	180
r8_83seqs	9	180
r8_83seqs	1	181
r8_83seqs	1	181
r8_83seqs	1	178
r8_83seqs	1	178
r8_83seqs	1	181
r8_83seqs	1	181
r8_83seqs	4	181
r8_83seqs	1	180
r8_83seqs	1	181
r8_83seqs	1	181
r8_83seqs	1	181
r8_83seqs	5	181
r8_83seqs	8	181
r8_83seqs	1	181
r8_83seqs	2	181
r8_83seqs	1	181
r8_83seqs	33	180
r8_83seqs	1	165
r8_83seqs	2	181
r8_83seqs	1	178
r8_83seqs	1	181
r8_83seqs	1	181
r8_83seqs	1	179
r8_83seqs	1	178
r8_83seqs	1	150
r8_83seqs	1	181
r8_83seqs	1	181
r8_83seqs	9	181
r8_83seqs	1	178
r8_83seqs	1	181
r8_83seqs	1	181
r8_83seqs	23	181
r8_83seqs	1	177
r8_83seqs	1	178
r8_83seqs	1	178
r8_83seqs	9	164
r8_83seqs	1	163
r8_83seqs	2	181
r8_83seqs	1	180
r8_83seqs	2	178
r8_83seqs	1	178
r8_83seqs	1	181
r8_83seqs	11	178
r8_83seqs	2	180
r8_83seqs	1	165
r8_83seqs	3	181
r8_83seqs	1	178
r8_83seqs	1	181
r8_83seqs	1	181
r8_83seqs	1	181
r8_83seqs	1	164
r8_83seqs	14	180
r8_83seqs	1	180
r8_83seqs	1	181
r8_83seqs	1	181
r8_83seqs	1	178
r8_83seqs	23	181
r8_83seqs	1	164
r8_83seqs	1	181
r8_83seqs	1	163
r8_83seqs	1	164
r8_83seqs	1	180
r8_83seqs	1	164
r8_83seqs	1	180
r8_83seqs	1	180
r8_83seqs	1	178
r8_83seqs	1	178
r8_83seqs	1	181
r8_83seqs	1	180
r8_83seqs	1	181
r8_83seqs	1	178
r8_83seqs	1	178
r8_83seqs	1	164
r8_83seqs	1	181
r8_83seqs	29	177
r8_83seqs	1	181
r8_83seqs	1	181
r8_83seqs	1	181
r8_83seqs	1	181
r8_83seqs	1	181
r8_83seqs	1	181
r8_83seqs	1	162
r8_83seqs	1	181
r8_83seqs	2	179
r8_83seqs	1	181
r8_83seqs	1	181
r8_83seqs	1	181
r8_83seqs	1	180
r8_83seqs	1	181
r8_83seqs	1	181
r8_83seqs	1	181
r8_83seqs	4	181
r8_83seqs	1	180
r8_83seqs	1	181
r8_83seqs	1	181
r8_83seqs	1	178
r8_83seqs	1	181
r8_83seqs	1	163
r8_83seqs	1	181
r8_83seqs	2	181
r8_83seqs	1	164
r8_83seqs	1	181
r8_83seqs	2	181
r8_83seqs	1	181
r8_83seqs	1	132
r8_83seqs	2	179
r8_83seqs	1	178
r8_83seqs	1	181
r8_83seqs	1	178
r8_83seqs	1	178
r8_83seqs	1	181
r8_83seqs	2	181
r8_83seqs	1	181
r8_83seqs	1	181
r8_83seqs	1	181
r8_83seqs	1	181
r8_83seqs	1	179
r8_83seqs	1	181
r8_83seqs	1	181
r8_83seqs	5	181
r8_83seqs	1	181
r8_83seqs	1	181
r8_83seqs	1	181
r8_83seqs	1	181
r8_83seqs	1	181
r8_83seqs	1	178
r8_83seqs	8	181
r8_83seqs	1	181
r8_83seqs	2	181
r8_83seqs	5	181
r8_83seqs	1	181
r8_83seqs	1	180
r8_83seqs	1	181
r8_83seqs	1	163
r8_83seqs	2	164
r8_83seqs	1	181
r8_83seqs	1	180
r8_83seqs	5	131
r8_83seqs	1	154
r8_83seqs	1	178
r8_83seqs	1	180
r8_83seqs	1	181
r8_83seqs	47	178
r8_83seqs	6	158
r8_83seqs	1	173
r8_83seqs	1	147
r8_83seqs	1	165
r8_83seqs	1	178
r8_83seqs	1	178
r8_83seqs	1	181
r8_83seqs	1	160
r8_83seqs	1	181
r8_83seqs	1	181
r8_83seqs	1	181
r8_83seqs	1	180
r8_83seqs	1	180
r8_83seqs	1	180
r8_83seqs	1	172
r8_83seqs	1	181
r8_83seqs	13	178
r8_83seqs	1	179
r8_83seqs	1	181
r8_83seqs	1	180
r8_83seqs	1	181
r8_83seqs	2	164
r8_83seqs	1	181
r8_83seqs	1	181
r8_83seqs	1	181
r8_83seqs	1	181
r8_83seqs	1	178
r8_83seqs	1	181
r8_83seqs	2	180
r8_83seqs	1	181
r8_83seqs	1	178
r8_83seqs	1	180
r8_83seqs	1	174
r8_83seqs	2	181
r8_83seqs	13	178
r8_83seqs	1	164
r8_83seqs	1	181
r8_83seqs	1	181
r8_83seqs	1	181
r8_83seqs	12	180
r8_83seqs	30	181
r8_83seqs	1	181
r8_83seqs	2	181
r8_83seqs	1	178
r8_83seqs	1	132
r8_83seqs	1	181
r8_83seqs	1	132
r8_83seqs	1	181
r8_83seqs	1	179
r8_83seqs	1	178
r8_83seqs	1	181
r8_83seqs	1	163
r8_83seqs	6	180
r8_83seqs	1	179
r8_83seqs	1	180
r8_83seqs	36	181
r8_83seqs	1	181
r8_83seqs	1	178
r8_83seqs	2	166
r8_83seqs	1	178
r8_83seqs	1	180
r8_83seqs	1	179
r8_83seqs	1	180
r8_83seqs	1	181
r8_83seqs	1	180
r8_83seqs	1	181
r8_83seqs	1	180
r8_83seqs	2	181
r8_83seqs	5	178
r8_83seqs	1	179
r8_83seqs	1	168
r8_83seqs	1	170
r8_83seqs	1	181
r8_83seqs	1	164
r8_83seqs	1	181
r8_83seqs	1	181
r8_83seqs	1	164
r8_83seqs	1	181
r8_83seqs	1	163
r8_83seqs	2	178
r8_83seqs	3	181
r8_83seqs	29	164
r8_83seqs	1	164
r8_83seqs	1	181
r8_83seqs	1	125
r8_83seqs	14	181
r8_83seqs	5	181
r8_83seqs	1	179
r8_83seqs	55	177
r8_83seqs	1	178
r8_83seqs	1	181
r8_83seqs	1	181
r8_83seqs	1	181
r8_83seqs	2	180
r8_83seqs	1	181
r8_83seqs	2	181
r8_83seqs	1	180
r8_83seqs	1	164
r8_83seqs	21	181
r8_83seqs	3	180
r8_83seqs	1	181
r8_83seqs	1	181
r8_83seqs	5	181
r8_83seqs	1	181
r8_83seqs	1	133
r8_83seqs	1	178
r8_83seqs	1	163
r8_83seqs	1	181
r8_83seqs	1	181
r8_83seqs	23	164
r8_83seqs	1	180
r8_83seqs	1	180
r8_83seqs	1	156
r8_83seqs	3	181
r8_83seqs	1	178
r8_83seqs	3	181
r8_83seqs	1	181
r8_83seqs	1	181
r8_83seqs	1	164
r8_83seqs	2	178
r8_83seqs	1	152
r8_83seqs	1	181
r8_83seqs	1	181
r8_83seqs	2	180
r8_83seqs	3	151
r8_83seqs	1	181
r8_83seqs	1	160
r8_83seqs	1	164
r8_83seqs	1	132
r8_83seqs	30	179
r8_83seqs	1	178
r8_83seqs	1	181
r8_83seqs	1	181
r8_83seqs	1	152
r8_83seqs	7	153
r8_83seqs	35	178
r8_83seqs	1	132
r8_83seqs	1	154
r8_83seqs	2	181
r8_83seqs	1	180
r8_83seqs	1	178
r8_83seqs	1	180
r8_83seqs	1	180
r8_83seqs	1	181
r8_83seqs	1	164
r8_83seqs	1	181
r8_83seqs	1	178
r8_83seqs	1	132
r8_83seqs	1	132
r8_83seqs	1	181
r8_83seqs	1	181
r8_83seqs	1	180
r8_83seqs	1	181
r8_83seqs	1	164
r8_83seqs	1	181
r8_83seqs	1	181
r8_83seqs	1	181
r8_83seqs	1	166
r8_83seqs	2	132
r8_83seqs	1	177
r8_83seqs	1	180
r8_83seqs	1	181
r8_83seqs	1	181
r8_83seqs	1	178
r8_83seqs	21	180
r8_83seqs	1	180
r8_83seqs	1	180
r8_83seqs	1	132
r8_83seqs	1	135
r8_83seqs	1	164
r8_83seqs	1	154
r8_83seqs	1	181
r8_83seqs	1	164
r8_83seqs	1	164
r8_83seqs	5	180
r8_83seqs	1	178
r8_83seqs	1	181
r8_83seqs	1	163
r8_83seqs	2	180
r8_83seqs	1	164
r8_83seqs	1	176
r8_83seqs	1	181
r8_83seqs	1	179
r8_83seqs	1	180
r8_83seqs	1	180
r8_83seqs	1	178
r8_83seqs	1	136
r8_83seqs	1	181
r8_83seqs	1	180
r8_83seqs	12	177
r8_83seqs	1	164
r8_83seqs	2	132
r8_83seqs	1	167
r8_83seqs	1	178
r8_83seqs	1	164
r8_83seqs	1	164
r8_83seqs	32	181
r8_83seqs	1	132
r8_83seqs	1	181
r8_83seqs	1	132
r8_83seqs	2	181
r8_83seqs	1	181
r8_83seqs	1	181
r8_83seqs	1	180
r8_83seqs	1	180
r8_83seqs	1	179
r8_83seqs	1	181
r8_83seqs	1	158
r8_83seqs	1	138
r8_83seqs	1	180
r8_83seqs	2	178
r8_83seqs	3	178
r8_83seqs	1	175
r8_83seqs	1	180
r8_83seqs	1	180
r8_83seqs	17	181
r8_83seqs	1	154
r8_83seqs	1	163
r8_83seqs	1	180
r8_83seqs	1	181
r8_83seqs	1	181
r8_83seqs	1	180
r8_83seqs	13	179
r8_83seqs	1	181
r8_83seqs	1	181
r8_83seqs	1	181
r8_83seqs	6	181
r8_83seqs	1	180
r8_83seqs	1	178
r8_83seqs	1	135
r8_83seqs	50	181
r8_83seqs	2	171
r8_83seqs	2	181
r8_83seqs	1	132
r8_83seqs	1	132
r8_83seqs	1	181
r8_83seqs	1	178
r8_83seqs	6	179
r8_83seqs	1	132
r8_83seqs	1	181
r8_83seqs	1	180
r8_83seqs	1	122
r8_83seqs	1	181
r8_83seqs	1	164
r8_83seqs	11	178
r8_83seqs	1	151
r8_83seqs	6	181
r8_83seqs	1	170
r8_83seqs	1	181
r8_83seqs	1	181
r8_83seqs	1	164
r8_83seqs	1	180
r8_83seqs	1	179
r8_83seqs	1	180
r8_83seqs	1	181
r8_83seqs	14	181
r8_83seqs	1	154
r8_83seqs	1	181
r8_83seqs	1	181
r8_83seqs	1	180
r8_83seqs	1	122
r8_83seqs	1	176
r8_83seqs	1	178
r8_83seqs	1	178
r8_83seqs	1	180
r8_83seqs	1	178
r8_83seqs	1	178
r8_83seqs	1	176
r8_83seqs	1	180
r8_83seqs	1	178
r8_83seqs	1	181
r8_83seqs	1	152
r8_83seqs	1	146
r8_83seqs	1	129
r8_83seqs	1	136
r8_83seqs	1	131
r8_83seqs	1	128
r8_83seqs	2	144
r8_83seqs	1	132
r8_83seqs	34	180
r8_83seqs	1	154
r8_83seqs	4	146
r8_83seqs	36	180
r8_83seqs	1	132
r8_83seqs	1	164
r8_83seqs	1	159
r8_83seqs	1	180
r8_83seqs	1	180
r8_83seqs	1	181
r8_83seqs	1	132
r8_83seqs	1	145
r8_83seqs	1	121
r8_83seqs	1	181
r8_83seqs	19	181
r8_83seqs	1	164
r8_83seqs	1	136
r8_83seqs	5	132
r8_83seqs	1	180
r8_83seqs	1	130
r8_83seqs	1	154
r8_83seqs	4	164
r8_83seqs	1	125
r8_83seqs	1	135
r8_83seqs	1	135
r8_83seqs	1	136
r8_83seqs	1	180
r8_83seqs	1	142
r8_83seqs	22	132
r8_83seqs	1	155
r8_83seqs	1	181
r8_83seqs	1	113
r8_83seqs	2	181
r8_83seqs	1	141
r8_83seqs	1	180
r8_83seqs	1	136
r8_83seqs	1	177
r8_83seqs	1	124
r8_83seqs	1	116
r8_83seqs	2	159
r8_83seqs	1	128
r8_83seqs	1	143
r8_83seqs	1	138
r8_83seqs	1	114
r8_83seqs	1	180
r8_83seqs	21	164
r8_83seqs	38	179
r8_83seqs	63	170
r8_83seqs	1	164
r8_83seqs	1	181
r8_83seqs	1	112
r8_83seqs	1	180
r8_83seqs	1	124
r8_83seqs	7	181
r8_83seqs	2	151
r8_83seqs	17	179
r8_83seqs	6	180
r8_83seqs	1	122
r8_83seqs	1	157
r8_83seqs	1	167
r8_83seqs	1	132
r8_83seqs	3	181
r8_83seqs	1	131
r8_83seqs	1	181
r8_83seqs	1	131
r8_83seqs	36	156
r8_83seqs	1	178
r8_83seqs	1	181
r8_83seqs	1	181
r8_83seqs	1	131
r8_83seqs	1	113
r8_83seqs	1	180
r8_83seqs	1	144
r8_83seqs	1	126
r8_83seqs	1	135
r8_83seqs	1	132
r8_83seqs	1	148
r8_83seqs	1	136
r8_83seqs	1	136
r8_83seqs	1	118
r8_83seqs	1	181
r8_83seqs	1	181
r8_83seqs	1	181
r8_83seqs	1	117
r8_83seqs	2	164
r8_83seqs	1	136
r8_83seqs	1	131
r8_83seqs	1	169
r8_83seqs	41	181
r8_83seqs	2	125
r8_83seqs	1	131
r8_83seqs	1	131
r8_83seqs	1	113
r8_83seqs	1	122
r8_83seqs	1	119
r8_83seqs	1	113
r8_83seqs	1	113
r8_83seqs	1	110
r8_83seqs	1	151
r8_83seqs	1	147
r8_83seqs	1	135
r8_83seqs	1	148
r8_83seqs	1	132
r8_83seqs	1	130
r8_83seqs	1	101
r8_83seqs	1	181
r8_83seqs	1	142
r8_83seqs	1	128
r8_83seqs	1	101
r8_83seqs	1	164
r8_83seqs	1	181
r8_83seqs	1	147
r8_83seqs	1	146
r8_83seqs	1	178
r8_83seqs	2	132
r8_83seqs	1	147
r8_83seqs	1	154
r8_83seqs	1	147
r8_83seqs	1	181
r8_83seqs	1	131
r8_83seqs	12	136
r8_83seqs	1	113
r8_83seqs	1	181
r8_83seqs	1	116
r8_83seqs	1	151
r8_83seqs	1	181
r8_83seqs	1	181
r8_83seqs	1	181
r8_83seqs	1	181
r8_83seqs	1	125
r8_83seqs	1	112
r8_83seqs	1	112
r8_83seqs	1	132
r8_83seqs	1	131
r8_83seqs	1	132
r8_83seqs	1	180
r8_83seqs	1	113
r8_83seqs	1	164
r8_83seqs	1	145
r8_83seqs	1	121
r8_83seqs	1	113
r8_83seqs	1	113
r8_83seqs	1	113
r8_83seqs	1	113
r8_83seqs	3	113
r8_83seqs	1	151
r8_83seqs	2	131
r8_83seqs	1	128
r8_83seqs	1	136
r8_83seqs	1	131
r8_83seqs	1	179
r8_83seqs	1	132
r8_83seqs	1	115
r8_83seqs	1	109
r8_83seqs	1	119
r8_83seqs	1	178
r8_83seqs	1	128
r8_83seqs	1	128
r8_83seqs	1	101
r8_83seqs	1	116
r8_83seqs	1	147
r8_83seqs	2	113
r8_83seqs	1	181
r8_83seqs	37	136
r8_83seqs	1	124
r8_83seqs	1	178
r8_83seqs	1	107
r8_83seqs	1	181
r8_83seqs	1	136
r8_83seqs	27	181
r8_83seqs	1	135
r8_83seqs	1	124
r8_83seqs	4	131
r8_83seqs	1	181
r8_83seqs	7	179
r8_83seqs	1	105
r8_83seqs	1	164
r8_83seqs	1	181
r8_83seqs	9	181
r8_83seqs	1	181
r8_83seqs	1	181
r8_83seqs	1	147
r8_83seqs	2	101
r8_83seqs	80	181
r8_83seqs	1	121
r8_83seqs	1	145
r8_83seqs	7	179
r8_83seqs	2	106
r8_83seqs	1	178
r8_83seqs	1	151
r8_83seqs	4	121
r8_83seqs	1	136
r8_83seqs	1	137
r8_83seqs	34	181
r8_83seqs	1	136
r8_83seqs	1	116
r8_83seqs	1	147
r8_83seqs	7	179
r8_83seqs	9	131
r8_83seqs	1	152
r8_83seqs	1	181
r8_83seqs	1	136
r8_83seqs	2	136
r8_83seqs	1	101
r8_83seqs	1	136
r8_83seqs	1	147
r8_83seqs	7	179
r8_83seqs	2	131
r8_83seqs	1	128
r8_83seqs	1	181
r8_83seqs	1	121
r8_83seqs	1	147
r8_83seqs	1	147
r8_83seqs	2	96
r8_83seqs	1	179
r8_83seqs	5	158
r8_83seqs	3	176
r8_83seqs	9	164
r8_83seqs	1	144
r8_83seqs	1	136
r8_83seqs	1	137
r8_83seqs	7	121
r8_83seqs	1	131
r8_83seqs	3	131
r8_83seqs	1	180
r8_83seqs	1	131
r8_83seqs	1	121
r8_83seqs	77	180
r8_83seqs	1	108
r8_83seqs	1	136
r8_83seqs	1	146
r8_83seqs	1	121
r8_83seqs	1	136
r8_83seqs	1	142
r8_83seqs	1	136
r8_83seqs	15	164
r8_83seqs	1	121
r8_83seqs	1	118
r8_83seqs	1	164
r8_83seqs	1	164
r8_83seqs	1	154
r8_83seqs	4	136
r8_83seqs	1	117
r8_83seqs	9	177
r8_83seqs	24	180
