fam	qs	qe
r6_210seqs	1	225
r6_210seqs	1	224
r6_210seqs	1	224
r6_210seqs	1	225
r6_210seqs	1	225
r6_210seqs	1	225
r6_210seqs	1	225
r6_210seqs	1	225
r6_210seqs	1	225
r6_210seqs	1	225
r6_210seqs	2	224
r6_210seqs	1	225
r6_210seqs	1	224
r6_210seqs	1	224
r6_210seqs	1	224
r6_210seqs	4	225
r6_210seqs	1	224
r6_210seqs	1	225
r6_210seqs	1	225
r6_210seqs	2	225
r6_210seqs	1	224
r6_210seqs	1	224
r6_210seqs	1	224
r6_210seqs	1	224
r6_210seqs	1	224
r6_210seqs	1	224
r6_210seqs	1	224
r6_210seqs	1	224
r6_210seqs	1	224
r6_210seqs	1	224
r6_210seqs	1	224
r6_210seqs	1	224
r6_210seqs	1	224
r6_210seqs	1	224
r6_210seqs	1	224
r6_210seqs	1	225
r6_210seqs	1	225
r6_210seqs	1	225
r6_210seqs	1	225
r6_210seqs	1	223
r6_210seqs	2	224
r6_210seqs	1	225
r6_210seqs	1	225
r6_210seqs	1	224
r6_210seqs	1	224
r6_210seqs	1	224
r6_210seqs	1	224
r6_210seqs	1	224
r6_210seqs	1	224
r6_210seqs	1	224
r6_210seqs	1	224
r6_210seqs	1	224
r6_210seqs	1	224
r6_210seqs	1	224
r6_210seqs	1	224
r6_210seqs	1	225
r6_210seqs	1	225
r6_210seqs	1	225
r6_210seqs	1	225
r6_210seqs	1	225
r6_210seqs	1	225
r6_210seqs	1	225
r6_210seqs	1	225
r6_210seqs	1	225
r6_210seqs	1	225
r6_210seqs	1	225
r6_210seqs	1	225
r6_210seqs	1	225
r6_210seqs	1	225
r6_210seqs	1	225
r6_210seqs	1	225
r6_210seqs	1	225
r6_210seqs	1	225
r6_210seqs	1	225
r6_210seqs	1	225
r6_210seqs	1	225
r6_210seqs	1	225
r6_210seqs	2	224
r6_210seqs	1	224
r6_210seqs	1	224
r6_210seqs	1	224
r6_210seqs	1	224
r6_210seqs	1	224
r6_210seqs	1	224
r6_210seqs	1	224
r6_210seqs	1	224
r6_210seqs	1	224
r6_210seqs	1	224
r6_210seqs	1	224
r6_210seqs	1	224
r6_210seqs	1	224
r6_210seqs	1	224
r6_210seqs	1	224
r6_210seqs	1	224
r6_210seqs	1	224
r6_210seqs	1	225
r6_210seqs	1	224
r6_210seqs	2	225
r6_210seqs	1	222
r6_210seqs	1	225
r6_210seqs	1	225
r6_210seqs	1	225
r6_210seqs	1	225
r6_210seqs	1	224
r6_210seqs	1	224
r6_210seqs	1	224
r6_210seqs	1	224
r6_210seqs	1	225
r6_210seqs	1	225
r6_210seqs	1	225
r6_210seqs	1	225
r6_210seqs	1	225
r6_210seqs	1	225
r6_210seqs	1	225
r6_210seqs	1	225
r6_210seqs	1	225
r6_210seqs	1	225
r6_210seqs	1	225
r6_210seqs	1	225
r6_210seqs	1	225
r6_210seqs	1	225
r6_210seqs	1	225
r6_210seqs	1	225
r6_210seqs	1	225
r6_210seqs	1	225
r6_210seqs	2	224
r6_210seqs	1	225
r6_210seqs	2	224
r6_210seqs	1	225
r6_210seqs	1	225
r6_210seqs	4	224
r6_210seqs	1	225
r6_210seqs	1	224
r6_210seqs	1	225
r6_210seqs	1	225
r6_210seqs	1	225
r6_210seqs	1	225
r6_210seqs	1	225
r6_210seqs	1	225
r6_210seqs	1	225
r6_210seqs	1	225
r6_210seqs	1	225
r6_210seqs	1	225
r6_210seqs	1	225
r6_210seqs	1	225
r6_210seqs	1	224
r6_210seqs	2	224
r6_210seqs	1	224
r6_210seqs	1	224
r6_210seqs	1	224
r6_210seqs	1	224
r6_210seqs	1	224
r6_210seqs	1	224
r6_210seqs	1	224
r6_210seqs	1	224
r6_210seqs	1	224
r6_210seqs	1	224
r6_210seqs	1	224
r6_210seqs	1	224
r6_210seqs	1	224
r6_210seqs	1	224
r6_210seqs	1	224
r6_210seqs	1	225
r6_210seqs	1	224
r6_210seqs	1	224
r6_210seqs	1	224
r6_210seqs	1	224
r6_210seqs	1	225
r6_210seqs	1	224
r6_210seqs	1	224
r6_210seqs	1	224
r6_210seqs	1	224
r6_210seqs	1	225
r6_210seqs	2	224
r6_210seqs	2	224
r6_210seqs	1	225
r6_210seqs	1	217
r6_210seqs	1	225
r6_210seqs	1	225
r6_210seqs	1	225
r6_210seqs	2	224
r6_210seqs	1	224
r6_210seqs	1	224
r6_210seqs	1	224
r6_210seqs	1	224
r6_210seqs	1	224
r6_210seqs	1	224
r6_210seqs	1	224
r6_210seqs	1	224
r6_210seqs	1	225
r6_210seqs	1	225
r6_210seqs	1	225
r6_210seqs	1	225
r6_210seqs	1	225
r6_210seqs	1	225
r6_210seqs	1	225
r6_210seqs	1	225
r6_210seqs	1	225
r6_210seqs	1	225
r6_210seqs	1	225
r6_210seqs	1	225
r6_210seqs	1	225
r6_210seqs	1	225
r6_210seqs	1	225
r6_210seqs	1	225
r6_210seqs	1	222
r6_210seqs	1	225
r6_210seqs	1	225
r6_210seqs	1	225
r6_210seqs	1	225
r6_210seqs	2	224
r6_210seqs	2	224
r6_210seqs	1	223
r6_210seqs	1	224
r6_210seqs	1	224
r6_210seqs	1	223
r6_210seqs	1	225
r6_210seqs	1	224
r6_210seqs	1	225
r6_210seqs	1	224
r6_210seqs	1	225
r6_210seqs	1	225
r6_210seqs	1	225
r6_210seqs	1	225
r6_210seqs	7	225
r6_210seqs	1	225
r6_210seqs	1	225
r6_210seqs	1	225
r6_210seqs	1	225
r6_210seqs	1	224
r6_210seqs	1	224
r6_210seqs	1	219
r6_210seqs	1	224
r6_210seqs	2	223
r6_210seqs	2	224
r6_210seqs	3	225
r6_210seqs	1	224
r6_210seqs	1	224
r6_210seqs	1	224
r6_210seqs	1	224
r6_210seqs	1	224
r6_210seqs	1	224
r6_210seqs	1	224
r6_210seqs	1	224
r6_210seqs	1	224
r6_210seqs	1	224
r6_210seqs	1	224
r6_210seqs	1	224
r6_210seqs	1	224
r6_210seqs	1	224
r6_210seqs	1	224
r6_210seqs	1	224
r6_210seqs	1	224
r6_210seqs	1	224
r6_210seqs	1	224
r6_210seqs	1	224
r6_210seqs	1	224
r6_210seqs	1	224
r6_210seqs	1	224
r6_210seqs	1	224
r6_210seqs	1	224
r6_210seqs	1	224
r6_210seqs	1	225
r6_210seqs	1	225
r6_210seqs	1	225
r6_210seqs	1	224
r6_210seqs	1	224
r6_210seqs	1	224
r6_210seqs	2	225
r6_210seqs	1	225
r6_210seqs	3	224
r6_210seqs	1	225
r6_210seqs	3	224
r6_210seqs	1	225
r6_210seqs	1	224
r6_210seqs	1	224
r6_210seqs	1	224
r6_210seqs	1	224
r6_210seqs	1	224
r6_210seqs	2	225
r6_210seqs	1	224
r6_210seqs	1	224
r6_210seqs	1	224
r6_210seqs	1	224
r6_210seqs	1	224
r6_210seqs	1	224
r6_210seqs	1	224
r6_210seqs	1	224
r6_210seqs	1	224
r6_210seqs	1	224
r6_210seqs	1	224
r6_210seqs	1	224
r6_210seqs	1	225
r6_210seqs	1	224
r6_210seqs	1	225
r6_210seqs	1	225
r6_210seqs	1	225
r6_210seqs	1	225
r6_210seqs	1	225
r6_210seqs	1	225
r6_210seqs	1	225
r6_210seqs	1	225
r6_210seqs	1	225
r6_210seqs	1	225
r6_210seqs	1	225
r6_210seqs	1	225
r6_210seqs	1	225
r6_210seqs	1	225
r6_210seqs	1	225
r6_210seqs	1	225
r6_210seqs	1	225
r6_210seqs	1	225
r6_210seqs	1	225
r6_210seqs	1	225
r6_210seqs	1	225
r6_210seqs	1	225
r6_210seqs	1	225
r6_210seqs	1	225
r6_210seqs	1	225
r6_210seqs	1	225
r6_210seqs	1	225
r6_210seqs	1	225
r6_210seqs	1	225
r6_210seqs	1	225
r6_210seqs	1	225
r6_210seqs	1	225
r6_210seqs	1	225
r6_210seqs	1	223
r6_210seqs	1	223
r6_210seqs	1	223
r6_210seqs	2	224
r6_210seqs	1	225
r6_210seqs	1	225
r6_210seqs	4	224
r6_210seqs	1	224
r6_210seqs	1	225
r6_210seqs	1	225
r6_210seqs	1	225
r6_210seqs	1	224
r6_210seqs	1	225
r6_210seqs	1	225
r6_210seqs	1	225
r6_210seqs	1	225
r6_210seqs	1	225
r6_210seqs	1	225
r6_210seqs	1	225
r6_210seqs	1	225
r6_210seqs	1	225
r6_210seqs	1	225
r6_210seqs	1	224
r6_210seqs	1	225
r6_210seqs	1	224
r6_210seqs	1	225
r6_210seqs	1	225
r6_210seqs	1	225
r6_210seqs	1	225
r6_210seqs	1	225
r6_210seqs	1	225
r6_210seqs	1	225
r6_210seqs	1	225
r6_210seqs	1	225
r6_210seqs	1	225
r6_210seqs	1	217
r6_210seqs	1	223
r6_210seqs	1	225
r6_210seqs	2	224
r6_210seqs	1	224
r6_210seqs	1	224
r6_210seqs	1	224
r6_210seqs	1	224
r6_210seqs	1	224
r6_210seqs	1	224
r6_210seqs	1	224
r6_210seqs	1	224
r6_210seqs	1	225
r6_210seqs	1	224
r6_210seqs	1	224
r6_210seqs	1	224
r6_210seqs	1	224
r6_210seqs	1	224
r6_210seqs	2	225
r6_210seqs	1	224
r6_210seqs	1	224
r6_210seqs	1	224
r6_210seqs	1	224
r6_210seqs	1	224
r6_210seqs	1	224
r6_210seqs	1	224
r6_210seqs	1	224
r6_210seqs	1	224
r6_210seqs	1	224
r6_210seqs	1	224
r6_210seqs	1	224
r6_210seqs	1	225
r6_210seqs	1	224
r6_210seqs	1	224
r6_210seqs	1	224
r6_210seqs	1	224
r6_210seqs	1	224
r6_210seqs	1	224
r6_210seqs	1	224
r6_210seqs	1	225
r6_210seqs	1	225
r6_210seqs	1	225
r6_210seqs	1	225
r6_210seqs	1	225
r6_210seqs	1	225
r6_210seqs	1	225
r6_210seqs	1	225
r6_210seqs	1	225
r6_210seqs	15	225
r6_210seqs	1	225
r6_210seqs	1	225
r6_210seqs	1	225
r6_210seqs	1	225
r6_210seqs	1	225
r6_210seqs	1	225
r6_210seqs	2	225
r6_210seqs	1	224
r6_210seqs	1	224
r6_210seqs	1	224
r6_210seqs	1	224
r6_210seqs	1	224
r6_210seqs	1	224
r6_210seqs	1	224
r6_210seqs	1	224
r6_210seqs	2	225
r6_210seqs	1	224
r6_210seqs	1	224
r6_210seqs	1	224
r6_210seqs	1	224
r6_210seqs	1	224
r6_210seqs	1	224
r6_210seqs	1	224
r6_210seqs	1	224
r6_210seqs	1	224
r6_210seqs	1	224
r6_210seqs	1	224
r6_210seqs	1	224
r6_210seqs	1	224
r6_210seqs	1	224
r6_210seqs	1	224
r6_210seqs	1	224
r6_210seqs	3	224
r6_210seqs	1	225
r6_210seqs	1	225
r6_210seqs	1	225
r6_210seqs	1	225
r6_210seqs	1	225
r6_210seqs	1	225
r6_210seqs	1	225
r6_210seqs	1	225
r6_210seqs	1	225
r6_210seqs	1	225
r6_210seqs	1	225
r6_210seqs	1	225
r6_210seqs	1	225
r6_210seqs	1	225
r6_210seqs	1	225
r6_210seqs	1	225
r6_210seqs	1	225
r6_210seqs	1	225
r6_210seqs	1	225
r6_210seqs	1	225
r6_210seqs	1	225
r6_210seqs	1	225
r6_210seqs	1	225
r6_210seqs	1	225
r6_210seqs	4	225
r6_210seqs	1	224
r6_210seqs	1	223
r6_210seqs	2	224
r6_210seqs	2	224
r6_210seqs	1	223
r6_210seqs	3	225
r6_210seqs	1	223
r6_210seqs	1	224
r6_210seqs	1	221
r6_210seqs	1	224
r6_210seqs	5	225
r6_210seqs	1	224
r6_210seqs	1	224
r6_210seqs	1	224
r6_210seqs	1	224
r6_210seqs	1	225
r6_210seqs	1	225
r6_210seqs	6	224
r6_210seqs	1	225
r6_210seqs	1	224
r6_210seqs	1	224
r6_210seqs	1	225
r6_210seqs	1	225
r6_210seqs	1	224
r6_210seqs	1	225
r6_210seqs	1	225
r6_210seqs	1	225
r6_210seqs	1	225
r6_210seqs	1	225
r6_210seqs	1	225
r6_210seqs	1	225
r6_210seqs	1	225
r6_210seqs	1	225
r6_210seqs	1	225
r6_210seqs	1	225
r6_210seqs	1	225
r6_210seqs	1	225
r6_210seqs	1	225
r6_210seqs	1	225
r6_210seqs	1	225
r6_210seqs	1	224
r6_210seqs	1	225
r6_210seqs	1	225
r6_210seqs	2	224
r6_210seqs	1	223
r6_210seqs	2	224
r6_210seqs	1	224
r6_210seqs	2	225
r6_210seqs	1	224
r6_210seqs	1	224
r6_210seqs	1	224
r6_210seqs	1	224
r6_210seqs	1	224
r6_210seqs	2	225
r6_210seqs	1	224
r6_210seqs	1	224
r6_210seqs	1	224
r6_210seqs	2	225
r6_210seqs	1	224
r6_210seqs	1	224
r6_210seqs	1	224
r6_210seqs	1	224
r6_210seqs	1	224
r6_210seqs	1	224
r6_210seqs	1	224
r6_210seqs	1	224
r6_210seqs	1	224
r6_210seqs	1	224
r6_210seqs	1	224
r6_210seqs	1	224
r6_210seqs	1	224
r6_210seqs	1	224
r6_210seqs	1	224
r6_210seqs	1	224
r6_210seqs	5	219
r6_210seqs	1	224
r6_210seqs	3	224
r6_210seqs	1	225
r6_210seqs	7	224
r6_210seqs	1	225
r6_210seqs	1	222
r6_210seqs	1	225
r6_210seqs	1	225
r6_210seqs	1	223
r6_210seqs	1	225
r6_210seqs	1	225
r6_210seqs	1	225
r6_210seqs	6	225
r6_210seqs	1	225
r6_210seqs	1	225
r6_210seqs	1	225
r6_210seqs	1	225
r6_210seqs	1	225
r6_210seqs	1	225
r6_210seqs	1	224
r6_210seqs	1	224
r6_210seqs	1	224
r6_210seqs	1	224
r6_210seqs	1	224
r6_210seqs	1	224
r6_210seqs	1	224
r6_210seqs	1	224
r6_210seqs	1	224
r6_210seqs	1	224
r6_210seqs	1	224
r6_210seqs	1	224
r6_210seqs	1	224
r6_210seqs	1	224
r6_210seqs	1	224
r6_210seqs	1	224
r6_210seqs	1	224
r6_210seqs	1	224
r6_210seqs	1	224
r6_210seqs	1	224
r6_210seqs	1	224
r6_210seqs	1	224
r6_210seqs	1	224
r6_210seqs	1	224
r6_210seqs	1	224
r6_210seqs	1	222
r6_210seqs	1	225
r6_210seqs	1	225
r6_210seqs	1	225
r6_210seqs	4	225
r6_210seqs	1	225
r6_210seqs	1	225
r6_210seqs	1	225
r6_210seqs	1	225
r6_210seqs	1	225
r6_210seqs	1	225
r6_210seqs	1	225
r6_210seqs	1	225
r6_210seqs	1	225
r6_210seqs	1	225
r6_210seqs	1	225
r6_210seqs	1	225
r6_210seqs	1	225
r6_210seqs	1	225
r6_210seqs	1	225
r6_210seqs	1	225
r6_210seqs	1	225
r6_210seqs	1	225
r6_210seqs	1	225
r6_210seqs	1	225
r6_210seqs	1	225
r6_210seqs	1	225
r6_210seqs	1	225
r6_210seqs	1	225
r6_210seqs	1	225
r6_210seqs	1	225
r6_210seqs	1	225
r6_210seqs	1	225
r6_210seqs	1	225
r6_210seqs	1	225
r6_210seqs	1	225
r6_210seqs	1	225
r6_210seqs	1	225
r6_210seqs	1	225
r6_210seqs	1	225
r6_210seqs	1	225
r6_210seqs	1	225
r6_210seqs	1	225
r6_210seqs	1	225
r6_210seqs	1	225
r6_210seqs	1	225
r6_210seqs	1	224
r6_210seqs	1	225
r6_210seqs	1	225
r6_210seqs	1	225
r6_210seqs	1	225
r6_210seqs	1	225
r6_210seqs	1	225
r6_210seqs	1	225
r6_210seqs	1	225
r6_210seqs	1	225
r6_210seqs	1	225
r6_210seqs	6	225
r6_210seqs	2	224
r6_210seqs	2	224
r6_210seqs	1	223
r6_210seqs	2	224
r6_210seqs	2	224
r6_210seqs	1	225
r6_210seqs	1	225
r6_210seqs	1	224
r6_210seqs	1	224
r6_210seqs	2	225
r6_210seqs	1	223
r6_210seqs	1	224
r6_210seqs	1	224
r6_210seqs	1	225
r6_210seqs	1	225
r6_210seqs	1	225
r6_210seqs	1	225
r6_210seqs	1	225
r6_210seqs	1	225
r6_210seqs	1	224
r6_210seqs	1	225
r6_210seqs	1	225
r6_210seqs	1	225
r6_210seqs	1	225
r6_210seqs	1	225
r6_210seqs	1	225
r6_210seqs	1	225
r6_210seqs	1	225
r6_210seqs	1	225
r6_210seqs	1	225
r6_210seqs	1	225
r6_210seqs	1	225
r6_210seqs	1	225
r6_210seqs	1	225
r6_210seqs	1	225
r6_210seqs	1	225
r6_210seqs	1	225
r6_210seqs	1	225
r6_210seqs	6	224
r6_210seqs	1	225
r6_210seqs	1	224
r6_210seqs	1	225
r6_210seqs	1	224
r6_210seqs	1	225
r6_210seqs	1	225
r6_210seqs	1	225
r6_210seqs	1	225
r6_210seqs	2	211
r6_210seqs	1	224
r6_210seqs	1	225
r6_210seqs	1	225
r6_210seqs	1	223
r6_210seqs	1	223
r6_210seqs	1	223
r6_210seqs	1	223
r6_210seqs	1	225
r6_210seqs	11	225
r6_210seqs	5	225
r6_210seqs	1	224
r6_210seqs	2	225
r6_210seqs	1	224
r6_210seqs	1	224
r6_210seqs	1	224
r6_210seqs	1	224
r6_210seqs	1	224
r6_210seqs	1	224
r6_210seqs	1	224
r6_210seqs	1	224
r6_210seqs	1	224
r6_210seqs	1	224
r6_210seqs	2	225
r6_210seqs	1	224
r6_210seqs	1	224
r6_210seqs	1	224
r6_210seqs	1	224
r6_210seqs	1	225
r6_210seqs	5	225
r6_210seqs	1	224
r6_210seqs	1	224
r6_210seqs	1	224
r6_210seqs	1	224
r6_210seqs	1	225
r6_210seqs	1	224
r6_210seqs	1	224
r6_210seqs	1	224
r6_210seqs	1	224
r6_210seqs	1	224
r6_210seqs	1	224
r6_210seqs	1	224
r6_210seqs	2	225
r6_210seqs	1	224
r6_210seqs	1	224
r6_210seqs	1	225
r6_210seqs	1	225
r6_210seqs	1	225
r6_210seqs	1	225
r6_210seqs	1	225
r6_210seqs	1	225
r6_210seqs	1	222
r6_210seqs	1	225
r6_210seqs	1	225
r6_210seqs	1	225
r6_210seqs	1	225
r6_210seqs	1	225
r6_210seqs	3	224
r6_210seqs	1	225
r6_210seqs	1	225
r6_210seqs	1	225
r6_210seqs	1	225
r6_210seqs	1	225
r6_210seqs	1	211
r6_210seqs	1	224
r6_210seqs	1	225
r6_210seqs	1	225
r6_210seqs	1	225
r6_210seqs	1	225
r6_210seqs	1	225
r6_210seqs	1	224
r6_210seqs	1	225
r6_210seqs	1	218
r6_210seqs	1	224
r6_210seqs	1	224
r6_210seqs	1	224
r6_210seqs	1	224
r6_210seqs	1	224
r6_210seqs	1	224
r6_210seqs	2	224
r6_210seqs	1	224
r6_210seqs	1	224
r6_210seqs	1	225
r6_210seqs	1	224
r6_210seqs	1	224
r6_210seqs	1	224
r6_210seqs	1	224
r6_210seqs	1	224
r6_210seqs	1	224
r6_210seqs	1	224
r6_210seqs	1	224
r6_210seqs	1	224
r6_210seqs	1	224
r6_210seqs	1	224
r6_210seqs	1	224
r6_210seqs	1	224
r6_210seqs	1	224
r6_210seqs	1	224
r6_210seqs	1	225
r6_210seqs	1	225
r6_210seqs	13	225
r6_210seqs	1	222
r6_210seqs	1	225
r6_210seqs	1	225
r6_210seqs	1	225
r6_210seqs	1	225
r6_210seqs	1	225
r6_210seqs	1	225
r6_210seqs	1	225
r6_210seqs	1	225
r6_210seqs	1	225
r6_210seqs	1	225
r6_210seqs	1	225
r6_210seqs	1	225
r6_210seqs	1	225
r6_210seqs	1	225
r6_210seqs	1	225
r6_210seqs	1	225
r6_210seqs	1	225
r6_210seqs	1	225
r6_210seqs	1	225
r6_210seqs	1	225
r6_210seqs	1	225
r6_210seqs	1	225
r6_210seqs	1	225
r6_210seqs	1	225
r6_210seqs	1	225
r6_210seqs	1	225
r6_210seqs	1	225
r6_210seqs	1	225
r6_210seqs	1	225
r6_210seqs	1	225
r6_210seqs	1	225
r6_210seqs	1	225
r6_210seqs	1	225
r6_210seqs	1	225
r6_210seqs	1	225
r6_210seqs	1	225
r6_210seqs	1	225
r6_210seqs	1	223
r6_210seqs	1	223
r6_210seqs	1	223
r6_210seqs	1	224
r6_210seqs	1	223
r6_210seqs	2	224
r6_210seqs	2	224
r6_210seqs	1	225
r6_210seqs	1	223
r6_210seqs	1	224
r6_210seqs	2	225
r6_210seqs	1	224
r6_210seqs	1	224
r6_210seqs	1	224
r6_210seqs	1	224
r6_210seqs	1	224
r6_210seqs	1	225
r6_210seqs	1	224
r6_210seqs	1	224
r6_210seqs	1	212
r6_210seqs	1	224
r6_210seqs	1	225
r6_210seqs	1	210
r6_210seqs	1	225
r6_210seqs	1	225
r6_210seqs	1	225
r6_210seqs	1	225
r6_210seqs	1	225
r6_210seqs	1	225
r6_210seqs	1	225
r6_210seqs	1	225
r6_210seqs	1	225
r6_210seqs	1	225
r6_210seqs	1	225
r6_210seqs	1	225
r6_210seqs	1	225
r6_210seqs	1	225
r6_210seqs	1	225
r6_210seqs	1	225
r6_210seqs	1	225
r6_210seqs	1	225
r6_210seqs	1	225
r6_210seqs	1	225
r6_210seqs	1	225
r6_210seqs	1	225
r6_210seqs	1	225
r6_210seqs	1	225
r6_210seqs	1	224
r6_210seqs	1	224
r6_210seqs	1	224
r6_210seqs	1	224
r6_210seqs	1	217
r6_210seqs	1	224
r6_210seqs	1	225
r6_210seqs	1	217
r6_210seqs	1	224
r6_210seqs	1	224
r6_210seqs	1	224
r6_210seqs	1	224
r6_210seqs	1	224
r6_210seqs	1	224
r6_210seqs	1	224
r6_210seqs	1	224
r6_210seqs	1	224
r6_210seqs	1	224
r6_210seqs	1	224
r6_210seqs	1	224
r6_210seqs	1	224
r6_210seqs	1	224
r6_210seqs	1	224
r6_210seqs	1	224
r6_210seqs	1	224
r6_210seqs	1	224
r6_210seqs	1	224
r6_210seqs	1	224
r6_210seqs	1	224
r6_210seqs	1	224
r6_210seqs	1	224
r6_210seqs	1	224
r6_210seqs	1	224
r6_210seqs	1	224
r6_210seqs	1	224
r6_210seqs	1	224
r6_210seqs	1	224
r6_210seqs	1	224
r6_210seqs	1	224
r6_210seqs	1	225
r6_210seqs	1	225
r6_210seqs	1	224
r6_210seqs	1	225
r6_210seqs	1	225
r6_210seqs	1	225
r6_210seqs	1	225
r6_210seqs	1	224
r6_210seqs	3	224
r6_210seqs	1	225
r6_210seqs	1	225
r6_210seqs	1	225
r6_210seqs	1	225
r6_210seqs	1	211
r6_210seqs	1	211
r6_210seqs	1	224
r6_210seqs	1	223
r6_210seqs	1	225
r6_210seqs	1	220
r6_210seqs	1	225
r6_210seqs	1	225
r6_210seqs	1	220
r6_210seqs	1	224
r6_210seqs	1	224
r6_210seqs	1	224
r6_210seqs	1	224
r6_210seqs	1	224
r6_210seqs	1	224
r6_210seqs	1	224
r6_210seqs	1	224
r6_210seqs	1	224
r6_210seqs	1	224
r6_210seqs	1	224
r6_210seqs	1	224
r6_210seqs	1	224
r6_210seqs	1	224
r6_210seqs	1	224
r6_210seqs	1	224
r6_210seqs	1	224
r6_210seqs	1	224
r6_210seqs	1	224
r6_210seqs	1	224
r6_210seqs	1	224
r6_210seqs	1	224
r6_210seqs	1	224
r6_210seqs	1	225
r6_210seqs	2	225
r6_210seqs	1	224
r6_210seqs	1	224
r6_210seqs	1	224
r6_210seqs	1	224
r6_210seqs	1	225
r6_210seqs	1	224
r6_210seqs	1	223
r6_210seqs	1	225
r6_210seqs	1	224
r6_210seqs	1	225
r6_210seqs	1	225
r6_210seqs	1	224
r6_210seqs	1	224
r6_210seqs	1	225
r6_210seqs	1	225
r6_210seqs	1	224
r6_210seqs	1	224
r6_210seqs	1	224
r6_210seqs	1	224
r6_210seqs	1	224
r6_210seqs	1	224
r6_210seqs	1	224
r6_210seqs	1	224
r6_210seqs	1	224
r6_210seqs	1	224
r6_210seqs	1	224
r6_210seqs	1	224
r6_210seqs	1	224
r6_210seqs	1	225
r6_210seqs	1	224
r6_210seqs	1	224
r6_210seqs	1	224
r6_210seqs	1	225
r6_210seqs	1	225
r6_210seqs	1	225
r6_210seqs	1	224
r6_210seqs	1	224
r6_210seqs	1	224
r6_210seqs	1	225
r6_210seqs	1	224
r6_210seqs	1	224
r6_210seqs	1	224
r6_210seqs	1	224
r6_210seqs	1	225
r6_210seqs	3	225
r6_210seqs	2	224
r6_210seqs	1	223
r6_210seqs	1	216
r6_210seqs	1	225
r6_210seqs	1	225
r6_210seqs	1	225
r6_210seqs	1	225
r6_210seqs	1	225
r6_210seqs	1	225
r6_210seqs	1	219
r6_210seqs	1	217
r6_210seqs	1	224
r6_210seqs	1	224
r6_210seqs	1	224
r6_210seqs	1	224
r6_210seqs	1	224
r6_210seqs	2	216
r6_210seqs	1	224
r6_210seqs	4	224
r6_210seqs	1	224
r6_210seqs	1	224
r6_210seqs	1	224
r6_210seqs	1	224
r6_210seqs	1	225
r6_210seqs	1	223
r6_210seqs	2	225
r6_210seqs	1	225
r6_210seqs	1	221
r6_210seqs	1	224
r6_210seqs	1	224
r6_210seqs	2	225
r6_210seqs	1	225
r6_210seqs	1	225
r6_210seqs	1	225
r6_210seqs	1	225
r6_210seqs	1	225
r6_210seqs	1	225
r6_210seqs	1	225
r6_210seqs	1	225
r6_210seqs	1	225
r6_210seqs	1	225
r6_210seqs	1	223
r6_210seqs	1	225
r6_210seqs	1	225
r6_210seqs	1	223
r6_210seqs	1	225
r6_210seqs	1	224
r6_210seqs	1	225
r6_210seqs	1	225
r6_210seqs	1	225
r6_210seqs	1	225
r6_210seqs	1	225
r6_210seqs	1	225
r6_210seqs	1	225
r6_210seqs	1	225
r6_210seqs	6	224
r6_210seqs	1	225
r6_210seqs	1	225
r6_210seqs	2	224
r6_210seqs	2	224
r6_210seqs	1	223
r6_210seqs	1	224
r6_210seqs	1	224
r6_210seqs	1	224
r6_210seqs	1	225
r6_210seqs	1	224
r6_210seqs	1	224
r6_210seqs	1	224
r6_210seqs	1	224
r6_210seqs	1	224
r6_210seqs	1	224
r6_210seqs	1	225
r6_210seqs	1	225
r6_210seqs	1	225
r6_210seqs	1	224
r6_210seqs	2	225
r6_210seqs	2	224
r6_210seqs	1	224
r6_210seqs	1	224
r6_210seqs	1	224
r6_210seqs	2	224
r6_210seqs	1	224
r6_210seqs	1	224
r6_210seqs	1	224
r6_210seqs	1	225
r6_210seqs	1	222
r6_210seqs	2	223
r6_210seqs	1	225
r6_210seqs	1	225
r6_210seqs	1	225
r6_210seqs	1	225
r6_210seqs	1	225
r6_210seqs	1	225
r6_210seqs	1	225
r6_210seqs	1	225
r6_210seqs	1	225
r6_210seqs	1	225
r6_210seqs	1	225
r6_210seqs	1	225
r6_210seqs	1	225
r6_210seqs	1	225
r6_210seqs	1	225
r6_210seqs	1	225
r6_210seqs	1	225
r6_210seqs	1	225
r6_210seqs	1	225
r6_210seqs	1	225
r6_210seqs	1	225
r6_210seqs	1	225
r6_210seqs	1	225
r6_210seqs	1	225
r6_210seqs	1	225
r6_210seqs	1	225
r6_210seqs	1	225
r6_210seqs	1	225
r6_210seqs	1	225
r6_210seqs	1	225
r6_210seqs	1	225
r6_210seqs	1	225
r6_210seqs	1	225
r6_210seqs	1	225
r6_210seqs	1	216
r6_210seqs	1	223
r6_210seqs	2	224
r6_210seqs	2	224
r6_210seqs	1	223
r6_210seqs	1	225
r6_210seqs	1	224
r6_210seqs	1	211
r6_210seqs	2	224
r6_210seqs	1	225
r6_210seqs	2	224
r6_210seqs	1	225
r6_210seqs	1	223
r6_210seqs	1	225
r6_210seqs	1	225
r6_210seqs	1	223
r6_210seqs	1	225
r6_210seqs	1	223
r6_210seqs	1	224
r6_210seqs	1	224
r6_210seqs	1	223
r6_210seqs	1	225
r6_210seqs	1	225
r6_210seqs	1	224
r6_210seqs	1	225
r6_210seqs	1	225
r6_210seqs	9	224
r6_210seqs	5	223
r6_210seqs	1	225
r6_210seqs	1	225
r6_210seqs	1	225
r6_210seqs	1	225
r6_210seqs	1	225
r6_210seqs	1	225
r6_210seqs	1	225
r6_210seqs	1	225
r6_210seqs	1	225
r6_210seqs	1	225
r6_210seqs	1	225
r6_210seqs	1	225
r6_210seqs	1	225
r6_210seqs	1	225
r6_210seqs	1	225
r6_210seqs	1	225
r6_210seqs	1	225
r6_210seqs	1	224
r6_210seqs	1	225
r6_210seqs	1	225
r6_210seqs	1	225
r6_210seqs	1	225
r6_210seqs	1	225
r6_210seqs	1	225
r6_210seqs	1	225
r6_210seqs	1	225
r6_210seqs	1	225
r6_210seqs	1	225
r6_210seqs	1	225
r6_210seqs	1	225
r6_210seqs	1	224
r6_210seqs	1	225
r6_210seqs	1	225
r6_210seqs	1	224
r6_210seqs	1	225
r6_210seqs	1	224
r6_210seqs	1	220
r6_210seqs	1	225
r6_210seqs	1	225
r6_210seqs	1	225
r6_210seqs	1	224
r6_210seqs	2	224
r6_210seqs	2	224
r6_210seqs	1	223
r6_210seqs	1	225
r6_210seqs	3	225
r6_210seqs	2	224
r6_210seqs	1	224
r6_210seqs	2	224
r6_210seqs	1	225
r6_210seqs	1	217
r6_210seqs	2	223
r6_210seqs	2	223
r6_210seqs	1	212
r6_210seqs	1	224
r6_210seqs	2	225
r6_210seqs	1	224
r6_210seqs	1	224
r6_210seqs	1	224
r6_210seqs	1	224
r6_210seqs	1	224
r6_210seqs	1	224
r6_210seqs	1	224
r6_210seqs	1	224
r6_210seqs	1	224
r6_210seqs	1	224
r6_210seqs	1	224
r6_210seqs	1	224
r6_210seqs	1	224
r6_210seqs	4	224
r6_210seqs	1	211
r6_210seqs	1	224
r6_210seqs	1	224
r6_210seqs	1	224
r6_210seqs	1	224
r6_210seqs	1	224
r6_210seqs	1	224
r6_210seqs	1	224
r6_210seqs	1	224
r6_210seqs	1	224
r6_210seqs	1	224
r6_210seqs	1	224
r6_210seqs	1	225
r6_210seqs	1	224
r6_210seqs	1	224
r6_210seqs	1	224
r6_210seqs	1	224
r6_210seqs	2	225
r6_210seqs	1	224
r6_210seqs	1	224
r6_210seqs	1	224
r6_210seqs	1	225
r6_210seqs	1	225
r6_210seqs	2	225
r6_210seqs	1	224
r6_210seqs	1	224
r6_210seqs	1	224
r6_210seqs	1	225
r6_210seqs	2	225
r6_210seqs	1	223
r6_210seqs	1	224
r6_210seqs	1	225
r6_210seqs	1	224
r6_210seqs	2	225
r6_210seqs	1	225
r6_210seqs	1	210
r6_210seqs	1	224
r6_210seqs	1	225
r6_210seqs	1	225
r6_210seqs	1	225
r6_210seqs	1	225
r6_210seqs	1	225
r6_210seqs	1	225
r6_210seqs	1	224
r6_210seqs	1	225
r6_210seqs	1	223
r6_210seqs	1	224
r6_210seqs	1	225
r6_210seqs	1	222
r6_210seqs	1	224
r6_210seqs	1	225
r6_210seqs	2	224
r6_210seqs	1	211
r6_210seqs	8	224
r6_210seqs	9	224
r6_210seqs	2	224
r6_210seqs	1	225
r6_210seqs	1	211
r6_210seqs	1	224
r6_210seqs	1	211
r6_210seqs	1	224
r6_210seqs	1	211
r6_210seqs	1	225
r6_210seqs	1	225
r6_210seqs	1	225
r6_210seqs	1	225
r6_210seqs	1	224
r6_210seqs	1	224
r6_210seqs	1	225
r6_210seqs	1	225
r6_210seqs	1	225
r6_210seqs	1	225
r6_210seqs	1	225
r6_210seqs	1	225
r6_210seqs	1	225
r6_210seqs	1	225
r6_210seqs	1	224
r6_210seqs	2	225
r6_210seqs	1	224
r6_210seqs	2	225
r6_210seqs	1	224
r6_210seqs	1	224
r6_210seqs	1	224
r6_210seqs	1	224
r6_210seqs	1	224
r6_210seqs	1	224
r6_210seqs	1	224
r6_210seqs	1	224
r6_210seqs	2	225
r6_210seqs	1	224
r6_210seqs	1	224
r6_210seqs	1	224
r6_210seqs	1	225
r6_210seqs	1	224
r6_210seqs	1	224
r6_210seqs	1	224
r6_210seqs	1	224
r6_210seqs	1	224
r6_210seqs	1	224
r6_210seqs	1	224
r6_210seqs	1	224
r6_210seqs	1	225
r6_210seqs	1	224
r6_210seqs	1	224
r6_210seqs	1	224
r6_210seqs	1	224
r6_210seqs	1	224
r6_210seqs	1	225
r6_210seqs	1	225
r6_210seqs	1	225
r6_210seqs	1	224
r6_210seqs	1	224
r6_210seqs	1	224
r6_210seqs	4	224
r6_210seqs	1	225
r6_210seqs	2	225
r6_210seqs	1	224
r6_210seqs	1	224
r6_210seqs	1	225
r6_210seqs	1	224
r6_210seqs	1	224
r6_210seqs	1	225
r6_210seqs	1	224
r6_210seqs	1	225
r6_210seqs	1	225
r6_210seqs	1	225
r6_210seqs	1	225
r6_210seqs	1	225
r6_210seqs	1	225
r6_210seqs	1	225
r6_210seqs	1	225
r6_210seqs	1	225
r6_210seqs	1	225
r6_210seqs	1	225
r6_210seqs	1	225
r6_210seqs	1	225
r6_210seqs	1	225
r6_210seqs	1	225
r6_210seqs	1	225
r6_210seqs	1	225
r6_210seqs	1	225
r6_210seqs	1	225
r6_210seqs	1	225
r6_210seqs	1	225
r6_210seqs	1	225
r6_210seqs	1	225
r6_210seqs	1	225
r6_210seqs	1	225
r6_210seqs	1	225
r6_210seqs	1	225
r6_210seqs	1	225
r6_210seqs	1	225
r6_210seqs	1	225
r6_210seqs	1	225
r6_210seqs	1	225
r6_210seqs	1	225
r6_210seqs	1	225
r6_210seqs	1	224
r6_210seqs	1	224
r6_210seqs	1	225
r6_210seqs	1	225
r6_210seqs	1	225
r6_210seqs	1	225
r6_210seqs	1	222
r6_210seqs	1	223
r6_210seqs	1	223
r6_210seqs	2	224
r6_210seqs	2	224
r6_210seqs	1	225
r6_210seqs	2	225
r6_210seqs	1	224
r6_210seqs	1	225
r6_210seqs	1	224
r6_210seqs	1	225
r6_210seqs	1	225
r6_210seqs	1	212
r6_210seqs	1	224
r6_210seqs	1	224
r6_210seqs	1	224
r6_210seqs	1	224
r6_210seqs	1	224
r6_210seqs	3	225
r6_210seqs	1	224
r6_210seqs	1	225
r6_210seqs	2	225
r6_210seqs	1	224
r6_210seqs	1	225
r6_210seqs	1	224
r6_210seqs	1	225
r6_210seqs	1	225
r6_210seqs	1	225
r6_210seqs	1	225
r6_210seqs	1	210
r6_210seqs	1	225
r6_210seqs	1	225
r6_210seqs	1	225
r6_210seqs	1	225
r6_210seqs	1	225
r6_210seqs	1	225
r6_210seqs	1	225
r6_210seqs	1	225
r6_210seqs	1	225
r6_210seqs	1	225
r6_210seqs	1	224
r6_210seqs	1	225
r6_210seqs	1	225
r6_210seqs	1	225
r6_210seqs	1	225
r6_210seqs	1	225
r6_210seqs	1	225
r6_210seqs	1	225
r6_210seqs	1	225
r6_210seqs	1	225
r6_210seqs	1	225
r6_210seqs	1	225
r6_210seqs	1	225
r6_210seqs	1	225
r6_210seqs	1	225
r6_210seqs	1	225
r6_210seqs	1	225
r6_210seqs	1	225
r6_210seqs	1	225
r6_210seqs	1	224
r6_210seqs	1	225
r6_210seqs	1	225
r6_210seqs	1	225
r6_210seqs	1	225
r6_210seqs	1	224
r6_210seqs	1	225
r6_210seqs	1	224
r6_210seqs	1	224
r6_210seqs	1	225
r6_210seqs	1	225
r6_210seqs	1	210
r6_210seqs	1	225
r6_210seqs	1	225
r6_210seqs	1	225
r6_210seqs	1	225
r6_210seqs	1	225
r6_210seqs	1	225
r6_210seqs	1	225
r6_210seqs	1	224
r6_210seqs	1	225
r6_210seqs	1	225
r6_210seqs	1	225
r6_210seqs	1	225
r6_210seqs	1	224
r6_210seqs	1	225
r6_210seqs	2	224
r6_210seqs	1	225
r6_210seqs	1	224
r6_210seqs	3	224
r6_210seqs	1	225
r6_210seqs	1	224
r6_210seqs	1	220
r6_210seqs	1	225
r6_210seqs	1	211
r6_210seqs	1	212
r6_210seqs	1	224
r6_210seqs	1	224
r6_210seqs	1	224
r6_210seqs	1	224
r6_210seqs	1	224
r6_210seqs	1	224
r6_210seqs	1	224
r6_210seqs	1	224
r6_210seqs	1	224
r6_210seqs	1	224
r6_210seqs	1	224
r6_210seqs	1	224
r6_210seqs	1	224
r6_210seqs	1	224
r6_210seqs	2	225
r6_210seqs	2	225
r6_210seqs	1	224
r6_210seqs	1	224
r6_210seqs	1	224
r6_210seqs	1	224
r6_210seqs	1	224
r6_210seqs	1	225
r6_210seqs	1	211
r6_210seqs	1	225
r6_210seqs	1	224
r6_210seqs	1	221
r6_210seqs	1	225
r6_210seqs	1	224
r6_210seqs	1	222
r6_210seqs	1	224
r6_210seqs	1	225
r6_210seqs	1	225
r6_210seqs	1	225
r6_210seqs	1	222
r6_210seqs	1	225
r6_210seqs	1	225
r6_210seqs	1	225
r6_210seqs	1	225
r6_210seqs	1	225
r6_210seqs	1	224
r6_210seqs	1	224
r6_210seqs	1	225
r6_210seqs	1	225
r6_210seqs	1	225
r6_210seqs	1	225
r6_210seqs	1	225
r6_210seqs	1	225
r6_210seqs	1	225
r6_210seqs	1	224
r6_210seqs	1	225
r6_210seqs	1	224
r6_210seqs	1	225
r6_210seqs	1	210
r6_210seqs	1	225
r6_210seqs	1	225
r6_210seqs	1	222
r6_210seqs	1	225
r6_210seqs	1	225
r6_210seqs	1	225
r6_210seqs	1	224
r6_210seqs	2	224
r6_210seqs	2	222
r6_210seqs	1	223
r6_210seqs	1	211
r6_210seqs	1	211
r6_210seqs	1	211
r6_210seqs	1	211
r6_210seqs	1	225
r6_210seqs	1	225
r6_210seqs	1	225
r6_210seqs	1	225
r6_210seqs	5	225
r6_210seqs	1	225
r6_210seqs	1	211
r6_210seqs	1	217
r6_210seqs	1	211
r6_210seqs	2	223
r6_210seqs	1	224
r6_210seqs	1	224
r6_210seqs	1	224
r6_210seqs	1	224
r6_210seqs	1	224
r6_210seqs	1	224
r6_210seqs	1	224
r6_210seqs	1	224
r6_210seqs	1	224
r6_210seqs	1	224
r6_210seqs	1	224
r6_210seqs	1	224
r6_210seqs	1	224
r6_210seqs	2	225
r6_210seqs	1	224
r6_210seqs	1	224
r6_210seqs	1	224
r6_210seqs	1	224
r6_210seqs	1	224
r6_210seqs	1	224
r6_210seqs	2	225
r6_210seqs	1	224
r6_210seqs	1	224
r6_210seqs	1	224
r6_210seqs	1	224
r6_210seqs	1	224
r6_210seqs	1	225
r6_210seqs	1	225
r6_210seqs	1	224
r6_210seqs	1	224
r6_210seqs	1	224
r6_210seqs	1	210
r6_210seqs	1	225
r6_210seqs	1	225
r6_210seqs	1	224
r6_210seqs	1	225
r6_210seqs	1	225
r6_210seqs	1	225
r6_210seqs	1	225
r6_210seqs	1	224
r6_210seqs	11	217
r6_210seqs	1	211
r6_210seqs	1	216
r6_210seqs	5	211
r6_210seqs	9	224
r6_210seqs	1	225
r6_210seqs	5	211
r6_210seqs	1	225
r6_210seqs	1	225
r6_210seqs	1	224
r6_210seqs	1	225
r6_210seqs	1	225
r6_210seqs	1	225
r6_210seqs	1	225
r6_210seqs	1	225
r6_210seqs	1	225
r6_210seqs	1	225
r6_210seqs	1	225
r6_210seqs	1	225
r6_210seqs	1	225
r6_210seqs	1	225
r6_210seqs	1	225
r6_210seqs	1	225
r6_210seqs	1	225
r6_210seqs	1	222
r6_210seqs	1	211
r6_210seqs	1	223
r6_210seqs	1	223
r6_210seqs	1	224
r6_210seqs	1	211
r6_210seqs	2	223
r6_210seqs	1	225
r6_210seqs	1	225
r6_210seqs	1	224
r6_210seqs	1	224
r6_210seqs	1	211
r6_210seqs	1	224
r6_210seqs	1	221
r6_210seqs	1	223
r6_210seqs	4	225
r6_210seqs	1	224
r6_210seqs	1	224
r6_210seqs	1	224
r6_210seqs	1	224
r6_210seqs	1	224
r6_210seqs	1	224
r6_210seqs	1	224
r6_210seqs	1	224
r6_210seqs	1	221
r6_210seqs	2	225
r6_210seqs	1	225
r6_210seqs	1	225
r6_210seqs	1	225
r6_210seqs	13	225
r6_210seqs	1	225
r6_210seqs	1	225
r6_210seqs	1	225
r6_210seqs	1	225
r6_210seqs	1	225
r6_210seqs	1	225
r6_210seqs	1	225
r6_210seqs	1	225
r6_210seqs	1	225
r6_210seqs	1	225
r6_210seqs	1	225
r6_210seqs	1	225
r6_210seqs	1	225
r6_210seqs	1	225
r6_210seqs	1	225
r6_210seqs	1	225
r6_210seqs	1	225
r6_210seqs	1	225
r6_210seqs	1	225
r6_210seqs	1	225
r6_210seqs	1	225
r6_210seqs	1	225
r6_210seqs	1	225
r6_210seqs	1	225
r6_210seqs	1	225
r6_210seqs	1	225
r6_210seqs	2	211
r6_210seqs	1	225
r6_210seqs	1	225
r6_210seqs	1	225
r6_210seqs	1	225
r6_210seqs	1	225
r6_210seqs	1	225
r6_210seqs	1	225
r6_210seqs	1	225
r6_210seqs	1	225
r6_210seqs	1	224
r6_210seqs	1	225
r6_210seqs	1	225
r6_210seqs	1	225
r6_210seqs	1	225
r6_210seqs	1	225
r6_210seqs	1	224
r6_210seqs	1	224
r6_210seqs	2	224
r6_210seqs	12	225
r6_210seqs	1	223
r6_210seqs	2	224
r6_210seqs	3	225
r6_210seqs	1	225
r6_210seqs	1	224
r6_210seqs	1	225
r6_210seqs	1	225
r6_210seqs	1	223
r6_210seqs	1	217
r6_210seqs	2	225
r6_210seqs	1	225
r6_210seqs	4	224
r6_210seqs	1	212
r6_210seqs	1	224
r6_210seqs	1	224
r6_210seqs	1	224
r6_210seqs	1	224
r6_210seqs	1	224
r6_210seqs	1	224
r6_210seqs	5	225
r6_210seqs	1	224
r6_210seqs	1	224
r6_210seqs	1	224
r6_210seqs	2	225
r6_210seqs	1	224
r6_210seqs	1	222
r6_210seqs	1	224
r6_210seqs	1	224
r6_210seqs	1	224
r6_210seqs	1	224
r6_210seqs	1	224
r6_210seqs	1	224
r6_210seqs	1	224
r6_210seqs	1	224
r6_210seqs	1	225
r6_210seqs	1	225
r6_210seqs	1	225
r6_210seqs	1	225
r6_210seqs	2	211
r6_210seqs	1	225
r6_210seqs	1	225
r6_210seqs	1	225
r6_210seqs	1	225
r6_210seqs	1	225
r6_210seqs	1	225
r6_210seqs	1	225
r6_210seqs	1	224
r6_210seqs	1	225
r6_210seqs	1	223
r6_210seqs	1	225
r6_210seqs	1	225
r6_210seqs	1	225
r6_210seqs	1	225
r6_210seqs	1	222
r6_210seqs	1	225
r6_210seqs	1	225
r6_210seqs	1	225
r6_210seqs	1	225
r6_210seqs	1	210
r6_210seqs	1	225
r6_210seqs	1	225
r6_210seqs	1	224
r6_210seqs	1	225
r6_210seqs	5	225
r6_210seqs	1	224
r6_210seqs	1	225
r6_210seqs	9	225
r6_210seqs	1	223
r6_210seqs	2	224
r6_210seqs	2	224
r6_210seqs	1	211
r6_210seqs	1	211
r6_210seqs	1	217
r6_210seqs	1	225
r6_210seqs	1	224
r6_210seqs	1	225
r6_210seqs	5	224
r6_210seqs	1	225
r6_210seqs	1	225
r6_210seqs	1	225
r6_210seqs	1	211
r6_210seqs	1	211
r6_210seqs	1	211
r6_210seqs	1	225
r6_210seqs	1	211
r6_210seqs	1	217
r6_210seqs	1	225
r6_210seqs	1	211
r6_210seqs	1	221
r6_210seqs	1	224
r6_210seqs	2	225
r6_210seqs	1	224
r6_210seqs	1	224
r6_210seqs	1	224
r6_210seqs	1	224
r6_210seqs	1	224
r6_210seqs	1	224
r6_210seqs	1	224
r6_210seqs	1	222
r6_210seqs	1	224
r6_210seqs	1	224
r6_210seqs	1	224
r6_210seqs	1	224
r6_210seqs	1	224
r6_210seqs	2	225
r6_210seqs	6	223
r6_210seqs	1	224
r6_210seqs	2	225
r6_210seqs	1	224
r6_210seqs	2	225
r6_210seqs	3	223
r6_210seqs	1	224
r6_210seqs	1	224
r6_210seqs	1	224
r6_210seqs	1	224
r6_210seqs	1	224
r6_210seqs	1	224
r6_210seqs	1	224
r6_210seqs	1	224
r6_210seqs	1	224
r6_210seqs	1	224
r6_210seqs	1	224
r6_210seqs	1	225
r6_210seqs	1	225
r6_210seqs	1	225
r6_210seqs	1	225
r6_210seqs	1	225
r6_210seqs	1	225
r6_210seqs	1	223
r6_210seqs	1	212
r6_210seqs	1	225
r6_210seqs	2	223
r6_210seqs	1	225
r6_210seqs	1	225
r6_210seqs	10	225
r6_210seqs	1	225
r6_210seqs	1	225
r6_210seqs	1	224
r6_210seqs	1	225
r6_210seqs	1	225
r6_210seqs	1	225
r6_210seqs	1	225
r6_210seqs	1	225
r6_210seqs	1	225
r6_210seqs	1	225
r6_210seqs	1	225
r6_210seqs	1	225
r6_210seqs	1	225
r6_210seqs	1	225
r6_210seqs	1	225
r6_210seqs	2	224
r6_210seqs	1	211
r6_210seqs	5	224
r6_210seqs	1	211
r6_210seqs	1	223
r6_210seqs	1	224
r6_210seqs	1	224
r6_210seqs	1	224
r6_210seqs	1	225
r6_210seqs	1	225
r6_210seqs	1	225
r6_210seqs	1	225
r6_210seqs	1	211
r6_210seqs	1	225
r6_210seqs	1	225
r6_210seqs	1	211
r6_210seqs	1	225
r6_210seqs	2	224
r6_210seqs	1	225
r6_210seqs	1	224
r6_210seqs	1	224
r6_210seqs	1	224
r6_210seqs	2	222
r6_210seqs	1	224
r6_210seqs	1	224
r6_210seqs	1	224
r6_210seqs	1	224
r6_210seqs	1	224
r6_210seqs	1	224
r6_210seqs	5	225
r6_210seqs	1	224
r6_210seqs	1	224
r6_210seqs	1	224
r6_210seqs	1	224
r6_210seqs	1	224
r6_210seqs	1	224
r6_210seqs	1	224
r6_210seqs	1	225
r6_210seqs	12	224
r6_210seqs	1	225
r6_210seqs	1	225
r6_210seqs	1	225
r6_210seqs	1	225
r6_210seqs	1	225
r6_210seqs	1	225
r6_210seqs	1	225
r6_210seqs	1	225
r6_210seqs	1	225
r6_210seqs	5	225
r6_210seqs	1	225
r6_210seqs	1	225
r6_210seqs	1	225
r6_210seqs	1	225
r6_210seqs	1	225
r6_210seqs	1	225
r6_210seqs	1	225
r6_210seqs	1	210
r6_210seqs	1	225
r6_210seqs	1	225
r6_210seqs	1	225
r6_210seqs	1	225
r6_210seqs	1	225
r6_210seqs	1	225
r6_210seqs	1	225
r6_210seqs	1	225
r6_210seqs	1	225
r6_210seqs	1	225
r6_210seqs	1	225
r6_210seqs	1	225
r6_210seqs	1	225
r6_210seqs	1	225
r6_210seqs	1	225
r6_210seqs	1	225
r6_210seqs	1	224
r6_210seqs	1	225
r6_210seqs	1	211
r6_210seqs	1	223
r6_210seqs	2	224
r6_210seqs	1	224
r6_210seqs	1	225
r6_210seqs	1	225
r6_210seqs	1	223
r6_210seqs	1	223
r6_210seqs	1	224
r6_210seqs	1	224
r6_210seqs	1	219
r6_210seqs	1	225
r6_210seqs	1	211
r6_210seqs	1	212
r6_210seqs	1	224
r6_210seqs	1	212
r6_210seqs	1	224
r6_210seqs	1	224
r6_210seqs	1	212
r6_210seqs	1	222
r6_210seqs	1	225
r6_210seqs	1	225
r6_210seqs	1	220
r6_210seqs	1	224
r6_210seqs	1	216
r6_210seqs	1	225
r6_210seqs	1	225
r6_210seqs	1	225
r6_210seqs	1	224
r6_210seqs	1	225
r6_210seqs	1	225
r6_210seqs	1	225
r6_210seqs	1	225
r6_210seqs	1	225
r6_210seqs	1	225
r6_210seqs	1	225
r6_210seqs	1	224
r6_210seqs	1	224
r6_210seqs	1	224
r6_210seqs	1	224
r6_210seqs	1	217
r6_210seqs	1	225
r6_210seqs	1	224
r6_210seqs	1	225
r6_210seqs	1	224
r6_210seqs	1	225
r6_210seqs	1	224
r6_210seqs	1	225
r6_210seqs	1	225
r6_210seqs	1	225
r6_210seqs	1	225
r6_210seqs	1	225
r6_210seqs	1	225
r6_210seqs	1	225
r6_210seqs	1	224
r6_210seqs	1	225
r6_210seqs	1	225
r6_210seqs	1	225
r6_210seqs	1	225
r6_210seqs	1	225
r6_210seqs	1	224
r6_210seqs	1	225
r6_210seqs	1	225
r6_210seqs	1	225
r6_210seqs	1	225
r6_210seqs	1	221
r6_210seqs	1	225
r6_210seqs	1	225
r6_210seqs	1	225
r6_210seqs	1	225
r6_210seqs	1	225
r6_210seqs	1	225
r6_210seqs	1	225
r6_210seqs	1	224
r6_210seqs	1	225
r6_210seqs	1	225
r6_210seqs	1	219
r6_210seqs	1	225
r6_210seqs	1	225
r6_210seqs	1	224
r6_210seqs	1	212
r6_210seqs	1	225
r6_210seqs	1	224
r6_210seqs	1	224
r6_210seqs	1	213
r6_210seqs	4	225
r6_210seqs	1	225
r6_210seqs	1	225
r6_210seqs	1	225
r6_210seqs	1	224
r6_210seqs	1	211
r6_210seqs	1	225
r6_210seqs	1	225
r6_210seqs	1	211
r6_210seqs	1	225
r6_210seqs	5	223
r6_210seqs	1	224
r6_210seqs	1	225
r6_210seqs	1	224
r6_210seqs	1	224
r6_210seqs	1	224
r6_210seqs	1	224
r6_210seqs	1	224
r6_210seqs	1	225
r6_210seqs	1	222
r6_210seqs	1	221
r6_210seqs	1	223
r6_210seqs	1	224
r6_210seqs	1	224
r6_210seqs	2	225
r6_210seqs	1	212
r6_210seqs	1	225
r6_210seqs	1	225
r6_210seqs	1	224
r6_210seqs	1	225
r6_210seqs	1	220
r6_210seqs	1	225
r6_210seqs	1	225
r6_210seqs	1	225
r6_210seqs	1	225
r6_210seqs	2	224
r6_210seqs	3	224
r6_210seqs	1	224
r6_210seqs	1	217
r6_210seqs	1	211
r6_210seqs	2	213
r6_210seqs	1	224
r6_210seqs	1	224
r6_210seqs	2	225
r6_210seqs	1	225
r6_210seqs	1	224
r6_210seqs	1	224
r6_210seqs	1	224
r6_210seqs	1	213
r6_210seqs	1	224
r6_210seqs	1	224
r6_210seqs	1	225
r6_210seqs	1	225
r6_210seqs	1	224
r6_210seqs	1	224
r6_210seqs	1	225
r6_210seqs	1	211
r6_210seqs	1	224
r6_210seqs	1	223
r6_210seqs	1	212
r6_210seqs	1	224
r6_210seqs	1	218
r6_210seqs	1	224
r6_210seqs	1	224
r6_210seqs	1	225
r6_210seqs	1	225
r6_210seqs	1	225
r6_210seqs	1	225
r6_210seqs	1	225
r6_210seqs	1	225
r6_210seqs	1	225
r6_210seqs	1	223
r6_210seqs	1	225
r6_210seqs	1	225
r6_210seqs	2	223
r6_210seqs	1	224
r6_210seqs	1	224
r6_210seqs	2	224
r6_210seqs	2	224
r6_210seqs	1	225
r6_210seqs	1	225
r6_210seqs	1	225
r6_210seqs	1	212
r6_210seqs	1	224
r6_210seqs	1	224
r6_210seqs	1	225
r6_210seqs	2	224
r6_210seqs	1	224
r6_210seqs	1	225
r6_210seqs	1	225
r6_210seqs	1	225
r6_210seqs	1	225
r6_210seqs	1	225
r6_210seqs	1	225
r6_210seqs	1	225
r6_210seqs	1	210
r6_210seqs	1	225
r6_210seqs	1	225
r6_210seqs	1	210
r6_210seqs	12	225
r6_210seqs	1	225
r6_210seqs	1	210
r6_210seqs	1	224
r6_210seqs	1	224
r6_210seqs	1	225
r6_210seqs	1	224
r6_210seqs	1	225
r6_210seqs	2	225
r6_210seqs	2	225
r6_210seqs	1	224
r6_210seqs	1	225
r6_210seqs	1	224
r6_210seqs	1	224
r6_210seqs	1	224
r6_210seqs	1	224
r6_210seqs	1	224
r6_210seqs	1	224
r6_210seqs	1	224
r6_210seqs	2	225
r6_210seqs	2	225
r6_210seqs	5	225
r6_210seqs	1	224
r6_210seqs	1	224
r6_210seqs	1	224
r6_210seqs	1	224
r6_210seqs	1	224
r6_210seqs	1	224
r6_210seqs	1	224
r6_210seqs	1	224
r6_210seqs	1	224
r6_210seqs	1	224
r6_210seqs	1	224
r6_210seqs	4	224
r6_210seqs	2	222
r6_210seqs	10	224
r6_210seqs	5	225
r6_210seqs	1	225
r6_210seqs	1	211
r6_210seqs	1	211
r6_210seqs	1	225
r6_210seqs	1	225
r6_210seqs	1	225
r6_210seqs	1	224
r6_210seqs	1	224
r6_210seqs	1	217
r6_210seqs	2	225
r6_210seqs	1	225
r6_210seqs	3	224
r6_210seqs	1	225
r6_210seqs	1	225
r6_210seqs	1	217
r6_210seqs	1	211
r6_210seqs	1	225
r6_210seqs	1	225
r6_210seqs	1	225
r6_210seqs	1	212
r6_210seqs	1	225
r6_210seqs	1	225
r6_210seqs	1	225
r6_210seqs	1	211
r6_210seqs	1	211
r6_210seqs	15	224
r6_210seqs	1	225
r6_210seqs	1	211
r6_210seqs	1	211
r6_210seqs	9	225
r6_210seqs	1	217
r6_210seqs	1	224
r6_210seqs	1	217
r6_210seqs	1	211
r6_210seqs	1	211
r6_210seqs	1	211
r6_210seqs	1	211
r6_210seqs	1	211
r6_210seqs	2	225
r6_210seqs	1	225
r6_210seqs	1	224
r6_210seqs	1	224
r6_210seqs	1	224
r6_210seqs	1	224
r6_210seqs	1	212
r6_210seqs	1	224
r6_210seqs	5	224
r6_210seqs	1	225
r6_210seqs	1	224
r6_210seqs	1	224
r6_210seqs	1	224
r6_210seqs	1	224
r6_210seqs	1	224
r6_210seqs	1	224
r6_210seqs	1	224
r6_210seqs	1	224
r6_210seqs	1	224
r6_210seqs	1	224
r6_210seqs	1	224
r6_210seqs	1	224
r6_210seqs	1	224
r6_210seqs	1	224
r6_210seqs	1	224
r6_210seqs	1	224
r6_210seqs	1	224
r6_210seqs	1	224
r6_210seqs	1	224
r6_210seqs	1	224
r6_210seqs	1	224
r6_210seqs	2	224
r6_210seqs	1	224
r6_210seqs	1	224
r6_210seqs	1	224
r6_210seqs	1	224
r6_210seqs	1	224
r6_210seqs	1	224
r6_210seqs	1	224
r6_210seqs	1	224
r6_210seqs	1	224
r6_210seqs	1	224
r6_210seqs	1	224
r6_210seqs	1	224
r6_210seqs	1	224
r6_210seqs	1	224
r6_210seqs	1	224
r6_210seqs	1	224
r6_210seqs	1	224
r6_210seqs	1	224
r6_210seqs	9	223
r6_210seqs	1	225
r6_210seqs	1	225
r6_210seqs	1	225
r6_210seqs	8	225
r6_210seqs	1	225
r6_210seqs	1	225
r6_210seqs	1	225
r6_210seqs	1	225
r6_210seqs	1	225
r6_210seqs	1	225
r6_210seqs	1	225
r6_210seqs	1	225
r6_210seqs	1	225
r6_210seqs	1	225
r6_210seqs	1	225
r6_210seqs	1	225
r6_210seqs	1	225
r6_210seqs	1	224
r6_210seqs	1	225
r6_210seqs	1	225
r6_210seqs	1	225
r6_210seqs	1	225
r6_210seqs	2	205
r6_210seqs	1	225
r6_210seqs	1	225
r6_210seqs	9	224
r6_210seqs	1	225
r6_210seqs	1	225
r6_210seqs	1	222
r6_210seqs	1	211
r6_210seqs	12	224
r6_210seqs	2	224
r6_210seqs	1	225
r6_210seqs	2	224
r6_210seqs	1	211
r6_210seqs	1	211
r6_210seqs	1	216
r6_210seqs	1	224
r6_210seqs	1	217
r6_210seqs	1	225
r6_210seqs	1	224
r6_210seqs	1	223
r6_210seqs	1	225
r6_210seqs	1	225
r6_210seqs	1	211
r6_210seqs	1	223
r6_210seqs	1	223
r6_210seqs	1	225
r6_210seqs	1	211
r6_210seqs	1	211
r6_210seqs	1	211
r6_210seqs	1	211
r6_210seqs	2	225
r6_210seqs	1	217
r6_210seqs	1	224
r6_210seqs	1	224
r6_210seqs	1	225
r6_210seqs	1	224
r6_210seqs	1	225
r6_210seqs	2	225
r6_210seqs	1	225
r6_210seqs	2	225
r6_210seqs	1	224
r6_210seqs	1	224
r6_210seqs	1	224
r6_210seqs	1	224
r6_210seqs	1	225
r6_210seqs	1	224
r6_210seqs	7	224
r6_210seqs	2	225
r6_210seqs	1	224
r6_210seqs	2	225
r6_210seqs	1	224
r6_210seqs	1	212
r6_210seqs	1	224
r6_210seqs	1	224
r6_210seqs	11	225
r6_210seqs	1	225
r6_210seqs	1	224
r6_210seqs	2	210
r6_210seqs	1	224
r6_210seqs	1	224
r6_210seqs	1	224
r6_210seqs	1	225
r6_210seqs	2	211
r6_210seqs	1	222
r6_210seqs	1	225
r6_210seqs	1	225
r6_210seqs	1	225
r6_210seqs	1	225
r6_210seqs	1	225
r6_210seqs	1	225
r6_210seqs	1	225
r6_210seqs	1	219
r6_210seqs	1	225
r6_210seqs	1	225
r6_210seqs	1	225
r6_210seqs	1	225
r6_210seqs	1	225
r6_210seqs	1	225
r6_210seqs	1	219
r6_210seqs	1	225
r6_210seqs	1	225
r6_210seqs	1	225
r6_210seqs	1	225
r6_210seqs	1	225
r6_210seqs	1	225
r6_210seqs	1	225
r6_210seqs	1	225
r6_210seqs	1	225
r6_210seqs	2	211
r6_210seqs	1	225
r6_210seqs	1	225
r6_210seqs	1	225
r6_210seqs	1	225
r6_210seqs	1	225
r6_210seqs	1	224
r6_210seqs	1	225
r6_210seqs	1	225
r6_210seqs	1	225
r6_210seqs	1	225
r6_210seqs	1	225
r6_210seqs	1	225
r6_210seqs	1	225
r6_210seqs	1	225
r6_210seqs	1	225
r6_210seqs	1	225
r6_210seqs	1	224
r6_210seqs	1	224
r6_210seqs	1	225
r6_210seqs	1	225
r6_210seqs	1	225
r6_210seqs	1	225
r6_210seqs	1	225
r6_210seqs	1	210
r6_210seqs	13	225
r6_210seqs	4	225
r6_210seqs	1	225
r6_210seqs	1	224
r6_210seqs	17	224
r6_210seqs	1	224
r6_210seqs	1	224
r6_210seqs	1	211
r6_210seqs	1	225
r6_210seqs	1	225
r6_210seqs	1	224
r6_210seqs	1	224
r6_210seqs	1	223
r6_210seqs	1	225
r6_210seqs	2	224
r6_210seqs	1	225
r6_210seqs	2	224
r6_210seqs	1	223
r6_210seqs	6	224
r6_210seqs	1	224
r6_210seqs	1	212
r6_210seqs	1	224
r6_210seqs	2	225
r6_210seqs	1	224
r6_210seqs	1	225
r6_210seqs	1	224
r6_210seqs	1	225
r6_210seqs	1	225
r6_210seqs	1	224
r6_210seqs	1	225
r6_210seqs	1	225
r6_210seqs	1	225
r6_210seqs	1	224
r6_210seqs	1	225
r6_210seqs	1	225
r6_210seqs	1	225
r6_210seqs	1	225
r6_210seqs	1	224
r6_210seqs	1	224
r6_210seqs	1	225
r6_210seqs	1	225
r6_210seqs	1	224
r6_210seqs	1	224
r6_210seqs	1	224
r6_210seqs	1	224
r6_210seqs	1	224
r6_210seqs	1	224
r6_210seqs	5	224
r6_210seqs	1	224
r6_210seqs	1	224
r6_210seqs	1	224
r6_210seqs	1	224
r6_210seqs	1	224
r6_210seqs	1	224
r6_210seqs	10	224
r6_210seqs	10	224
r6_210seqs	1	212
r6_210seqs	1	224
r6_210seqs	1	225
r6_210seqs	1	225
r6_210seqs	3	225
r6_210seqs	2	224
r6_210seqs	1	225
r6_210seqs	1	224
r6_210seqs	1	225
r6_210seqs	1	225
r6_210seqs	1	224
r6_210seqs	1	224
r6_210seqs	1	224
r6_210seqs	1	225
r6_210seqs	1	210
r6_210seqs	1	225
r6_210seqs	1	225
r6_210seqs	1	225
r6_210seqs	1	225
r6_210seqs	1	225
r6_210seqs	1	225
r6_210seqs	1	225
r6_210seqs	3	224
r6_210seqs	1	225
r6_210seqs	1	225
r6_210seqs	1	225
r6_210seqs	1	225
r6_210seqs	1	225
r6_210seqs	1	225
r6_210seqs	1	210
r6_210seqs	6	224
r6_210seqs	1	225
r6_210seqs	1	225
r6_210seqs	1	225
r6_210seqs	1	224
r6_210seqs	1	224
r6_210seqs	1	225
r6_210seqs	1	225
r6_210seqs	1	225
r6_210seqs	7	225
r6_210seqs	1	225
r6_210seqs	1	224
r6_210seqs	1	224
r6_210seqs	1	211
r6_210seqs	1	224
r6_210seqs	1	225
r6_210seqs	1	225
r6_210seqs	1	225
r6_210seqs	1	211
r6_210seqs	3	213
r6_210seqs	1	211
r6_210seqs	1	211
r6_210seqs	1	211
r6_210seqs	1	223
r6_210seqs	1	225
r6_210seqs	1	202
r6_210seqs	1	224
r6_210seqs	1	224
r6_210seqs	1	224
r6_210seqs	1	224
r6_210seqs	1	225
r6_210seqs	2	225
r6_210seqs	1	224
r6_210seqs	1	211
r6_210seqs	1	225
r6_210seqs	1	225
r6_210seqs	1	224
r6_210seqs	1	225
r6_210seqs	1	225
r6_210seqs	1	224
r6_210seqs	1	225
r6_210seqs	1	225
r6_210seqs	1	224
r6_210seqs	1	221
r6_210seqs	1	224
r6_210seqs	1	224
r6_210seqs	1	224
r6_210seqs	1	224
r6_210seqs	1	224
r6_210seqs	1	224
r6_210seqs	1	224
r6_210seqs	1	224
r6_210seqs	1	224
r6_210seqs	1	224
r6_210seqs	1	224
r6_210seqs	1	224
r6_210seqs	1	223
r6_210seqs	1	224
r6_210seqs	1	224
r6_210seqs	1	224
r6_210seqs	1	224
r6_210seqs	1	224
r6_210seqs	1	224
r6_210seqs	1	224
r6_210seqs	1	224
r6_210seqs	1	224
r6_210seqs	1	224
r6_210seqs	1	224
r6_210seqs	1	224
r6_210seqs	1	224
r6_210seqs	1	224
r6_210seqs	1	224
r6_210seqs	1	224
r6_210seqs	1	224
r6_210seqs	1	224
r6_210seqs	1	224
r6_210seqs	1	223
r6_210seqs	1	225
r6_210seqs	1	225
r6_210seqs	1	225
r6_210seqs	1	225
r6_210seqs	1	225
r6_210seqs	1	225
r6_210seqs	1	225
r6_210seqs	1	225
r6_210seqs	1	225
r6_210seqs	1	225
r6_210seqs	1	225
r6_210seqs	1	224
r6_210seqs	1	224
r6_210seqs	1	224
r6_210seqs	6	225
r6_210seqs	1	222
r6_210seqs	1	225
r6_210seqs	1	225
r6_210seqs	1	224
r6_210seqs	1	225
r6_210seqs	1	225
r6_210seqs	1	223
r6_210seqs	1	225
r6_210seqs	1	225
r6_210seqs	9	225
r6_210seqs	1	218
r6_210seqs	1	225
r6_210seqs	1	225
r6_210seqs	1	213
r6_210seqs	1	225
r6_210seqs	1	224
r6_210seqs	1	225
r6_210seqs	1	223
r6_210seqs	1	217
r6_210seqs	1	210
r6_210seqs	1	223
r6_210seqs	1	225
r6_210seqs	1	225
r6_210seqs	1	225
r6_210seqs	3	222
r6_210seqs	2	224
r6_210seqs	1	211
r6_210seqs	1	211
r6_210seqs	1	225
r6_210seqs	1	225
r6_210seqs	1	225
r6_210seqs	1	225
r6_210seqs	1	223
r6_210seqs	1	211
r6_210seqs	1	211
r6_210seqs	1	225
r6_210seqs	9	225
r6_210seqs	1	225
r6_210seqs	2	212
r6_210seqs	1	224
r6_210seqs	1	225
r6_210seqs	1	225
r6_210seqs	1	225
r6_210seqs	1	224
r6_210seqs	1	225
r6_210seqs	1	225
r6_210seqs	1	225
r6_210seqs	1	225
r6_210seqs	1	224
r6_210seqs	1	224
r6_210seqs	1	224
r6_210seqs	1	224
r6_210seqs	1	225
r6_210seqs	1	224
r6_210seqs	1	224
r6_210seqs	1	224
r6_210seqs	1	224
r6_210seqs	1	224
r6_210seqs	1	222
r6_210seqs	1	224
r6_210seqs	2	224
r6_210seqs	1	224
r6_210seqs	1	225
r6_210seqs	1	225
r6_210seqs	1	225
r6_210seqs	1	225
r6_210seqs	1	225
r6_210seqs	1	225
r6_210seqs	1	225
r6_210seqs	1	225
r6_210seqs	1	225
r6_210seqs	1	225
r6_210seqs	1	225
r6_210seqs	1	225
r6_210seqs	1	225
r6_210seqs	1	225
r6_210seqs	1	225
r6_210seqs	1	225
r6_210seqs	1	224
r6_210seqs	1	211
r6_210seqs	1	225
r6_210seqs	1	225
r6_210seqs	1	225
r6_210seqs	1	225
r6_210seqs	1	225
r6_210seqs	1	217
r6_210seqs	1	225
r6_210seqs	1	225
r6_210seqs	1	225
r6_210seqs	1	210
r6_210seqs	1	225
r6_210seqs	1	225
r6_210seqs	1	225
r6_210seqs	1	225
r6_210seqs	1	225
r6_210seqs	1	222
r6_210seqs	1	225
r6_210seqs	2	225
r6_210seqs	1	225
r6_210seqs	2	224
r6_210seqs	1	224
r6_210seqs	1	225
r6_210seqs	2	225
r6_210seqs	1	223
r6_210seqs	2	225
r6_210seqs	1	225
r6_210seqs	1	223
r6_210seqs	1	225
r6_210seqs	1	223
r6_210seqs	1	225
r6_210seqs	1	225
r6_210seqs	3	225
r6_210seqs	2	224
r6_210seqs	1	223
r6_210seqs	1	211
r6_210seqs	1	225
r6_210seqs	1	211
r6_210seqs	1	211
r6_210seqs	1	211
r6_210seqs	1	225
r6_210seqs	1	225
r6_210seqs	1	224
r6_210seqs	1	225
r6_210seqs	1	225
r6_210seqs	1	225
r6_210seqs	1	224
r6_210seqs	1	211
r6_210seqs	1	224
r6_210seqs	1	224
r6_210seqs	1	224
r6_210seqs	1	224
r6_210seqs	2	225
r6_210seqs	1	223
r6_210seqs	1	224
r6_210seqs	1	224
r6_210seqs	1	225
r6_210seqs	1	224
r6_210seqs	1	224
r6_210seqs	1	221
r6_210seqs	16	224
r6_210seqs	1	225
r6_210seqs	1	224
r6_210seqs	3	225
r6_210seqs	1	225
r6_210seqs	1	225
r6_210seqs	1	225
r6_210seqs	1	225
r6_210seqs	1	224
r6_210seqs	1	225
r6_210seqs	1	224
r6_210seqs	1	225
r6_210seqs	1	225
r6_210seqs	1	225
r6_210seqs	1	225
r6_210seqs	1	225
r6_210seqs	4	225
r6_210seqs	1	225
r6_210seqs	1	225
r6_210seqs	1	210
r6_210seqs	1	225
r6_210seqs	1	225
r6_210seqs	1	225
r6_210seqs	1	210
r6_210seqs	1	225
r6_210seqs	2	211
r6_210seqs	1	212
r6_210seqs	1	224
r6_210seqs	1	211
r6_210seqs	1	225
r6_210seqs	1	225
r6_210seqs	1	211
r6_210seqs	1	225
r6_210seqs	1	211
r6_210seqs	1	211
r6_210seqs	2	225
r6_210seqs	1	223
r6_210seqs	7	223
r6_210seqs	2	224
r6_210seqs	1	211
r6_210seqs	5	224
r6_210seqs	1	211
r6_210seqs	1	211
r6_210seqs	1	211
r6_210seqs	1	211
r6_210seqs	1	211
r6_210seqs	2	216
r6_210seqs	1	225
r6_210seqs	1	225
r6_210seqs	1	225
r6_210seqs	1	225
r6_210seqs	1	225
r6_210seqs	4	225
r6_210seqs	1	224
r6_210seqs	1	224
r6_210seqs	1	224
r6_210seqs	1	224
r6_210seqs	1	224
r6_210seqs	1	224
r6_210seqs	1	224
r6_210seqs	2	225
r6_210seqs	1	224
r6_210seqs	1	225
r6_210seqs	1	224
r6_210seqs	1	224
r6_210seqs	1	224
r6_210seqs	1	224
r6_210seqs	1	224
r6_210seqs	1	212
r6_210seqs	1	224
r6_210seqs	1	224
r6_210seqs	1	224
r6_210seqs	1	220
r6_210seqs	1	224
r6_210seqs	1	224
r6_210seqs	1	225
r6_210seqs	1	225
r6_210seqs	1	225
r6_210seqs	1	225
r6_210seqs	1	225
r6_210seqs	1	225
r6_210seqs	1	225
r6_210seqs	1	225
r6_210seqs	1	224
r6_210seqs	1	225
r6_210seqs	1	225
r6_210seqs	1	211
r6_210seqs	1	225
r6_210seqs	3	224
r6_210seqs	1	225
r6_210seqs	1	225
r6_210seqs	1	224
r6_210seqs	1	225
r6_210seqs	2	223
r6_210seqs	1	211
r6_210seqs	1	225
r6_210seqs	1	225
r6_210seqs	1	211
r6_210seqs	1	225
r6_210seqs	1	225
r6_210seqs	1	211
r6_210seqs	6	225
r6_210seqs	1	211
r6_210seqs	1	224
r6_210seqs	1	211
r6_210seqs	1	211
r6_210seqs	5	224
r6_210seqs	2	221
r6_210seqs	2	224
r6_210seqs	1	211
r6_210seqs	1	225
r6_210seqs	1	224
r6_210seqs	1	225
r6_210seqs	1	217
r6_210seqs	1	224
r6_210seqs	1	224
r6_210seqs	1	224
r6_210seqs	2	224
r6_210seqs	1	224
r6_210seqs	1	224
r6_210seqs	2	225
r6_210seqs	1	224
r6_210seqs	1	224
r6_210seqs	1	212
r6_210seqs	1	224
r6_210seqs	1	224
r6_210seqs	1	224
r6_210seqs	1	224
r6_210seqs	1	212
r6_210seqs	9	211
r6_210seqs	1	225
r6_210seqs	1	223
r6_210seqs	1	225
r6_210seqs	8	224
r6_210seqs	1	225
r6_210seqs	1	225
r6_210seqs	1	224
r6_210seqs	1	225
r6_210seqs	1	225
r6_210seqs	1	225
r6_210seqs	1	225
r6_210seqs	1	225
r6_210seqs	1	225
r6_210seqs	1	225
r6_210seqs	1	225
r6_210seqs	1	225
r6_210seqs	1	225
r6_210seqs	1	221
r6_210seqs	1	225
r6_210seqs	1	225
r6_210seqs	1	225
r6_210seqs	1	225
r6_210seqs	1	225
r6_210seqs	1	224
r6_210seqs	1	225
r6_210seqs	1	225
r6_210seqs	1	225
r6_210seqs	1	225
r6_210seqs	1	225
r6_210seqs	1	225
r6_210seqs	1	225
r6_210seqs	2	225
r6_210seqs	1	225
r6_210seqs	1	222
r6_210seqs	10	225
r6_210seqs	1	217
r6_210seqs	1	219
r6_210seqs	1	225
r6_210seqs	1	224
r6_210seqs	1	217
r6_210seqs	1	224
r6_210seqs	1	225
r6_210seqs	1	211
r6_210seqs	1	223
r6_210seqs	1	225
r6_210seqs	1	225
r6_210seqs	1	224
r6_210seqs	1	224
r6_210seqs	4	225
r6_210seqs	1	210
r6_210seqs	2	224
r6_210seqs	1	224
r6_210seqs	5	224
r6_210seqs	1	217
r6_210seqs	1	224
r6_210seqs	1	225
r6_210seqs	1	225
r6_210seqs	1	225
r6_210seqs	1	225
r6_210seqs	1	225
r6_210seqs	1	225
r6_210seqs	1	211
r6_210seqs	1	224
r6_210seqs	1	224
r6_210seqs	1	224
r6_210seqs	1	225
r6_210seqs	1	224
r6_210seqs	1	224
r6_210seqs	1	224
r6_210seqs	2	225
r6_210seqs	1	224
r6_210seqs	2	225
r6_210seqs	1	224
r6_210seqs	1	221
r6_210seqs	1	224
r6_210seqs	1	224
r6_210seqs	1	224
r6_210seqs	1	225
r6_210seqs	1	224
r6_210seqs	1	225
r6_210seqs	1	225
r6_210seqs	1	225
r6_210seqs	1	224
r6_210seqs	6	224
r6_210seqs	1	225
r6_210seqs	1	225
r6_210seqs	1	225
r6_210seqs	1	225
r6_210seqs	1	225
r6_210seqs	1	225
r6_210seqs	1	225
r6_210seqs	1	225
r6_210seqs	1	225
r6_210seqs	1	225
r6_210seqs	1	225
r6_210seqs	1	225
r6_210seqs	1	225
r6_210seqs	1	210
r6_210seqs	6	224
r6_210seqs	1	225
r6_210seqs	1	225
r6_210seqs	1	225
r6_210seqs	1	225
r6_210seqs	1	225
r6_210seqs	1	225
r6_210seqs	1	225
r6_210seqs	1	225
r6_210seqs	1	225
r6_210seqs	1	225
r6_210seqs	1	223
r6_210seqs	1	224
r6_210seqs	2	223
r6_210seqs	1	224
r6_210seqs	1	225
r6_210seqs	2	224
r6_210seqs	1	223
r6_210seqs	1	223
r6_210seqs	3	225
r6_210seqs	1	225
r6_210seqs	1	225
r6_210seqs	1	225
r6_210seqs	1	225
r6_210seqs	1	225
r6_210seqs	1	225
r6_210seqs	1	225
r6_210seqs	1	225
r6_210seqs	1	225
r6_210seqs	1	225
r6_210seqs	1	225
r6_210seqs	1	225
r6_210seqs	1	225
r6_210seqs	1	224
r6_210seqs	1	224
r6_210seqs	1	224
r6_210seqs	20	224
r6_210seqs	1	211
r6_210seqs	1	225
r6_210seqs	1	225
r6_210seqs	1	224
r6_210seqs	1	225
r6_210seqs	1	225
r6_210seqs	1	225
r6_210seqs	1	224
r6_210seqs	1	225
r6_210seqs	1	224
r6_210seqs	1	225
r6_210seqs	1	225
r6_210seqs	1	224
r6_210seqs	1	225
r6_210seqs	1	225
r6_210seqs	1	224
r6_210seqs	2	225
r6_210seqs	1	225
r6_210seqs	1	225
r6_210seqs	3	224
r6_210seqs	1	223
r6_210seqs	1	225
r6_210seqs	1	225
r6_210seqs	1	224
r6_210seqs	1	224
r6_210seqs	1	224
r6_210seqs	1	225
r6_210seqs	3	225
r6_210seqs	1	224
r6_210seqs	1	225
r6_210seqs	1	225
r6_210seqs	1	225
r6_210seqs	1	225
r6_210seqs	1	225
r6_210seqs	1	224
r6_210seqs	1	211
r6_210seqs	1	225
r6_210seqs	2	220
r6_210seqs	1	223
r6_210seqs	1	223
r6_210seqs	1	225
r6_210seqs	1	225
r6_210seqs	1	225
r6_210seqs	1	224
r6_210seqs	1	224
r6_210seqs	1	224
r6_210seqs	1	225
r6_210seqs	2	225
r6_210seqs	1	224
r6_210seqs	9	225
r6_210seqs	1	225
r6_210seqs	1	225
r6_210seqs	1	225
r6_210seqs	1	224
r6_210seqs	1	224
r6_210seqs	2	225
r6_210seqs	2	225
r6_210seqs	1	211
r6_210seqs	1	222
r6_210seqs	1	219
r6_210seqs	6	225
r6_210seqs	1	217
r6_210seqs	2	225
r6_210seqs	1	225
r6_210seqs	2	224
r6_210seqs	1	225
r6_210seqs	1	225
r6_210seqs	1	224
r6_210seqs	1	224
r6_210seqs	1	225
r6_210seqs	1	225
r6_210seqs	1	225
r6_210seqs	1	225
r6_210seqs	1	225
r6_210seqs	1	225
r6_210seqs	1	210
r6_210seqs	1	211
r6_210seqs	1	225
r6_210seqs	1	225
r6_210seqs	1	224
r6_210seqs	2	225
r6_210seqs	1	224
r6_210seqs	1	225
r6_210seqs	1	225
r6_210seqs	1	225
r6_210seqs	1	225
r6_210seqs	1	225
r6_210seqs	1	225
r6_210seqs	1	225
r6_210seqs	5	211
r6_210seqs	1	211
r6_210seqs	2	224
r6_210seqs	1	220
r6_210seqs	1	224
r6_210seqs	1	224
r6_210seqs	2	225
r6_210seqs	1	224
r6_210seqs	2	225
r6_210seqs	1	224
r6_210seqs	1	225
r6_210seqs	1	225
r6_210seqs	1	225
r6_210seqs	1	223
r6_210seqs	1	223
r6_210seqs	1	225
r6_210seqs	1	224
r6_210seqs	1	211
r6_210seqs	1	224
r6_210seqs	1	224
r6_210seqs	1	225
r6_210seqs	1	224
r6_210seqs	1	224
r6_210seqs	1	224
r6_210seqs	1	224
r6_210seqs	1	225
r6_210seqs	2	211
r6_210seqs	4	225
r6_210seqs	1	225
r6_210seqs	1	225
r6_210seqs	1	211
r6_210seqs	1	225
r6_210seqs	1	225
r6_210seqs	1	211
r6_210seqs	10	225
r6_210seqs	10	225
r6_210seqs	1	217
r6_210seqs	1	211
r6_210seqs	1	211
r6_210seqs	1	211
r6_210seqs	1	225
r6_210seqs	1	212
r6_210seqs	1	225
r6_210seqs	1	225
r6_210seqs	1	224
r6_210seqs	1	225
r6_210seqs	2	219
r6_210seqs	1	224
r6_210seqs	2	225
r6_210seqs	1	224
r6_210seqs	1	224
r6_210seqs	1	224
r6_210seqs	2	225
r6_210seqs	1	224
r6_210seqs	1	224
r6_210seqs	1	224
r6_210seqs	1	224
r6_210seqs	1	224
r6_210seqs	1	222
r6_210seqs	1	224
r6_210seqs	1	222
r6_210seqs	1	225
r6_210seqs	1	225
r6_210seqs	1	225
r6_210seqs	1	225
r6_210seqs	1	225
r6_210seqs	1	225
r6_210seqs	1	225
r6_210seqs	1	225
r6_210seqs	1	225
r6_210seqs	1	225
r6_210seqs	1	225
r6_210seqs	1	225
r6_210seqs	9	224
r6_210seqs	1	211
r6_210seqs	1	223
r6_210seqs	1	225
r6_210seqs	1	225
r6_210seqs	2	224
r6_210seqs	1	225
r6_210seqs	2	224
r6_210seqs	2	224
r6_210seqs	1	211
r6_210seqs	6	225
r6_210seqs	1	211
r6_210seqs	1	211
r6_210seqs	1	225
r6_210seqs	1	211
r6_210seqs	10	223
r6_210seqs	1	220
r6_210seqs	1	211
r6_210seqs	1	211
r6_210seqs	1	211
r6_210seqs	1	224
r6_210seqs	1	224
r6_210seqs	1	212
r6_210seqs	2	224
r6_210seqs	1	224
r6_210seqs	2	210
r6_210seqs	1	224
r6_210seqs	1	224
r6_210seqs	1	224
r6_210seqs	1	224
r6_210seqs	1	224
r6_210seqs	1	224
r6_210seqs	1	224
r6_210seqs	1	224
r6_210seqs	1	224
r6_210seqs	1	224
r6_210seqs	2	225
r6_210seqs	2	225
r6_210seqs	1	223
r6_210seqs	1	224
r6_210seqs	1	224
r6_210seqs	1	224
r6_210seqs	1	224
r6_210seqs	1	224
r6_210seqs	1	224
r6_210seqs	1	224
r6_210seqs	13	224
r6_210seqs	1	222
r6_210seqs	1	216
r6_210seqs	1	225
r6_210seqs	1	225
r6_210seqs	1	211
r6_210seqs	1	225
r6_210seqs	1	225
r6_210seqs	1	225
r6_210seqs	1	225
r6_210seqs	1	225
r6_210seqs	1	225
r6_210seqs	1	225
r6_210seqs	1	225
r6_210seqs	1	225
r6_210seqs	1	225
r6_210seqs	1	225
r6_210seqs	1	225
r6_210seqs	1	225
r6_210seqs	1	225
r6_210seqs	1	210
r6_210seqs	1	210
r6_210seqs	13	225
r6_210seqs	1	224
r6_210seqs	2	225
r6_210seqs	1	225
r6_210seqs	1	217
r6_210seqs	1	224
r6_210seqs	1	225
r6_210seqs	1	211
r6_210seqs	2	223
r6_210seqs	1	225
r6_210seqs	1	225
r6_210seqs	1	224
r6_210seqs	1	225
r6_210seqs	2	224
r6_210seqs	1	211
r6_210seqs	18	225
r6_210seqs	1	217
r6_210seqs	1	224
r6_210seqs	1	224
r6_210seqs	1	224
r6_210seqs	1	211
r6_210seqs	1	224
r6_210seqs	1	224
r6_210seqs	1	211
r6_210seqs	1	225
r6_210seqs	1	224
r6_210seqs	1	224
r6_210seqs	1	224
r6_210seqs	1	224
r6_210seqs	1	225
r6_210seqs	1	224
r6_210seqs	2	210
r6_210seqs	1	211
r6_210seqs	1	225
r6_210seqs	1	224
r6_210seqs	1	224
r6_210seqs	1	224
r6_210seqs	1	211
r6_210seqs	1	225
r6_210seqs	1	225
r6_210seqs	1	225
r6_210seqs	1	225
r6_210seqs	1	225
r6_210seqs	1	211
r6_210seqs	1	225
r6_210seqs	1	224
r6_210seqs	1	225
r6_210seqs	1	211
r6_210seqs	1	224
r6_210seqs	1	224
r6_210seqs	1	225
r6_210seqs	1	225
r6_210seqs	1	224
r6_210seqs	2	224
r6_210seqs	1	211
r6_210seqs	1	225
r6_210seqs	1	225
r6_210seqs	2	210
r6_210seqs	1	225
r6_210seqs	1	225
r6_210seqs	1	225
r6_210seqs	1	225
r6_210seqs	1	225
r6_210seqs	1	224
r6_210seqs	1	225
r6_210seqs	1	225
r6_210seqs	1	225
r6_210seqs	1	223
r6_210seqs	1	225
r6_210seqs	1	224
r6_210seqs	3	225
r6_210seqs	1	225
r6_210seqs	1	225
r6_210seqs	1	225
r6_210seqs	1	211
r6_210seqs	1	217
r6_210seqs	1	211
r6_210seqs	1	225
r6_210seqs	1	225
r6_210seqs	1	211
r6_210seqs	1	225
r6_210seqs	1	225
r6_210seqs	2	224
r6_210seqs	1	211
r6_210seqs	1	225
r6_210seqs	1	225
r6_210seqs	1	223
r6_210seqs	1	211
r6_210seqs	9	225
r6_210seqs	1	211
r6_210seqs	1	211
r6_210seqs	2	212
r6_210seqs	1	224
r6_210seqs	1	225
r6_210seqs	1	225
r6_210seqs	1	224
r6_210seqs	1	224
r6_210seqs	1	224
r6_210seqs	1	225
r6_210seqs	2	225
r6_210seqs	1	225
r6_210seqs	1	224
r6_210seqs	1	225
r6_210seqs	1	225
r6_210seqs	2	225
r6_210seqs	1	225
r6_210seqs	1	225
r6_210seqs	1	225
r6_210seqs	2	225
r6_210seqs	1	224
r6_210seqs	1	225
r6_210seqs	2	225
r6_210seqs	1	224
r6_210seqs	1	224
r6_210seqs	1	225
r6_210seqs	1	224
r6_210seqs	1	224
r6_210seqs	1	210
r6_210seqs	1	224
r6_210seqs	1	224
r6_210seqs	1	224
r6_210seqs	1	212
r6_210seqs	1	224
r6_210seqs	1	224
r6_210seqs	1	224
r6_210seqs	1	224
r6_210seqs	16	224
r6_210seqs	1	224
r6_210seqs	1	224
r6_210seqs	6	217
r6_210seqs	1	214
r6_210seqs	1	225
r6_210seqs	1	225
r6_210seqs	1	225
r6_210seqs	1	224
r6_210seqs	1	225
r6_210seqs	1	213
r6_210seqs	1	225
r6_210seqs	10	225
r6_210seqs	1	225
r6_210seqs	1	225
r6_210seqs	1	225
r6_210seqs	1	225
r6_210seqs	1	225
r6_210seqs	1	223
r6_210seqs	1	225
r6_210seqs	1	225
r6_210seqs	1	213
r6_210seqs	1	224
r6_210seqs	1	224
r6_210seqs	1	225
r6_210seqs	3	225
r6_210seqs	1	225
r6_210seqs	1	225
r6_210seqs	1	224
r6_210seqs	1	225
r6_210seqs	1	225
r6_210seqs	1	224
r6_210seqs	1	223
r6_210seqs	1	225
r6_210seqs	1	225
r6_210seqs	1	222
r6_210seqs	7	225
r6_210seqs	1	224
r6_210seqs	1	225
r6_210seqs	1	213
r6_210seqs	1	224
r6_210seqs	1	224
r6_210seqs	1	225
r6_210seqs	1	225
r6_210seqs	1	225
r6_210seqs	1	225
r6_210seqs	1	217
r6_210seqs	1	224
r6_210seqs	1	224
r6_210seqs	1	224
r6_210seqs	1	224
r6_210seqs	1	225
r6_210seqs	1	225
r6_210seqs	1	225
r6_210seqs	1	211
r6_210seqs	1	211
r6_210seqs	2	224
r6_210seqs	1	225
r6_210seqs	1	225
r6_210seqs	1	225
r6_210seqs	6	225
r6_210seqs	1	211
r6_210seqs	1	211
r6_210seqs	1	211
r6_210seqs	1	211
r6_210seqs	1	225
r6_210seqs	1	225
r6_210seqs	1	218
r6_210seqs	1	225
r6_210seqs	1	225
r6_210seqs	1	225
r6_210seqs	1	224
r6_210seqs	1	224
r6_210seqs	2	225
r6_210seqs	1	224
r6_210seqs	1	224
r6_210seqs	1	224
r6_210seqs	1	224
r6_210seqs	1	224
r6_210seqs	10	224
r6_210seqs	1	224
r6_210seqs	1	224
r6_210seqs	1	224
r6_210seqs	1	211
r6_210seqs	17	225
r6_210seqs	1	225
r6_210seqs	1	224
r6_210seqs	1	221
r6_210seqs	1	225
r6_210seqs	1	225
r6_210seqs	1	224
r6_210seqs	1	224
r6_210seqs	1	225
r6_210seqs	1	225
r6_210seqs	1	225
r6_210seqs	1	225
r6_210seqs	1	224
r6_210seqs	1	225
r6_210seqs	1	225
r6_210seqs	1	225
r6_210seqs	1	225
r6_210seqs	1	225
r6_210seqs	1	225
r6_210seqs	1	225
r6_210seqs	1	225
r6_210seqs	1	225
r6_210seqs	1	225
r6_210seqs	1	225
r6_210seqs	1	225
r6_210seqs	1	225
r6_210seqs	1	225
r6_210seqs	1	225
r6_210seqs	1	210
r6_210seqs	1	225
r6_210seqs	1	225
r6_210seqs	1	225
r6_210seqs	1	225
r6_210seqs	1	225
r6_210seqs	1	225
r6_210seqs	1	211
r6_210seqs	1	225
r6_210seqs	1	225
r6_210seqs	1	225
r6_210seqs	1	225
r6_210seqs	1	225
r6_210seqs	1	225
r6_210seqs	1	224
r6_210seqs	1	225
r6_210seqs	1	225
r6_210seqs	1	210
r6_210seqs	1	224
r6_210seqs	1	212
r6_210seqs	1	225
r6_210seqs	1	225
r6_210seqs	5	211
r6_210seqs	1	201
r6_210seqs	1	225
r6_210seqs	2	224
r6_210seqs	1	225
r6_210seqs	1	224
r6_210seqs	1	224
r6_210seqs	3	225
r6_210seqs	1	211
r6_210seqs	1	217
r6_210seqs	1	224
r6_210seqs	2	225
r6_210seqs	1	224
r6_210seqs	1	224
r6_210seqs	9	225
r6_210seqs	1	225
r6_210seqs	1	225
r6_210seqs	1	225
r6_210seqs	2	224
r6_210seqs	1	223
r6_210seqs	1	225
r6_210seqs	1	225
r6_210seqs	3	225
r6_210seqs	1	223
r6_210seqs	1	225
r6_210seqs	1	225
r6_210seqs	1	225
r6_210seqs	1	225
r6_210seqs	1	223
r6_210seqs	1	211
r6_210seqs	1	223
r6_210seqs	1	225
r6_210seqs	1	224
r6_210seqs	1	210
r6_210seqs	1	211
r6_210seqs	1	225
r6_210seqs	1	224
r6_210seqs	1	225
r6_210seqs	2	225
r6_210seqs	1	211
r6_210seqs	6	211
r6_210seqs	1	224
r6_210seqs	1	224
r6_210seqs	5	225
r6_210seqs	1	212
r6_210seqs	1	224
r6_210seqs	1	212
r6_210seqs	7	224
r6_210seqs	1	224
r6_210seqs	1	212
r6_210seqs	1	223
r6_210seqs	2	216
r6_210seqs	1	211
r6_210seqs	1	225
r6_210seqs	1	225
r6_210seqs	1	225
r6_210seqs	1	225
r6_210seqs	1	219
r6_210seqs	1	225
r6_210seqs	2	225
r6_210seqs	1	225
r6_210seqs	1	225
r6_210seqs	2	224
r6_210seqs	1	225
r6_210seqs	1	224
r6_210seqs	1	225
r6_210seqs	1	224
r6_210seqs	2	225
r6_210seqs	1	225
r6_210seqs	1	224
r6_210seqs	1	211
r6_210seqs	1	213
r6_210seqs	1	225
r6_210seqs	1	225
r6_210seqs	1	225
r6_210seqs	12	225
r6_210seqs	1	225
r6_210seqs	1	225
r6_210seqs	1	224
r6_210seqs	1	225
r6_210seqs	1	225
r6_210seqs	1	225
r6_210seqs	2	211
r6_210seqs	1	213
r6_210seqs	5	223
r6_210seqs	1	225
r6_210seqs	13	225
r6_210seqs	1	225
r6_210seqs	2	211
r6_210seqs	1	211
r6_210seqs	2	224
r6_210seqs	1	225
r6_210seqs	1	217
r6_210seqs	1	224
r6_210seqs	1	211
r6_210seqs	1	225
r6_210seqs	1	211
r6_210seqs	1	211
r6_210seqs	1	223
r6_210seqs	1	211
r6_210seqs	1	211
r6_210seqs	1	211
r6_210seqs	2	224
r6_210seqs	1	224
r6_210seqs	1	225
r6_210seqs	1	218
r6_210seqs	1	223
r6_210seqs	1	217
r6_210seqs	1	211
r6_210seqs	6	225
r6_210seqs	1	225
r6_210seqs	1	225
r6_210seqs	1	224
r6_210seqs	1	216
r6_210seqs	1	225
r6_210seqs	1	211
r6_210seqs	1	225
r6_210seqs	1	225
r6_210seqs	1	225
r6_210seqs	1	224
r6_210seqs	1	224
r6_210seqs	1	224
r6_210seqs	1	224
r6_210seqs	2	224
r6_210seqs	1	224
r6_210seqs	1	224
r6_210seqs	1	224
r6_210seqs	1	225
r6_210seqs	1	224
r6_210seqs	1	224
r6_210seqs	1	224
r6_210seqs	2	225
r6_210seqs	1	211
r6_210seqs	1	224
r6_210seqs	1	224
r6_210seqs	1	224
r6_210seqs	1	224
r6_210seqs	1	225
r6_210seqs	1	223
r6_210seqs	1	217
r6_210seqs	1	225
r6_210seqs	1	225
r6_210seqs	1	225
r6_210seqs	1	225
r6_210seqs	1	225
r6_210seqs	1	225
r6_210seqs	1	225
r6_210seqs	1	224
r6_210seqs	1	224
r6_210seqs	1	224
r6_210seqs	1	225
r6_210seqs	1	225
r6_210seqs	1	225
r6_210seqs	1	224
r6_210seqs	1	225
r6_210seqs	1	225
r6_210seqs	1	225
r6_210seqs	1	225
r6_210seqs	1	225
r6_210seqs	1	211
r6_210seqs	1	224
r6_210seqs	1	220
r6_210seqs	1	225
r6_210seqs	1	225
r6_210seqs	2	225
r6_210seqs	1	223
r6_210seqs	1	224
r6_210seqs	1	225
r6_210seqs	1	225
r6_210seqs	1	211
r6_210seqs	1	225
r6_210seqs	1	211
r6_210seqs	1	217
r6_210seqs	1	211
r6_210seqs	1	223
r6_210seqs	1	220
r6_210seqs	1	223
r6_210seqs	1	217
r6_210seqs	1	211
r6_210seqs	1	211
r6_210seqs	1	211
r6_210seqs	1	225
r6_210seqs	1	212
r6_210seqs	1	225
r6_210seqs	1	225
r6_210seqs	1	225
r6_210seqs	1	212
r6_210seqs	1	225
r6_210seqs	1	225
r6_210seqs	1	225
r6_210seqs	1	224
r6_210seqs	1	225
r6_210seqs	1	224
r6_210seqs	3	211
r6_210seqs	1	224
r6_210seqs	1	224
r6_210seqs	1	224
r6_210seqs	1	224
r6_210seqs	1	224
r6_210seqs	1	224
r6_210seqs	1	224
r6_210seqs	1	224
r6_210seqs	1	224
r6_210seqs	7	225
r6_210seqs	2	211
r6_210seqs	1	225
r6_210seqs	1	225
r6_210seqs	1	225
r6_210seqs	1	225
r6_210seqs	1	225
r6_210seqs	1	213
r6_210seqs	2	225
r6_210seqs	1	225
r6_210seqs	1	225
r6_210seqs	1	225
r6_210seqs	1	225
r6_210seqs	1	225
r6_210seqs	1	225
r6_210seqs	1	210
r6_210seqs	1	211
r6_210seqs	1	225
r6_210seqs	1	210
r6_210seqs	1	225
r6_210seqs	1	225
r6_210seqs	1	225
r6_210seqs	1	225
r6_210seqs	1	225
r6_210seqs	1	211
r6_210seqs	2	211
r6_210seqs	1	225
r6_210seqs	1	225
r6_210seqs	1	223
r6_210seqs	2	225
r6_210seqs	2	225
r6_210seqs	2	225
r6_210seqs	1	224
r6_210seqs	1	225
r6_210seqs	1	225
r6_210seqs	1	211
r6_210seqs	1	224
r6_210seqs	1	225
r6_210seqs	1	211
r6_210seqs	1	225
r6_210seqs	1	225
r6_210seqs	1	225
r6_210seqs	1	225
r6_210seqs	9	224
r6_210seqs	1	225
r6_210seqs	1	223
r6_210seqs	1	211
r6_210seqs	1	225
r6_210seqs	1	225
r6_210seqs	1	225
r6_210seqs	1	225
r6_210seqs	1	225
r6_210seqs	1	225
r6_210seqs	1	225
r6_210seqs	2	225
r6_210seqs	1	224
r6_210seqs	1	224
r6_210seqs	1	212
r6_210seqs	2	225
r6_210seqs	2	225
r6_210seqs	1	224
r6_210seqs	1	224
r6_210seqs	1	211
r6_210seqs	1	211
r6_210seqs	2	213
r6_210seqs	1	211
r6_210seqs	1	225
r6_210seqs	1	225
r6_210seqs	1	224
r6_210seqs	1	225
r6_210seqs	1	224
r6_210seqs	1	225
r6_210seqs	1	225
r6_210seqs	1	225
r6_210seqs	1	224
r6_210seqs	1	225
r6_210seqs	1	225
r6_210seqs	2	225
r6_210seqs	1	225
r6_210seqs	1	225
r6_210seqs	1	225
r6_210seqs	1	225
r6_210seqs	1	220
r6_210seqs	1	225
r6_210seqs	1	225
r6_210seqs	1	225
r6_210seqs	1	210
r6_210seqs	1	225
r6_210seqs	1	225
r6_210seqs	1	225
r6_210seqs	1	225
r6_210seqs	1	225
r6_210seqs	1	225
r6_210seqs	1	225
r6_210seqs	1	225
r6_210seqs	3	212
r6_210seqs	1	211
r6_210seqs	1	224
r6_210seqs	1	225
r6_210seqs	1	211
r6_210seqs	1	225
r6_210seqs	1	225
r6_210seqs	1	211
r6_210seqs	3	224
r6_210seqs	8	224
r6_210seqs	1	225
r6_210seqs	1	214
r6_210seqs	1	225
r6_210seqs	1	225
r6_210seqs	1	225
r6_210seqs	1	225
r6_210seqs	1	225
r6_210seqs	1	225
r6_210seqs	1	224
r6_210seqs	1	224
r6_210seqs	1	225
r6_210seqs	1	225
r6_210seqs	1	225
r6_210seqs	1	224
r6_210seqs	1	225
r6_210seqs	7	225
r6_210seqs	6	225
r6_210seqs	2	225
r6_210seqs	1	224
r6_210seqs	1	224
r6_210seqs	1	225
r6_210seqs	1	224
r6_210seqs	1	224
r6_210seqs	1	223
r6_210seqs	1	225
r6_210seqs	2	225
r6_210seqs	1	223
r6_210seqs	1	224
r6_210seqs	1	224
r6_210seqs	1	224
r6_210seqs	14	225
r6_210seqs	2	225
r6_210seqs	3	211
r6_210seqs	1	224
r6_210seqs	1	224
r6_210seqs	10	224
r6_210seqs	1	209
r6_210seqs	1	215
r6_210seqs	1	224
r6_210seqs	1	223
r6_210seqs	1	224
r6_210seqs	1	225
r6_210seqs	1	225
r6_210seqs	1	225
r6_210seqs	1	224
r6_210seqs	1	225
r6_210seqs	5	217
r6_210seqs	1	225
r6_210seqs	1	225
r6_210seqs	1	224
r6_210seqs	1	224
r6_210seqs	1	225
r6_210seqs	1	225
r6_210seqs	16	224
r6_210seqs	1	224
r6_210seqs	1	225
r6_210seqs	1	225
r6_210seqs	1	224
r6_210seqs	1	225
r6_210seqs	1	225
r6_210seqs	1	211
r6_210seqs	1	225
r6_210seqs	1	225
r6_210seqs	1	211
r6_210seqs	4	225
r6_210seqs	2	224
r6_210seqs	1	211
r6_210seqs	1	211
r6_210seqs	1	211
r6_210seqs	1	211
r6_210seqs	1	211
r6_210seqs	1	211
r6_210seqs	1	211
r6_210seqs	1	211
r6_210seqs	1	216
r6_210seqs	1	225
r6_210seqs	1	225
r6_210seqs	1	224
r6_210seqs	1	210
r6_210seqs	1	225
r6_210seqs	1	225
r6_210seqs	1	225
r6_210seqs	1	225
r6_210seqs	1	224
r6_210seqs	1	224
r6_210seqs	1	224
r6_210seqs	1	225
r6_210seqs	2	225
r6_210seqs	2	225
r6_210seqs	17	225
r6_210seqs	1	213
r6_210seqs	1	224
r6_210seqs	1	224
r6_210seqs	1	224
r6_210seqs	2	225
r6_210seqs	1	225
r6_210seqs	1	211
r6_210seqs	1	225
r6_210seqs	1	225
r6_210seqs	1	225
r6_210seqs	1	212
r6_210seqs	1	225
r6_210seqs	1	225
r6_210seqs	1	225
r6_210seqs	1	224
r6_210seqs	1	224
r6_210seqs	1	224
r6_210seqs	1	225
r6_210seqs	4	225
r6_210seqs	2	223
r6_210seqs	10	225
r6_210seqs	1	225
r6_210seqs	1	224
r6_210seqs	1	225
r6_210seqs	1	225
r6_210seqs	2	225
r6_210seqs	1	224
r6_210seqs	1	225
r6_210seqs	1	225
r6_210seqs	1	225
r6_210seqs	1	224
r6_210seqs	1	224
r6_210seqs	1	223
r6_210seqs	1	211
r6_210seqs	1	225
r6_210seqs	2	224
r6_210seqs	4	217
r6_210seqs	2	225
r6_210seqs	1	225
r6_210seqs	1	225
r6_210seqs	1	225
r6_210seqs	1	224
r6_210seqs	1	224
r6_210seqs	1	225
r6_210seqs	1	225
r6_210seqs	1	225
r6_210seqs	1	217
r6_210seqs	1	225
r6_210seqs	1	224
r6_210seqs	1	224
r6_210seqs	1	225
r6_210seqs	1	225
r6_210seqs	1	224
r6_210seqs	2	225
r6_210seqs	2	225
r6_210seqs	1	224
r6_210seqs	1	212
r6_210seqs	1	224
r6_210seqs	1	225
r6_210seqs	1	225
r6_210seqs	1	224
r6_210seqs	1	211
r6_210seqs	1	211
r6_210seqs	1	225
r6_210seqs	1	224
r6_210seqs	1	225
r6_210seqs	1	225
r6_210seqs	1	225
r6_210seqs	1	225
r6_210seqs	1	225
r6_210seqs	1	216
r6_210seqs	1	225
r6_210seqs	1	225
r6_210seqs	1	225
r6_210seqs	1	225
r6_210seqs	1	225
r6_210seqs	1	218
r6_210seqs	2	225
r6_210seqs	2	225
r6_210seqs	1	224
r6_210seqs	1	222
r6_210seqs	1	224
r6_210seqs	8	224
r6_210seqs	17	224
r6_210seqs	1	225
r6_210seqs	1	220
r6_210seqs	1	211
r6_210seqs	1	225
r6_210seqs	1	225
r6_210seqs	1	225
r6_210seqs	1	225
r6_210seqs	1	210
r6_210seqs	1	225
r6_210seqs	1	225
r6_210seqs	1	224
r6_210seqs	1	225
r6_210seqs	1	224
r6_210seqs	1	224
r6_210seqs	1	213
r6_210seqs	1	224
r6_210seqs	1	212
r6_210seqs	1	224
r6_210seqs	1	223
r6_210seqs	1	224
r6_210seqs	1	209
r6_210seqs	1	224
r6_210seqs	1	224
r6_210seqs	1	224
r6_210seqs	1	225
r6_210seqs	1	224
r6_210seqs	1	222
r6_210seqs	1	211
r6_210seqs	1	225
r6_210seqs	1	225
r6_210seqs	1	225
r6_210seqs	1	219
r6_210seqs	1	225
r6_210seqs	1	225
r6_210seqs	1	224
r6_210seqs	1	225
r6_210seqs	1	225
r6_210seqs	1	225
r6_210seqs	1	216
r6_210seqs	1	225
r6_210seqs	1	217
r6_210seqs	1	212
r6_210seqs	1	225
r6_210seqs	1	224
r6_210seqs	10	211
r6_210seqs	1	225
r6_210seqs	1	225
r6_210seqs	1	225
r6_210seqs	1	225
r6_210seqs	1	225
r6_210seqs	1	225
r6_210seqs	1	225
r6_210seqs	1	225
r6_210seqs	2	225
r6_210seqs	1	224
r6_210seqs	1	224
r6_210seqs	1	220
r6_210seqs	1	225
r6_210seqs	1	224
r6_210seqs	1	225
r6_210seqs	1	224
r6_210seqs	1	225
r6_210seqs	1	223
r6_210seqs	1	225
r6_210seqs	1	224
r6_210seqs	1	225
r6_210seqs	1	224
r6_210seqs	1	224
r6_210seqs	1	225
r6_210seqs	1	224
r6_210seqs	1	225
r6_210seqs	1	223
r6_210seqs	1	225
r6_210seqs	1	212
r6_210seqs	2	211
r6_210seqs	1	224
r6_210seqs	1	225
r6_210seqs	1	225
r6_210seqs	1	211
r6_210seqs	1	225
r6_210seqs	1	224
r6_210seqs	1	225
r6_210seqs	5	224
r6_210seqs	7	225
r6_210seqs	1	211
r6_210seqs	1	224
r6_210seqs	2	210
r6_210seqs	2	225
r6_210seqs	2	224
r6_210seqs	1	225
r6_210seqs	1	225
r6_210seqs	9	220
r6_210seqs	2	225
r6_210seqs	1	225
r6_210seqs	1	224
r6_210seqs	1	224
r6_210seqs	2	217
r6_210seqs	2	223
r6_210seqs	1	216
r6_210seqs	2	211
r6_210seqs	1	211
r6_210seqs	1	225
r6_210seqs	8	223
r6_210seqs	1	225
r6_210seqs	1	224
r6_210seqs	1	217
r6_210seqs	10	224
r6_210seqs	1	225
r6_210seqs	1	225
r6_210seqs	1	225
r6_210seqs	3	225
r6_210seqs	1	225
r6_210seqs	1	225
r6_210seqs	1	225
r6_210seqs	1	210
r6_210seqs	1	225
r6_210seqs	1	203
r6_210seqs	1	225
r6_210seqs	1	212
r6_210seqs	1	225
r6_210seqs	1	211
r6_210seqs	2	225
r6_210seqs	1	225
r6_210seqs	1	224
r6_210seqs	9	211
r6_210seqs	1	224
r6_210seqs	1	224
r6_210seqs	1	211
r6_210seqs	1	225
r6_210seqs	2	223
r6_210seqs	1	224
r6_210seqs	1	225
r6_210seqs	2	223
r6_210seqs	1	210
r6_210seqs	7	225
r6_210seqs	1	211
r6_210seqs	2	224
r6_210seqs	1	225
r6_210seqs	2	225
r6_210seqs	2	225
r6_210seqs	1	225
r6_210seqs	13	211
r6_210seqs	1	217
r6_210seqs	1	224
r6_210seqs	1	224
r6_210seqs	1	225
r6_210seqs	1	211
r6_210seqs	1	222
r6_210seqs	1	225
r6_210seqs	1	225
r6_210seqs	1	225
r6_210seqs	2	225
r6_210seqs	1	224
r6_210seqs	1	225
r6_210seqs	1	213
r6_210seqs	1	211
r6_210seqs	1	225
r6_210seqs	1	225
r6_210seqs	1	225
r6_210seqs	1	224
r6_210seqs	1	225
r6_210seqs	1	224
r6_210seqs	1	224
r6_210seqs	1	225
r6_210seqs	1	225
r6_210seqs	1	225
r6_210seqs	1	225
r6_210seqs	1	205
r6_210seqs	1	225
r6_210seqs	16	225
r6_210seqs	1	211
r6_210seqs	1	211
r6_210seqs	2	225
r6_210seqs	1	211
r6_210seqs	1	211
r6_210seqs	1	211
r6_210seqs	1	211
r6_210seqs	1	217
r6_210seqs	1	211
r6_210seqs	1	211
r6_210seqs	1	224
r6_210seqs	1	211
r6_210seqs	1	211
r6_210seqs	1	211
r6_210seqs	1	224
r6_210seqs	1	211
r6_210seqs	2	225
r6_210seqs	1	225
r6_210seqs	2	222
r6_210seqs	1	224
r6_210seqs	1	211
r6_210seqs	1	224
r6_210seqs	1	217
r6_210seqs	1	224
r6_210seqs	1	224
r6_210seqs	1	224
r6_210seqs	1	212
r6_210seqs	1	221
r6_210seqs	1	211
r6_210seqs	2	210
r6_210seqs	26	225
r6_210seqs	1	225
r6_210seqs	2	225
r6_210seqs	1	225
r6_210seqs	1	224
r6_210seqs	1	224
r6_210seqs	1	225
r6_210seqs	1	225
r6_210seqs	1	225
r6_210seqs	1	225
r6_210seqs	1	225
r6_210seqs	1	225
r6_210seqs	1	212
r6_210seqs	1	225
r6_210seqs	1	225
r6_210seqs	3	225
r6_210seqs	1	224
r6_210seqs	1	225
r6_210seqs	1	225
r6_210seqs	1	225
r6_210seqs	1	225
r6_210seqs	1	225
r6_210seqs	1	225
r6_210seqs	1	224
r6_210seqs	2	224
r6_210seqs	1	211
r6_210seqs	1	211
r6_210seqs	2	211
r6_210seqs	1	225
r6_210seqs	3	225
r6_210seqs	1	225
r6_210seqs	1	217
r6_210seqs	8	211
r6_210seqs	1	211
r6_210seqs	7	217
r6_210seqs	1	225
r6_210seqs	1	224
r6_210seqs	1	210
r6_210seqs	1	225
r6_210seqs	1	225
r6_210seqs	1	225
r6_210seqs	1	224
r6_210seqs	1	225
r6_210seqs	6	217
r6_210seqs	13	224
r6_210seqs	1	225
r6_210seqs	2	224
r6_210seqs	1	225
r6_210seqs	1	225
r6_210seqs	1	210
r6_210seqs	1	225
r6_210seqs	1	225
r6_210seqs	1	225
r6_210seqs	1	225
r6_210seqs	1	211
r6_210seqs	1	225
r6_210seqs	1	211
r6_210seqs	1	225
r6_210seqs	5	211
r6_210seqs	4	225
r6_210seqs	1	225
r6_210seqs	1	225
r6_210seqs	1	224
r6_210seqs	1	225
r6_210seqs	1	211
r6_210seqs	1	225
r6_210seqs	1	225
r6_210seqs	1	225
r6_210seqs	2	224
r6_210seqs	1	225
r6_210seqs	1	225
r6_210seqs	1	225
r6_210seqs	1	211
r6_210seqs	1	225
r6_210seqs	1	225
r6_210seqs	1	224
r6_210seqs	1	225
r6_210seqs	1	211
r6_210seqs	1	225
r6_210seqs	6	225
r6_210seqs	1	225
r6_210seqs	1	225
r6_210seqs	9	225
r6_210seqs	2	210
r6_210seqs	1	225
r6_210seqs	1	225
r6_210seqs	1	225
r6_210seqs	1	225
r6_210seqs	1	225
r6_210seqs	1	225
r6_210seqs	1	225
r6_210seqs	1	224
r6_210seqs	1	224
r6_210seqs	2	225
r6_210seqs	1	225
r6_210seqs	1	225
r6_210seqs	1	212
r6_210seqs	1	224
r6_210seqs	2	225
r6_210seqs	1	224
r6_210seqs	1	224
r6_210seqs	1	224
r6_210seqs	1	224
r6_210seqs	1	225
r6_210seqs	1	211
r6_210seqs	6	211
r6_210seqs	1	225
r6_210seqs	1	224
r6_210seqs	1	211
r6_210seqs	1	211
r6_210seqs	2	211
r6_210seqs	1	225
r6_210seqs	19	225
r6_210seqs	1	225
r6_210seqs	1	225
r6_210seqs	1	225
r6_210seqs	5	225
r6_210seqs	1	225
r6_210seqs	1	225
r6_210seqs	1	225
r6_210seqs	1	225
r6_210seqs	1	225
r6_210seqs	1	224
r6_210seqs	1	224
r6_210seqs	1	224
r6_210seqs	1	225
r6_210seqs	1	225
r6_210seqs	1	211
r6_210seqs	1	211
r6_210seqs	1	224
r6_210seqs	5	224
r6_210seqs	2	224
r6_210seqs	1	211
r6_210seqs	1	224
r6_210seqs	1	217
r6_210seqs	1	225
r6_210seqs	1	211
r6_210seqs	1	211
r6_210seqs	1	211
r6_210seqs	1	225
r6_210seqs	1	223
r6_210seqs	1	225
r6_210seqs	1	217
r6_210seqs	1	225
r6_210seqs	1	211
r6_210seqs	1	224
r6_210seqs	1	211
r6_210seqs	1	209
r6_210seqs	1	211
r6_210seqs	2	225
r6_210seqs	1	225
r6_210seqs	1	211
r6_210seqs	1	211
r6_210seqs	1	223
r6_210seqs	1	203
r6_210seqs	2	225
r6_210seqs	1	225
r6_210seqs	1	225
r6_210seqs	1	211
r6_210seqs	2	215
r6_210seqs	1	211
r6_210seqs	1	225
r6_210seqs	1	225
r6_210seqs	1	210
r6_210seqs	1	225
r6_210seqs	1	225
r6_210seqs	1	225
r6_210seqs	1	225
r6_210seqs	1	225
r6_210seqs	5	217
r6_210seqs	1	211
r6_210seqs	1	225
r6_210seqs	2	223
r6_210seqs	1	225
r6_210seqs	1	225
r6_210seqs	1	225
r6_210seqs	1	225
r6_210seqs	1	225
r6_210seqs	1	225
r6_210seqs	1	225
r6_210seqs	4	225
r6_210seqs	1	216
r6_210seqs	1	225
r6_210seqs	1	225
r6_210seqs	1	224
r6_210seqs	1	224
r6_210seqs	1	220
r6_210seqs	1	223
r6_210seqs	1	225
r6_210seqs	1	225
r6_210seqs	1	211
r6_210seqs	1	224
r6_210seqs	1	224
r6_210seqs	1	208
r6_210seqs	1	224
r6_210seqs	1	224
r6_210seqs	1	224
r6_210seqs	1	225
r6_210seqs	2	225
r6_210seqs	2	224
r6_210seqs	1	225
r6_210seqs	1	225
r6_210seqs	1	224
r6_210seqs	1	225
r6_210seqs	1	224
r6_210seqs	1	225
r6_210seqs	1	224
r6_210seqs	1	224
r6_210seqs	1	224
r6_210seqs	1	212
r6_210seqs	1	225
r6_210seqs	1	224
r6_210seqs	1	225
r6_210seqs	2	211
r6_210seqs	1	210
r6_210seqs	1	211
r6_210seqs	1	225
r6_210seqs	1	225
r6_210seqs	1	225
r6_210seqs	1	225
r6_210seqs	1	225
r6_210seqs	1	225
r6_210seqs	1	224
r6_210seqs	1	225
r6_210seqs	1	211
r6_210seqs	6	225
r6_210seqs	1	225
r6_210seqs	1	225
r6_210seqs	1	225
r6_210seqs	1	225
r6_210seqs	1	210
r6_210seqs	1	225
r6_210seqs	1	225
r6_210seqs	1	225
r6_210seqs	1	225
r6_210seqs	1	225
r6_210seqs	1	225
r6_210seqs	1	225
r6_210seqs	1	225
r6_210seqs	1	225
r6_210seqs	1	225
r6_210seqs	1	210
r6_210seqs	1	210
r6_210seqs	1	224
r6_210seqs	1	224
r6_210seqs	1	225
r6_210seqs	1	225
r6_210seqs	1	222
r6_210seqs	2	225
r6_210seqs	1	225
r6_210seqs	1	225
r6_210seqs	1	224
r6_210seqs	1	224
r6_210seqs	1	225
r6_210seqs	1	225
r6_210seqs	2	210
r6_210seqs	1	217
r6_210seqs	1	211
r6_210seqs	1	225
r6_210seqs	1	211
r6_210seqs	1	224
r6_210seqs	1	220
r6_210seqs	1	225
r6_210seqs	1	225
r6_210seqs	1	211
r6_210seqs	1	211
r6_210seqs	1	223
r6_210seqs	1	211
r6_210seqs	1	211
r6_210seqs	1	225
r6_210seqs	5	225
r6_210seqs	1	225
r6_210seqs	4	225
r6_210seqs	1	225
r6_210seqs	1	225
r6_210seqs	1	225
r6_210seqs	1	225
r6_210seqs	1	225
r6_210seqs	1	225
r6_210seqs	1	225
r6_210seqs	1	225
r6_210seqs	7	224
r6_210seqs	1	225
r6_210seqs	1	225
r6_210seqs	2	225
r6_210seqs	1	223
r6_210seqs	1	211
r6_210seqs	1	224
r6_210seqs	1	225
r6_210seqs	7	223
r6_210seqs	1	218
r6_210seqs	1	224
r6_210seqs	4	224
r6_210seqs	6	211
r6_210seqs	1	224
r6_210seqs	1	225
r6_210seqs	1	225
r6_210seqs	2	225
r6_210seqs	1	211
r6_210seqs	1	225
r6_210seqs	9	212
r6_210seqs	1	224
r6_210seqs	3	224
r6_210seqs	1	225
r6_210seqs	1	225
r6_210seqs	1	225
r6_210seqs	1	224
r6_210seqs	1	225
r6_210seqs	1	225
r6_210seqs	1	225
r6_210seqs	1	211
r6_210seqs	1	213
r6_210seqs	1	211
r6_210seqs	1	211
r6_210seqs	1	225
r6_210seqs	1	211
r6_210seqs	1	210
r6_210seqs	1	211
r6_210seqs	1	211
r6_210seqs	3	225
r6_210seqs	1	211
r6_210seqs	1	225
r6_210seqs	1	212
r6_210seqs	1	211
r6_210seqs	1	202
r6_210seqs	2	225
r6_210seqs	1	224
r6_210seqs	2	225
r6_210seqs	1	225
r6_210seqs	1	225
r6_210seqs	1	224
r6_210seqs	1	224
r6_210seqs	1	225
r6_210seqs	11	224
r6_210seqs	1	224
r6_210seqs	1	224
r6_210seqs	1	224
r6_210seqs	1	224
r6_210seqs	1	224
r6_210seqs	1	224
r6_210seqs	1	203
r6_210seqs	1	211
r6_210seqs	1	225
r6_210seqs	1	225
r6_210seqs	1	225
r6_210seqs	1	211
r6_210seqs	1	213
r6_210seqs	1	223
r6_210seqs	1	225
r6_210seqs	1	225
r6_210seqs	1	225
r6_210seqs	1	225
r6_210seqs	1	222
r6_210seqs	1	207
r6_210seqs	1	213
r6_210seqs	1	224
r6_210seqs	1	224
r6_210seqs	2	225
r6_210seqs	1	225
r6_210seqs	1	196
r6_210seqs	1	211
r6_210seqs	1	211
r6_210seqs	1	224
r6_210seqs	1	211
r6_210seqs	1	225
r6_210seqs	5	211
r6_210seqs	1	211
r6_210seqs	1	211
r6_210seqs	1	211
r6_210seqs	1	225
r6_210seqs	1	211
r6_210seqs	1	211
r6_210seqs	1	211
r6_210seqs	1	225
r6_210seqs	1	225
r6_210seqs	1	225
r6_210seqs	1	225
r6_210seqs	1	225
r6_210seqs	1	225
r6_210seqs	1	225
r6_210seqs	1	211
r6_210seqs	1	225
r6_210seqs	1	225
r6_210seqs	1	224
r6_210seqs	1	225
r6_210seqs	1	224
r6_210seqs	1	224
r6_210seqs	2	222
r6_210seqs	1	224
r6_210seqs	1	224
r6_210seqs	1	224
r6_210seqs	1	213
r6_210seqs	1	224
r6_210seqs	1	224
r6_210seqs	1	224
r6_210seqs	1	224
r6_210seqs	1	202
r6_210seqs	1	225
r6_210seqs	1	225
r6_210seqs	1	224
r6_210seqs	1	225
r6_210seqs	1	188
r6_210seqs	1	224
r6_210seqs	1	225
r6_210seqs	2	220
r6_210seqs	1	225
r6_210seqs	1	224
r6_210seqs	1	225
r6_210seqs	2	224
r6_210seqs	1	225
r6_210seqs	1	225
r6_210seqs	1	225
r6_210seqs	1	225
r6_210seqs	1	202
r6_210seqs	1	225
r6_210seqs	1	225
r6_210seqs	1	217
r6_210seqs	1	225
r6_210seqs	1	211
r6_210seqs	1	225
r6_210seqs	1	225
r6_210seqs	1	224
r6_210seqs	1	225
r6_210seqs	1	211
r6_210seqs	5	224
r6_210seqs	1	225
r6_210seqs	7	211
r6_210seqs	2	225
r6_210seqs	2	224
r6_210seqs	1	217
r6_210seqs	1	211
r6_210seqs	1	222
r6_210seqs	1	223
r6_210seqs	1	225
r6_210seqs	1	225
r6_210seqs	1	225
r6_210seqs	1	225
r6_210seqs	1	225
r6_210seqs	1	212
r6_210seqs	1	225
r6_210seqs	1	211
r6_210seqs	1	224
r6_210seqs	7	223
r6_210seqs	13	225
r6_210seqs	2	225
r6_210seqs	1	224
r6_210seqs	1	224
r6_210seqs	26	223
r6_210seqs	1	225
r6_210seqs	1	225
r6_210seqs	1	225
r6_210seqs	17	221
r6_210seqs	2	225
r6_210seqs	1	225
r6_210seqs	1	225
r6_210seqs	1	225
r6_210seqs	1	225
r6_210seqs	2	225
r6_210seqs	1	225
r6_210seqs	1	225
r6_210seqs	1	225
r6_210seqs	1	225
r6_210seqs	1	224
r6_210seqs	2	224
r6_210seqs	1	216
r6_210seqs	1	186
r6_210seqs	1	224
r6_210seqs	2	225
r6_210seqs	1	224
r6_210seqs	22	211
r6_210seqs	1	225
r6_210seqs	1	225
r6_210seqs	1	225
r6_210seqs	3	211
r6_210seqs	1	225
r6_210seqs	1	225
r6_210seqs	1	211
r6_210seqs	1	211
r6_210seqs	11	225
r6_210seqs	1	211
r6_210seqs	1	223
r6_210seqs	2	225
r6_210seqs	1	211
r6_210seqs	1	211
r6_210seqs	1	211
r6_210seqs	1	225
r6_210seqs	2	224
r6_210seqs	22	225
r6_210seqs	1	224
r6_210seqs	1	211
r6_210seqs	1	225
r6_210seqs	1	225
r6_210seqs	1	224
r6_210seqs	1	225
r6_210seqs	1	225
r6_210seqs	1	225
r6_210seqs	1	224
r6_210seqs	1	225
r6_210seqs	1	225
r6_210seqs	1	225
r6_210seqs	1	225
r6_210seqs	2	224
r6_210seqs	1	212
r6_210seqs	1	211
r6_210seqs	1	224
r6_210seqs	1	224
r6_210seqs	1	224
r6_210seqs	1	224
r6_210seqs	1	211
r6_210seqs	1	224
r6_210seqs	1	221
r6_210seqs	1	224
r6_210seqs	1	224
r6_210seqs	1	224
r6_210seqs	1	225
r6_210seqs	1	217
r6_210seqs	1	225
r6_210seqs	1	217
r6_210seqs	1	224
r6_210seqs	1	211
r6_210seqs	1	211
r6_210seqs	3	212
r6_210seqs	1	225
r6_210seqs	1	225
r6_210seqs	1	225
r6_210seqs	1	225
r6_210seqs	1	225
r6_210seqs	1	225
r6_210seqs	1	225
r6_210seqs	1	225
r6_210seqs	1	225
r6_210seqs	1	225
r6_210seqs	5	225
r6_210seqs	1	211
r6_210seqs	2	210
r6_210seqs	1	211
r6_210seqs	1	225
r6_210seqs	2	225
r6_210seqs	1	224
r6_210seqs	9	223
r6_210seqs	1	224
r6_210seqs	1	225
r6_210seqs	1	225
r6_210seqs	9	225
r6_210seqs	1	225
r6_210seqs	1	217
r6_210seqs	2	212
r6_210seqs	1	211
r6_210seqs	1	225
r6_210seqs	1	210
r6_210seqs	1	225
r6_210seqs	1	212
r6_210seqs	4	225
r6_210seqs	1	211
r6_210seqs	1	211
r6_210seqs	1	224
r6_210seqs	1	225
r6_210seqs	1	224
r6_210seqs	9	211
r6_210seqs	1	224
r6_210seqs	1	206
r6_210seqs	1	225
r6_210seqs	1	225
r6_210seqs	1	206
r6_210seqs	2	225
r6_210seqs	2	225
r6_210seqs	1	194
r6_210seqs	1	225
r6_210seqs	1	211
r6_210seqs	1	225
r6_210seqs	2	211
r6_210seqs	1	225
r6_210seqs	1	225
r6_210seqs	1	225
r6_210seqs	5	211
r6_210seqs	1	225
r6_210seqs	1	225
r6_210seqs	2	225
r6_210seqs	1	225
r6_210seqs	1	211
r6_210seqs	1	224
r6_210seqs	1	224
r6_210seqs	1	225
r6_210seqs	1	225
r6_210seqs	2	225
r6_210seqs	4	225
r6_210seqs	1	211
r6_210seqs	1	212
r6_210seqs	2	221
r6_210seqs	1	210
r6_210seqs	2	225
r6_210seqs	1	202
r6_210seqs	1	211
r6_210seqs	1	224
r6_210seqs	1	225
r6_210seqs	1	225
r6_210seqs	1	210
r6_210seqs	1	224
r6_210seqs	1	225
r6_210seqs	8	211
r6_210seqs	7	224
r6_210seqs	1	224
r6_210seqs	22	225
r6_210seqs	1	211
r6_210seqs	1	224
r6_210seqs	20	225
r6_210seqs	1	224
r6_210seqs	10	225
r6_210seqs	1	224
r6_210seqs	1	225
r6_210seqs	1	224
r6_210seqs	1	224
r6_210seqs	7	224
r6_210seqs	1	225
r6_210seqs	1	224
r6_210seqs	1	211
r6_210seqs	1	225
r6_210seqs	1	225
r6_210seqs	1	225
r6_210seqs	1	225
r6_210seqs	1	225
r6_210seqs	1	210
r6_210seqs	1	224
r6_210seqs	1	225
r6_210seqs	1	212
r6_210seqs	1	224
r6_210seqs	1	211
r6_210seqs	1	224
r6_210seqs	1	211
r6_210seqs	1	225
r6_210seqs	1	225
r6_210seqs	6	224
r6_210seqs	1	211
r6_210seqs	1	211
r6_210seqs	1	211
r6_210seqs	1	211
r6_210seqs	1	224
r6_210seqs	2	210
r6_210seqs	1	225
r6_210seqs	1	225
r6_210seqs	1	225
r6_210seqs	1	225
r6_210seqs	1	211
r6_210seqs	1	224
r6_210seqs	1	211
r6_210seqs	22	224
r6_210seqs	1	224
r6_210seqs	1	224
r6_210seqs	1	223
r6_210seqs	1	224
r6_210seqs	1	224
r6_210seqs	1	215
r6_210seqs	1	224
r6_210seqs	2	210
r6_210seqs	1	211
r6_210seqs	1	200
r6_210seqs	1	225
r6_210seqs	1	225
r6_210seqs	1	225
r6_210seqs	1	225
r6_210seqs	2	225
r6_210seqs	1	224
r6_210seqs	1	211
r6_210seqs	1	224
r6_210seqs	1	225
r6_210seqs	1	210
r6_210seqs	1	225
r6_210seqs	1	225
r6_210seqs	1	225
r6_210seqs	1	224
r6_210seqs	1	225
r6_210seqs	2	225
r6_210seqs	1	225
r6_210seqs	1	211
r6_210seqs	1	225
r6_210seqs	1	225
r6_210seqs	1	225
r6_210seqs	1	225
r6_210seqs	1	217
r6_210seqs	2	224
r6_210seqs	1	223
r6_210seqs	1	211
r6_210seqs	9	225
r6_210seqs	1	223
r6_210seqs	1	211
r6_210seqs	27	225
r6_210seqs	1	225
r6_210seqs	1	225
r6_210seqs	1	225
r6_210seqs	1	217
r6_210seqs	1	224
r6_210seqs	1	225
r6_210seqs	5	222
r6_210seqs	1	212
r6_210seqs	1	213
r6_210seqs	1	224
r6_210seqs	1	224
r6_210seqs	1	224
r6_210seqs	1	224
r6_210seqs	1	199
r6_210seqs	1	211
r6_210seqs	1	225
r6_210seqs	1	225
r6_210seqs	1	199
r6_210seqs	1	225
r6_210seqs	14	224
r6_210seqs	1	211
r6_210seqs	1	225
r6_210seqs	1	224
r6_210seqs	1	225
r6_210seqs	1	210
r6_210seqs	1	225
r6_210seqs	1	225
r6_210seqs	1	225
r6_210seqs	1	211
r6_210seqs	1	225
r6_210seqs	48	224
r6_210seqs	34	225
r6_210seqs	1	225
r6_210seqs	1	211
r6_210seqs	1	224
r6_210seqs	1	223
r6_210seqs	2	211
r6_210seqs	4	225
r6_210seqs	1	223
r6_210seqs	1	224
r6_210seqs	1	225
r6_210seqs	1	225
r6_210seqs	1	224
r6_210seqs	1	224
r6_210seqs	1	225
r6_210seqs	6	225
r6_210seqs	1	225
r6_210seqs	19	224
r6_210seqs	1	212
r6_210seqs	1	224
r6_210seqs	2	224
r6_210seqs	1	224
r6_210seqs	8	224
r6_210seqs	24	212
r6_210seqs	2	225
r6_210seqs	1	211
r6_210seqs	1	211
r6_210seqs	3	225
r6_210seqs	1	211
r6_210seqs	1	211
r6_210seqs	1	225
r6_210seqs	1	225
r6_210seqs	1	225
r6_210seqs	1	225
r6_210seqs	1	224
r6_210seqs	1	218
r6_210seqs	1	225
r6_210seqs	2	220
r6_210seqs	1	217
r6_210seqs	1	224
r6_210seqs	1	225
r6_210seqs	1	224
r6_210seqs	1	225
r6_210seqs	1	225
r6_210seqs	2	225
r6_210seqs	2	224
r6_210seqs	1	211
r6_210seqs	1	211
r6_210seqs	11	225
r6_210seqs	1	211
r6_210seqs	2	211
r6_210seqs	1	225
r6_210seqs	1	210
r6_210seqs	1	224
r6_210seqs	2	225
r6_210seqs	1	224
r6_210seqs	1	211
r6_210seqs	1	224
r6_210seqs	1	224
r6_210seqs	1	224
r6_210seqs	1	224
r6_210seqs	2	211
r6_210seqs	1	208
r6_210seqs	1	225
r6_210seqs	1	225
r6_210seqs	1	211
r6_210seqs	1	225
r6_210seqs	1	225
r6_210seqs	1	225
r6_210seqs	1	224
r6_210seqs	1	225
r6_210seqs	1	225
r6_210seqs	1	225
r6_210seqs	3	225
r6_210seqs	1	217
r6_210seqs	1	225
r6_210seqs	1	225
r6_210seqs	1	225
r6_210seqs	1	222
r6_210seqs	1	211
r6_210seqs	1	225
r6_210seqs	1	217
r6_210seqs	2	224
r6_210seqs	1	211
r6_210seqs	18	225
r6_210seqs	2	225
r6_210seqs	1	225
r6_210seqs	1	211
r6_210seqs	1	225
r6_210seqs	1	211
r6_210seqs	3	224
r6_210seqs	1	224
r6_210seqs	1	224
r6_210seqs	7	225
r6_210seqs	1	224
r6_210seqs	1	211
r6_210seqs	1	210
r6_210seqs	1	225
r6_210seqs	1	211
r6_210seqs	1	225
r6_210seqs	1	225
r6_210seqs	1	225
r6_210seqs	1	225
r6_210seqs	1	211
r6_210seqs	1	211
r6_210seqs	1	225
r6_210seqs	1	224
r6_210seqs	1	211
r6_210seqs	1	225
r6_210seqs	1	225
r6_210seqs	1	217
r6_210seqs	1	209
r6_210seqs	1	211
r6_210seqs	1	224
r6_210seqs	1	224
r6_210seqs	1	225
r6_210seqs	1	210
r6_210seqs	1	217
r6_210seqs	1	224
r6_210seqs	1	225
r6_210seqs	1	225
r6_210seqs	1	211
r6_210seqs	3	224
r6_210seqs	1	225
r6_210seqs	4	225
r6_210seqs	1	225
r6_210seqs	1	223
r6_210seqs	1	225
r6_210seqs	1	211
r6_210seqs	1	225
r6_210seqs	1	225
r6_210seqs	1	224
r6_210seqs	1	224
r6_210seqs	1	224
r6_210seqs	2	225
r6_210seqs	1	225
r6_210seqs	1	224
r6_210seqs	1	225
r6_210seqs	1	225
r6_210seqs	1	223
r6_210seqs	2	224
r6_210seqs	1	224
r6_210seqs	1	210
r6_210seqs	1	225
r6_210seqs	1	213
r6_210seqs	1	224
r6_210seqs	1	224
r6_210seqs	1	224
r6_210seqs	1	225
r6_210seqs	1	225
r6_210seqs	1	225
r6_210seqs	7	224
r6_210seqs	10	224
r6_210seqs	1	224
r6_210seqs	2	224
r6_210seqs	1	224
r6_210seqs	1	225
r6_210seqs	1	224
r6_210seqs	1	225
r6_210seqs	1	224
r6_210seqs	1	225
r6_210seqs	2	225
r6_210seqs	47	224
r6_210seqs	1	225
r6_210seqs	1	225
r6_210seqs	1	211
r6_210seqs	1	225
r6_210seqs	1	211
r6_210seqs	1	224
r6_210seqs	1	224
r6_210seqs	1	225
r6_210seqs	2	224
r6_210seqs	1	225
r6_210seqs	1	211
r6_210seqs	2	225
r6_210seqs	1	211
r6_210seqs	31	223
r6_210seqs	22	225
r6_210seqs	1	224
r6_210seqs	1	225
r6_210seqs	1	224
r6_210seqs	1	225
r6_210seqs	1	225
r6_210seqs	1	225
r6_210seqs	1	225
r6_210seqs	1	225
r6_210seqs	2	225
r6_210seqs	1	209
r6_210seqs	1	222
r6_210seqs	1	224
r6_210seqs	1	210
r6_210seqs	1	224
r6_210seqs	1	224
r6_210seqs	2	225
r6_210seqs	1	211
r6_210seqs	1	212
r6_210seqs	1	225
r6_210seqs	1	225
r6_210seqs	1	213
r6_210seqs	1	211
r6_210seqs	1	225
r6_210seqs	1	225
r6_210seqs	2	211
r6_210seqs	33	225
r6_210seqs	1	218
r6_210seqs	1	211
r6_210seqs	1	217
r6_210seqs	1	225
r6_210seqs	1	211
r6_210seqs	33	225
r6_210seqs	1	225
r6_210seqs	1	224
r6_210seqs	1	225
r6_210seqs	1	211
r6_210seqs	1	225
r6_210seqs	1	224
r6_210seqs	1	224
r6_210seqs	1	224
r6_210seqs	1	222
r6_210seqs	3	225
r6_210seqs	1	211
r6_210seqs	1	224
r6_210seqs	4	225
r6_210seqs	6	225
r6_210seqs	1	211
r6_210seqs	1	225
r6_210seqs	6	224
r6_210seqs	1	225
r6_210seqs	1	211
r6_210seqs	6	211
r6_210seqs	1	225
r6_210seqs	1	211
r6_210seqs	1	211
r6_210seqs	1	211
r6_210seqs	1	211
r6_210seqs	1	210
r6_210seqs	1	211
r6_210seqs	1	211
r6_210seqs	1	210
r6_210seqs	1	223
r6_210seqs	3	210
r6_210seqs	1	214
r6_210seqs	1	211
r6_210seqs	33	225
r6_210seqs	1	213
r6_210seqs	1	224
r6_210seqs	4	224
r6_210seqs	1	224
r6_210seqs	1	212
r6_210seqs	51	225
r6_210seqs	1	225
r6_210seqs	1	211
r6_210seqs	1	225
r6_210seqs	1	225
r6_210seqs	1	225
r6_210seqs	1	211
r6_210seqs	1	225
r6_210seqs	1	210
r6_210seqs	1	225
r6_210seqs	1	225
r6_210seqs	1	210
r6_210seqs	1	211
r6_210seqs	1	211
r6_210seqs	1	211
r6_210seqs	11	224
r6_210seqs	1	225
r6_210seqs	1	225
r6_210seqs	1	225
r6_210seqs	9	225
r6_210seqs	1	213
r6_210seqs	2	224
r6_210seqs	1	211
r6_210seqs	31	211
r6_210seqs	1	224
r6_210seqs	1	225
r6_210seqs	1	224
r6_210seqs	1	224
r6_210seqs	1	224
r6_210seqs	1	211
r6_210seqs	1	224
r6_210seqs	1	211
r6_210seqs	2	225
r6_210seqs	1	210
r6_210seqs	1	224
r6_210seqs	1	224
r6_210seqs	1	225
r6_210seqs	1	225
r6_210seqs	1	224
r6_210seqs	1	211
r6_210seqs	1	225
r6_210seqs	1	211
r6_210seqs	1	216
r6_210seqs	6	211
r6_210seqs	1	211
r6_210seqs	35	225
r6_210seqs	2	225
r6_210seqs	1	225
r6_210seqs	1	211
r6_210seqs	1	211
r6_210seqs	1	224
r6_210seqs	1	225
r6_210seqs	1	224
r6_210seqs	1	225
r6_210seqs	1	224
r6_210seqs	1	225
r6_210seqs	1	225
r6_210seqs	1	225
r6_210seqs	1	224
r6_210seqs	2	225
r6_210seqs	1	224
r6_210seqs	1	225
r6_210seqs	1	211
r6_210seqs	3	225
r6_210seqs	2	225
r6_210seqs	9	215
r6_210seqs	13	225
r6_210seqs	1	219
r6_210seqs	1	195
r6_210seqs	1	211
r6_210seqs	1	213
r6_210seqs	1	211
r6_210seqs	1	225
r6_210seqs	1	225
r6_210seqs	1	225
r6_210seqs	5	225
r6_210seqs	1	224
r6_210seqs	1	211
r6_210seqs	9	225
r6_210seqs	1	211
r6_210seqs	1	225
r6_210seqs	1	225
r6_210seqs	2	225
r6_210seqs	1	224
r6_210seqs	1	212
r6_210seqs	1	224
r6_210seqs	1	224
r6_210seqs	1	179
r6_210seqs	2	211
r6_210seqs	1	225
r6_210seqs	1	212
r6_210seqs	1	225
r6_210seqs	1	225
r6_210seqs	1	225
r6_210seqs	1	225
r6_210seqs	1	210
r6_210seqs	1	225
r6_210seqs	1	225
r6_210seqs	11	211
r6_210seqs	1	225
r6_210seqs	2	211
r6_210seqs	1	225
r6_210seqs	1	211
r6_210seqs	12	225
r6_210seqs	1	210
r6_210seqs	2	224
r6_210seqs	1	211
r6_210seqs	2	224
r6_210seqs	1	211
r6_210seqs	2	213
r6_210seqs	1	225
r6_210seqs	1	225
r6_210seqs	1	225
r6_210seqs	2	211
r6_210seqs	1	224
r6_210seqs	1	225
r6_210seqs	1	224
r6_210seqs	1	224
r6_210seqs	52	224
r6_210seqs	1	210
r6_210seqs	1	225
r6_210seqs	1	225
r6_210seqs	19	207
r6_210seqs	1	210
r6_210seqs	1	225
r6_210seqs	1	225
r6_210seqs	1	225
r6_210seqs	2	211
r6_210seqs	1	225
r6_210seqs	1	225
r6_210seqs	32	211
r6_210seqs	1	225
r6_210seqs	1	225
r6_210seqs	1	225
r6_210seqs	1	211
r6_210seqs	1	211
r6_210seqs	1	217
r6_210seqs	36	225
r6_210seqs	1	225
r6_210seqs	41	224
r6_210seqs	45	222
r6_210seqs	1	224
r6_210seqs	1	211
r6_210seqs	1	225
r6_210seqs	5	211
r6_210seqs	1	224
r6_210seqs	1	224
r6_210seqs	1	211
r6_210seqs	26	225
r6_210seqs	1	224
r6_210seqs	1	225
r6_210seqs	2	224
r6_210seqs	1	225
r6_210seqs	1	211
r6_210seqs	1	225
r6_210seqs	1	225
r6_210seqs	1	225
r6_210seqs	2	211
r6_210seqs	1	211
r6_210seqs	1	225
r6_210seqs	1	225
r6_210seqs	1	211
r6_210seqs	2	225
r6_210seqs	1	211
r6_210seqs	9	225
r6_210seqs	1	222
r6_210seqs	21	225
r6_210seqs	1	225
r6_210seqs	1	211
r6_210seqs	1	224
r6_210seqs	1	224
r6_210seqs	1	225
r6_210seqs	3	225
r6_210seqs	1	210
r6_210seqs	2	210
r6_210seqs	1	225
r6_210seqs	6	211
r6_210seqs	1	224
r6_210seqs	1	224
r6_210seqs	1	224
r6_210seqs	2	211
r6_210seqs	56	225
r6_210seqs	3	211
r6_210seqs	1	225
r6_210seqs	1	225
r6_210seqs	1	211
r6_210seqs	1	225
r6_210seqs	1	224
r6_210seqs	1	210
r6_210seqs	1	207
r6_210seqs	28	225
r6_210seqs	1	216
r6_210seqs	1	225
r6_210seqs	42	224
r6_210seqs	1	211
r6_210seqs	1	211
r6_210seqs	1	211
r6_210seqs	1	225
r6_210seqs	2	225
r6_210seqs	1	214
r6_210seqs	1	224
r6_210seqs	3	225
r6_210seqs	1	211
r6_210seqs	1	225
r6_210seqs	1	225
r6_210seqs	1	211
r6_210seqs	1	184
r6_210seqs	1	225
r6_210seqs	1	225
r6_210seqs	1	211
r6_210seqs	11	225
r6_210seqs	1	224
r6_210seqs	1	225
r6_210seqs	2	211
r6_210seqs	1	224
r6_210seqs	1	211
r6_210seqs	1	225
r6_210seqs	1	225
r6_210seqs	1	225
r6_210seqs	1	210
r6_210seqs	1	225
r6_210seqs	1	222
r6_210seqs	1	225
r6_210seqs	1	225
r6_210seqs	1	225
r6_210seqs	1	225
r6_210seqs	5	224
r6_210seqs	1	219
r6_210seqs	2	225
r6_210seqs	1	211
r6_210seqs	1	224
r6_210seqs	41	224
r6_210seqs	1	225
r6_210seqs	1	225
r6_210seqs	1	223
r6_210seqs	5	225
r6_210seqs	1	224
r6_210seqs	1	196
r6_210seqs	1	213
r6_210seqs	1	225
r6_210seqs	1	223
r6_210seqs	1	222
r6_210seqs	1	224
r6_210seqs	1	225
r6_210seqs	1	225
r6_210seqs	1	198
r6_210seqs	1	211
r6_210seqs	1	213
r6_210seqs	1	211
r6_210seqs	1	211
r6_210seqs	1	211
r6_210seqs	2	224
r6_210seqs	1	211
r6_210seqs	1	225
r6_210seqs	1	211
r6_210seqs	1	224
r6_210seqs	1	225
r6_210seqs	1	217
r6_210seqs	1	225
r6_210seqs	1	225
r6_210seqs	1	224
r6_210seqs	1	211
r6_210seqs	1	224
r6_210seqs	2	199
r6_210seqs	1	211
r6_210seqs	1	225
r6_210seqs	2	211
r6_210seqs	2	224
r6_210seqs	1	225
r6_210seqs	1	225
r6_210seqs	1	225
r6_210seqs	30	225
r6_210seqs	1	224
r6_210seqs	1	211
r6_210seqs	1	225
r6_210seqs	1	224
r6_210seqs	1	211
r6_210seqs	1	211
r6_210seqs	11	224
r6_210seqs	2	217
r6_210seqs	1	225
r6_210seqs	1	211
r6_210seqs	1	225
r6_210seqs	1	225
r6_210seqs	2	225
r6_210seqs	1	224
r6_210seqs	1	224
r6_210seqs	1	225
r6_210seqs	1	224
r6_210seqs	1	224
r6_210seqs	1	225
r6_210seqs	1	224
r6_210seqs	1	224
r6_210seqs	1	225
r6_210seqs	2	224
r6_210seqs	1	224
r6_210seqs	1	212
r6_210seqs	1	224
r6_210seqs	1	211
r6_210seqs	1	224
r6_210seqs	1	224
r6_210seqs	1	211
r6_210seqs	1	211
r6_210seqs	1	210
r6_210seqs	1	225
r6_210seqs	1	225
r6_210seqs	1	225
r6_210seqs	1	225
r6_210seqs	1	225
r6_210seqs	1	225
r6_210seqs	1	225
r6_210seqs	3	211
r6_210seqs	1	186
r6_210seqs	1	225
r6_210seqs	1	225
r6_210seqs	1	224
r6_210seqs	3	212
r6_210seqs	1	225
r6_210seqs	1	211
r6_210seqs	1	211
r6_210seqs	1	225
r6_210seqs	45	225
r6_210seqs	1	211
r6_210seqs	1	225
r6_210seqs	1	225
r6_210seqs	1	225
r6_210seqs	2	225
r6_210seqs	1	224
r6_210seqs	1	211
r6_210seqs	1	224
r6_210seqs	1	224
r6_210seqs	1	224
r6_210seqs	1	211
r6_210seqs	1	211
r6_210seqs	1	211
r6_210seqs	1	225
r6_210seqs	1	225
r6_210seqs	1	225
r6_210seqs	1	224
r6_210seqs	36	224
r6_210seqs	1	211
r6_210seqs	1	225
r6_210seqs	1	225
r6_210seqs	1	224
r6_210seqs	1	217
r6_210seqs	2	225
r6_210seqs	2	210
r6_210seqs	1	225
r6_210seqs	1	211
r6_210seqs	1	224
r6_210seqs	1	225
r6_210seqs	2	225
r6_210seqs	13	224
r6_210seqs	1	224
r6_210seqs	1	211
r6_210seqs	1	225
r6_210seqs	1	225
r6_210seqs	1	224
r6_210seqs	1	225
r6_210seqs	1	212
r6_210seqs	1	225
r6_210seqs	1	225
r6_210seqs	1	224
r6_210seqs	1	225
r6_210seqs	1	225
r6_210seqs	1	225
r6_210seqs	1	216
r6_210seqs	1	192
r6_210seqs	1	211
r6_210seqs	1	225
r6_210seqs	1	211
r6_210seqs	1	213
r6_210seqs	1	225
r6_210seqs	1	224
r6_210seqs	1	224
r6_210seqs	1	225
r6_210seqs	22	224
r6_210seqs	1	224
r6_210seqs	1	225
r6_210seqs	41	216
r6_210seqs	1	210
r6_210seqs	1	225
r6_210seqs	1	211
r6_210seqs	1	223
r6_210seqs	1	225
r6_210seqs	1	225
r6_210seqs	1	210
r6_210seqs	1	211
r6_210seqs	1	225
r6_210seqs	1	224
r6_210seqs	1	225
r6_210seqs	2	210
r6_210seqs	9	210
r6_210seqs	11	225
r6_210seqs	2	224
r6_210seqs	1	211
r6_210seqs	1	225
r6_210seqs	6	211
r6_210seqs	1	225
r6_210seqs	1	210
r6_210seqs	1	211
r6_210seqs	1	225
r6_210seqs	1	225
r6_210seqs	1	211
r6_210seqs	1	225
r6_210seqs	1	210
r6_210seqs	1	225
r6_210seqs	1	210
r6_210seqs	1	224
r6_210seqs	1	212
r6_210seqs	1	224
r6_210seqs	1	207
r6_210seqs	1	225
r6_210seqs	49	224
r6_210seqs	29	211
r6_210seqs	1	211
r6_210seqs	1	225
r6_210seqs	1	212
r6_210seqs	1	211
r6_210seqs	1	211
r6_210seqs	1	223
r6_210seqs	12	225
r6_210seqs	4	211
r6_210seqs	1	217
r6_210seqs	1	222
r6_210seqs	1	211
r6_210seqs	1	225
r6_210seqs	1	211
r6_210seqs	1	224
r6_210seqs	1	225
r6_210seqs	5	211
r6_210seqs	2	225
r6_210seqs	1	225
r6_210seqs	1	210
r6_210seqs	1	211
r6_210seqs	1	211
r6_210seqs	1	225
r6_210seqs	1	211
r6_210seqs	1	225
r6_210seqs	1	224
r6_210seqs	1	225
r6_210seqs	1	225
r6_210seqs	1	225
r6_210seqs	1	211
r6_210seqs	1	224
r6_210seqs	10	225
r6_210seqs	12	210
r6_210seqs	1	194
r6_210seqs	1	225
r6_210seqs	1	208
r6_210seqs	1	208
r6_210seqs	1	224
r6_210seqs	1	225
r6_210seqs	2	225
r6_210seqs	1	225
r6_210seqs	1	224
r6_210seqs	1	211
r6_210seqs	1	225
r6_210seqs	1	211
r6_210seqs	1	212
r6_210seqs	1	211
r6_210seqs	1	225
r6_210seqs	33	225
r6_210seqs	1	211
r6_210seqs	1	225
r6_210seqs	1	224
r6_210seqs	1	223
r6_210seqs	1	222
r6_210seqs	1	201
r6_210seqs	2	212
r6_210seqs	3	225
r6_210seqs	44	212
r6_210seqs	1	225
r6_210seqs	2	211
r6_210seqs	1	224
r6_210seqs	32	210
r6_210seqs	1	225
r6_210seqs	18	225
r6_210seqs	1	225
r6_210seqs	1	211
r6_210seqs	2	211
r6_210seqs	9	213
r6_210seqs	1	225
r6_210seqs	1	180
r6_210seqs	1	223
r6_210seqs	1	223
r6_210seqs	1	212
r6_210seqs	1	211
r6_210seqs	1	188
r6_210seqs	2	224
r6_210seqs	3	224
r6_210seqs	1	225
r6_210seqs	1	225
r6_210seqs	1	225
r6_210seqs	2	210
r6_210seqs	1	211
r6_210seqs	37	224
r6_210seqs	1	191
r6_210seqs	41	224
r6_210seqs	8	211
r6_210seqs	1	224
r6_210seqs	1	225
r6_210seqs	1	225
r6_210seqs	1	225
r6_210seqs	1	225
r6_210seqs	1	225
r6_210seqs	1	225
r6_210seqs	1	225
r6_210seqs	19	225
r6_210seqs	1	211
r6_210seqs	1	225
r6_210seqs	1	224
r6_210seqs	1	225
r6_210seqs	2	211
r6_210seqs	1	224
r6_210seqs	1	225
r6_210seqs	2	211
r6_210seqs	1	211
r6_210seqs	1	225
r6_210seqs	7	224
r6_210seqs	1	211
r6_210seqs	1	210
r6_210seqs	1	210
r6_210seqs	2	225
r6_210seqs	1	211
r6_210seqs	1	211
r6_210seqs	1	220
r6_210seqs	1	225
r6_210seqs	1	225
r6_210seqs	1	225
r6_210seqs	1	225
r6_210seqs	1	211
r6_210seqs	1	223
r6_210seqs	1	211
r6_210seqs	1	211
r6_210seqs	1	223
r6_210seqs	1	225
r6_210seqs	1	211
r6_210seqs	2	224
r6_210seqs	1	225
r6_210seqs	1	193
r6_210seqs	1	201
r6_210seqs	1	224
r6_210seqs	1	191
r6_210seqs	2	183
r6_210seqs	1	225
r6_210seqs	1	224
r6_210seqs	1	225
r6_210seqs	1	224
r6_210seqs	1	225
r6_210seqs	2	224
r6_210seqs	1	225
r6_210seqs	1	222
r6_210seqs	1	225
r6_210seqs	1	225
r6_210seqs	1	210
r6_210seqs	1	225
r6_210seqs	1	201
r6_210seqs	1	217
r6_210seqs	1	225
r6_210seqs	2	211
r6_210seqs	1	194
r6_210seqs	1	225
r6_210seqs	3	224
r6_210seqs	1	225
r6_210seqs	1	225
r6_210seqs	1	225
r6_210seqs	5	225
r6_210seqs	1	225
r6_210seqs	1	225
r6_210seqs	1	225
r6_210seqs	1	225
r6_210seqs	1	224
r6_210seqs	2	224
r6_210seqs	1	225
r6_210seqs	1	225
r6_210seqs	4	224
r6_210seqs	2	224
r6_210seqs	1	225
r6_210seqs	1	225
r6_210seqs	2	225
r6_210seqs	1	225
r6_210seqs	29	224
r6_210seqs	2	225
r6_210seqs	1	225
r6_210seqs	1	211
r6_210seqs	1	221
r6_210seqs	1	225
r6_210seqs	1	211
r6_210seqs	1	224
r6_210seqs	1	225
r6_210seqs	1	211
r6_210seqs	1	194
r6_210seqs	3	210
r6_210seqs	1	224
r6_210seqs	1	224
r6_210seqs	1	225
r6_210seqs	2	225
r6_210seqs	2	225
r6_210seqs	1	224
r6_210seqs	1	211
r6_210seqs	1	222
r6_210seqs	1	211
r6_210seqs	1	211
r6_210seqs	1	201
r6_210seqs	1	225
r6_210seqs	1	196
r6_210seqs	1	211
r6_210seqs	1	225
r6_210seqs	1	224
r6_210seqs	1	225
r6_210seqs	1	225
r6_210seqs	1	225
r6_210seqs	1	211
r6_210seqs	1	224
r6_210seqs	1	224
r6_210seqs	1	224
r6_210seqs	1	225
r6_210seqs	1	225
r6_210seqs	1	224
r6_210seqs	1	211
r6_210seqs	1	212
r6_210seqs	1	225
r6_210seqs	1	225
r6_210seqs	1	225
r6_210seqs	1	225
r6_210seqs	2	210
r6_210seqs	1	211
r6_210seqs	1	180
r6_210seqs	49	225
r6_210seqs	1	224
r6_210seqs	1	225
r6_210seqs	1	225
r6_210seqs	24	225
r6_210seqs	1	211
r6_210seqs	1	211
r6_210seqs	7	202
r6_210seqs	1	225
r6_210seqs	1	225
r6_210seqs	1	224
r6_210seqs	1	211
r6_210seqs	2	225
r6_210seqs	1	224
r6_210seqs	1	224
r6_210seqs	1	225
r6_210seqs	1	225
r6_210seqs	1	210
r6_210seqs	1	225
r6_210seqs	15	225
r6_210seqs	1	224
r6_210seqs	1	225
r6_210seqs	2	225
r6_210seqs	1	211
r6_210seqs	2	224
r6_210seqs	1	225
r6_210seqs	3	225
r6_210seqs	1	175
r6_210seqs	1	190
r6_210seqs	1	225
r6_210seqs	1	210
r6_210seqs	1	224
r6_210seqs	1	211
r6_210seqs	1	225
r6_210seqs	8	210
r6_210seqs	1	224
r6_210seqs	1	225
r6_210seqs	1	224
r6_210seqs	1	225
r6_210seqs	1	223
r6_210seqs	1	224
r6_210seqs	1	189
r6_210seqs	1	211
r6_210seqs	43	225
r6_210seqs	1	225
r6_210seqs	2	225
r6_210seqs	1	225
r6_210seqs	1	211
r6_210seqs	1	210
r6_210seqs	1	224
r6_210seqs	6	210
r6_210seqs	1	225
r6_210seqs	1	211
r6_210seqs	1	223
r6_210seqs	1	225
r6_210seqs	1	224
r6_210seqs	1	225
r6_210seqs	1	224
r6_210seqs	44	225
r6_210seqs	1	224
r6_210seqs	1	225
r6_210seqs	1	222
r6_210seqs	1	211
r6_210seqs	1	211
r6_210seqs	1	211
r6_210seqs	1	211
r6_210seqs	1	223
r6_210seqs	1	172
r6_210seqs	1	224
r6_210seqs	1	225
r6_210seqs	1	224
r6_210seqs	1	224
r6_210seqs	1	225
r6_210seqs	1	224
r6_210seqs	1	211
r6_210seqs	2	225
r6_210seqs	1	225
r6_210seqs	1	225
r6_210seqs	1	211
r6_210seqs	1	210
r6_210seqs	1	225
r6_210seqs	1	225
r6_210seqs	4	194
r6_210seqs	1	175
r6_210seqs	2	225
r6_210seqs	1	225
r6_210seqs	1	225
r6_210seqs	1	225
r6_210seqs	1	225
r6_210seqs	1	211
r6_210seqs	1	211
r6_210seqs	38	224
r6_210seqs	1	225
r6_210seqs	1	225
r6_210seqs	1	209
r6_210seqs	1	225
r6_210seqs	1	225
r6_210seqs	1	224
r6_210seqs	1	217
r6_210seqs	1	225
r6_210seqs	1	211
r6_210seqs	1	225
r6_210seqs	1	225
r6_210seqs	1	225
r6_210seqs	1	225
r6_210seqs	2	223
r6_210seqs	1	225
r6_210seqs	1	225
r6_210seqs	1	211
r6_210seqs	2	224
r6_210seqs	1	210
r6_210seqs	1	211
r6_210seqs	1	192
r6_210seqs	1	224
r6_210seqs	1	211
r6_210seqs	1	214
r6_210seqs	2	222
r6_210seqs	1	225
r6_210seqs	1	211
r6_210seqs	5	225
r6_210seqs	1	211
r6_210seqs	1	176
r6_210seqs	11	224
r6_210seqs	1	225
r6_210seqs	43	224
r6_210seqs	1	225
r6_210seqs	1	225
r6_210seqs	1	225
r6_210seqs	1	225
r6_210seqs	1	225
r6_210seqs	1	211
r6_210seqs	1	225
r6_210seqs	1	225
r6_210seqs	1	224
r6_210seqs	1	211
r6_210seqs	1	225
r6_210seqs	1	225
r6_210seqs	2	225
r6_210seqs	1	211
r6_210seqs	1	225
r6_210seqs	1	224
r6_210seqs	1	211
r6_210seqs	1	225
r6_210seqs	1	225
r6_210seqs	8	225
r6_210seqs	1	225
r6_210seqs	4	225
r6_210seqs	1	211
r6_210seqs	1	213
r6_210seqs	1	225
r6_210seqs	1	211
r6_210seqs	1	225
r6_210seqs	1	225
r6_210seqs	1	225
r6_210seqs	1	224
r6_210seqs	1	211
r6_210seqs	1	225
r6_210seqs	1	225
r6_210seqs	1	225
r6_210seqs	1	211
r6_210seqs	1	224
r6_210seqs	37	225
r6_210seqs	2	223
r6_210seqs	9	193
r6_210seqs	1	224
r6_210seqs	1	225
r6_210seqs	1	225
r6_210seqs	1	225
r6_210seqs	1	225
r6_210seqs	1	225
r6_210seqs	1	225
r6_210seqs	1	225
r6_210seqs	1	225
r6_210seqs	1	225
r6_210seqs	1	225
r6_210seqs	6	224
r6_210seqs	1	224
r6_210seqs	1	225
r6_210seqs	1	225
r6_210seqs	1	225
r6_210seqs	1	223
r6_210seqs	1	225
r6_210seqs	1	225
r6_210seqs	1	225
r6_210seqs	1	225
r6_210seqs	1	224
r6_210seqs	2	225
r6_210seqs	1	225
r6_210seqs	1	225
r6_210seqs	1	225
r6_210seqs	2	225
r6_210seqs	50	224
r6_210seqs	1	211
r6_210seqs	1	211
r6_210seqs	24	224
r6_210seqs	1	211
r6_210seqs	1	225
r6_210seqs	1	225
r6_210seqs	1	225
r6_210seqs	1	224
r6_210seqs	14	225
r6_210seqs	2	224
r6_210seqs	1	225
r6_210seqs	41	225
r6_210seqs	1	225
r6_210seqs	1	211
r6_210seqs	1	223
r6_210seqs	42	225
r6_210seqs	1	225
r6_210seqs	1	225
r6_210seqs	1	222
r6_210seqs	1	224
r6_210seqs	5	225
r6_210seqs	2	225
r6_210seqs	1	212
r6_210seqs	1	211
r6_210seqs	1	211
r6_210seqs	1	225
r6_210seqs	1	213
r6_210seqs	7	211
r6_210seqs	1	211
r6_210seqs	1	211
r6_210seqs	1	211
r6_210seqs	1	223
r6_210seqs	1	225
r6_210seqs	1	225
r6_210seqs	9	211
r6_210seqs	5	225
r6_210seqs	1	212
r6_210seqs	1	224
r6_210seqs	1	225
r6_210seqs	1	225
r6_210seqs	1	225
r6_210seqs	1	224
r6_210seqs	1	225
r6_210seqs	1	201
r6_210seqs	1	211
r6_210seqs	1	223
r6_210seqs	1	211
r6_210seqs	1	225
r6_210seqs	1	225
r6_210seqs	1	224
r6_210seqs	1	225
r6_210seqs	1	225
r6_210seqs	1	225
r6_210seqs	1	225
r6_210seqs	1	210
r6_210seqs	1	225
r6_210seqs	1	225
r6_210seqs	1	225
r6_210seqs	1	225
r6_210seqs	1	225
r6_210seqs	7	221
r6_210seqs	1	224
r6_210seqs	1	211
r6_210seqs	1	211
r6_210seqs	1	224
r6_210seqs	1	225
r6_210seqs	1	225
r6_210seqs	1	211
r6_210seqs	1	224
r6_210seqs	1	210
r6_210seqs	1	224
r6_210seqs	1	211
r6_210seqs	1	224
r6_210seqs	1	224
r6_210seqs	1	225
r6_210seqs	1	211
r6_210seqs	7	224
r6_210seqs	1	224
r6_210seqs	2	211
r6_210seqs	1	225
r6_210seqs	1	225
r6_210seqs	1	224
r6_210seqs	1	224
r6_210seqs	1	225
r6_210seqs	2	224
r6_210seqs	1	223
r6_210seqs	46	225
r6_210seqs	57	223
r6_210seqs	49	224
r6_210seqs	49	223
r6_210seqs	51	224
r6_210seqs	47	225
r6_210seqs	1	224
r6_210seqs	60	225
r6_210seqs	1	225
r6_210seqs	61	224
r6_210seqs	1	225
r6_210seqs	31	225
r6_210seqs	1	225
r6_210seqs	45	211
r6_210seqs	1	225
r6_210seqs	63	225
r6_210seqs	1	225
r6_210seqs	1	225
r6_210seqs	1	225
r6_210seqs	49	225
r6_210seqs	1	166
r6_210seqs	1	217
r6_210seqs	1	211
r6_210seqs	1	225
r6_210seqs	1	224
r6_210seqs	2	225
r6_210seqs	1	189
r6_210seqs	49	225
r6_210seqs	1	225
r6_210seqs	1	225
r6_210seqs	1	225
r6_210seqs	1	225
r6_210seqs	1	225
r6_210seqs	1	207
r6_210seqs	1	225
r6_210seqs	1	158
r6_210seqs	1	217
r6_210seqs	74	225
r6_210seqs	1	224
r6_210seqs	1	225
r6_210seqs	1	225
r6_210seqs	1	171
r6_210seqs	1	211
r6_210seqs	1	225
r6_210seqs	1	225
r6_210seqs	1	225
r6_210seqs	1	211
r6_210seqs	2	225
r6_210seqs	1	225
r6_210seqs	1	225
r6_210seqs	1	225
r6_210seqs	1	177
r6_210seqs	1	192
r6_210seqs	1	225
r6_210seqs	75	225
r6_210seqs	69	225
r6_210seqs	1	225
r6_210seqs	1	225
r6_210seqs	1	211
r6_210seqs	2	203
r6_210seqs	1	225
r6_210seqs	1	225
r6_210seqs	2	225
r6_210seqs	54	225
r6_210seqs	49	224
r6_210seqs	1	225
r6_210seqs	1	211
r6_210seqs	1	225
r6_210seqs	1	225
r6_210seqs	1	225
r6_210seqs	1	211
r6_210seqs	1	225
r6_210seqs	1	152
r6_210seqs	1	170
r6_210seqs	1	225
r6_210seqs	1	225
r6_210seqs	3	225
r6_210seqs	1	225
r6_210seqs	2	225
r6_210seqs	1	211
r6_210seqs	9	225
r6_210seqs	1	217
r6_210seqs	1	211
r6_210seqs	1	211
r6_210seqs	1	225
r6_210seqs	67	224
r6_210seqs	1	211
r6_210seqs	1	211
r6_210seqs	1	225
r6_210seqs	1	225
r6_210seqs	2	223
r6_210seqs	1	225
r6_210seqs	1	222
r6_210seqs	1	210
r6_210seqs	1	225
r6_210seqs	3	224
r6_210seqs	2	211
r6_210seqs	1	225
r6_210seqs	1	223
r6_210seqs	2	224
r6_210seqs	1	225
r6_210seqs	1	211
r6_210seqs	52	224
r6_210seqs	17	210
r6_210seqs	1	225
r6_210seqs	1	225
r6_210seqs	1	210
r6_210seqs	1	224
r6_210seqs	1	225
r6_210seqs	1	225
r6_210seqs	1	211
r6_210seqs	1	211
r6_210seqs	1	222
r6_210seqs	2	224
r6_210seqs	1	225
r6_210seqs	1	211
r6_210seqs	1	225
r6_210seqs	1	172
r6_210seqs	1	163
r6_210seqs	1	224
r6_210seqs	2	225
r6_210seqs	1	225
r6_210seqs	1	225
r6_210seqs	1	224
r6_210seqs	1	225
r6_210seqs	1	225
r6_210seqs	1	225
r6_210seqs	1	225
r6_210seqs	2	211
r6_210seqs	1	210
r6_210seqs	1	225
r6_210seqs	1	225
r6_210seqs	1	225
r6_210seqs	1	225
r6_210seqs	49	220
r6_210seqs	1	225
r6_210seqs	1	224
r6_210seqs	1	225
r6_210seqs	1	211
r6_210seqs	1	211
r6_210seqs	48	225
r6_210seqs	1	225
r6_210seqs	1	217
r6_210seqs	1	220
r6_210seqs	1	225
r6_210seqs	1	211
r6_210seqs	1	225
r6_210seqs	1	225
r6_210seqs	1	225
r6_210seqs	1	211
r6_210seqs	1	196
r6_210seqs	1	211
r6_210seqs	1	225
r6_210seqs	1	225
r6_210seqs	1	211
r6_210seqs	8	224
r6_210seqs	1	223
r6_210seqs	1	225
r6_210seqs	1	210
r6_210seqs	1	225
r6_210seqs	1	223
r6_210seqs	1	225
r6_210seqs	1	211
r6_210seqs	1	224
r6_210seqs	1	225
r6_210seqs	3	225
r6_210seqs	1	213
r6_210seqs	1	225
r6_210seqs	1	225
r6_210seqs	1	225
r6_210seqs	1	211
r6_210seqs	1	225
r6_210seqs	1	225
r6_210seqs	1	191
r6_210seqs	1	213
r6_210seqs	1	225
r6_210seqs	1	225
r6_210seqs	1	225
r6_210seqs	1	209
r6_210seqs	1	225
r6_210seqs	1	211
r6_210seqs	1	224
r6_210seqs	1	217
r6_210seqs	1	225
r6_210seqs	1	224
r6_210seqs	1	225
r6_210seqs	1	225
r6_210seqs	1	225
r6_210seqs	1	222
r6_210seqs	1	225
r6_210seqs	1	225
r6_210seqs	1	224
r6_210seqs	1	225
r6_210seqs	1	194
r6_210seqs	1	211
r6_210seqs	1	211
r6_210seqs	2	224
r6_210seqs	1	225
r6_210seqs	1	220
r6_210seqs	1	225
r6_210seqs	1	211
r6_210seqs	1	225
r6_210seqs	1	225
r6_210seqs	1	224
r6_210seqs	1	225
r6_210seqs	3	199
r6_210seqs	43	211
r6_210seqs	2	191
r6_210seqs	1	225
r6_210seqs	1	225
r6_210seqs	1	225
r6_210seqs	1	225
r6_210seqs	1	225
r6_210seqs	1	211
r6_210seqs	2	224
r6_210seqs	1	211
r6_210seqs	1	224
r6_210seqs	1	211
r6_210seqs	1	220
r6_210seqs	1	225
r6_210seqs	1	225
r6_210seqs	1	211
r6_210seqs	1	225
r6_210seqs	2	211
r6_210seqs	1	224
r6_210seqs	69	223
r6_210seqs	1	210
r6_210seqs	1	225
r6_210seqs	6	225
r6_210seqs	1	211
r6_210seqs	1	211
r6_210seqs	1	225
r6_210seqs	1	225
r6_210seqs	1	225
r6_210seqs	1	225
r6_210seqs	1	225
r6_210seqs	1	225
r6_210seqs	1	225
r6_210seqs	1	225
r6_210seqs	6	225
r6_210seqs	1	225
r6_210seqs	1	211
r6_210seqs	19	225
r6_210seqs	1	224
r6_210seqs	1	225
r6_210seqs	1	223
r6_210seqs	1	225
r6_210seqs	1	224
r6_210seqs	1	199
r6_210seqs	1	175
r6_210seqs	1	225
r6_210seqs	50	224
r6_210seqs	1	211
r6_210seqs	1	225
r6_210seqs	1	207
r6_210seqs	1	217
r6_210seqs	1	211
r6_210seqs	1	194
r6_210seqs	1	211
r6_210seqs	1	188
r6_210seqs	1	225
r6_210seqs	1	225
r6_210seqs	1	225
r6_210seqs	1	225
r6_210seqs	1	211
r6_210seqs	1	225
r6_210seqs	1	225
r6_210seqs	1	225
r6_210seqs	1	223
r6_210seqs	2	152
r6_210seqs	41	212
r6_210seqs	1	211
r6_210seqs	1	211
r6_210seqs	1	225
r6_210seqs	1	142
r6_210seqs	16	211
r6_210seqs	1	225
r6_210seqs	1	224
r6_210seqs	1	225
r6_210seqs	1	170
r6_210seqs	1	224
r6_210seqs	1	210
r6_210seqs	1	225
r6_210seqs	1	225
r6_210seqs	1	225
r6_210seqs	10	211
r6_210seqs	1	211
r6_210seqs	1	222
r6_210seqs	1	216
r6_210seqs	1	224
r6_210seqs	1	225
r6_210seqs	1	225
r6_210seqs	1	225
r6_210seqs	5	211
r6_210seqs	1	171
r6_210seqs	1	225
r6_210seqs	1	225
r6_210seqs	1	225
r6_210seqs	1	220
r6_210seqs	2	225
r6_210seqs	1	225
r6_210seqs	1	225
r6_210seqs	1	224
r6_210seqs	2	225
r6_210seqs	69	225
r6_210seqs	52	225
r6_210seqs	1	225
r6_210seqs	1	212
r6_210seqs	2	225
r6_210seqs	1	225
r6_210seqs	1	152
r6_210seqs	1	211
r6_210seqs	2	225
r6_210seqs	1	225
r6_210seqs	12	225
r6_210seqs	1	225
r6_210seqs	6	225
r6_210seqs	1	225
r6_210seqs	1	224
r6_210seqs	1	211
r6_210seqs	1	211
r6_210seqs	1	225
r6_210seqs	1	211
r6_210seqs	1	225
r6_210seqs	1	225
r6_210seqs	1	225
r6_210seqs	3	224
r6_210seqs	1	225
r6_210seqs	1	225
r6_210seqs	1	224
r6_210seqs	8	211
r6_210seqs	19	225
r6_210seqs	67	224
r6_210seqs	1	225
r6_210seqs	1	211
r6_210seqs	1	225
r6_210seqs	1	225
r6_210seqs	1	172
r6_210seqs	38	225
r6_210seqs	6	183
r6_210seqs	1	225
r6_210seqs	1	211
r6_210seqs	1	211
r6_210seqs	1	224
r6_210seqs	8	225
r6_210seqs	1	211
r6_210seqs	1	211
r6_210seqs	1	225
r6_210seqs	1	225
r6_210seqs	1	224
r6_210seqs	1	225
r6_210seqs	1	210
r6_210seqs	5	211
r6_210seqs	1	211
r6_210seqs	7	225
r6_210seqs	1	225
r6_210seqs	1	225
r6_210seqs	1	224
r6_210seqs	1	224
r6_210seqs	1	225
r6_210seqs	1	152
r6_210seqs	1	170
r6_210seqs	1	169
r6_210seqs	9	225
r6_210seqs	1	225
r6_210seqs	1	210
r6_210seqs	1	225
r6_210seqs	1	225
r6_210seqs	1	147
r6_210seqs	1	225
r6_210seqs	1	225
r6_210seqs	8	225
r6_210seqs	1	216
r6_210seqs	1	225
r6_210seqs	1	225
r6_210seqs	1	225
r6_210seqs	1	152
r6_210seqs	1	224
r6_210seqs	1	224
r6_210seqs	1	225
r6_210seqs	2	225
r6_210seqs	1	225
r6_210seqs	4	225
r6_210seqs	1	225
r6_210seqs	1	223
r6_210seqs	1	224
r6_210seqs	1	179
r6_210seqs	1	225
r6_210seqs	1	216
r6_210seqs	1	213
r6_210seqs	1	224
r6_210seqs	1	224
r6_210seqs	1	225
r6_210seqs	1	225
r6_210seqs	1	217
r6_210seqs	1	225
r6_210seqs	1	225
r6_210seqs	1	225
r6_210seqs	1	224
r6_210seqs	1	225
r6_210seqs	18	225
r6_210seqs	1	225
r6_210seqs	1	225
r6_210seqs	1	224
r6_210seqs	72	224
r6_210seqs	1	225
r6_210seqs	1	225
r6_210seqs	1	225
r6_210seqs	1	225
r6_210seqs	1	225
r6_210seqs	1	225
r6_210seqs	1	212
r6_210seqs	1	211
r6_210seqs	1	225
r6_210seqs	1	225
r6_210seqs	1	225
r6_210seqs	13	211
r6_210seqs	2	223
r6_210seqs	2	225
r6_210seqs	1	225
r6_210seqs	2	211
r6_210seqs	1	225
r6_210seqs	1	225
r6_210seqs	1	225
r6_210seqs	1	224
r6_210seqs	1	211
r6_210seqs	1	225
r6_210seqs	1	225
r6_210seqs	1	225
r6_210seqs	1	225
r6_210seqs	2	211
r6_210seqs	1	224
r6_210seqs	1	225
r6_210seqs	1	225
r6_210seqs	1	222
r6_210seqs	1	225
r6_210seqs	1	222
r6_210seqs	1	225
r6_210seqs	1	225
r6_210seqs	1	225
r6_210seqs	1	225
r6_210seqs	1	225
r6_210seqs	13	225
r6_210seqs	1	224
r6_210seqs	1	210
r6_210seqs	1	224
r6_210seqs	63	224
r6_210seqs	1	225
r6_210seqs	1	225
r6_210seqs	1	225
r6_210seqs	1	225
r6_210seqs	1	216
r6_210seqs	1	225
r6_210seqs	1	225
r6_210seqs	1	162
r6_210seqs	1	222
r6_210seqs	1	211
r6_210seqs	1	225
r6_210seqs	1	223
r6_210seqs	9	225
r6_210seqs	1	225
r6_210seqs	1	220
r6_210seqs	1	225
r6_210seqs	3	224
r6_210seqs	1	224
r6_210seqs	1	225
r6_210seqs	2	225
r6_210seqs	1	206
r6_210seqs	5	225
r6_210seqs	2	225
r6_210seqs	9	211
r6_210seqs	1	225
r6_210seqs	1	224
r6_210seqs	1	200
r6_210seqs	1	224
r6_210seqs	1	225
r6_210seqs	1	225
r6_210seqs	50	220
r6_210seqs	1	210
r6_210seqs	1	225
r6_210seqs	2	211
r6_210seqs	1	223
r6_210seqs	1	211
r6_210seqs	1	225
r6_210seqs	1	225
r6_210seqs	1	225
r6_210seqs	1	225
r6_210seqs	1	225
r6_210seqs	1	224
r6_210seqs	1	224
r6_210seqs	1	225
r6_210seqs	21	225
r6_210seqs	1	225
r6_210seqs	19	225
r6_210seqs	1	225
r6_210seqs	1	225
r6_210seqs	1	225
r6_210seqs	1	225
r6_210seqs	1	209
r6_210seqs	1	211
r6_210seqs	1	210
r6_210seqs	1	225
r6_210seqs	1	225
r6_210seqs	1	217
r6_210seqs	1	211
r6_210seqs	1	149
r6_210seqs	1	225
r6_210seqs	1	224
r6_210seqs	1	223
r6_210seqs	1	225
r6_210seqs	1	153
r6_210seqs	1	225
r6_210seqs	1	225
r6_210seqs	1	225
r6_210seqs	1	225
r6_210seqs	1	211
r6_210seqs	1	225
r6_210seqs	1	189
r6_210seqs	1	211
r6_210seqs	1	208
r6_210seqs	22	225
r6_210seqs	12	225
r6_210seqs	1	225
r6_210seqs	1	225
r6_210seqs	1	140
r6_210seqs	1	224
r6_210seqs	1	225
r6_210seqs	1	225
r6_210seqs	1	224
r6_210seqs	1	225
r6_210seqs	1	225
r6_210seqs	1	225
r6_210seqs	1	225
r6_210seqs	1	225
r6_210seqs	1	225
r6_210seqs	1	225
r6_210seqs	1	225
r6_210seqs	1	224
r6_210seqs	1	211
r6_210seqs	1	225
r6_210seqs	2	225
r6_210seqs	8	225
r6_210seqs	1	224
r6_210seqs	1	210
r6_210seqs	2	216
r6_210seqs	2	210
r6_210seqs	1	225
r6_210seqs	39	225
r6_210seqs	1	225
r6_210seqs	19	225
r6_210seqs	5	225
r6_210seqs	1	225
r6_210seqs	1	225
r6_210seqs	1	224
r6_210seqs	1	225
r6_210seqs	1	225
r6_210seqs	1	157
r6_210seqs	1	225
r6_210seqs	1	225
r6_210seqs	1	225
r6_210seqs	1	225
r6_210seqs	7	225
r6_210seqs	1	225
r6_210seqs	40	217
r6_210seqs	62	225
r6_210seqs	1	146
r6_210seqs	35	225
r6_210seqs	69	225
r6_210seqs	1	211
r6_210seqs	1	225
r6_210seqs	1	225
r6_210seqs	1	225
r6_210seqs	1	225
r6_210seqs	1	152
r6_210seqs	1	225
r6_210seqs	1	144
r6_210seqs	1	225
r6_210seqs	1	225
r6_210seqs	1	225
r6_210seqs	1	225
r6_210seqs	1	225
r6_210seqs	1	224
r6_210seqs	46	211
r6_210seqs	1	225
r6_210seqs	1	211
r6_210seqs	1	225
r6_210seqs	1	225
r6_210seqs	35	225
r6_210seqs	1	149
r6_210seqs	1	210
r6_210seqs	2	225
r6_210seqs	1	225
r6_210seqs	1	225
r6_210seqs	1	224
r6_210seqs	1	211
r6_210seqs	2	225
r6_210seqs	1	224
r6_210seqs	2	211
r6_210seqs	13	166
r6_210seqs	96	225
r6_210seqs	1	157
r6_210seqs	1	225
r6_210seqs	1	211
r6_210seqs	1	220
r6_210seqs	1	212
r6_210seqs	9	225
r6_210seqs	1	225
r6_210seqs	1	225
r6_210seqs	1	225
r6_210seqs	1	225
r6_210seqs	1	168
r6_210seqs	4	225
r6_210seqs	1	222
r6_210seqs	1	225
r6_210seqs	7	225
r6_210seqs	1	157
r6_210seqs	1	225
r6_210seqs	1	225
r6_210seqs	1	210
r6_210seqs	1	224
r6_210seqs	1	225
r6_210seqs	1	146
r6_210seqs	5	225
r6_210seqs	1	224
r6_210seqs	43	224
r6_210seqs	1	211
r6_210seqs	1	157
r6_210seqs	1	225
r6_210seqs	1	224
r6_210seqs	1	225
r6_210seqs	1	224
r6_210seqs	1	134
r6_210seqs	72	212
r6_210seqs	1	225
r6_210seqs	1	225
r6_210seqs	1	216
r6_210seqs	1	225
r6_210seqs	1	225
r6_210seqs	1	225
r6_210seqs	1	225
r6_210seqs	2	225
r6_210seqs	2	225
r6_210seqs	1	213
r6_210seqs	1	212
r6_210seqs	1	211
r6_210seqs	1	225
r6_210seqs	1	157
r6_210seqs	1	157
r6_210seqs	1	225
r6_210seqs	2	225
r6_210seqs	1	152
r6_210seqs	1	152
r6_210seqs	1	157
r6_210seqs	1	224
r6_210seqs	1	225
r6_210seqs	2	157
r6_210seqs	8	225
r6_210seqs	1	219
r6_210seqs	1	225
r6_210seqs	13	210
r6_210seqs	1	225
r6_210seqs	1	211
r6_210seqs	1	223
r6_210seqs	1	152
r6_210seqs	1	225
r6_210seqs	3	225
r6_210seqs	2	225
r6_210seqs	6	225
r6_210seqs	1	225
r6_210seqs	1	149
r6_210seqs	1	164
r6_210seqs	1	168
r6_210seqs	2	211
r6_210seqs	1	157
r6_210seqs	1	157
r6_210seqs	1	157
r6_210seqs	1	157
r6_210seqs	1	225
r6_210seqs	7	224
r6_210seqs	1	225
r6_210seqs	1	210
r6_210seqs	2	225
r6_210seqs	1	211
r6_210seqs	1	224
r6_210seqs	1	143
r6_210seqs	1	225
r6_210seqs	21	223
r6_210seqs	1	225
r6_210seqs	1	225
r6_210seqs	1	210
r6_210seqs	15	224
r6_210seqs	1	220
r6_210seqs	2	225
r6_210seqs	2	225
r6_210seqs	1	224
r6_210seqs	2	225
r6_210seqs	1	219
r6_210seqs	1	224
r6_210seqs	1	225
r6_210seqs	1	212
r6_210seqs	1	152
r6_210seqs	1	224
r6_210seqs	1	225
r6_210seqs	1	212
r6_210seqs	1	225
r6_210seqs	1	210
r6_210seqs	1	210
r6_210seqs	1	210
r6_210seqs	1	210
r6_210seqs	1	210
r6_210seqs	1	210
r6_210seqs	1	210
r6_210seqs	7	225
r6_210seqs	1	157
r6_210seqs	102	225
r6_210seqs	1	212
r6_210seqs	1	225
r6_210seqs	1	225
r6_210seqs	72	225
r6_210seqs	1	143
r6_210seqs	1	146
r6_210seqs	1	212
r6_210seqs	2	219
r6_210seqs	2	219
r6_210seqs	1	225
r6_210seqs	1	225
r6_210seqs	43	224
r6_210seqs	1	225
r6_210seqs	1	148
r6_210seqs	1	225
r6_210seqs	1	225
r6_210seqs	1	225
r6_210seqs	1	225
r6_210seqs	1	225
r6_210seqs	2	225
r6_210seqs	1	225
r6_210seqs	1	157
r6_210seqs	1	142
r6_210seqs	1	211
r6_210seqs	1	225
r6_210seqs	1	220
r6_210seqs	1	152
r6_210seqs	1	149
r6_210seqs	63	225
r6_210seqs	69	211
r6_210seqs	1	225
r6_210seqs	1	224
r6_210seqs	1	211
r6_210seqs	1	209
r6_210seqs	78	212
r6_210seqs	33	225
r6_210seqs	21	225
r6_210seqs	1	210
r6_210seqs	1	210
r6_210seqs	1	210
r6_210seqs	1	210
r6_210seqs	1	210
r6_210seqs	1	210
r6_210seqs	1	210
r6_210seqs	1	210
r6_210seqs	1	210
r6_210seqs	1	210
r6_210seqs	1	210
r6_210seqs	1	210
r6_210seqs	1	210
r6_210seqs	1	210
r6_210seqs	1	210
r6_210seqs	1	210
r6_210seqs	1	225
r6_210seqs	1	186
r6_210seqs	1	224
r6_210seqs	72	225
r6_210seqs	1	152
r6_210seqs	1	152
r6_210seqs	1	224
r6_210seqs	1	213
r6_210seqs	1	225
r6_210seqs	1	225
r6_210seqs	1	225
r6_210seqs	22	225
r6_210seqs	1	216
r6_210seqs	1	157
r6_210seqs	2	224
r6_210seqs	100	224
r6_210seqs	1	158
r6_210seqs	1	225
r6_210seqs	3	200
r6_210seqs	2	211
r6_210seqs	2	225
r6_210seqs	1	210
r6_210seqs	1	225
r6_210seqs	22	211
r6_210seqs	1	224
r6_210seqs	1	149
r6_210seqs	1	225
r6_210seqs	1	225
r6_210seqs	1	212
r6_210seqs	1	211
r6_210seqs	1	225
r6_210seqs	1	210
r6_210seqs	1	210
r6_210seqs	1	157
r6_210seqs	1	211
r6_210seqs	1	225
r6_210seqs	5	225
r6_210seqs	1	225
r6_210seqs	1	225
r6_210seqs	1	225
r6_210seqs	1	210
r6_210seqs	1	224
r6_210seqs	94	225
r6_210seqs	1	145
r6_210seqs	1	225
r6_210seqs	1	210
r6_210seqs	1	211
r6_210seqs	1	225
r6_210seqs	2	225
r6_210seqs	1	211
r6_210seqs	1	225
r6_210seqs	1	217
r6_210seqs	1	153
r6_210seqs	1	225
r6_210seqs	1	189
r6_210seqs	2	225
r6_210seqs	2	225
r6_210seqs	2	225
r6_210seqs	1	224
r6_210seqs	1	225
r6_210seqs	1	146
r6_210seqs	24	225
r6_210seqs	1	210
r6_210seqs	1	211
r6_210seqs	1	225
r6_210seqs	1	225
r6_210seqs	2	225
r6_210seqs	1	225
r6_210seqs	1	133
r6_210seqs	2	212
r6_210seqs	1	225
r6_210seqs	1	211
r6_210seqs	1	216
r6_210seqs	1	140
r6_210seqs	1	164
r6_210seqs	1	143
r6_210seqs	1	143
r6_210seqs	2	165
r6_210seqs	1	225
r6_210seqs	15	225
r6_210seqs	1	211
r6_210seqs	2	225
r6_210seqs	1	225
r6_210seqs	1	149
r6_210seqs	1	222
r6_210seqs	1	225
r6_210seqs	1	225
r6_210seqs	1	225
r6_210seqs	1	130
r6_210seqs	66	225
r6_210seqs	1	157
r6_210seqs	2	225
r6_210seqs	29	225
r6_210seqs	1	225
r6_210seqs	1	149
r6_210seqs	1	217
r6_210seqs	1	213
r6_210seqs	84	225
r6_210seqs	2	217
r6_210seqs	1	211
r6_210seqs	1	152
r6_210seqs	10	209
r6_210seqs	2	157
r6_210seqs	1	224
r6_210seqs	27	225
r6_210seqs	1	211
r6_210seqs	1	211
r6_210seqs	1	216
r6_210seqs	1	211
r6_210seqs	1	220
r6_210seqs	2	225
r6_210seqs	9	225
r6_210seqs	1	196
r6_210seqs	33	225
r6_210seqs	66	211
r6_210seqs	46	225
r6_210seqs	1	212
r6_210seqs	1	225
r6_210seqs	2	225
r6_210seqs	1	180
r6_210seqs	1	225
r6_210seqs	10	211
r6_210seqs	1	225
r6_210seqs	1	157
r6_210seqs	1	211
r6_210seqs	1	225
r6_210seqs	1	225
r6_210seqs	6	225
r6_210seqs	1	225
r6_210seqs	1	210
r6_210seqs	1	225
r6_210seqs	81	225
r6_210seqs	1	157
r6_210seqs	2	224
r6_210seqs	1	225
r6_210seqs	33	211
r6_210seqs	1	218
r6_210seqs	1	210
r6_210seqs	1	225
r6_210seqs	1	223
r6_210seqs	1	147
r6_210seqs	74	225
r6_210seqs	1	225
r6_210seqs	1	142
r6_210seqs	2	225
r6_210seqs	1	223
r6_210seqs	1	211
r6_210seqs	1	143
r6_210seqs	1	225
r6_210seqs	9	225
r6_210seqs	1	211
r6_210seqs	106	225
r6_210seqs	1	198
r6_210seqs	1	210
r6_210seqs	1	225
r6_210seqs	1	225
r6_210seqs	1	152
r6_210seqs	1	123
r6_210seqs	7	225
r6_210seqs	1	225
r6_210seqs	1	211
r6_210seqs	46	225
r6_210seqs	15	225
r6_210seqs	4	160
r6_210seqs	1	224
r6_210seqs	1	156
r6_210seqs	110	224
r6_210seqs	1	225
r6_210seqs	1	152
r6_210seqs	1	224
r6_210seqs	1	157
r6_210seqs	2	141
r6_210seqs	1	137
r6_210seqs	1	225
r6_210seqs	1	157
r6_210seqs	1	225
r6_210seqs	1	210
r6_210seqs	43	218
r6_210seqs	1	224
r6_210seqs	48	225
r6_210seqs	1	210
r6_210seqs	2	210
r6_210seqs	2	211
r6_210seqs	93	211
r6_210seqs	1	211
r6_210seqs	1	211
r6_210seqs	1	212
r6_210seqs	1	211
r6_210seqs	1	224
r6_210seqs	46	211
r6_210seqs	1	225
r6_210seqs	1	225
r6_210seqs	1	225
r6_210seqs	1	128
r6_210seqs	25	225
r6_210seqs	1	159
r6_210seqs	1	225
r6_210seqs	1	210
r6_210seqs	1	219
r6_210seqs	43	225
r6_210seqs	114	225
r6_210seqs	1	157
r6_210seqs	1	119
r6_210seqs	2	211
r6_210seqs	2	211
r6_210seqs	57	212
r6_210seqs	1	211
r6_210seqs	1	160
r6_210seqs	1	225
r6_210seqs	1	183
r6_210seqs	1	186
r6_210seqs	1	211
r6_210seqs	1	225
r6_210seqs	1	211
r6_210seqs	45	225
r6_210seqs	1	225
r6_210seqs	1	172
r6_210seqs	1	225
r6_210seqs	2	211
r6_210seqs	1	211
r6_210seqs	1	225
r6_210seqs	1	211
r6_210seqs	1	225
r6_210seqs	1	211
r6_210seqs	1	225
r6_210seqs	1	224
r6_210seqs	1	212
r6_210seqs	9	211
r6_210seqs	9	225
r6_210seqs	55	212
r6_210seqs	2	211
r6_210seqs	1	211
r6_210seqs	54	225
r6_210seqs	1	125
r6_210seqs	26	146
r6_210seqs	1	129
r6_210seqs	1	112
r6_210seqs	1	129
r6_210seqs	1	134
r6_210seqs	1	129
r6_210seqs	1	130
r6_210seqs	1	210
r6_210seqs	1	225
r6_210seqs	1	119
r6_210seqs	2	132
r6_210seqs	1	123
r6_210seqs	36	217
r6_210seqs	1	211
r6_210seqs	102	224
r6_210seqs	16	225
r6_210seqs	1	112
r6_210seqs	1	135
r6_210seqs	1	112
r6_210seqs	1	223
r6_210seqs	117	224
r6_210seqs	1	126
r6_210seqs	2	225
r6_210seqs	106	211
r6_210seqs	1	225
r6_210seqs	1	211
r6_210seqs	45	179
r6_210seqs	93	223
r6_210seqs	1	225
r6_210seqs	1	225
r6_210seqs	1	225
r6_210seqs	1	225
r6_210seqs	103	225
r6_210seqs	1	218
r6_210seqs	1	211
r6_210seqs	1	211
