fam	qs	qe
r7_133seqs	1	154
r7_133seqs	1	154
r7_133seqs	1	154
r7_133seqs	1	154
r7_133seqs	1	154
r7_133seqs	1	154
r7_133seqs	1	154
r7_133seqs	1	154
r7_133seqs	1	154
r7_133seqs	1	154
r7_133seqs	1	154
r7_133seqs	1	154
r7_133seqs	1	154
r7_133seqs	1	154
r7_133seqs	1	154
r7_133seqs	2	154
r7_133seqs	1	154
r7_133seqs	1	154
r7_133seqs	1	154
r7_133seqs	1	154
r7_133seqs	1	154
r7_133seqs	1	154
r7_133seqs	1	154
r7_133seqs	1	154
r7_133seqs	1	154
r7_133seqs	1	154
r7_133seqs	1	154
r7_133seqs	1	154
r7_133seqs	1	154
r7_133seqs	1	154
r7_133seqs	1	154
r7_133seqs	1	154
r7_133seqs	1	154
r7_133seqs	1	154
r7_133seqs	1	152
r7_133seqs	1	154
r7_133seqs	2	154
r7_133seqs	2	154
r7_133seqs	1	154
r7_133seqs	1	154
r7_133seqs	1	154
r7_133seqs	1	154
r7_133seqs	1	154
r7_133seqs	1	154
r7_133seqs	1	154
r7_133seqs	1	154
r7_133seqs	1	154
r7_133seqs	1	154
r7_133seqs	1	154
r7_133seqs	1	154
r7_133seqs	1	154
r7_133seqs	1	154
r7_133seqs	1	154
r7_133seqs	1	154
r7_133seqs	1	154
r7_133seqs	1	154
r7_133seqs	1	154
r7_133seqs	1	154
r7_133seqs	1	154
r7_133seqs	1	154
r7_133seqs	1	154
r7_133seqs	1	154
r7_133seqs	1	154
r7_133seqs	1	154
r7_133seqs	1	154
r7_133seqs	1	154
r7_133seqs	1	154
r7_133seqs	1	154
r7_133seqs	1	154
r7_133seqs	1	154
r7_133seqs	1	154
r7_133seqs	1	154
r7_133seqs	1	154
r7_133seqs	1	154
r7_133seqs	1	154
r7_133seqs	1	154
r7_133seqs	1	154
r7_133seqs	1	154
r7_133seqs	1	154
r7_133seqs	1	154
r7_133seqs	1	154
r7_133seqs	1	154
r7_133seqs	1	154
r7_133seqs	1	154
r7_133seqs	1	154
r7_133seqs	1	154
r7_133seqs	1	154
r7_133seqs	1	154
r7_133seqs	1	154
r7_133seqs	1	154
r7_133seqs	1	154
r7_133seqs	1	154
r7_133seqs	1	152
r7_133seqs	1	154
r7_133seqs	2	154
r7_133seqs	1	153
r7_133seqs	2	154
r7_133seqs	2	154
r7_133seqs	1	151
r7_133seqs	1	154
r7_133seqs	1	154
r7_133seqs	1	154
r7_133seqs	1	154
r7_133seqs	1	154
r7_133seqs	1	154
r7_133seqs	1	154
r7_133seqs	1	154
r7_133seqs	1	154
r7_133seqs	1	154
r7_133seqs	1	154
r7_133seqs	1	154
r7_133seqs	1	154
r7_133seqs	1	154
r7_133seqs	1	154
r7_133seqs	1	154
r7_133seqs	1	154
r7_133seqs	1	154
r7_133seqs	1	154
r7_133seqs	1	154
r7_133seqs	1	154
r7_133seqs	1	154
r7_133seqs	1	154
r7_133seqs	1	154
r7_133seqs	1	154
r7_133seqs	1	154
r7_133seqs	1	154
r7_133seqs	1	154
r7_133seqs	1	154
r7_133seqs	1	154
r7_133seqs	1	154
r7_133seqs	1	154
r7_133seqs	1	154
r7_133seqs	1	154
r7_133seqs	1	154
r7_133seqs	1	154
r7_133seqs	1	154
r7_133seqs	1	154
r7_133seqs	1	154
r7_133seqs	1	154
r7_133seqs	1	154
r7_133seqs	1	154
r7_133seqs	1	154
r7_133seqs	1	154
r7_133seqs	1	154
r7_133seqs	1	154
r7_133seqs	1	154
r7_133seqs	1	154
r7_133seqs	1	154
r7_133seqs	1	154
r7_133seqs	1	154
r7_133seqs	1	154
r7_133seqs	1	154
r7_133seqs	1	154
r7_133seqs	1	154
r7_133seqs	1	154
r7_133seqs	1	154
r7_133seqs	1	154
r7_133seqs	1	154
r7_133seqs	1	154
r7_133seqs	1	154
r7_133seqs	1	154
r7_133seqs	1	154
r7_133seqs	1	154
r7_133seqs	1	154
r7_133seqs	1	154
r7_133seqs	1	154
r7_133seqs	1	154
r7_133seqs	1	154
r7_133seqs	1	154
r7_133seqs	1	154
r7_133seqs	1	154
r7_133seqs	1	154
r7_133seqs	1	154
r7_133seqs	1	154
r7_133seqs	1	154
r7_133seqs	1	154
r7_133seqs	1	154
r7_133seqs	1	154
r7_133seqs	1	154
r7_133seqs	1	154
r7_133seqs	1	154
r7_133seqs	1	154
r7_133seqs	1	154
r7_133seqs	1	154
r7_133seqs	1	154
r7_133seqs	1	154
r7_133seqs	1	154
r7_133seqs	1	154
r7_133seqs	1	154
r7_133seqs	1	154
r7_133seqs	1	154
r7_133seqs	1	154
r7_133seqs	1	154
r7_133seqs	1	154
r7_133seqs	1	154
r7_133seqs	7	154
r7_133seqs	2	154
r7_133seqs	1	153
r7_133seqs	2	154
r7_133seqs	1	153
r7_133seqs	2	154
r7_133seqs	2	154
r7_133seqs	2	154
r7_133seqs	1	151
r7_133seqs	1	151
r7_133seqs	1	151
r7_133seqs	1	154
r7_133seqs	1	154
r7_133seqs	1	154
r7_133seqs	1	154
r7_133seqs	1	154
r7_133seqs	1	154
r7_133seqs	1	154
r7_133seqs	2	154
r7_133seqs	1	154
r7_133seqs	1	154
r7_133seqs	1	154
r7_133seqs	1	154
r7_133seqs	1	154
r7_133seqs	1	154
r7_133seqs	1	154
r7_133seqs	1	154
r7_133seqs	1	154
r7_133seqs	1	154
r7_133seqs	1	154
r7_133seqs	1	154
r7_133seqs	1	154
r7_133seqs	1	154
r7_133seqs	1	154
r7_133seqs	1	154
r7_133seqs	1	154
r7_133seqs	1	154
r7_133seqs	1	154
r7_133seqs	1	154
r7_133seqs	1	154
r7_133seqs	1	154
r7_133seqs	1	154
r7_133seqs	1	154
r7_133seqs	1	154
r7_133seqs	1	154
r7_133seqs	1	154
r7_133seqs	1	154
r7_133seqs	1	154
r7_133seqs	1	154
r7_133seqs	1	154
r7_133seqs	1	154
r7_133seqs	1	154
r7_133seqs	1	154
r7_133seqs	1	154
r7_133seqs	1	154
r7_133seqs	1	154
r7_133seqs	1	154
r7_133seqs	1	154
r7_133seqs	1	154
r7_133seqs	1	154
r7_133seqs	1	154
r7_133seqs	1	154
r7_133seqs	1	154
r7_133seqs	1	154
r7_133seqs	1	154
r7_133seqs	1	154
r7_133seqs	1	154
r7_133seqs	1	154
r7_133seqs	1	154
r7_133seqs	1	154
r7_133seqs	1	154
r7_133seqs	1	154
r7_133seqs	1	154
r7_133seqs	1	154
r7_133seqs	1	154
r7_133seqs	1	154
r7_133seqs	1	154
r7_133seqs	1	154
r7_133seqs	1	154
r7_133seqs	1	154
r7_133seqs	1	154
r7_133seqs	1	154
r7_133seqs	1	154
r7_133seqs	1	154
r7_133seqs	1	154
r7_133seqs	1	154
r7_133seqs	1	154
r7_133seqs	1	154
r7_133seqs	1	154
r7_133seqs	1	154
r7_133seqs	1	154
r7_133seqs	1	154
r7_133seqs	1	154
r7_133seqs	1	154
r7_133seqs	1	154
r7_133seqs	1	154
r7_133seqs	1	154
r7_133seqs	1	154
r7_133seqs	1	154
r7_133seqs	1	154
r7_133seqs	1	154
r7_133seqs	1	154
r7_133seqs	1	154
r7_133seqs	1	154
r7_133seqs	1	154
r7_133seqs	1	154
r7_133seqs	1	154
r7_133seqs	1	154
r7_133seqs	1	154
r7_133seqs	1	154
r7_133seqs	1	154
r7_133seqs	1	154
r7_133seqs	1	154
r7_133seqs	1	154
r7_133seqs	1	154
r7_133seqs	1	154
r7_133seqs	1	154
r7_133seqs	1	154
r7_133seqs	1	154
r7_133seqs	1	154
r7_133seqs	1	154
r7_133seqs	1	154
r7_133seqs	1	154
r7_133seqs	1	154
r7_133seqs	1	154
r7_133seqs	1	154
r7_133seqs	1	154
r7_133seqs	1	154
r7_133seqs	1	154
r7_133seqs	1	154
r7_133seqs	1	154
r7_133seqs	1	154
r7_133seqs	1	154
r7_133seqs	1	154
r7_133seqs	1	154
r7_133seqs	1	154
r7_133seqs	1	154
r7_133seqs	1	154
r7_133seqs	1	154
r7_133seqs	1	154
r7_133seqs	1	154
r7_133seqs	1	154
r7_133seqs	1	154
r7_133seqs	1	154
r7_133seqs	1	154
r7_133seqs	1	154
r7_133seqs	1	154
r7_133seqs	1	154
r7_133seqs	1	154
r7_133seqs	1	154
r7_133seqs	1	154
r7_133seqs	1	154
r7_133seqs	1	154
r7_133seqs	1	154
r7_133seqs	1	154
r7_133seqs	1	154
r7_133seqs	1	154
r7_133seqs	1	154
r7_133seqs	1	154
r7_133seqs	1	154
r7_133seqs	1	154
r7_133seqs	1	154
r7_133seqs	1	152
r7_133seqs	1	152
r7_133seqs	1	154
r7_133seqs	3	154
r7_133seqs	3	154
r7_133seqs	1	154
r7_133seqs	1	154
r7_133seqs	1	154
r7_133seqs	1	154
r7_133seqs	1	154
r7_133seqs	1	154
r7_133seqs	1	154
r7_133seqs	1	154
r7_133seqs	1	154
r7_133seqs	1	154
r7_133seqs	1	154
r7_133seqs	1	154
r7_133seqs	1	154
r7_133seqs	1	154
r7_133seqs	1	154
r7_133seqs	1	154
r7_133seqs	2	154
r7_133seqs	2	154
r7_133seqs	2	154
r7_133seqs	1	153
r7_133seqs	2	154
r7_133seqs	2	154
r7_133seqs	2	154
r7_133seqs	1	151
r7_133seqs	1	154
r7_133seqs	1	153
r7_133seqs	1	154
r7_133seqs	1	154
r7_133seqs	1	154
r7_133seqs	1	154
r7_133seqs	1	154
r7_133seqs	1	154
r7_133seqs	1	154
r7_133seqs	2	154
r7_133seqs	1	154
r7_133seqs	1	154
r7_133seqs	1	154
r7_133seqs	1	154
r7_133seqs	1	154
r7_133seqs	1	154
r7_133seqs	1	154
r7_133seqs	1	154
r7_133seqs	1	154
r7_133seqs	1	154
r7_133seqs	1	154
r7_133seqs	1	154
r7_133seqs	1	154
r7_133seqs	1	154
r7_133seqs	1	154
r7_133seqs	1	154
r7_133seqs	1	154
r7_133seqs	1	154
r7_133seqs	1	154
r7_133seqs	1	154
r7_133seqs	1	154
r7_133seqs	1	154
r7_133seqs	1	154
r7_133seqs	1	154
r7_133seqs	1	154
r7_133seqs	1	154
r7_133seqs	1	154
r7_133seqs	1	154
r7_133seqs	1	154
r7_133seqs	1	154
r7_133seqs	1	154
r7_133seqs	1	154
r7_133seqs	1	154
r7_133seqs	1	154
r7_133seqs	1	154
r7_133seqs	1	154
r7_133seqs	1	154
r7_133seqs	1	154
r7_133seqs	1	154
r7_133seqs	1	154
r7_133seqs	1	154
r7_133seqs	1	154
r7_133seqs	1	154
r7_133seqs	1	154
r7_133seqs	1	154
r7_133seqs	1	154
r7_133seqs	1	154
r7_133seqs	1	154
r7_133seqs	1	154
r7_133seqs	1	154
r7_133seqs	1	154
r7_133seqs	1	154
r7_133seqs	1	154
r7_133seqs	1	154
r7_133seqs	1	154
r7_133seqs	1	154
r7_133seqs	1	154
r7_133seqs	1	154
r7_133seqs	1	154
r7_133seqs	1	154
r7_133seqs	1	154
r7_133seqs	1	154
r7_133seqs	1	154
r7_133seqs	1	154
r7_133seqs	1	154
r7_133seqs	1	154
r7_133seqs	1	154
r7_133seqs	1	154
r7_133seqs	1	154
r7_133seqs	1	154
r7_133seqs	1	154
r7_133seqs	1	154
r7_133seqs	1	154
r7_133seqs	1	154
r7_133seqs	1	154
r7_133seqs	1	154
r7_133seqs	1	154
r7_133seqs	1	154
r7_133seqs	1	154
r7_133seqs	1	154
r7_133seqs	1	154
r7_133seqs	1	154
r7_133seqs	1	154
r7_133seqs	1	154
r7_133seqs	1	154
r7_133seqs	1	154
r7_133seqs	1	154
r7_133seqs	1	154
r7_133seqs	1	154
r7_133seqs	1	154
r7_133seqs	1	154
r7_133seqs	1	154
r7_133seqs	1	154
r7_133seqs	1	154
r7_133seqs	1	154
r7_133seqs	1	154
r7_133seqs	1	154
r7_133seqs	1	154
r7_133seqs	1	154
r7_133seqs	1	154
r7_133seqs	1	154
r7_133seqs	1	154
r7_133seqs	1	154
r7_133seqs	1	154
r7_133seqs	1	154
r7_133seqs	1	154
r7_133seqs	1	154
r7_133seqs	1	154
r7_133seqs	1	154
r7_133seqs	1	154
r7_133seqs	1	154
r7_133seqs	1	154
r7_133seqs	1	154
r7_133seqs	1	154
r7_133seqs	1	154
r7_133seqs	1	154
r7_133seqs	1	154
r7_133seqs	1	154
r7_133seqs	1	154
r7_133seqs	1	154
r7_133seqs	1	154
r7_133seqs	1	154
r7_133seqs	1	154
r7_133seqs	1	154
r7_133seqs	1	154
r7_133seqs	1	154
r7_133seqs	1	154
r7_133seqs	1	154
r7_133seqs	1	154
r7_133seqs	1	154
r7_133seqs	1	154
r7_133seqs	1	154
r7_133seqs	1	154
r7_133seqs	1	154
r7_133seqs	1	154
r7_133seqs	1	154
r7_133seqs	1	154
r7_133seqs	1	154
r7_133seqs	1	154
r7_133seqs	1	154
r7_133seqs	1	154
r7_133seqs	1	154
r7_133seqs	1	154
r7_133seqs	1	154
r7_133seqs	1	154
r7_133seqs	1	154
r7_133seqs	1	154
r7_133seqs	1	154
r7_133seqs	1	154
r7_133seqs	1	154
r7_133seqs	1	154
r7_133seqs	1	154
r7_133seqs	1	154
r7_133seqs	1	154
r7_133seqs	1	154
r7_133seqs	1	154
r7_133seqs	1	154
r7_133seqs	1	154
r7_133seqs	1	154
r7_133seqs	1	154
r7_133seqs	1	154
r7_133seqs	1	154
r7_133seqs	1	154
r7_133seqs	1	154
r7_133seqs	1	154
r7_133seqs	1	154
r7_133seqs	1	154
r7_133seqs	1	154
r7_133seqs	1	154
r7_133seqs	1	154
r7_133seqs	1	154
r7_133seqs	1	154
r7_133seqs	1	154
r7_133seqs	1	154
r7_133seqs	1	154
r7_133seqs	1	154
r7_133seqs	1	154
r7_133seqs	1	154
r7_133seqs	1	154
r7_133seqs	1	154
r7_133seqs	1	154
r7_133seqs	1	154
r7_133seqs	1	154
r7_133seqs	1	154
r7_133seqs	1	154
r7_133seqs	1	154
r7_133seqs	1	154
r7_133seqs	1	154
r7_133seqs	1	154
r7_133seqs	1	154
r7_133seqs	1	154
r7_133seqs	1	154
r7_133seqs	1	154
r7_133seqs	1	154
r7_133seqs	1	154
r7_133seqs	1	154
r7_133seqs	1	154
r7_133seqs	1	154
r7_133seqs	1	154
r7_133seqs	1	154
r7_133seqs	1	154
r7_133seqs	1	154
r7_133seqs	1	154
r7_133seqs	1	154
r7_133seqs	1	154
r7_133seqs	1	154
r7_133seqs	1	154
r7_133seqs	1	154
r7_133seqs	1	154
r7_133seqs	1	154
r7_133seqs	1	154
r7_133seqs	1	154
r7_133seqs	1	154
r7_133seqs	1	154
r7_133seqs	1	154
r7_133seqs	1	152
r7_133seqs	1	152
r7_133seqs	1	152
r7_133seqs	1	152
r7_133seqs	1	152
r7_133seqs	1	152
r7_133seqs	1	152
r7_133seqs	1	152
r7_133seqs	1	154
r7_133seqs	1	154
r7_133seqs	5	154
r7_133seqs	1	154
r7_133seqs	1	154
r7_133seqs	1	154
r7_133seqs	1	154
r7_133seqs	1	154
r7_133seqs	1	154
r7_133seqs	1	154
r7_133seqs	1	154
r7_133seqs	1	154
r7_133seqs	1	154
r7_133seqs	1	154
r7_133seqs	1	154
r7_133seqs	2	154
r7_133seqs	1	154
r7_133seqs	1	154
r7_133seqs	1	154
r7_133seqs	7	154
r7_133seqs	1	154
r7_133seqs	1	154
r7_133seqs	1	154
r7_133seqs	1	154
r7_133seqs	1	154
r7_133seqs	7	154
r7_133seqs	1	153
r7_133seqs	1	153
r7_133seqs	1	154
r7_133seqs	1	154
r7_133seqs	1	154
r7_133seqs	3	154
r7_133seqs	2	154
r7_133seqs	2	154
r7_133seqs	2	154
r7_133seqs	2	154
r7_133seqs	2	154
r7_133seqs	2	154
r7_133seqs	1	153
r7_133seqs	2	154
r7_133seqs	2	154
r7_133seqs	1	153
r7_133seqs	2	154
r7_133seqs	2	154
r7_133seqs	2	154
r7_133seqs	2	154
r7_133seqs	2	154
r7_133seqs	1	153
r7_133seqs	1	151
r7_133seqs	1	151
r7_133seqs	1	151
r7_133seqs	4	154
r7_133seqs	1	151
r7_133seqs	4	154
r7_133seqs	1	151
r7_133seqs	1	154
r7_133seqs	1	154
r7_133seqs	1	154
r7_133seqs	1	154
r7_133seqs	1	154
r7_133seqs	1	154
r7_133seqs	1	154
r7_133seqs	1	154
r7_133seqs	1	154
r7_133seqs	1	154
r7_133seqs	1	154
r7_133seqs	1	154
r7_133seqs	1	154
r7_133seqs	1	154
r7_133seqs	1	149
r7_133seqs	2	154
r7_133seqs	1	154
r7_133seqs	2	154
r7_133seqs	1	154
r7_133seqs	1	154
r7_133seqs	1	154
r7_133seqs	1	154
r7_133seqs	1	154
r7_133seqs	1	154
r7_133seqs	1	154
r7_133seqs	1	154
r7_133seqs	1	154
r7_133seqs	1	154
r7_133seqs	1	154
r7_133seqs	1	154
r7_133seqs	1	154
r7_133seqs	1	154
r7_133seqs	1	154
r7_133seqs	1	154
r7_133seqs	1	154
r7_133seqs	1	154
r7_133seqs	1	154
r7_133seqs	1	154
r7_133seqs	1	154
r7_133seqs	1	154
r7_133seqs	1	154
r7_133seqs	1	154
r7_133seqs	1	154
r7_133seqs	1	154
r7_133seqs	1	154
r7_133seqs	1	154
r7_133seqs	1	154
r7_133seqs	1	154
r7_133seqs	1	154
r7_133seqs	1	154
r7_133seqs	1	154
r7_133seqs	1	154
r7_133seqs	1	154
r7_133seqs	1	154
r7_133seqs	1	154
r7_133seqs	1	154
r7_133seqs	1	154
r7_133seqs	1	154
r7_133seqs	1	154
r7_133seqs	1	154
r7_133seqs	1	154
r7_133seqs	1	154
r7_133seqs	1	154
r7_133seqs	1	154
r7_133seqs	1	154
r7_133seqs	1	154
r7_133seqs	1	154
r7_133seqs	1	154
r7_133seqs	1	154
r7_133seqs	1	154
r7_133seqs	1	154
r7_133seqs	1	154
r7_133seqs	1	154
r7_133seqs	1	154
r7_133seqs	1	154
r7_133seqs	1	154
r7_133seqs	1	154
r7_133seqs	1	154
r7_133seqs	1	154
r7_133seqs	1	154
r7_133seqs	1	154
r7_133seqs	1	154
r7_133seqs	1	154
r7_133seqs	1	154
r7_133seqs	1	154
r7_133seqs	1	154
r7_133seqs	1	154
r7_133seqs	1	154
r7_133seqs	1	154
r7_133seqs	1	154
r7_133seqs	1	154
r7_133seqs	1	154
r7_133seqs	1	154
r7_133seqs	1	154
r7_133seqs	1	154
r7_133seqs	1	154
r7_133seqs	1	154
r7_133seqs	1	154
r7_133seqs	1	154
r7_133seqs	1	154
r7_133seqs	1	154
r7_133seqs	1	154
r7_133seqs	1	154
r7_133seqs	1	154
r7_133seqs	1	154
r7_133seqs	1	154
r7_133seqs	1	154
r7_133seqs	1	154
r7_133seqs	1	154
r7_133seqs	1	154
r7_133seqs	1	154
r7_133seqs	1	154
r7_133seqs	1	154
r7_133seqs	1	154
r7_133seqs	1	154
r7_133seqs	1	154
r7_133seqs	1	154
r7_133seqs	1	154
r7_133seqs	1	154
r7_133seqs	1	154
r7_133seqs	1	154
r7_133seqs	1	154
r7_133seqs	1	154
r7_133seqs	1	154
r7_133seqs	1	154
r7_133seqs	1	154
r7_133seqs	1	154
r7_133seqs	1	154
r7_133seqs	1	154
r7_133seqs	1	154
r7_133seqs	1	154
r7_133seqs	1	154
r7_133seqs	1	154
r7_133seqs	1	154
r7_133seqs	1	154
r7_133seqs	1	154
r7_133seqs	1	154
r7_133seqs	1	154
r7_133seqs	1	154
r7_133seqs	1	154
r7_133seqs	1	154
r7_133seqs	1	154
r7_133seqs	1	154
r7_133seqs	1	154
r7_133seqs	1	154
r7_133seqs	1	154
r7_133seqs	1	154
r7_133seqs	1	154
r7_133seqs	1	154
r7_133seqs	1	154
r7_133seqs	1	154
r7_133seqs	1	154
r7_133seqs	1	154
r7_133seqs	1	154
r7_133seqs	1	154
r7_133seqs	1	154
r7_133seqs	1	154
r7_133seqs	1	154
r7_133seqs	1	154
r7_133seqs	1	154
r7_133seqs	1	154
r7_133seqs	1	154
r7_133seqs	1	154
r7_133seqs	1	154
r7_133seqs	1	154
r7_133seqs	1	154
r7_133seqs	1	154
r7_133seqs	1	154
r7_133seqs	1	154
r7_133seqs	1	154
r7_133seqs	1	154
r7_133seqs	1	154
r7_133seqs	1	154
r7_133seqs	1	154
r7_133seqs	1	154
r7_133seqs	1	154
r7_133seqs	1	154
r7_133seqs	1	154
r7_133seqs	1	154
r7_133seqs	1	154
r7_133seqs	1	154
r7_133seqs	1	154
r7_133seqs	1	154
r7_133seqs	1	154
r7_133seqs	1	154
r7_133seqs	1	154
r7_133seqs	1	154
r7_133seqs	1	154
r7_133seqs	1	154
r7_133seqs	1	154
r7_133seqs	1	154
r7_133seqs	1	154
r7_133seqs	1	154
r7_133seqs	1	154
r7_133seqs	1	154
r7_133seqs	1	154
r7_133seqs	1	154
r7_133seqs	1	154
r7_133seqs	1	154
r7_133seqs	1	154
r7_133seqs	1	154
r7_133seqs	1	154
r7_133seqs	1	151
r7_133seqs	1	154
r7_133seqs	1	154
r7_133seqs	1	154
r7_133seqs	1	154
r7_133seqs	1	154
r7_133seqs	1	154
r7_133seqs	1	154
r7_133seqs	1	154
r7_133seqs	1	154
r7_133seqs	1	154
r7_133seqs	1	154
r7_133seqs	1	154
r7_133seqs	1	154
r7_133seqs	1	154
r7_133seqs	1	154
r7_133seqs	1	154
r7_133seqs	1	154
r7_133seqs	1	154
r7_133seqs	1	154
r7_133seqs	1	154
r7_133seqs	1	154
r7_133seqs	1	154
r7_133seqs	1	154
r7_133seqs	1	154
r7_133seqs	1	154
r7_133seqs	1	154
r7_133seqs	1	154
r7_133seqs	1	154
r7_133seqs	1	154
r7_133seqs	1	154
r7_133seqs	1	154
r7_133seqs	1	154
r7_133seqs	1	154
r7_133seqs	1	154
r7_133seqs	1	154
r7_133seqs	1	154
r7_133seqs	1	154
r7_133seqs	2	153
r7_133seqs	1	152
r7_133seqs	1	154
r7_133seqs	1	152
r7_133seqs	2	153
r7_133seqs	1	154
r7_133seqs	3	154
r7_133seqs	5	154
r7_133seqs	5	154
r7_133seqs	2	151
r7_133seqs	1	150
r7_133seqs	2	151
r7_133seqs	1	154
r7_133seqs	1	154
r7_133seqs	1	154
r7_133seqs	1	154
r7_133seqs	1	154
r7_133seqs	1	154
r7_133seqs	1	154
r7_133seqs	1	154
r7_133seqs	1	154
r7_133seqs	1	154
r7_133seqs	1	154
r7_133seqs	1	154
r7_133seqs	1	154
r7_133seqs	1	154
r7_133seqs	1	154
r7_133seqs	1	154
r7_133seqs	1	154
r7_133seqs	1	154
r7_133seqs	7	154
r7_133seqs	2	154
r7_133seqs	1	154
r7_133seqs	1	154
r7_133seqs	1	154
r7_133seqs	1	154
r7_133seqs	1	154
r7_133seqs	1	154
r7_133seqs	1	154
r7_133seqs	1	154
r7_133seqs	1	154
r7_133seqs	1	154
r7_133seqs	1	154
r7_133seqs	1	154
r7_133seqs	1	154
r7_133seqs	1	154
r7_133seqs	1	154
r7_133seqs	1	154
r7_133seqs	1	154
r7_133seqs	1	154
r7_133seqs	1	154
r7_133seqs	1	153
r7_133seqs	1	154
r7_133seqs	1	154
r7_133seqs	1	154
r7_133seqs	1	154
r7_133seqs	1	154
r7_133seqs	1	154
r7_133seqs	1	154
r7_133seqs	1	152
r7_133seqs	1	151
r7_133seqs	1	152
r7_133seqs	1	153
r7_133seqs	2	154
r7_133seqs	1	154
r7_133seqs	2	154
r7_133seqs	1	153
r7_133seqs	2	154
r7_133seqs	2	154
r7_133seqs	1	153
r7_133seqs	2	154
r7_133seqs	2	154
r7_133seqs	2	154
r7_133seqs	2	154
r7_133seqs	4	154
r7_133seqs	1	154
r7_133seqs	1	154
r7_133seqs	1	151
r7_133seqs	1	154
r7_133seqs	4	154
r7_133seqs	1	154
r7_133seqs	1	154
r7_133seqs	1	154
r7_133seqs	1	149
r7_133seqs	1	153
r7_133seqs	1	154
r7_133seqs	1	150
r7_133seqs	1	154
r7_133seqs	1	152
r7_133seqs	1	153
r7_133seqs	1	153
r7_133seqs	1	153
r7_133seqs	2	154
r7_133seqs	2	154
r7_133seqs	2	154
r7_133seqs	2	154
r7_133seqs	2	154
r7_133seqs	2	154
r7_133seqs	1	153
r7_133seqs	2	154
r7_133seqs	1	153
r7_133seqs	2	154
r7_133seqs	2	154
r7_133seqs	2	154
r7_133seqs	1	153
r7_133seqs	2	154
r7_133seqs	2	154
r7_133seqs	2	152
r7_133seqs	1	151
r7_133seqs	4	154
r7_133seqs	1	151
r7_133seqs	1	151
r7_133seqs	4	154
r7_133seqs	1	151
r7_133seqs	1	151
r7_133seqs	1	151
r7_133seqs	1	151
r7_133seqs	1	151
r7_133seqs	1	151
r7_133seqs	1	151
r7_133seqs	1	154
r7_133seqs	1	154
r7_133seqs	1	154
r7_133seqs	1	154
r7_133seqs	1	154
r7_133seqs	1	154
r7_133seqs	1	154
r7_133seqs	1	154
r7_133seqs	1	154
r7_133seqs	1	154
r7_133seqs	1	154
r7_133seqs	1	154
r7_133seqs	1	154
r7_133seqs	1	154
r7_133seqs	1	154
r7_133seqs	1	154
r7_133seqs	1	154
r7_133seqs	6	154
r7_133seqs	1	154
r7_133seqs	1	154
r7_133seqs	1	154
r7_133seqs	2	154
r7_133seqs	1	153
r7_133seqs	2	154
r7_133seqs	1	147
r7_133seqs	2	154
r7_133seqs	2	154
r7_133seqs	2	154
r7_133seqs	1	154
r7_133seqs	1	154
r7_133seqs	1	154
r7_133seqs	1	154
r7_133seqs	1	154
r7_133seqs	1	154
r7_133seqs	1	154
r7_133seqs	1	154
r7_133seqs	1	154
r7_133seqs	1	154
r7_133seqs	1	154
r7_133seqs	1	154
r7_133seqs	1	154
r7_133seqs	1	154
r7_133seqs	1	154
r7_133seqs	1	154
r7_133seqs	1	154
r7_133seqs	1	154
r7_133seqs	1	154
r7_133seqs	1	154
r7_133seqs	1	154
r7_133seqs	1	154
r7_133seqs	1	154
r7_133seqs	1	154
r7_133seqs	1	154
r7_133seqs	1	154
r7_133seqs	1	154
r7_133seqs	1	154
r7_133seqs	1	154
r7_133seqs	1	154
r7_133seqs	1	154
r7_133seqs	1	154
r7_133seqs	1	154
r7_133seqs	1	154
r7_133seqs	1	154
r7_133seqs	1	154
r7_133seqs	1	154
r7_133seqs	1	154
r7_133seqs	1	154
r7_133seqs	1	154
r7_133seqs	1	154
r7_133seqs	1	154
r7_133seqs	1	154
r7_133seqs	1	154
r7_133seqs	1	154
r7_133seqs	1	154
r7_133seqs	1	154
r7_133seqs	1	154
r7_133seqs	1	154
r7_133seqs	1	154
r7_133seqs	1	154
r7_133seqs	1	154
r7_133seqs	1	154
r7_133seqs	1	154
r7_133seqs	1	154
r7_133seqs	1	154
r7_133seqs	1	154
r7_133seqs	1	154
r7_133seqs	1	154
r7_133seqs	1	154
r7_133seqs	1	154
r7_133seqs	1	154
r7_133seqs	1	154
r7_133seqs	1	154
r7_133seqs	1	154
r7_133seqs	1	154
r7_133seqs	1	154
r7_133seqs	1	154
r7_133seqs	1	154
r7_133seqs	1	154
r7_133seqs	1	154
r7_133seqs	1	154
r7_133seqs	1	154
r7_133seqs	1	154
r7_133seqs	1	154
r7_133seqs	1	154
r7_133seqs	1	154
r7_133seqs	1	154
r7_133seqs	1	154
r7_133seqs	1	154
r7_133seqs	1	154
r7_133seqs	1	154
r7_133seqs	1	154
r7_133seqs	1	154
r7_133seqs	1	154
r7_133seqs	1	154
r7_133seqs	1	154
r7_133seqs	1	154
r7_133seqs	1	154
r7_133seqs	1	154
r7_133seqs	1	154
r7_133seqs	1	154
r7_133seqs	1	154
r7_133seqs	1	154
r7_133seqs	1	154
r7_133seqs	1	154
r7_133seqs	1	154
r7_133seqs	1	154
r7_133seqs	1	154
r7_133seqs	1	154
r7_133seqs	1	154
r7_133seqs	1	154
r7_133seqs	1	154
r7_133seqs	1	154
r7_133seqs	1	154
r7_133seqs	1	154
r7_133seqs	1	154
r7_133seqs	1	154
r7_133seqs	1	154
r7_133seqs	1	154
r7_133seqs	1	154
r7_133seqs	1	154
r7_133seqs	1	154
r7_133seqs	1	154
r7_133seqs	1	154
r7_133seqs	1	154
r7_133seqs	1	154
r7_133seqs	1	154
r7_133seqs	1	154
r7_133seqs	1	154
r7_133seqs	1	154
r7_133seqs	1	154
r7_133seqs	1	154
r7_133seqs	1	154
r7_133seqs	1	154
r7_133seqs	1	154
r7_133seqs	1	154
r7_133seqs	1	154
r7_133seqs	1	154
r7_133seqs	1	154
r7_133seqs	1	154
r7_133seqs	1	154
r7_133seqs	1	154
r7_133seqs	1	154
r7_133seqs	1	154
r7_133seqs	1	154
r7_133seqs	1	154
r7_133seqs	1	154
r7_133seqs	1	154
r7_133seqs	1	154
r7_133seqs	1	154
r7_133seqs	1	154
r7_133seqs	1	154
r7_133seqs	1	154
r7_133seqs	1	154
r7_133seqs	1	154
r7_133seqs	1	154
r7_133seqs	1	154
r7_133seqs	1	154
r7_133seqs	1	154
r7_133seqs	1	154
r7_133seqs	1	154
r7_133seqs	1	154
r7_133seqs	1	154
r7_133seqs	1	154
r7_133seqs	1	154
r7_133seqs	1	154
r7_133seqs	1	154
r7_133seqs	1	154
r7_133seqs	1	154
r7_133seqs	1	154
r7_133seqs	1	154
r7_133seqs	1	154
r7_133seqs	1	154
r7_133seqs	1	154
r7_133seqs	1	154
r7_133seqs	1	154
r7_133seqs	1	154
r7_133seqs	1	154
r7_133seqs	1	154
r7_133seqs	1	154
r7_133seqs	1	154
r7_133seqs	1	154
r7_133seqs	1	154
r7_133seqs	1	154
r7_133seqs	1	154
r7_133seqs	1	154
r7_133seqs	1	154
r7_133seqs	1	154
r7_133seqs	1	154
r7_133seqs	1	154
r7_133seqs	1	154
r7_133seqs	1	154
r7_133seqs	1	154
r7_133seqs	1	154
r7_133seqs	1	154
r7_133seqs	1	154
r7_133seqs	1	154
r7_133seqs	1	154
r7_133seqs	1	154
r7_133seqs	1	154
r7_133seqs	1	154
r7_133seqs	1	154
r7_133seqs	1	154
r7_133seqs	1	154
r7_133seqs	1	154
r7_133seqs	1	154
r7_133seqs	1	154
r7_133seqs	1	151
r7_133seqs	1	154
r7_133seqs	1	154
r7_133seqs	1	154
r7_133seqs	1	154
r7_133seqs	1	154
r7_133seqs	1	154
r7_133seqs	1	154
r7_133seqs	1	154
r7_133seqs	1	154
r7_133seqs	1	154
r7_133seqs	1	154
r7_133seqs	1	154
r7_133seqs	1	154
r7_133seqs	1	154
r7_133seqs	1	154
r7_133seqs	1	154
r7_133seqs	1	154
r7_133seqs	1	154
r7_133seqs	1	154
r7_133seqs	1	154
r7_133seqs	1	154
r7_133seqs	1	154
r7_133seqs	1	154
r7_133seqs	1	154
r7_133seqs	1	152
r7_133seqs	1	152
r7_133seqs	1	154
r7_133seqs	1	152
r7_133seqs	1	152
r7_133seqs	1	152
r7_133seqs	1	154
r7_133seqs	1	152
r7_133seqs	1	152
r7_133seqs	3	154
r7_133seqs	1	152
r7_133seqs	1	154
r7_133seqs	3	154
r7_133seqs	1	152
r7_133seqs	1	154
r7_133seqs	1	152
r7_133seqs	1	152
r7_133seqs	1	152
r7_133seqs	1	152
r7_133seqs	1	152
r7_133seqs	1	152
r7_133seqs	2	151
r7_133seqs	5	154
r7_133seqs	5	154
r7_133seqs	5	154
r7_133seqs	1	154
r7_133seqs	1	150
r7_133seqs	5	154
r7_133seqs	1	154
r7_133seqs	1	154
r7_133seqs	1	154
r7_133seqs	1	154
r7_133seqs	1	154
r7_133seqs	7	154
r7_133seqs	1	154
r7_133seqs	1	154
r7_133seqs	1	154
r7_133seqs	1	154
r7_133seqs	1	154
r7_133seqs	1	154
r7_133seqs	1	154
r7_133seqs	1	154
r7_133seqs	1	154
r7_133seqs	1	154
r7_133seqs	1	154
r7_133seqs	1	151
r7_133seqs	1	154
r7_133seqs	1	154
r7_133seqs	1	154
r7_133seqs	1	154
r7_133seqs	1	154
r7_133seqs	1	154
r7_133seqs	1	154
r7_133seqs	1	154
r7_133seqs	1	154
r7_133seqs	1	154
r7_133seqs	1	154
r7_133seqs	1	154
r7_133seqs	1	154
r7_133seqs	1	154
r7_133seqs	1	154
r7_133seqs	1	154
r7_133seqs	1	154
r7_133seqs	1	154
r7_133seqs	1	154
r7_133seqs	1	154
r7_133seqs	2	154
r7_133seqs	1	154
r7_133seqs	1	154
r7_133seqs	1	154
r7_133seqs	1	154
r7_133seqs	1	154
r7_133seqs	1	154
r7_133seqs	1	154
r7_133seqs	1	154
r7_133seqs	1	154
r7_133seqs	1	154
r7_133seqs	1	154
r7_133seqs	1	154
r7_133seqs	1	154
r7_133seqs	1	154
r7_133seqs	1	154
r7_133seqs	1	154
r7_133seqs	1	154
r7_133seqs	1	154
r7_133seqs	1	154
r7_133seqs	1	154
r7_133seqs	2	154
r7_133seqs	1	154
r7_133seqs	2	154
r7_133seqs	1	154
r7_133seqs	1	154
r7_133seqs	1	154
r7_133seqs	1	154
r7_133seqs	1	154
r7_133seqs	1	154
r7_133seqs	1	154
r7_133seqs	1	154
r7_133seqs	1	154
r7_133seqs	2	154
r7_133seqs	1	154
r7_133seqs	1	153
r7_133seqs	1	154
r7_133seqs	1	154
r7_133seqs	1	154
r7_133seqs	1	152
r7_133seqs	9	154
r7_133seqs	1	152
r7_133seqs	9	154
r7_133seqs	1	151
r7_133seqs	1	153
r7_133seqs	2	154
r7_133seqs	11	154
r7_133seqs	2	154
r7_133seqs	2	154
r7_133seqs	1	153
r7_133seqs	1	153
r7_133seqs	1	154
r7_133seqs	2	154
r7_133seqs	1	153
r7_133seqs	2	154
r7_133seqs	1	149
r7_133seqs	1	153
r7_133seqs	2	154
r7_133seqs	2	154
r7_133seqs	2	151
r7_133seqs	2	154
r7_133seqs	1	153
r7_133seqs	2	154
r7_133seqs	11	154
r7_133seqs	2	154
r7_133seqs	1	151
r7_133seqs	2	154
r7_133seqs	1	154
r7_133seqs	1	154
r7_133seqs	1	151
r7_133seqs	1	154
r7_133seqs	1	151
r7_133seqs	1	151
r7_133seqs	4	154
r7_133seqs	1	151
r7_133seqs	1	151
r7_133seqs	1	151
r7_133seqs	1	151
r7_133seqs	1	151
r7_133seqs	1	151
r7_133seqs	1	151
r7_133seqs	1	154
r7_133seqs	1	154
r7_133seqs	1	154
r7_133seqs	1	154
r7_133seqs	1	154
r7_133seqs	1	154
r7_133seqs	1	154
r7_133seqs	1	154
r7_133seqs	4	152
r7_133seqs	1	154
r7_133seqs	1	154
r7_133seqs	1	154
r7_133seqs	1	154
r7_133seqs	1	154
r7_133seqs	1	154
r7_133seqs	1	154
r7_133seqs	6	154
r7_133seqs	1	154
r7_133seqs	1	154
r7_133seqs	1	154
r7_133seqs	1	154
r7_133seqs	1	154
r7_133seqs	1	154
r7_133seqs	1	154
r7_133seqs	1	154
r7_133seqs	1	154
r7_133seqs	6	154
r7_133seqs	8	154
r7_133seqs	8	154
r7_133seqs	2	154
r7_133seqs	1	153
r7_133seqs	2	154
r7_133seqs	1	153
r7_133seqs	1	153
r7_133seqs	1	153
r7_133seqs	1	153
r7_133seqs	1	154
r7_133seqs	1	153
r7_133seqs	2	154
r7_133seqs	1	154
r7_133seqs	1	154
r7_133seqs	1	154
r7_133seqs	1	154
r7_133seqs	1	154
r7_133seqs	1	154
r7_133seqs	1	154
r7_133seqs	1	154
r7_133seqs	1	154
r7_133seqs	1	154
r7_133seqs	1	154
r7_133seqs	1	154
r7_133seqs	1	154
r7_133seqs	1	154
r7_133seqs	1	154
r7_133seqs	1	154
r7_133seqs	1	154
r7_133seqs	1	154
r7_133seqs	1	154
r7_133seqs	1	154
r7_133seqs	1	154
r7_133seqs	1	154
r7_133seqs	1	154
r7_133seqs	1	154
r7_133seqs	1	154
r7_133seqs	1	154
r7_133seqs	1	154
r7_133seqs	1	154
r7_133seqs	1	154
r7_133seqs	1	154
r7_133seqs	1	154
r7_133seqs	1	154
r7_133seqs	1	154
r7_133seqs	1	154
r7_133seqs	1	154
r7_133seqs	1	154
r7_133seqs	1	154
r7_133seqs	1	154
r7_133seqs	1	154
r7_133seqs	1	154
r7_133seqs	1	154
r7_133seqs	1	154
r7_133seqs	1	154
r7_133seqs	1	154
r7_133seqs	1	151
r7_133seqs	1	154
r7_133seqs	1	154
r7_133seqs	1	154
r7_133seqs	1	154
r7_133seqs	1	154
r7_133seqs	1	151
r7_133seqs	1	154
r7_133seqs	1	154
r7_133seqs	1	154
r7_133seqs	1	154
r7_133seqs	1	154
r7_133seqs	1	154
r7_133seqs	1	154
r7_133seqs	1	154
r7_133seqs	1	154
r7_133seqs	1	154
r7_133seqs	1	154
r7_133seqs	1	154
r7_133seqs	1	154
r7_133seqs	1	154
r7_133seqs	1	154
r7_133seqs	1	154
r7_133seqs	1	154
r7_133seqs	1	154
r7_133seqs	1	154
r7_133seqs	1	154
r7_133seqs	1	154
r7_133seqs	1	154
r7_133seqs	1	154
r7_133seqs	1	154
r7_133seqs	1	154
r7_133seqs	1	154
r7_133seqs	1	154
r7_133seqs	1	154
r7_133seqs	1	154
r7_133seqs	1	154
r7_133seqs	1	154
r7_133seqs	1	154
r7_133seqs	1	154
r7_133seqs	1	154
r7_133seqs	1	154
r7_133seqs	1	154
r7_133seqs	1	154
r7_133seqs	1	154
r7_133seqs	1	154
r7_133seqs	1	154
r7_133seqs	1	154
r7_133seqs	1	154
r7_133seqs	1	154
r7_133seqs	1	154
r7_133seqs	1	154
r7_133seqs	1	154
r7_133seqs	1	154
r7_133seqs	1	154
r7_133seqs	1	154
r7_133seqs	1	154
r7_133seqs	1	154
r7_133seqs	1	154
r7_133seqs	1	154
r7_133seqs	1	154
r7_133seqs	1	154
r7_133seqs	1	154
r7_133seqs	1	154
r7_133seqs	1	154
r7_133seqs	1	154
r7_133seqs	1	154
r7_133seqs	1	154
r7_133seqs	1	154
r7_133seqs	1	154
r7_133seqs	1	154
r7_133seqs	1	154
r7_133seqs	1	154
r7_133seqs	1	154
r7_133seqs	1	154
r7_133seqs	1	154
r7_133seqs	1	154
r7_133seqs	1	154
r7_133seqs	1	154
r7_133seqs	1	154
r7_133seqs	1	154
r7_133seqs	1	154
r7_133seqs	1	154
r7_133seqs	1	154
r7_133seqs	1	154
r7_133seqs	1	154
r7_133seqs	1	154
r7_133seqs	1	154
r7_133seqs	1	154
r7_133seqs	1	154
r7_133seqs	1	154
r7_133seqs	1	154
r7_133seqs	1	154
r7_133seqs	1	154
r7_133seqs	1	154
r7_133seqs	1	154
r7_133seqs	1	154
r7_133seqs	1	154
r7_133seqs	1	154
r7_133seqs	1	154
r7_133seqs	1	154
r7_133seqs	1	154
r7_133seqs	1	154
r7_133seqs	1	154
r7_133seqs	1	154
r7_133seqs	1	154
r7_133seqs	1	154
r7_133seqs	1	154
r7_133seqs	1	154
r7_133seqs	1	154
r7_133seqs	1	154
r7_133seqs	1	154
r7_133seqs	1	154
r7_133seqs	1	154
r7_133seqs	1	154
r7_133seqs	1	154
r7_133seqs	1	154
r7_133seqs	1	154
r7_133seqs	1	154
r7_133seqs	1	154
r7_133seqs	1	154
r7_133seqs	1	154
r7_133seqs	1	154
r7_133seqs	1	154
r7_133seqs	1	154
r7_133seqs	1	154
r7_133seqs	1	154
r7_133seqs	1	154
r7_133seqs	1	154
r7_133seqs	1	154
r7_133seqs	1	154
r7_133seqs	1	154
r7_133seqs	1	154
r7_133seqs	1	154
r7_133seqs	1	154
r7_133seqs	1	154
r7_133seqs	1	154
r7_133seqs	1	154
r7_133seqs	1	154
r7_133seqs	1	154
r7_133seqs	1	154
r7_133seqs	1	154
r7_133seqs	1	154
r7_133seqs	1	154
r7_133seqs	1	154
r7_133seqs	1	154
r7_133seqs	1	154
r7_133seqs	1	154
r7_133seqs	1	154
r7_133seqs	1	154
r7_133seqs	1	154
r7_133seqs	1	154
r7_133seqs	1	154
r7_133seqs	1	154
r7_133seqs	1	154
r7_133seqs	1	154
r7_133seqs	1	154
r7_133seqs	1	154
r7_133seqs	1	154
r7_133seqs	1	154
r7_133seqs	1	154
r7_133seqs	1	154
r7_133seqs	1	154
r7_133seqs	1	154
r7_133seqs	1	154
r7_133seqs	1	154
r7_133seqs	1	154
r7_133seqs	1	154
r7_133seqs	1	154
r7_133seqs	1	154
r7_133seqs	1	154
r7_133seqs	1	154
r7_133seqs	1	154
r7_133seqs	1	154
r7_133seqs	2	152
r7_133seqs	1	154
r7_133seqs	1	154
r7_133seqs	1	154
r7_133seqs	1	154
r7_133seqs	1	154
r7_133seqs	1	154
r7_133seqs	1	154
r7_133seqs	1	154
r7_133seqs	1	154
r7_133seqs	1	154
r7_133seqs	1	154
r7_133seqs	1	154
r7_133seqs	1	154
r7_133seqs	1	154
r7_133seqs	1	154
r7_133seqs	1	154
r7_133seqs	1	154
r7_133seqs	1	154
r7_133seqs	1	154
r7_133seqs	1	154
r7_133seqs	1	154
r7_133seqs	1	154
r7_133seqs	1	154
r7_133seqs	1	154
r7_133seqs	1	154
r7_133seqs	1	154
r7_133seqs	1	154
r7_133seqs	1	154
r7_133seqs	1	154
r7_133seqs	1	154
r7_133seqs	1	154
r7_133seqs	1	152
r7_133seqs	1	152
r7_133seqs	1	152
r7_133seqs	1	152
r7_133seqs	1	152
r7_133seqs	1	152
r7_133seqs	1	152
r7_133seqs	1	152
r7_133seqs	1	152
r7_133seqs	1	152
r7_133seqs	1	152
r7_133seqs	1	154
r7_133seqs	1	152
r7_133seqs	1	154
r7_133seqs	1	154
r7_133seqs	1	154
r7_133seqs	2	154
r7_133seqs	11	153
r7_133seqs	1	154
r7_133seqs	1	154
r7_133seqs	2	153
r7_133seqs	1	152
r7_133seqs	1	154
r7_133seqs	1	154
r7_133seqs	5	154
r7_133seqs	1	152
r7_133seqs	1	150
r7_133seqs	1	153
r7_133seqs	1	150
r7_133seqs	5	154
r7_133seqs	5	154
r7_133seqs	2	151
r7_133seqs	3	152
r7_133seqs	3	152
r7_133seqs	1	154
r7_133seqs	1	154
r7_133seqs	1	154
r7_133seqs	1	154
r7_133seqs	1	154
r7_133seqs	1	154
r7_133seqs	2	154
r7_133seqs	1	154
r7_133seqs	1	154
r7_133seqs	1	154
r7_133seqs	1	154
r7_133seqs	1	154
r7_133seqs	1	154
r7_133seqs	1	153
r7_133seqs	1	153
r7_133seqs	1	154
r7_133seqs	1	154
r7_133seqs	1	154
r7_133seqs	1	154
r7_133seqs	1	154
r7_133seqs	2	154
r7_133seqs	1	154
r7_133seqs	1	154
r7_133seqs	1	154
r7_133seqs	1	154
r7_133seqs	5	152
r7_133seqs	1	154
r7_133seqs	1	154
r7_133seqs	1	154
r7_133seqs	1	154
r7_133seqs	1	154
r7_133seqs	1	154
r7_133seqs	1	154
r7_133seqs	1	154
r7_133seqs	1	154
r7_133seqs	1	154
r7_133seqs	1	154
r7_133seqs	1	154
r7_133seqs	1	154
r7_133seqs	1	154
r7_133seqs	1	154
r7_133seqs	7	154
r7_133seqs	1	154
r7_133seqs	1	154
r7_133seqs	1	154
r7_133seqs	1	154
r7_133seqs	1	154
r7_133seqs	1	154
r7_133seqs	1	154
r7_133seqs	1	154
r7_133seqs	1	154
r7_133seqs	1	154
r7_133seqs	1	154
r7_133seqs	1	154
r7_133seqs	1	154
r7_133seqs	1	154
r7_133seqs	1	154
r7_133seqs	1	153
r7_133seqs	1	154
r7_133seqs	1	154
r7_133seqs	1	154
r7_133seqs	1	154
r7_133seqs	1	154
r7_133seqs	1	154
r7_133seqs	1	154
r7_133seqs	1	154
r7_133seqs	1	154
r7_133seqs	1	154
r7_133seqs	1	154
r7_133seqs	1	154
r7_133seqs	1	154
r7_133seqs	1	154
r7_133seqs	1	154
r7_133seqs	1	154
r7_133seqs	1	154
r7_133seqs	1	154
r7_133seqs	1	154
r7_133seqs	1	154
r7_133seqs	1	154
r7_133seqs	1	154
r7_133seqs	1	154
r7_133seqs	1	154
r7_133seqs	1	154
r7_133seqs	1	154
r7_133seqs	1	154
r7_133seqs	1	154
r7_133seqs	1	154
r7_133seqs	1	154
r7_133seqs	1	154
r7_133seqs	7	154
r7_133seqs	1	154
r7_133seqs	1	154
r7_133seqs	1	154
r7_133seqs	1	154
r7_133seqs	1	154
r7_133seqs	1	154
r7_133seqs	1	154
r7_133seqs	1	154
r7_133seqs	1	154
r7_133seqs	1	154
r7_133seqs	1	154
r7_133seqs	1	154
r7_133seqs	1	154
r7_133seqs	1	154
r7_133seqs	1	154
r7_133seqs	1	154
r7_133seqs	5	152
r7_133seqs	1	154
r7_133seqs	1	152
r7_133seqs	1	154
r7_133seqs	1	152
r7_133seqs	1	152
r7_133seqs	2	147
r7_133seqs	1	151
r7_133seqs	2	154
r7_133seqs	1	153
r7_133seqs	2	154
r7_133seqs	2	154
r7_133seqs	2	154
r7_133seqs	2	154
r7_133seqs	1	153
r7_133seqs	1	153
r7_133seqs	1	153
r7_133seqs	1	153
r7_133seqs	1	153
r7_133seqs	2	154
r7_133seqs	1	153
r7_133seqs	2	154
r7_133seqs	2	154
r7_133seqs	2	154
r7_133seqs	2	154
r7_133seqs	2	154
r7_133seqs	11	154
r7_133seqs	1	153
r7_133seqs	11	154
r7_133seqs	2	154
r7_133seqs	2	154
r7_133seqs	1	153
r7_133seqs	2	154
r7_133seqs	1	154
r7_133seqs	1	153
r7_133seqs	1	153
r7_133seqs	2	154
r7_133seqs	1	153
r7_133seqs	2	154
r7_133seqs	2	154
r7_133seqs	2	154
r7_133seqs	2	154
r7_133seqs	1	154
r7_133seqs	2	154
r7_133seqs	1	151
r7_133seqs	1	151
r7_133seqs	1	153
r7_133seqs	1	154
r7_133seqs	1	154
r7_133seqs	1	154
r7_133seqs	1	151
r7_133seqs	1	154
r7_133seqs	1	154
r7_133seqs	1	153
r7_133seqs	1	151
r7_133seqs	1	151
r7_133seqs	1	154
r7_133seqs	1	151
r7_133seqs	1	154
r7_133seqs	1	151
r7_133seqs	1	151
r7_133seqs	1	154
r7_133seqs	1	154
r7_133seqs	6	154
r7_133seqs	1	154
r7_133seqs	1	154
r7_133seqs	1	154
r7_133seqs	1	154
r7_133seqs	1	154
r7_133seqs	1	154
r7_133seqs	1	154
r7_133seqs	1	154
r7_133seqs	1	154
r7_133seqs	1	154
r7_133seqs	1	154
r7_133seqs	1	154
r7_133seqs	1	154
r7_133seqs	1	153
r7_133seqs	2	154
r7_133seqs	2	154
r7_133seqs	1	153
r7_133seqs	2	154
r7_133seqs	2	154
r7_133seqs	1	154
r7_133seqs	1	154
r7_133seqs	1	154
r7_133seqs	1	154
r7_133seqs	1	154
r7_133seqs	1	154
r7_133seqs	1	154
r7_133seqs	1	154
r7_133seqs	1	154
r7_133seqs	1	154
r7_133seqs	1	154
r7_133seqs	1	154
r7_133seqs	1	154
r7_133seqs	1	154
r7_133seqs	1	154
r7_133seqs	1	154
r7_133seqs	1	154
r7_133seqs	1	154
r7_133seqs	1	154
r7_133seqs	1	154
r7_133seqs	1	154
r7_133seqs	1	154
r7_133seqs	1	154
r7_133seqs	1	154
r7_133seqs	1	154
r7_133seqs	1	154
r7_133seqs	1	154
r7_133seqs	1	154
r7_133seqs	1	154
r7_133seqs	1	154
r7_133seqs	1	154
r7_133seqs	1	154
r7_133seqs	1	151
r7_133seqs	1	154
r7_133seqs	1	154
r7_133seqs	1	154
r7_133seqs	1	154
r7_133seqs	1	154
r7_133seqs	1	154
r7_133seqs	1	154
r7_133seqs	1	154
r7_133seqs	1	154
r7_133seqs	1	154
r7_133seqs	2	154
r7_133seqs	1	154
r7_133seqs	1	154
r7_133seqs	14	154
r7_133seqs	1	154
r7_133seqs	1	154
r7_133seqs	1	154
r7_133seqs	1	154
r7_133seqs	1	154
r7_133seqs	1	154
r7_133seqs	1	154
r7_133seqs	1	154
r7_133seqs	1	154
r7_133seqs	1	154
r7_133seqs	1	154
r7_133seqs	4	154
r7_133seqs	1	151
r7_133seqs	4	154
r7_133seqs	4	154
r7_133seqs	1	151
r7_133seqs	1	151
r7_133seqs	1	151
r7_133seqs	1	151
r7_133seqs	1	151
r7_133seqs	1	154
r7_133seqs	1	154
r7_133seqs	1	154
r7_133seqs	1	154
r7_133seqs	1	154
r7_133seqs	1	154
r7_133seqs	1	154
r7_133seqs	1	154
r7_133seqs	6	154
r7_133seqs	1	154
r7_133seqs	1	154
r7_133seqs	1	154
r7_133seqs	1	154
r7_133seqs	1	154
r7_133seqs	1	154
r7_133seqs	1	154
r7_133seqs	1	154
r7_133seqs	1	154
r7_133seqs	1	154
r7_133seqs	1	154
r7_133seqs	1	154
r7_133seqs	1	154
r7_133seqs	1	154
r7_133seqs	1	151
r7_133seqs	2	154
r7_133seqs	1	154
r7_133seqs	1	154
r7_133seqs	1	152
r7_133seqs	2	154
r7_133seqs	1	152
r7_133seqs	1	154
r7_133seqs	1	154
r7_133seqs	1	154
r7_133seqs	1	154
r7_133seqs	2	154
r7_133seqs	2	154
r7_133seqs	1	154
r7_133seqs	1	152
r7_133seqs	1	154
r7_133seqs	1	154
r7_133seqs	1	154
r7_133seqs	1	154
r7_133seqs	1	154
r7_133seqs	1	154
r7_133seqs	1	154
r7_133seqs	1	154
r7_133seqs	1	154
r7_133seqs	1	154
r7_133seqs	1	154
r7_133seqs	1	154
r7_133seqs	1	154
r7_133seqs	1	154
r7_133seqs	1	154
r7_133seqs	1	154
r7_133seqs	1	154
r7_133seqs	1	154
r7_133seqs	1	154
r7_133seqs	1	154
r7_133seqs	1	154
r7_133seqs	1	154
r7_133seqs	1	154
r7_133seqs	1	154
r7_133seqs	1	154
r7_133seqs	1	154
r7_133seqs	1	154
r7_133seqs	1	154
r7_133seqs	1	154
r7_133seqs	1	154
r7_133seqs	1	154
r7_133seqs	1	154
r7_133seqs	1	154
r7_133seqs	1	154
r7_133seqs	1	154
r7_133seqs	1	154
r7_133seqs	1	154
r7_133seqs	1	154
r7_133seqs	1	154
r7_133seqs	1	154
r7_133seqs	1	154
r7_133seqs	1	154
r7_133seqs	1	154
r7_133seqs	1	154
r7_133seqs	1	154
r7_133seqs	1	154
r7_133seqs	1	154
r7_133seqs	1	154
r7_133seqs	1	154
r7_133seqs	1	154
r7_133seqs	1	154
r7_133seqs	1	154
r7_133seqs	1	154
r7_133seqs	1	154
r7_133seqs	1	154
r7_133seqs	1	154
r7_133seqs	1	154
r7_133seqs	1	154
r7_133seqs	1	154
r7_133seqs	1	154
r7_133seqs	1	154
r7_133seqs	1	154
r7_133seqs	1	154
r7_133seqs	1	154
r7_133seqs	1	154
r7_133seqs	1	154
r7_133seqs	1	154
r7_133seqs	1	154
r7_133seqs	1	154
r7_133seqs	1	154
r7_133seqs	1	154
r7_133seqs	1	154
r7_133seqs	1	154
r7_133seqs	1	154
r7_133seqs	1	154
r7_133seqs	1	154
r7_133seqs	1	154
r7_133seqs	1	154
r7_133seqs	1	154
r7_133seqs	1	154
r7_133seqs	1	154
r7_133seqs	1	154
r7_133seqs	1	154
r7_133seqs	1	154
r7_133seqs	1	154
r7_133seqs	1	154
r7_133seqs	1	154
r7_133seqs	1	154
r7_133seqs	1	154
r7_133seqs	1	154
r7_133seqs	1	154
r7_133seqs	1	154
r7_133seqs	1	154
r7_133seqs	1	154
r7_133seqs	1	154
r7_133seqs	1	154
r7_133seqs	1	154
r7_133seqs	1	154
r7_133seqs	1	154
r7_133seqs	1	154
r7_133seqs	1	154
r7_133seqs	1	154
r7_133seqs	1	154
r7_133seqs	1	154
r7_133seqs	1	154
r7_133seqs	1	154
r7_133seqs	1	154
r7_133seqs	1	154
r7_133seqs	1	154
r7_133seqs	1	154
r7_133seqs	1	154
r7_133seqs	1	154
r7_133seqs	1	154
r7_133seqs	1	154
r7_133seqs	1	154
r7_133seqs	1	154
r7_133seqs	1	154
r7_133seqs	1	154
r7_133seqs	1	154
r7_133seqs	1	154
r7_133seqs	1	154
r7_133seqs	1	154
r7_133seqs	1	154
r7_133seqs	1	154
r7_133seqs	1	154
r7_133seqs	1	154
r7_133seqs	1	154
r7_133seqs	1	154
r7_133seqs	1	154
r7_133seqs	1	154
r7_133seqs	1	154
r7_133seqs	1	154
r7_133seqs	1	154
r7_133seqs	1	154
r7_133seqs	1	154
r7_133seqs	1	154
r7_133seqs	1	154
r7_133seqs	1	154
r7_133seqs	1	154
r7_133seqs	1	151
r7_133seqs	1	154
r7_133seqs	1	154
r7_133seqs	1	154
r7_133seqs	1	154
r7_133seqs	1	154
r7_133seqs	1	154
r7_133seqs	1	154
r7_133seqs	1	154
r7_133seqs	1	154
r7_133seqs	1	154
r7_133seqs	1	154
r7_133seqs	1	154
r7_133seqs	1	154
r7_133seqs	1	154
r7_133seqs	1	154
r7_133seqs	1	154
r7_133seqs	1	154
r7_133seqs	1	154
r7_133seqs	1	154
r7_133seqs	1	151
r7_133seqs	1	154
r7_133seqs	1	154
r7_133seqs	1	154
r7_133seqs	1	154
r7_133seqs	1	154
r7_133seqs	1	154
r7_133seqs	1	154
r7_133seqs	1	154
r7_133seqs	1	154
r7_133seqs	1	154
r7_133seqs	1	154
r7_133seqs	1	154
r7_133seqs	1	154
r7_133seqs	1	154
r7_133seqs	1	154
r7_133seqs	1	154
r7_133seqs	1	154
r7_133seqs	1	154
r7_133seqs	1	154
r7_133seqs	1	154
r7_133seqs	1	154
r7_133seqs	1	154
r7_133seqs	1	152
r7_133seqs	2	153
r7_133seqs	1	154
r7_133seqs	1	152
r7_133seqs	1	152
r7_133seqs	1	152
r7_133seqs	1	154
r7_133seqs	3	154
r7_133seqs	1	154
r7_133seqs	3	154
r7_133seqs	1	154
r7_133seqs	1	154
r7_133seqs	3	154
r7_133seqs	3	154
r7_133seqs	3	154
r7_133seqs	2	153
r7_133seqs	1	152
r7_133seqs	1	154
r7_133seqs	3	151
r7_133seqs	1	152
r7_133seqs	1	154
r7_133seqs	1	152
r7_133seqs	1	154
r7_133seqs	1	150
r7_133seqs	1	154
r7_133seqs	5	154
r7_133seqs	1	150
r7_133seqs	1	154
r7_133seqs	1	154
r7_133seqs	2	154
r7_133seqs	1	154
r7_133seqs	1	154
r7_133seqs	1	150
r7_133seqs	1	154
r7_133seqs	1	154
r7_133seqs	1	154
r7_133seqs	1	154
r7_133seqs	1	154
r7_133seqs	1	154
r7_133seqs	1	154
r7_133seqs	1	154
r7_133seqs	1	154
r7_133seqs	1	154
r7_133seqs	1	152
r7_133seqs	1	154
r7_133seqs	1	154
r7_133seqs	1	154
r7_133seqs	1	154
r7_133seqs	1	154
r7_133seqs	1	154
r7_133seqs	1	154
r7_133seqs	1	153
r7_133seqs	1	154
r7_133seqs	1	154
r7_133seqs	1	154
r7_133seqs	1	154
r7_133seqs	1	154
r7_133seqs	1	154
r7_133seqs	1	154
r7_133seqs	1	154
r7_133seqs	1	154
r7_133seqs	1	154
r7_133seqs	1	154
r7_133seqs	1	154
r7_133seqs	1	154
r7_133seqs	1	154
r7_133seqs	1	154
r7_133seqs	1	154
r7_133seqs	1	154
r7_133seqs	1	154
r7_133seqs	1	154
r7_133seqs	1	154
r7_133seqs	1	154
r7_133seqs	1	154
r7_133seqs	1	154
r7_133seqs	1	154
r7_133seqs	1	154
r7_133seqs	1	154
r7_133seqs	1	154
r7_133seqs	1	154
r7_133seqs	1	154
r7_133seqs	1	154
r7_133seqs	1	154
r7_133seqs	1	154
r7_133seqs	1	154
r7_133seqs	1	154
r7_133seqs	2	154
r7_133seqs	1	154
r7_133seqs	1	154
r7_133seqs	1	154
r7_133seqs	1	154
r7_133seqs	1	154
r7_133seqs	1	154
r7_133seqs	1	154
r7_133seqs	1	154
r7_133seqs	1	154
r7_133seqs	1	154
r7_133seqs	1	154
r7_133seqs	1	154
r7_133seqs	1	154
r7_133seqs	1	154
r7_133seqs	1	154
r7_133seqs	1	154
r7_133seqs	1	154
r7_133seqs	1	154
r7_133seqs	1	154
r7_133seqs	1	154
r7_133seqs	1	154
r7_133seqs	1	154
r7_133seqs	1	154
r7_133seqs	1	154
r7_133seqs	1	154
r7_133seqs	1	154
r7_133seqs	1	154
r7_133seqs	1	154
r7_133seqs	1	154
r7_133seqs	1	154
r7_133seqs	1	154
r7_133seqs	1	154
r7_133seqs	2	154
r7_133seqs	1	153
r7_133seqs	1	154
r7_133seqs	1	154
r7_133seqs	1	154
r7_133seqs	1	154
r7_133seqs	1	154
r7_133seqs	1	154
r7_133seqs	1	154
r7_133seqs	2	154
r7_133seqs	1	152
r7_133seqs	1	154
r7_133seqs	1	152
r7_133seqs	7	152
r7_133seqs	1	152
r7_133seqs	1	152
r7_133seqs	1	152
r7_133seqs	2	154
r7_133seqs	3	154
r7_133seqs	1	154
r7_133seqs	1	152
r7_133seqs	2	154
r7_133seqs	1	153
r7_133seqs	1	153
r7_133seqs	2	154
r7_133seqs	1	153
r7_133seqs	1	153
r7_133seqs	1	153
r7_133seqs	2	154
r7_133seqs	1	154
r7_133seqs	2	154
r7_133seqs	2	154
r7_133seqs	2	154
r7_133seqs	2	154
r7_133seqs	1	153
r7_133seqs	1	154
r7_133seqs	2	154
r7_133seqs	2	154
r7_133seqs	2	154
r7_133seqs	2	154
r7_133seqs	1	153
r7_133seqs	1	153
r7_133seqs	2	154
r7_133seqs	1	154
r7_133seqs	2	154
r7_133seqs	1	153
r7_133seqs	5	154
r7_133seqs	1	154
r7_133seqs	1	153
r7_133seqs	11	154
r7_133seqs	2	154
r7_133seqs	2	154
r7_133seqs	2	154
r7_133seqs	2	154
r7_133seqs	1	153
r7_133seqs	1	153
r7_133seqs	1	153
r7_133seqs	2	154
r7_133seqs	1	151
r7_133seqs	1	154
r7_133seqs	1	154
r7_133seqs	1	151
r7_133seqs	1	154
r7_133seqs	1	154
r7_133seqs	1	154
r7_133seqs	1	154
r7_133seqs	1	152
r7_133seqs	1	153
r7_133seqs	1	151
r7_133seqs	1	151
r7_133seqs	1	151
r7_133seqs	1	154
r7_133seqs	1	154
r7_133seqs	1	154
r7_133seqs	1	154
r7_133seqs	4	154
r7_133seqs	1	151
r7_133seqs	4	154
r7_133seqs	1	154
r7_133seqs	1	154
r7_133seqs	1	151
r7_133seqs	1	154
r7_133seqs	1	154
r7_133seqs	1	148
r7_133seqs	1	151
r7_133seqs	1	154
r7_133seqs	1	154
r7_133seqs	1	154
r7_133seqs	1	154
r7_133seqs	1	154
r7_133seqs	1	154
r7_133seqs	1	154
r7_133seqs	1	154
r7_133seqs	1	154
r7_133seqs	1	154
r7_133seqs	1	154
r7_133seqs	1	154
r7_133seqs	1	154
r7_133seqs	1	154
r7_133seqs	1	154
r7_133seqs	1	154
r7_133seqs	1	154
r7_133seqs	1	154
r7_133seqs	1	154
r7_133seqs	1	154
r7_133seqs	1	154
r7_133seqs	1	154
r7_133seqs	1	154
r7_133seqs	1	154
r7_133seqs	1	154
r7_133seqs	1	154
r7_133seqs	1	154
r7_133seqs	1	154
r7_133seqs	1	154
r7_133seqs	1	154
r7_133seqs	1	154
r7_133seqs	1	154
r7_133seqs	1	154
r7_133seqs	6	154
r7_133seqs	6	154
r7_133seqs	1	143
r7_133seqs	1	154
r7_133seqs	1	154
r7_133seqs	1	154
r7_133seqs	6	154
r7_133seqs	6	154
r7_133seqs	1	152
r7_133seqs	1	154
r7_133seqs	1	151
r7_133seqs	1	154
r7_133seqs	2	154
r7_133seqs	1	152
r7_133seqs	1	152
r7_133seqs	1	152
r7_133seqs	1	153
r7_133seqs	1	153
r7_133seqs	1	154
r7_133seqs	2	154
r7_133seqs	1	153
r7_133seqs	3	154
r7_133seqs	2	154
r7_133seqs	1	154
r7_133seqs	2	154
r7_133seqs	2	154
r7_133seqs	1	154
r7_133seqs	1	154
r7_133seqs	1	154
r7_133seqs	1	154
r7_133seqs	1	154
r7_133seqs	1	151
r7_133seqs	1	154
r7_133seqs	1	154
r7_133seqs	1	154
r7_133seqs	1	154
r7_133seqs	1	154
r7_133seqs	1	154
r7_133seqs	1	154
r7_133seqs	1	154
r7_133seqs	1	154
r7_133seqs	1	154
r7_133seqs	1	154
r7_133seqs	1	154
r7_133seqs	1	154
r7_133seqs	1	154
r7_133seqs	1	154
r7_133seqs	1	154
r7_133seqs	1	151
r7_133seqs	1	154
r7_133seqs	1	154
r7_133seqs	1	154
r7_133seqs	1	154
r7_133seqs	1	154
r7_133seqs	1	154
r7_133seqs	1	154
r7_133seqs	1	154
r7_133seqs	1	154
r7_133seqs	1	154
r7_133seqs	1	154
r7_133seqs	1	154
r7_133seqs	1	154
r7_133seqs	1	154
r7_133seqs	1	154
r7_133seqs	1	154
r7_133seqs	1	154
r7_133seqs	1	154
r7_133seqs	1	154
r7_133seqs	1	154
r7_133seqs	1	154
r7_133seqs	1	154
r7_133seqs	1	154
r7_133seqs	1	154
r7_133seqs	1	154
r7_133seqs	1	154
r7_133seqs	1	154
r7_133seqs	1	154
r7_133seqs	1	154
r7_133seqs	1	154
r7_133seqs	1	154
r7_133seqs	1	154
r7_133seqs	1	154
r7_133seqs	1	154
r7_133seqs	1	154
r7_133seqs	1	154
r7_133seqs	1	154
r7_133seqs	1	154
r7_133seqs	1	154
r7_133seqs	1	154
r7_133seqs	1	154
r7_133seqs	1	154
r7_133seqs	1	154
r7_133seqs	1	154
r7_133seqs	1	154
r7_133seqs	1	154
r7_133seqs	1	154
r7_133seqs	1	154
r7_133seqs	1	154
r7_133seqs	1	154
r7_133seqs	1	154
r7_133seqs	1	154
r7_133seqs	1	154
r7_133seqs	1	154
r7_133seqs	1	154
r7_133seqs	1	154
r7_133seqs	1	154
r7_133seqs	1	154
r7_133seqs	1	154
r7_133seqs	1	154
r7_133seqs	1	154
r7_133seqs	1	154
r7_133seqs	1	154
r7_133seqs	1	154
r7_133seqs	1	154
r7_133seqs	1	154
r7_133seqs	1	154
r7_133seqs	1	154
r7_133seqs	1	154
r7_133seqs	1	154
r7_133seqs	1	154
r7_133seqs	1	154
r7_133seqs	1	154
r7_133seqs	1	154
r7_133seqs	1	154
r7_133seqs	1	154
r7_133seqs	1	154
r7_133seqs	1	154
r7_133seqs	1	154
r7_133seqs	1	154
r7_133seqs	1	154
r7_133seqs	1	154
r7_133seqs	1	154
r7_133seqs	1	154
r7_133seqs	1	154
r7_133seqs	1	154
r7_133seqs	1	154
r7_133seqs	1	154
r7_133seqs	1	154
r7_133seqs	1	154
r7_133seqs	1	154
r7_133seqs	1	154
r7_133seqs	1	154
r7_133seqs	1	154
r7_133seqs	1	154
r7_133seqs	1	154
r7_133seqs	1	154
r7_133seqs	1	154
r7_133seqs	1	154
r7_133seqs	1	154
r7_133seqs	1	154
r7_133seqs	1	154
r7_133seqs	1	154
r7_133seqs	1	154
r7_133seqs	1	154
r7_133seqs	1	154
r7_133seqs	1	154
r7_133seqs	1	154
r7_133seqs	1	154
r7_133seqs	1	154
r7_133seqs	1	154
r7_133seqs	1	154
r7_133seqs	1	154
r7_133seqs	1	154
r7_133seqs	1	154
r7_133seqs	1	154
r7_133seqs	1	154
r7_133seqs	1	154
r7_133seqs	1	154
r7_133seqs	1	154
r7_133seqs	1	154
r7_133seqs	1	154
r7_133seqs	1	151
r7_133seqs	1	154
r7_133seqs	1	154
r7_133seqs	1	154
r7_133seqs	1	154
r7_133seqs	1	154
r7_133seqs	1	154
r7_133seqs	1	154
r7_133seqs	1	154
r7_133seqs	1	154
r7_133seqs	1	154
r7_133seqs	1	154
r7_133seqs	1	154
r7_133seqs	1	154
r7_133seqs	1	154
r7_133seqs	1	154
r7_133seqs	1	154
r7_133seqs	1	154
r7_133seqs	1	154
r7_133seqs	1	154
r7_133seqs	1	151
r7_133seqs	1	154
r7_133seqs	1	154
r7_133seqs	1	154
r7_133seqs	1	154
r7_133seqs	1	154
r7_133seqs	1	154
r7_133seqs	1	154
r7_133seqs	1	154
r7_133seqs	1	154
r7_133seqs	1	152
r7_133seqs	1	154
r7_133seqs	1	154
r7_133seqs	1	154
r7_133seqs	1	154
r7_133seqs	1	154
r7_133seqs	1	154
r7_133seqs	1	154
r7_133seqs	1	154
r7_133seqs	1	154
r7_133seqs	1	154
r7_133seqs	1	154
r7_133seqs	1	154
r7_133seqs	1	154
r7_133seqs	1	154
r7_133seqs	1	154
r7_133seqs	1	154
r7_133seqs	1	154
r7_133seqs	1	154
r7_133seqs	1	154
r7_133seqs	1	154
r7_133seqs	1	154
r7_133seqs	1	154
r7_133seqs	1	154
r7_133seqs	1	154
r7_133seqs	1	152
r7_133seqs	1	154
r7_133seqs	1	154
r7_133seqs	1	154
r7_133seqs	1	152
r7_133seqs	3	154
r7_133seqs	1	152
r7_133seqs	1	154
r7_133seqs	1	154
r7_133seqs	1	152
r7_133seqs	1	154
r7_133seqs	1	154
r7_133seqs	3	154
r7_133seqs	1	152
r7_133seqs	1	154
r7_133seqs	1	152
r7_133seqs	3	154
r7_133seqs	1	152
r7_133seqs	1	152
r7_133seqs	1	152
r7_133seqs	1	154
r7_133seqs	11	153
r7_133seqs	1	154
r7_133seqs	1	153
r7_133seqs	1	154
r7_133seqs	1	152
r7_133seqs	1	150
r7_133seqs	1	154
r7_133seqs	1	154
r7_133seqs	1	153
r7_133seqs	1	141
r7_133seqs	5	154
r7_133seqs	2	151
r7_133seqs	1	152
r7_133seqs	1	154
r7_133seqs	1	154
r7_133seqs	2	154
r7_133seqs	5	154
r7_133seqs	2	154
r7_133seqs	1	150
r7_133seqs	2	154
r7_133seqs	1	154
r7_133seqs	1	154
r7_133seqs	5	154
r7_133seqs	14	154
r7_133seqs	1	154
r7_133seqs	1	154
r7_133seqs	1	154
r7_133seqs	2	154
r7_133seqs	1	154
r7_133seqs	1	154
r7_133seqs	1	154
r7_133seqs	1	154
r7_133seqs	1	154
r7_133seqs	1	154
r7_133seqs	1	154
r7_133seqs	1	154
r7_133seqs	1	154
r7_133seqs	1	154
r7_133seqs	1	154
r7_133seqs	1	154
r7_133seqs	7	154
r7_133seqs	1	154
r7_133seqs	1	154
r7_133seqs	1	154
r7_133seqs	1	154
r7_133seqs	2	154
r7_133seqs	1	154
r7_133seqs	1	154
r7_133seqs	2	154
r7_133seqs	1	154
r7_133seqs	1	154
r7_133seqs	1	154
r7_133seqs	1	154
r7_133seqs	1	154
r7_133seqs	1	154
r7_133seqs	1	154
r7_133seqs	1	154
r7_133seqs	1	154
r7_133seqs	1	154
r7_133seqs	1	154
r7_133seqs	1	154
r7_133seqs	1	154
r7_133seqs	7	154
r7_133seqs	1	154
r7_133seqs	1	154
r7_133seqs	1	154
r7_133seqs	1	154
r7_133seqs	1	154
r7_133seqs	1	154
r7_133seqs	1	154
r7_133seqs	1	154
r7_133seqs	1	154
r7_133seqs	1	154
r7_133seqs	1	154
r7_133seqs	1	154
r7_133seqs	1	154
r7_133seqs	1	154
r7_133seqs	1	154
r7_133seqs	1	154
r7_133seqs	1	154
r7_133seqs	1	154
r7_133seqs	1	154
r7_133seqs	1	154
r7_133seqs	1	154
r7_133seqs	1	154
r7_133seqs	1	154
r7_133seqs	1	154
r7_133seqs	7	154
r7_133seqs	1	154
r7_133seqs	1	154
r7_133seqs	1	154
r7_133seqs	1	154
r7_133seqs	1	154
r7_133seqs	1	154
r7_133seqs	1	154
r7_133seqs	1	154
r7_133seqs	1	154
r7_133seqs	1	154
r7_133seqs	1	154
r7_133seqs	1	154
r7_133seqs	1	154
r7_133seqs	1	154
r7_133seqs	1	154
r7_133seqs	1	154
r7_133seqs	1	154
r7_133seqs	1	154
r7_133seqs	1	154
r7_133seqs	1	154
r7_133seqs	1	154
r7_133seqs	1	154
r7_133seqs	1	154
r7_133seqs	1	153
r7_133seqs	1	154
r7_133seqs	1	154
r7_133seqs	1	154
r7_133seqs	1	154
r7_133seqs	1	154
r7_133seqs	1	154
r7_133seqs	1	154
r7_133seqs	1	154
r7_133seqs	1	154
r7_133seqs	1	154
r7_133seqs	1	154
r7_133seqs	1	154
r7_133seqs	1	154
r7_133seqs	1	154
r7_133seqs	1	151
r7_133seqs	1	154
r7_133seqs	1	152
r7_133seqs	1	154
r7_133seqs	3	154
r7_133seqs	1	154
r7_133seqs	1	152
r7_133seqs	1	154
r7_133seqs	1	152
r7_133seqs	1	152
r7_133seqs	1	152
r7_133seqs	1	152
r7_133seqs	1	154
r7_133seqs	9	154
r7_133seqs	1	152
r7_133seqs	1	154
r7_133seqs	3	154
r7_133seqs	3	154
r7_133seqs	1	152
r7_133seqs	2	153
r7_133seqs	1	152
r7_133seqs	2	154
r7_133seqs	1	154
r7_133seqs	1	154
r7_133seqs	2	152
r7_133seqs	1	154
r7_133seqs	2	154
r7_133seqs	2	154
r7_133seqs	1	153
r7_133seqs	2	154
r7_133seqs	2	154
r7_133seqs	2	154
r7_133seqs	1	153
r7_133seqs	2	154
r7_133seqs	2	154
r7_133seqs	2	154
r7_133seqs	1	153
r7_133seqs	2	151
r7_133seqs	2	154
r7_133seqs	1	154
r7_133seqs	2	154
r7_133seqs	1	154
r7_133seqs	1	154
r7_133seqs	1	154
r7_133seqs	2	154
r7_133seqs	2	154
r7_133seqs	1	154
r7_133seqs	2	154
r7_133seqs	2	154
r7_133seqs	2	151
r7_133seqs	6	154
r7_133seqs	6	149
r7_133seqs	2	154
r7_133seqs	1	154
r7_133seqs	1	154
r7_133seqs	2	154
r7_133seqs	1	154
r7_133seqs	1	153
r7_133seqs	2	154
r7_133seqs	1	154
r7_133seqs	1	154
r7_133seqs	1	151
r7_133seqs	1	151
r7_133seqs	1	154
r7_133seqs	1	154
r7_133seqs	1	151
r7_133seqs	1	154
r7_133seqs	1	154
r7_133seqs	1	154
r7_133seqs	1	151
r7_133seqs	1	154
r7_133seqs	1	154
r7_133seqs	1	154
r7_133seqs	1	151
r7_133seqs	1	154
r7_133seqs	1	154
r7_133seqs	1	154
r7_133seqs	1	154
r7_133seqs	1	154
r7_133seqs	2	154
r7_133seqs	1	154
r7_133seqs	1	154
r7_133seqs	1	154
r7_133seqs	1	154
r7_133seqs	1	151
r7_133seqs	1	154
r7_133seqs	1	154
r7_133seqs	1	154
r7_133seqs	1	154
r7_133seqs	1	154
r7_133seqs	1	154
r7_133seqs	1	154
r7_133seqs	1	154
r7_133seqs	1	154
r7_133seqs	1	154
r7_133seqs	6	154
r7_133seqs	1	154
r7_133seqs	1	154
r7_133seqs	1	154
r7_133seqs	1	154
r7_133seqs	1	154
r7_133seqs	1	154
r7_133seqs	6	154
r7_133seqs	1	154
r7_133seqs	1	152
r7_133seqs	9	154
r7_133seqs	1	154
r7_133seqs	2	154
r7_133seqs	2	154
r7_133seqs	1	154
r7_133seqs	2	154
r7_133seqs	1	153
r7_133seqs	2	154
r7_133seqs	1	150
r7_133seqs	1	153
r7_133seqs	2	154
r7_133seqs	2	154
r7_133seqs	2	154
r7_133seqs	1	153
r7_133seqs	1	154
r7_133seqs	1	154
r7_133seqs	1	154
r7_133seqs	1	154
r7_133seqs	1	154
r7_133seqs	1	154
r7_133seqs	1	154
r7_133seqs	1	154
r7_133seqs	1	154
r7_133seqs	1	151
r7_133seqs	1	154
r7_133seqs	1	151
r7_133seqs	2	152
r7_133seqs	1	154
r7_133seqs	1	154
r7_133seqs	1	154
r7_133seqs	1	154
r7_133seqs	2	154
r7_133seqs	1	154
r7_133seqs	1	154
r7_133seqs	1	154
r7_133seqs	1	154
r7_133seqs	1	154
r7_133seqs	1	154
r7_133seqs	1	154
r7_133seqs	1	154
r7_133seqs	1	154
r7_133seqs	1	154
r7_133seqs	1	154
r7_133seqs	1	154
r7_133seqs	1	154
r7_133seqs	1	154
r7_133seqs	1	154
r7_133seqs	1	154
r7_133seqs	1	154
r7_133seqs	1	154
r7_133seqs	1	154
r7_133seqs	1	154
r7_133seqs	1	154
r7_133seqs	1	154
r7_133seqs	1	153
r7_133seqs	2	154
r7_133seqs	1	153
r7_133seqs	13	154
r7_133seqs	2	152
r7_133seqs	1	151
r7_133seqs	1	151
r7_133seqs	4	154
r7_133seqs	1	154
r7_133seqs	1	154
r7_133seqs	1	154
r7_133seqs	1	154
r7_133seqs	1	154
r7_133seqs	1	154
r7_133seqs	1	154
r7_133seqs	1	149
r7_133seqs	1	154
r7_133seqs	1	154
r7_133seqs	1	154
r7_133seqs	1	154
r7_133seqs	1	154
r7_133seqs	1	154
r7_133seqs	6	154
r7_133seqs	1	154
r7_133seqs	1	154
r7_133seqs	1	154
r7_133seqs	1	154
r7_133seqs	1	154
r7_133seqs	1	154
r7_133seqs	1	154
r7_133seqs	1	149
r7_133seqs	9	154
r7_133seqs	1	154
r7_133seqs	1	154
r7_133seqs	1	154
r7_133seqs	1	149
r7_133seqs	2	154
r7_133seqs	2	148
r7_133seqs	2	154
r7_133seqs	1	153
r7_133seqs	2	154
r7_133seqs	2	154
r7_133seqs	2	154
r7_133seqs	2	154
r7_133seqs	1	154
r7_133seqs	1	154
r7_133seqs	1	154
r7_133seqs	1	154
r7_133seqs	1	154
r7_133seqs	1	154
r7_133seqs	1	154
r7_133seqs	1	154
r7_133seqs	1	154
r7_133seqs	1	154
r7_133seqs	1	154
r7_133seqs	1	154
r7_133seqs	1	154
r7_133seqs	1	154
r7_133seqs	1	154
r7_133seqs	1	154
r7_133seqs	1	154
r7_133seqs	1	154
r7_133seqs	1	154
r7_133seqs	1	154
r7_133seqs	1	154
r7_133seqs	1	154
r7_133seqs	1	154
r7_133seqs	1	154
r7_133seqs	1	154
r7_133seqs	1	154
r7_133seqs	1	154
r7_133seqs	1	154
r7_133seqs	1	154
r7_133seqs	1	154
r7_133seqs	1	154
r7_133seqs	1	154
r7_133seqs	1	154
r7_133seqs	1	154
r7_133seqs	1	154
r7_133seqs	1	154
r7_133seqs	1	154
r7_133seqs	1	154
r7_133seqs	1	154
r7_133seqs	1	154
r7_133seqs	1	154
r7_133seqs	1	154
r7_133seqs	1	154
r7_133seqs	1	154
r7_133seqs	1	154
r7_133seqs	1	154
r7_133seqs	1	154
r7_133seqs	1	154
r7_133seqs	1	154
r7_133seqs	1	154
r7_133seqs	1	154
r7_133seqs	1	154
r7_133seqs	1	154
r7_133seqs	1	154
r7_133seqs	1	154
r7_133seqs	1	154
r7_133seqs	1	154
r7_133seqs	1	154
r7_133seqs	1	154
r7_133seqs	1	154
r7_133seqs	1	151
r7_133seqs	1	154
r7_133seqs	1	154
r7_133seqs	1	154
r7_133seqs	1	154
r7_133seqs	1	154
r7_133seqs	1	154
r7_133seqs	1	154
r7_133seqs	1	154
r7_133seqs	1	154
r7_133seqs	1	154
r7_133seqs	1	154
r7_133seqs	1	154
r7_133seqs	1	154
r7_133seqs	1	154
r7_133seqs	1	154
r7_133seqs	1	154
r7_133seqs	1	154
r7_133seqs	1	154
r7_133seqs	1	154
r7_133seqs	1	154
r7_133seqs	1	154
r7_133seqs	1	154
r7_133seqs	1	154
r7_133seqs	1	154
r7_133seqs	1	154
r7_133seqs	1	154
r7_133seqs	1	154
r7_133seqs	1	154
r7_133seqs	1	154
r7_133seqs	1	154
r7_133seqs	1	154
r7_133seqs	1	154
r7_133seqs	1	154
r7_133seqs	1	154
r7_133seqs	1	154
r7_133seqs	1	154
r7_133seqs	1	154
r7_133seqs	1	154
r7_133seqs	1	154
r7_133seqs	1	154
r7_133seqs	1	154
r7_133seqs	1	154
r7_133seqs	1	154
r7_133seqs	1	154
r7_133seqs	1	154
r7_133seqs	1	154
r7_133seqs	1	154
r7_133seqs	1	154
r7_133seqs	1	154
r7_133seqs	1	154
r7_133seqs	1	154
r7_133seqs	1	154
r7_133seqs	1	154
r7_133seqs	1	154
r7_133seqs	1	154
r7_133seqs	1	154
r7_133seqs	1	154
r7_133seqs	1	154
r7_133seqs	1	154
r7_133seqs	1	154
r7_133seqs	1	154
r7_133seqs	1	154
r7_133seqs	1	154
r7_133seqs	1	154
r7_133seqs	1	154
r7_133seqs	1	154
r7_133seqs	1	154
r7_133seqs	1	154
r7_133seqs	1	154
r7_133seqs	1	154
r7_133seqs	1	154
r7_133seqs	1	154
r7_133seqs	1	154
r7_133seqs	1	154
r7_133seqs	1	154
r7_133seqs	1	154
r7_133seqs	1	154
r7_133seqs	4	154
r7_133seqs	1	154
r7_133seqs	1	154
r7_133seqs	1	154
r7_133seqs	1	154
r7_133seqs	1	154
r7_133seqs	1	154
r7_133seqs	1	154
r7_133seqs	1	154
r7_133seqs	1	154
r7_133seqs	1	154
r7_133seqs	1	154
r7_133seqs	1	154
r7_133seqs	1	154
r7_133seqs	1	154
r7_133seqs	1	154
r7_133seqs	1	154
r7_133seqs	1	154
r7_133seqs	1	154
r7_133seqs	1	154
r7_133seqs	1	154
r7_133seqs	1	154
r7_133seqs	1	154
r7_133seqs	1	154
r7_133seqs	1	154
r7_133seqs	1	152
r7_133seqs	1	154
r7_133seqs	1	152
r7_133seqs	1	152
r7_133seqs	1	154
r7_133seqs	1	154
r7_133seqs	1	154
r7_133seqs	2	154
r7_133seqs	1	154
r7_133seqs	1	154
r7_133seqs	1	154
r7_133seqs	1	152
r7_133seqs	3	154
r7_133seqs	3	154
r7_133seqs	3	154
r7_133seqs	1	154
r7_133seqs	6	154
r7_133seqs	1	154
r7_133seqs	12	154
r7_133seqs	1	154
r7_133seqs	2	151
r7_133seqs	1	154
r7_133seqs	1	152
r7_133seqs	1	154
r7_133seqs	1	153
r7_133seqs	1	153
r7_133seqs	1	154
r7_133seqs	1	154
r7_133seqs	1	147
r7_133seqs	1	141
r7_133seqs	14	154
r7_133seqs	1	154
r7_133seqs	1	154
r7_133seqs	1	153
r7_133seqs	1	154
r7_133seqs	1	154
r7_133seqs	1	154
r7_133seqs	1	154
r7_133seqs	1	154
r7_133seqs	1	154
r7_133seqs	1	154
r7_133seqs	1	154
r7_133seqs	1	154
r7_133seqs	1	154
r7_133seqs	1	154
r7_133seqs	1	154
r7_133seqs	1	154
r7_133seqs	1	154
r7_133seqs	1	154
r7_133seqs	1	154
r7_133seqs	1	154
r7_133seqs	1	154
r7_133seqs	1	154
r7_133seqs	1	154
r7_133seqs	1	154
r7_133seqs	1	154
r7_133seqs	1	154
r7_133seqs	1	154
r7_133seqs	1	154
r7_133seqs	1	154
r7_133seqs	1	154
r7_133seqs	1	154
r7_133seqs	1	154
r7_133seqs	1	154
r7_133seqs	1	154
r7_133seqs	1	154
r7_133seqs	1	154
r7_133seqs	1	154
r7_133seqs	1	154
r7_133seqs	1	154
r7_133seqs	1	154
r7_133seqs	1	154
r7_133seqs	1	154
r7_133seqs	1	154
r7_133seqs	1	154
r7_133seqs	1	154
r7_133seqs	1	154
r7_133seqs	1	154
r7_133seqs	1	154
r7_133seqs	1	154
r7_133seqs	1	154
r7_133seqs	1	154
r7_133seqs	1	154
r7_133seqs	1	154
r7_133seqs	1	154
r7_133seqs	1	154
r7_133seqs	1	154
r7_133seqs	1	154
r7_133seqs	1	154
r7_133seqs	1	154
r7_133seqs	1	154
r7_133seqs	1	154
r7_133seqs	1	154
r7_133seqs	1	154
r7_133seqs	1	154
r7_133seqs	1	154
r7_133seqs	1	154
r7_133seqs	1	154
r7_133seqs	1	154
r7_133seqs	1	154
r7_133seqs	1	154
r7_133seqs	1	154
r7_133seqs	1	154
r7_133seqs	1	154
r7_133seqs	1	154
r7_133seqs	1	154
r7_133seqs	1	154
r7_133seqs	1	154
r7_133seqs	1	154
r7_133seqs	1	154
r7_133seqs	1	154
r7_133seqs	1	154
r7_133seqs	1	154
r7_133seqs	1	154
r7_133seqs	1	154
r7_133seqs	2	154
r7_133seqs	1	154
r7_133seqs	1	154
r7_133seqs	1	154
r7_133seqs	1	154
r7_133seqs	1	154
r7_133seqs	1	153
r7_133seqs	1	154
r7_133seqs	1	154
r7_133seqs	1	154
r7_133seqs	1	154
r7_133seqs	1	154
r7_133seqs	1	154
r7_133seqs	1	154
r7_133seqs	1	154
r7_133seqs	1	154
r7_133seqs	1	154
r7_133seqs	1	154
r7_133seqs	1	154
r7_133seqs	1	154
r7_133seqs	1	154
r7_133seqs	1	154
r7_133seqs	1	154
r7_133seqs	1	154
r7_133seqs	1	154
r7_133seqs	1	154
r7_133seqs	1	154
r7_133seqs	1	154
r7_133seqs	1	154
r7_133seqs	1	154
r7_133seqs	1	154
r7_133seqs	1	154
r7_133seqs	1	154
r7_133seqs	1	154
r7_133seqs	1	154
r7_133seqs	1	154
r7_133seqs	1	154
r7_133seqs	1	154
r7_133seqs	1	154
r7_133seqs	1	154
r7_133seqs	1	154
r7_133seqs	1	154
r7_133seqs	1	154
r7_133seqs	1	154
r7_133seqs	1	154
r7_133seqs	1	154
r7_133seqs	1	154
r7_133seqs	1	154
r7_133seqs	1	154
r7_133seqs	1	154
r7_133seqs	1	154
r7_133seqs	1	154
r7_133seqs	1	154
r7_133seqs	1	154
r7_133seqs	1	154
r7_133seqs	1	154
r7_133seqs	1	154
r7_133seqs	1	154
r7_133seqs	1	154
r7_133seqs	1	154
r7_133seqs	1	154
r7_133seqs	1	154
r7_133seqs	1	154
r7_133seqs	1	154
r7_133seqs	1	154
r7_133seqs	1	154
r7_133seqs	1	154
r7_133seqs	1	154
r7_133seqs	1	152
r7_133seqs	1	154
r7_133seqs	9	154
r7_133seqs	1	154
r7_133seqs	1	154
r7_133seqs	1	152
r7_133seqs	1	152
r7_133seqs	1	152
r7_133seqs	1	152
r7_133seqs	3	154
r7_133seqs	9	154
r7_133seqs	9	154
r7_133seqs	2	154
r7_133seqs	20	154
r7_133seqs	2	154
r7_133seqs	1	154
r7_133seqs	1	154
r7_133seqs	2	151
r7_133seqs	1	154
r7_133seqs	5	154
r7_133seqs	2	154
r7_133seqs	2	154
r7_133seqs	2	154
r7_133seqs	2	154
r7_133seqs	2	154
r7_133seqs	1	152
r7_133seqs	2	154
r7_133seqs	2	154
r7_133seqs	2	151
r7_133seqs	1	150
r7_133seqs	1	153
r7_133seqs	11	154
r7_133seqs	2	154
r7_133seqs	1	153
r7_133seqs	1	153
r7_133seqs	2	154
r7_133seqs	1	153
r7_133seqs	11	154
r7_133seqs	1	151
r7_133seqs	13	154
r7_133seqs	2	154
r7_133seqs	2	154
r7_133seqs	1	154
r7_133seqs	1	151
r7_133seqs	1	151
r7_133seqs	1	154
r7_133seqs	1	154
r7_133seqs	1	154
r7_133seqs	1	154
r7_133seqs	1	153
r7_133seqs	1	151
r7_133seqs	1	147
r7_133seqs	13	154
r7_133seqs	1	154
r7_133seqs	1	154
r7_133seqs	1	154
r7_133seqs	1	154
r7_133seqs	1	151
r7_133seqs	1	154
r7_133seqs	1	154
r7_133seqs	1	154
r7_133seqs	1	154
r7_133seqs	1	154
r7_133seqs	1	154
r7_133seqs	1	151
r7_133seqs	1	154
r7_133seqs	1	151
r7_133seqs	1	154
r7_133seqs	1	148
r7_133seqs	1	151
r7_133seqs	2	152
r7_133seqs	1	154
r7_133seqs	1	154
r7_133seqs	1	154
r7_133seqs	1	154
r7_133seqs	6	154
r7_133seqs	1	154
r7_133seqs	1	154
r7_133seqs	1	154
r7_133seqs	1	154
r7_133seqs	1	154
r7_133seqs	1	154
r7_133seqs	1	154
r7_133seqs	1	154
r7_133seqs	1	154
r7_133seqs	1	154
r7_133seqs	1	154
r7_133seqs	1	154
r7_133seqs	1	154
r7_133seqs	1	154
r7_133seqs	1	154
r7_133seqs	1	154
r7_133seqs	6	154
r7_133seqs	6	154
r7_133seqs	1	154
r7_133seqs	1	154
r7_133seqs	6	154
r7_133seqs	1	154
r7_133seqs	1	154
r7_133seqs	1	154
r7_133seqs	1	154
r7_133seqs	1	154
r7_133seqs	1	154
r7_133seqs	1	154
r7_133seqs	1	154
r7_133seqs	1	151
r7_133seqs	1	151
r7_133seqs	1	153
r7_133seqs	8	154
r7_133seqs	2	154
r7_133seqs	1	153
r7_133seqs	1	153
r7_133seqs	1	152
r7_133seqs	2	154
r7_133seqs	2	154
r7_133seqs	2	154
r7_133seqs	1	153
r7_133seqs	2	154
r7_133seqs	17	154
r7_133seqs	2	154
r7_133seqs	2	154
r7_133seqs	1	153
r7_133seqs	2	154
r7_133seqs	2	154
r7_133seqs	2	154
r7_133seqs	2	154
r7_133seqs	2	154
r7_133seqs	1	152
r7_133seqs	1	153
r7_133seqs	1	153
r7_133seqs	1	153
r7_133seqs	1	154
r7_133seqs	1	154
r7_133seqs	1	154
r7_133seqs	1	154
r7_133seqs	1	154
r7_133seqs	1	154
r7_133seqs	1	154
r7_133seqs	1	154
r7_133seqs	1	154
r7_133seqs	1	154
r7_133seqs	1	154
r7_133seqs	1	154
r7_133seqs	1	151
r7_133seqs	1	154
r7_133seqs	1	154
r7_133seqs	1	154
r7_133seqs	1	154
r7_133seqs	1	154
r7_133seqs	1	154
r7_133seqs	1	154
r7_133seqs	1	154
r7_133seqs	1	154
r7_133seqs	1	154
r7_133seqs	1	154
r7_133seqs	1	154
r7_133seqs	1	154
r7_133seqs	1	154
r7_133seqs	1	154
r7_133seqs	1	154
r7_133seqs	1	154
r7_133seqs	1	154
r7_133seqs	1	154
r7_133seqs	1	154
r7_133seqs	1	154
r7_133seqs	1	154
r7_133seqs	1	154
r7_133seqs	1	154
r7_133seqs	1	154
r7_133seqs	1	154
r7_133seqs	1	154
r7_133seqs	1	154
r7_133seqs	1	154
r7_133seqs	1	154
r7_133seqs	1	151
r7_133seqs	1	154
r7_133seqs	1	154
r7_133seqs	1	154
r7_133seqs	1	154
r7_133seqs	1	154
r7_133seqs	1	154
r7_133seqs	1	154
r7_133seqs	1	154
r7_133seqs	1	154
r7_133seqs	1	154
r7_133seqs	1	154
r7_133seqs	1	154
r7_133seqs	1	154
r7_133seqs	1	154
r7_133seqs	1	154
r7_133seqs	1	154
r7_133seqs	1	154
r7_133seqs	1	154
r7_133seqs	1	154
r7_133seqs	1	154
r7_133seqs	1	154
r7_133seqs	1	154
r7_133seqs	1	154
r7_133seqs	1	154
r7_133seqs	1	154
r7_133seqs	1	154
r7_133seqs	1	154
r7_133seqs	1	154
r7_133seqs	1	154
r7_133seqs	1	154
r7_133seqs	1	154
r7_133seqs	1	154
r7_133seqs	1	154
r7_133seqs	1	154
r7_133seqs	1	154
r7_133seqs	1	154
r7_133seqs	1	154
r7_133seqs	1	154
r7_133seqs	1	154
r7_133seqs	1	154
r7_133seqs	1	154
r7_133seqs	1	154
r7_133seqs	1	154
r7_133seqs	1	154
r7_133seqs	1	154
r7_133seqs	1	154
r7_133seqs	1	154
r7_133seqs	1	154
r7_133seqs	1	154
r7_133seqs	1	151
r7_133seqs	1	154
r7_133seqs	1	154
r7_133seqs	1	154
r7_133seqs	1	154
r7_133seqs	1	154
r7_133seqs	1	154
r7_133seqs	1	154
r7_133seqs	1	154
r7_133seqs	1	154
r7_133seqs	1	154
r7_133seqs	1	154
r7_133seqs	1	154
r7_133seqs	1	154
r7_133seqs	1	154
r7_133seqs	1	154
r7_133seqs	1	154
r7_133seqs	1	154
r7_133seqs	1	154
r7_133seqs	1	154
r7_133seqs	1	154
r7_133seqs	1	154
r7_133seqs	1	151
r7_133seqs	1	154
r7_133seqs	1	154
r7_133seqs	1	154
r7_133seqs	1	151
r7_133seqs	1	154
r7_133seqs	1	154
r7_133seqs	1	154
r7_133seqs	1	151
r7_133seqs	1	154
r7_133seqs	1	154
r7_133seqs	1	154
r7_133seqs	1	154
r7_133seqs	1	154
r7_133seqs	1	154
r7_133seqs	1	154
r7_133seqs	1	154
r7_133seqs	1	154
r7_133seqs	1	154
r7_133seqs	1	154
r7_133seqs	1	154
r7_133seqs	1	154
r7_133seqs	1	154
r7_133seqs	1	154
r7_133seqs	1	154
r7_133seqs	1	154
r7_133seqs	1	154
r7_133seqs	1	154
r7_133seqs	1	151
r7_133seqs	1	152
r7_133seqs	1	154
r7_133seqs	1	152
r7_133seqs	3	154
r7_133seqs	1	154
r7_133seqs	1	154
r7_133seqs	1	154
r7_133seqs	1	154
r7_133seqs	1	154
r7_133seqs	1	154
r7_133seqs	1	154
r7_133seqs	1	152
r7_133seqs	1	154
r7_133seqs	1	154
r7_133seqs	1	152
r7_133seqs	1	154
r7_133seqs	1	154
r7_133seqs	1	154
r7_133seqs	1	154
r7_133seqs	6	154
r7_133seqs	1	154
r7_133seqs	3	154
r7_133seqs	3	154
r7_133seqs	1	154
r7_133seqs	3	154
r7_133seqs	1	154
r7_133seqs	1	154
r7_133seqs	1	154
r7_133seqs	1	154
r7_133seqs	1	154
r7_133seqs	1	152
r7_133seqs	12	154
r7_133seqs	1	154
r7_133seqs	3	154
r7_133seqs	1	152
r7_133seqs	1	152
r7_133seqs	3	154
r7_133seqs	2	154
r7_133seqs	1	150
r7_133seqs	1	150
r7_133seqs	1	154
r7_133seqs	8	154
r7_133seqs	2	154
r7_133seqs	5	154
r7_133seqs	5	154
r7_133seqs	5	154
r7_133seqs	1	154
r7_133seqs	1	154
r7_133seqs	1	154
r7_133seqs	1	154
r7_133seqs	1	154
r7_133seqs	1	154
r7_133seqs	1	154
r7_133seqs	1	154
r7_133seqs	1	154
r7_133seqs	1	154
r7_133seqs	1	154
r7_133seqs	1	154
r7_133seqs	1	154
r7_133seqs	1	154
r7_133seqs	1	154
r7_133seqs	1	154
r7_133seqs	1	154
r7_133seqs	1	154
r7_133seqs	5	152
r7_133seqs	1	154
r7_133seqs	1	154
r7_133seqs	1	154
r7_133seqs	1	154
r7_133seqs	2	152
r7_133seqs	1	154
r7_133seqs	1	154
r7_133seqs	1	154
r7_133seqs	1	154
r7_133seqs	1	154
r7_133seqs	1	154
r7_133seqs	1	154
r7_133seqs	1	154
r7_133seqs	1	154
r7_133seqs	1	154
r7_133seqs	1	154
r7_133seqs	1	154
r7_133seqs	1	154
r7_133seqs	1	154
r7_133seqs	1	154
r7_133seqs	1	154
r7_133seqs	1	154
r7_133seqs	1	154
r7_133seqs	1	154
r7_133seqs	1	154
r7_133seqs	1	154
r7_133seqs	1	154
r7_133seqs	1	154
r7_133seqs	1	154
r7_133seqs	1	154
r7_133seqs	1	154
r7_133seqs	1	154
r7_133seqs	1	154
r7_133seqs	1	154
r7_133seqs	1	154
r7_133seqs	1	154
r7_133seqs	1	154
r7_133seqs	1	154
r7_133seqs	1	154
r7_133seqs	1	154
r7_133seqs	1	154
r7_133seqs	1	154
r7_133seqs	1	154
r7_133seqs	1	154
r7_133seqs	1	154
r7_133seqs	1	154
r7_133seqs	1	154
r7_133seqs	1	154
r7_133seqs	1	154
r7_133seqs	1	154
r7_133seqs	1	154
r7_133seqs	1	154
r7_133seqs	1	154
r7_133seqs	1	154
r7_133seqs	1	154
r7_133seqs	1	154
r7_133seqs	1	154
r7_133seqs	1	154
r7_133seqs	1	154
r7_133seqs	2	154
r7_133seqs	1	154
r7_133seqs	1	154
r7_133seqs	1	154
r7_133seqs	1	154
r7_133seqs	1	154
r7_133seqs	1	154
r7_133seqs	1	154
r7_133seqs	1	154
r7_133seqs	1	154
r7_133seqs	1	154
r7_133seqs	1	154
r7_133seqs	1	154
r7_133seqs	1	154
r7_133seqs	1	154
r7_133seqs	1	154
r7_133seqs	1	148
r7_133seqs	1	154
r7_133seqs	1	154
r7_133seqs	1	154
r7_133seqs	1	148
r7_133seqs	1	154
r7_133seqs	1	154
r7_133seqs	1	154
r7_133seqs	1	154
r7_133seqs	1	154
r7_133seqs	1	154
r7_133seqs	1	154
r7_133seqs	1	154
r7_133seqs	1	154
r7_133seqs	1	154
r7_133seqs	1	154
r7_133seqs	1	154
r7_133seqs	1	154
r7_133seqs	1	154
r7_133seqs	1	154
r7_133seqs	1	154
r7_133seqs	1	154
r7_133seqs	1	154
r7_133seqs	1	154
r7_133seqs	1	154
r7_133seqs	1	154
r7_133seqs	1	154
r7_133seqs	1	154
r7_133seqs	1	154
r7_133seqs	1	154
r7_133seqs	1	154
r7_133seqs	1	154
r7_133seqs	1	154
r7_133seqs	1	154
r7_133seqs	1	154
r7_133seqs	1	154
r7_133seqs	1	154
r7_133seqs	1	154
r7_133seqs	1	154
r7_133seqs	1	154
r7_133seqs	1	154
r7_133seqs	1	154
r7_133seqs	1	154
r7_133seqs	1	154
r7_133seqs	1	154
r7_133seqs	1	154
r7_133seqs	1	154
r7_133seqs	1	154
r7_133seqs	1	151
r7_133seqs	1	154
r7_133seqs	1	154
r7_133seqs	1	152
r7_133seqs	10	152
r7_133seqs	1	151
r7_133seqs	1	152
r7_133seqs	1	154
r7_133seqs	9	154
r7_133seqs	1	154
r7_133seqs	1	154
r7_133seqs	1	154
r7_133seqs	9	154
r7_133seqs	1	152
r7_133seqs	1	154
r7_133seqs	1	154
r7_133seqs	9	154
r7_133seqs	9	154
r7_133seqs	1	151
r7_133seqs	6	154
r7_133seqs	1	152
r7_133seqs	1	152
r7_133seqs	9	154
r7_133seqs	1	154
r7_133seqs	1	153
r7_133seqs	1	153
r7_133seqs	1	153
r7_133seqs	2	154
r7_133seqs	2	154
r7_133seqs	1	154
r7_133seqs	1	154
r7_133seqs	2	154
r7_133seqs	2	151
r7_133seqs	2	154
r7_133seqs	2	151
r7_133seqs	1	150
r7_133seqs	1	153
r7_133seqs	1	154
r7_133seqs	2	154
r7_133seqs	5	154
r7_133seqs	1	154
r7_133seqs	2	154
r7_133seqs	1	153
r7_133seqs	2	154
r7_133seqs	11	154
r7_133seqs	2	154
r7_133seqs	1	154
r7_133seqs	13	154
r7_133seqs	1	154
r7_133seqs	1	154
r7_133seqs	1	154
r7_133seqs	1	154
r7_133seqs	1	154
r7_133seqs	1	154
r7_133seqs	1	154
r7_133seqs	1	154
r7_133seqs	1	154
r7_133seqs	1	154
r7_133seqs	1	154
r7_133seqs	1	154
r7_133seqs	1	154
r7_133seqs	1	154
r7_133seqs	1	154
r7_133seqs	2	154
r7_133seqs	1	154
r7_133seqs	1	154
r7_133seqs	1	154
r7_133seqs	1	154
r7_133seqs	1	153
r7_133seqs	1	154
r7_133seqs	1	154
r7_133seqs	1	154
r7_133seqs	1	154
r7_133seqs	1	154
r7_133seqs	1	154
r7_133seqs	1	154
r7_133seqs	1	154
r7_133seqs	1	154
r7_133seqs	1	148
r7_133seqs	1	154
r7_133seqs	1	154
r7_133seqs	1	154
r7_133seqs	1	154
r7_133seqs	1	154
r7_133seqs	1	154
r7_133seqs	6	153
r7_133seqs	15	153
r7_133seqs	1	151
r7_133seqs	1	154
r7_133seqs	1	154
r7_133seqs	1	151
r7_133seqs	1	151
r7_133seqs	1	154
r7_133seqs	1	152
r7_133seqs	1	154
r7_133seqs	1	146
r7_133seqs	1	154
r7_133seqs	1	140
r7_133seqs	1	154
r7_133seqs	2	154
r7_133seqs	2	148
r7_133seqs	1	154
r7_133seqs	1	154
r7_133seqs	8	151
r7_133seqs	2	154
r7_133seqs	1	153
r7_133seqs	2	154
r7_133seqs	1	151
r7_133seqs	2	154
r7_133seqs	1	154
r7_133seqs	1	154
r7_133seqs	12	154
r7_133seqs	1	154
r7_133seqs	1	152
r7_133seqs	1	154
r7_133seqs	1	154
r7_133seqs	1	154
r7_133seqs	1	151
r7_133seqs	1	154
r7_133seqs	1	154
r7_133seqs	1	154
r7_133seqs	1	154
r7_133seqs	1	154
r7_133seqs	1	154
r7_133seqs	6	154
r7_133seqs	1	154
r7_133seqs	1	154
r7_133seqs	1	154
r7_133seqs	1	154
r7_133seqs	6	154
r7_133seqs	1	154
r7_133seqs	2	154
r7_133seqs	1	154
r7_133seqs	1	154
r7_133seqs	1	154
r7_133seqs	1	154
r7_133seqs	1	154
r7_133seqs	1	154
r7_133seqs	1	154
r7_133seqs	1	154
r7_133seqs	1	154
r7_133seqs	1	154
r7_133seqs	1	154
r7_133seqs	1	154
r7_133seqs	1	154
r7_133seqs	1	154
r7_133seqs	1	154
r7_133seqs	2	154
r7_133seqs	2	154
r7_133seqs	2	154
r7_133seqs	2	154
r7_133seqs	2	154
r7_133seqs	2	154
r7_133seqs	1	153
r7_133seqs	2	154
r7_133seqs	2	154
r7_133seqs	1	153
r7_133seqs	4	154
r7_133seqs	1	151
r7_133seqs	1	151
r7_133seqs	1	154
r7_133seqs	1	154
r7_133seqs	1	154
r7_133seqs	1	154
r7_133seqs	1	154
r7_133seqs	1	154
r7_133seqs	14	154
r7_133seqs	1	154
r7_133seqs	5	150
r7_133seqs	1	154
r7_133seqs	1	154
r7_133seqs	6	154
r7_133seqs	1	154
r7_133seqs	1	154
r7_133seqs	1	154
r7_133seqs	1	153
r7_133seqs	1	153
r7_133seqs	1	153
r7_133seqs	8	154
r7_133seqs	2	154
r7_133seqs	1	153
r7_133seqs	1	147
r7_133seqs	1	153
r7_133seqs	2	154
r7_133seqs	1	153
r7_133seqs	12	154
r7_133seqs	17	154
r7_133seqs	8	151
r7_133seqs	1	153
r7_133seqs	1	151
r7_133seqs	1	154
r7_133seqs	1	154
r7_133seqs	1	154
r7_133seqs	1	154
r7_133seqs	1	154
r7_133seqs	1	154
r7_133seqs	1	154
r7_133seqs	1	154
r7_133seqs	1	154
r7_133seqs	1	154
r7_133seqs	1	154
r7_133seqs	1	154
r7_133seqs	1	154
r7_133seqs	1	154
r7_133seqs	1	154
r7_133seqs	1	154
r7_133seqs	1	154
r7_133seqs	1	154
r7_133seqs	1	154
r7_133seqs	1	154
r7_133seqs	1	154
r7_133seqs	1	154
r7_133seqs	1	154
r7_133seqs	1	154
r7_133seqs	1	154
r7_133seqs	1	154
r7_133seqs	1	154
r7_133seqs	1	154
r7_133seqs	2	152
r7_133seqs	1	154
r7_133seqs	1	154
r7_133seqs	1	154
r7_133seqs	1	154
r7_133seqs	1	154
r7_133seqs	1	154
r7_133seqs	1	154
r7_133seqs	1	154
r7_133seqs	1	154
r7_133seqs	1	154
r7_133seqs	1	151
r7_133seqs	1	154
r7_133seqs	1	154
r7_133seqs	1	154
r7_133seqs	1	154
r7_133seqs	1	154
r7_133seqs	1	154
r7_133seqs	1	154
r7_133seqs	1	154
r7_133seqs	1	154
r7_133seqs	1	154
r7_133seqs	1	154
r7_133seqs	1	154
r7_133seqs	1	154
r7_133seqs	1	154
r7_133seqs	1	154
r7_133seqs	1	154
r7_133seqs	1	154
r7_133seqs	1	154
r7_133seqs	1	154
r7_133seqs	1	154
r7_133seqs	1	154
r7_133seqs	1	154
r7_133seqs	1	154
r7_133seqs	1	154
r7_133seqs	1	154
r7_133seqs	1	154
r7_133seqs	1	154
r7_133seqs	1	154
r7_133seqs	1	154
r7_133seqs	1	154
r7_133seqs	1	154
r7_133seqs	1	154
r7_133seqs	1	154
r7_133seqs	1	154
r7_133seqs	10	154
r7_133seqs	1	154
r7_133seqs	1	154
r7_133seqs	1	154
r7_133seqs	1	154
r7_133seqs	1	154
r7_133seqs	1	154
r7_133seqs	1	154
r7_133seqs	1	154
r7_133seqs	1	154
r7_133seqs	1	154
r7_133seqs	1	154
r7_133seqs	1	154
r7_133seqs	1	154
r7_133seqs	1	154
r7_133seqs	1	154
r7_133seqs	1	154
r7_133seqs	1	154
r7_133seqs	1	154
r7_133seqs	1	154
r7_133seqs	1	154
r7_133seqs	1	154
r7_133seqs	1	154
r7_133seqs	1	154
r7_133seqs	1	154
r7_133seqs	1	154
r7_133seqs	1	154
r7_133seqs	1	154
r7_133seqs	1	154
r7_133seqs	1	154
r7_133seqs	1	154
r7_133seqs	1	154
r7_133seqs	1	154
r7_133seqs	1	154
r7_133seqs	1	154
r7_133seqs	1	154
r7_133seqs	1	154
r7_133seqs	1	154
r7_133seqs	1	154
r7_133seqs	1	154
r7_133seqs	1	154
r7_133seqs	1	152
r7_133seqs	1	154
r7_133seqs	1	154
r7_133seqs	1	154
r7_133seqs	1	154
r7_133seqs	1	154
r7_133seqs	6	154
r7_133seqs	1	154
r7_133seqs	1	154
r7_133seqs	3	154
r7_133seqs	1	154
r7_133seqs	1	149
r7_133seqs	1	152
r7_133seqs	1	152
r7_133seqs	1	152
r7_133seqs	1	154
r7_133seqs	1	154
r7_133seqs	1	154
r7_133seqs	1	152
r7_133seqs	1	154
r7_133seqs	1	154
r7_133seqs	1	154
r7_133seqs	1	154
r7_133seqs	6	154
r7_133seqs	1	154
r7_133seqs	1	152
r7_133seqs	2	154
r7_133seqs	14	154
r7_133seqs	2	154
r7_133seqs	1	153
r7_133seqs	1	154
r7_133seqs	5	154
r7_133seqs	1	154
r7_133seqs	3	154
r7_133seqs	14	154
r7_133seqs	1	154
r7_133seqs	2	151
r7_133seqs	1	154
r7_133seqs	1	154
r7_133seqs	1	151
r7_133seqs	10	148
r7_133seqs	1	154
r7_133seqs	5	152
r7_133seqs	1	154
r7_133seqs	1	154
r7_133seqs	1	154
r7_133seqs	1	154
r7_133seqs	1	154
r7_133seqs	1	154
r7_133seqs	1	154
r7_133seqs	1	154
r7_133seqs	1	154
r7_133seqs	1	154
r7_133seqs	1	154
r7_133seqs	2	154
r7_133seqs	1	154
r7_133seqs	2	154
r7_133seqs	1	154
r7_133seqs	1	154
r7_133seqs	1	154
r7_133seqs	1	154
r7_133seqs	10	154
r7_133seqs	1	154
r7_133seqs	1	154
r7_133seqs	1	154
r7_133seqs	1	154
r7_133seqs	1	154
r7_133seqs	1	154
r7_133seqs	1	154
r7_133seqs	1	154
r7_133seqs	1	154
r7_133seqs	1	148
r7_133seqs	1	154
r7_133seqs	1	154
r7_133seqs	1	154
r7_133seqs	1	154
r7_133seqs	1	154
r7_133seqs	1	154
r7_133seqs	1	154
r7_133seqs	1	154
r7_133seqs	1	154
r7_133seqs	13	154
r7_133seqs	1	154
r7_133seqs	1	154
r7_133seqs	1	154
r7_133seqs	1	151
r7_133seqs	1	154
r7_133seqs	7	154
r7_133seqs	1	154
r7_133seqs	1	154
r7_133seqs	1	154
r7_133seqs	1	154
r7_133seqs	1	154
r7_133seqs	1	154
r7_133seqs	1	154
r7_133seqs	1	154
r7_133seqs	1	154
r7_133seqs	1	154
r7_133seqs	1	154
r7_133seqs	1	154
r7_133seqs	1	154
r7_133seqs	1	151
r7_133seqs	1	154
r7_133seqs	1	154
r7_133seqs	1	154
r7_133seqs	1	154
r7_133seqs	1	154
r7_133seqs	1	154
r7_133seqs	1	154
r7_133seqs	1	154
r7_133seqs	1	154
r7_133seqs	1	154
r7_133seqs	1	154
r7_133seqs	1	154
r7_133seqs	1	154
r7_133seqs	1	154
r7_133seqs	1	154
r7_133seqs	1	154
r7_133seqs	1	154
r7_133seqs	1	154
r7_133seqs	1	154
r7_133seqs	1	154
r7_133seqs	1	154
r7_133seqs	1	154
r7_133seqs	1	154
r7_133seqs	1	154
r7_133seqs	1	154
r7_133seqs	1	154
r7_133seqs	1	154
r7_133seqs	1	154
r7_133seqs	1	154
r7_133seqs	1	154
r7_133seqs	1	154
r7_133seqs	1	154
r7_133seqs	1	154
r7_133seqs	1	154
r7_133seqs	4	154
r7_133seqs	1	154
r7_133seqs	1	154
r7_133seqs	1	154
r7_133seqs	1	153
r7_133seqs	1	154
r7_133seqs	1	154
r7_133seqs	1	154
r7_133seqs	1	154
r7_133seqs	1	154
r7_133seqs	1	154
r7_133seqs	1	154
r7_133seqs	1	154
r7_133seqs	1	154
r7_133seqs	1	154
r7_133seqs	1	154
r7_133seqs	1	154
r7_133seqs	1	154
r7_133seqs	1	154
r7_133seqs	1	154
r7_133seqs	1	154
r7_133seqs	1	154
r7_133seqs	1	154
r7_133seqs	1	154
r7_133seqs	1	154
r7_133seqs	1	154
r7_133seqs	1	154
r7_133seqs	1	154
r7_133seqs	1	154
r7_133seqs	1	154
r7_133seqs	1	154
r7_133seqs	1	154
r7_133seqs	1	154
r7_133seqs	1	154
r7_133seqs	1	154
r7_133seqs	2	153
r7_133seqs	1	152
r7_133seqs	1	154
r7_133seqs	1	154
r7_133seqs	2	153
r7_133seqs	1	154
r7_133seqs	1	154
r7_133seqs	1	154
r7_133seqs	1	152
r7_133seqs	1	152
r7_133seqs	1	152
r7_133seqs	2	154
r7_133seqs	2	154
r7_133seqs	1	153
r7_133seqs	2	154
r7_133seqs	1	154
r7_133seqs	9	154
r7_133seqs	5	154
r7_133seqs	2	154
r7_133seqs	2	154
r7_133seqs	2	154
r7_133seqs	2	154
r7_133seqs	2	154
r7_133seqs	2	154
r7_133seqs	1	154
r7_133seqs	1	154
r7_133seqs	1	153
r7_133seqs	1	154
r7_133seqs	1	152
r7_133seqs	1	153
r7_133seqs	2	154
r7_133seqs	2	154
r7_133seqs	1	153
r7_133seqs	1	153
r7_133seqs	1	154
r7_133seqs	1	154
r7_133seqs	1	151
r7_133seqs	1	154
r7_133seqs	1	154
r7_133seqs	1	154
r7_133seqs	1	154
r7_133seqs	1	154
r7_133seqs	1	154
r7_133seqs	1	154
r7_133seqs	1	154
r7_133seqs	1	154
r7_133seqs	1	154
r7_133seqs	1	154
r7_133seqs	1	154
r7_133seqs	1	154
r7_133seqs	1	153
r7_133seqs	1	154
r7_133seqs	2	152
r7_133seqs	1	151
r7_133seqs	1	151
r7_133seqs	1	154
r7_133seqs	1	148
r7_133seqs	1	151
r7_133seqs	1	154
r7_133seqs	1	154
r7_133seqs	1	154
r7_133seqs	1	154
r7_133seqs	1	151
r7_133seqs	2	154
r7_133seqs	1	154
r7_133seqs	1	154
r7_133seqs	1	151
r7_133seqs	1	154
r7_133seqs	1	154
r7_133seqs	1	154
r7_133seqs	2	152
r7_133seqs	1	154
r7_133seqs	1	151
r7_133seqs	1	154
r7_133seqs	1	154
r7_133seqs	1	154
r7_133seqs	3	154
r7_133seqs	1	154
r7_133seqs	1	154
r7_133seqs	1	154
r7_133seqs	1	154
r7_133seqs	2	154
r7_133seqs	1	154
r7_133seqs	1	154
r7_133seqs	1	154
r7_133seqs	1	154
r7_133seqs	1	154
r7_133seqs	9	154
r7_133seqs	1	151
r7_133seqs	1	154
r7_133seqs	1	154
r7_133seqs	1	154
r7_133seqs	6	154
r7_133seqs	1	154
r7_133seqs	1	154
r7_133seqs	1	154
r7_133seqs	1	154
r7_133seqs	1	154
r7_133seqs	1	154
r7_133seqs	1	154
r7_133seqs	2	154
r7_133seqs	2	154
r7_133seqs	1	153
r7_133seqs	1	154
r7_133seqs	1	154
r7_133seqs	2	154
r7_133seqs	2	154
r7_133seqs	2	154
r7_133seqs	2	154
r7_133seqs	11	154
r7_133seqs	2	154
r7_133seqs	2	154
r7_133seqs	1	153
r7_133seqs	1	152
r7_133seqs	1	153
r7_133seqs	1	153
r7_133seqs	2	154
r7_133seqs	5	154
r7_133seqs	1	153
r7_133seqs	8	154
r7_133seqs	1	147
r7_133seqs	1	151
r7_133seqs	1	153
r7_133seqs	17	154
r7_133seqs	1	153
r7_133seqs	2	154
r7_133seqs	2	154
r7_133seqs	1	151
r7_133seqs	2	152
r7_133seqs	1	151
r7_133seqs	17	152
r7_133seqs	1	154
r7_133seqs	1	154
r7_133seqs	1	154
r7_133seqs	19	154
r7_133seqs	1	154
r7_133seqs	1	154
r7_133seqs	1	154
r7_133seqs	1	151
r7_133seqs	1	154
r7_133seqs	1	154
r7_133seqs	1	154
r7_133seqs	1	154
r7_133seqs	1	154
r7_133seqs	1	151
r7_133seqs	1	154
r7_133seqs	1	154
r7_133seqs	1	154
r7_133seqs	1	154
r7_133seqs	1	151
r7_133seqs	1	154
r7_133seqs	1	154
r7_133seqs	1	154
r7_133seqs	1	154
r7_133seqs	1	154
r7_133seqs	1	154
r7_133seqs	1	154
r7_133seqs	1	154
r7_133seqs	1	151
r7_133seqs	1	154
r7_133seqs	1	154
r7_133seqs	1	154
r7_133seqs	1	154
r7_133seqs	1	154
r7_133seqs	1	154
r7_133seqs	1	154
r7_133seqs	1	151
r7_133seqs	1	154
r7_133seqs	1	154
r7_133seqs	1	154
r7_133seqs	1	154
r7_133seqs	1	154
r7_133seqs	1	154
r7_133seqs	1	154
r7_133seqs	1	154
r7_133seqs	1	154
r7_133seqs	1	154
r7_133seqs	1	154
r7_133seqs	1	154
r7_133seqs	1	154
r7_133seqs	1	154
r7_133seqs	1	154
r7_133seqs	1	154
r7_133seqs	1	154
r7_133seqs	1	154
r7_133seqs	1	154
r7_133seqs	1	154
r7_133seqs	1	154
r7_133seqs	1	154
r7_133seqs	1	154
r7_133seqs	1	154
r7_133seqs	1	154
r7_133seqs	1	154
r7_133seqs	1	154
r7_133seqs	1	154
r7_133seqs	1	154
r7_133seqs	1	154
r7_133seqs	1	154
r7_133seqs	1	154
r7_133seqs	1	154
r7_133seqs	1	154
r7_133seqs	1	154
r7_133seqs	1	154
r7_133seqs	1	154
r7_133seqs	1	154
r7_133seqs	1	154
r7_133seqs	1	154
r7_133seqs	1	154
r7_133seqs	4	154
r7_133seqs	5	147
r7_133seqs	1	154
r7_133seqs	15	154
r7_133seqs	1	154
r7_133seqs	1	154
r7_133seqs	1	152
r7_133seqs	1	154
r7_133seqs	1	154
r7_133seqs	1	154
r7_133seqs	1	154
r7_133seqs	1	154
r7_133seqs	1	154
r7_133seqs	2	150
r7_133seqs	3	154
r7_133seqs	1	154
r7_133seqs	1	154
r7_133seqs	1	154
r7_133seqs	1	154
r7_133seqs	1	151
r7_133seqs	2	154
r7_133seqs	5	154
r7_133seqs	6	151
r7_133seqs	8	154
r7_133seqs	3	152
r7_133seqs	2	151
r7_133seqs	5	154
r7_133seqs	1	147
r7_133seqs	1	154
r7_133seqs	5	154
r7_133seqs	1	150
r7_133seqs	1	150
r7_133seqs	2	154
r7_133seqs	1	154
r7_133seqs	1	150
r7_133seqs	2	154
r7_133seqs	5	152
r7_133seqs	1	154
r7_133seqs	1	154
r7_133seqs	1	154
r7_133seqs	1	154
r7_133seqs	1	154
r7_133seqs	1	154
r7_133seqs	2	154
r7_133seqs	1	154
r7_133seqs	1	154
r7_133seqs	19	154
r7_133seqs	1	154
r7_133seqs	1	154
r7_133seqs	6	154
r7_133seqs	1	154
r7_133seqs	1	154
r7_133seqs	1	154
r7_133seqs	1	154
r7_133seqs	1	154
r7_133seqs	1	154
r7_133seqs	1	154
r7_133seqs	1	154
r7_133seqs	1	154
r7_133seqs	1	154
r7_133seqs	1	154
r7_133seqs	1	154
r7_133seqs	1	154
r7_133seqs	1	154
r7_133seqs	1	154
r7_133seqs	1	154
r7_133seqs	1	154
r7_133seqs	1	154
r7_133seqs	1	154
r7_133seqs	1	154
r7_133seqs	10	154
r7_133seqs	1	154
r7_133seqs	1	154
r7_133seqs	1	154
r7_133seqs	1	154
r7_133seqs	1	154
r7_133seqs	1	154
r7_133seqs	1	154
r7_133seqs	1	154
r7_133seqs	1	154
r7_133seqs	1	154
r7_133seqs	1	154
r7_133seqs	1	154
r7_133seqs	1	151
r7_133seqs	1	154
r7_133seqs	1	154
r7_133seqs	1	154
r7_133seqs	1	154
r7_133seqs	1	154
r7_133seqs	1	154
r7_133seqs	1	154
r7_133seqs	1	154
r7_133seqs	1	154
r7_133seqs	1	154
r7_133seqs	1	154
r7_133seqs	1	154
r7_133seqs	1	154
r7_133seqs	1	154
r7_133seqs	1	154
r7_133seqs	1	154
r7_133seqs	1	151
r7_133seqs	1	154
r7_133seqs	16	154
r7_133seqs	1	154
r7_133seqs	1	154
r7_133seqs	1	154
r7_133seqs	1	154
r7_133seqs	1	154
r7_133seqs	1	154
r7_133seqs	1	154
r7_133seqs	1	154
r7_133seqs	1	154
r7_133seqs	1	154
r7_133seqs	1	154
r7_133seqs	1	154
r7_133seqs	1	154
r7_133seqs	1	154
r7_133seqs	1	151
r7_133seqs	1	154
r7_133seqs	1	154
r7_133seqs	1	154
r7_133seqs	1	154
r7_133seqs	1	154
r7_133seqs	1	154
r7_133seqs	1	154
r7_133seqs	1	154
r7_133seqs	1	154
r7_133seqs	1	154
r7_133seqs	1	154
r7_133seqs	1	154
r7_133seqs	1	154
r7_133seqs	1	154
r7_133seqs	1	154
r7_133seqs	1	154
r7_133seqs	1	154
r7_133seqs	1	152
r7_133seqs	1	152
r7_133seqs	5	154
r7_133seqs	1	154
r7_133seqs	1	154
r7_133seqs	1	152
r7_133seqs	1	152
r7_133seqs	3	154
r7_133seqs	1	152
r7_133seqs	1	154
r7_133seqs	1	152
r7_133seqs	2	154
r7_133seqs	1	150
r7_133seqs	3	154
r7_133seqs	1	154
r7_133seqs	1	154
r7_133seqs	1	154
r7_133seqs	1	152
r7_133seqs	1	152
r7_133seqs	2	154
r7_133seqs	1	154
r7_133seqs	2	154
r7_133seqs	5	154
r7_133seqs	6	154
r7_133seqs	5	154
r7_133seqs	2	154
r7_133seqs	1	154
r7_133seqs	2	154
r7_133seqs	2	154
r7_133seqs	2	154
r7_133seqs	2	154
r7_133seqs	1	153
r7_133seqs	2	154
r7_133seqs	1	154
r7_133seqs	2	154
r7_133seqs	2	154
r7_133seqs	2	154
r7_133seqs	1	153
r7_133seqs	1	154
r7_133seqs	1	151
r7_133seqs	2	154
r7_133seqs	1	153
r7_133seqs	2	154
r7_133seqs	1	154
r7_133seqs	1	154
r7_133seqs	1	151
r7_133seqs	1	154
r7_133seqs	1	153
r7_133seqs	1	152
r7_133seqs	1	154
r7_133seqs	1	154
r7_133seqs	1	151
r7_133seqs	2	154
r7_133seqs	2	154
r7_133seqs	1	154
r7_133seqs	4	154
r7_133seqs	1	154
r7_133seqs	1	154
r7_133seqs	1	154
r7_133seqs	1	154
r7_133seqs	1	154
r7_133seqs	1	154
r7_133seqs	1	154
r7_133seqs	1	154
r7_133seqs	1	152
r7_133seqs	1	154
r7_133seqs	1	154
r7_133seqs	1	154
r7_133seqs	1	154
r7_133seqs	1	154
r7_133seqs	1	154
r7_133seqs	1	154
r7_133seqs	1	151
r7_133seqs	1	154
r7_133seqs	1	154
r7_133seqs	1	154
r7_133seqs	1	154
r7_133seqs	1	154
r7_133seqs	1	154
r7_133seqs	1	154
r7_133seqs	1	153
r7_133seqs	1	154
r7_133seqs	1	154
r7_133seqs	2	154
r7_133seqs	6	154
r7_133seqs	1	151
r7_133seqs	1	154
r7_133seqs	2	154
r7_133seqs	1	154
r7_133seqs	1	154
r7_133seqs	1	154
r7_133seqs	1	154
r7_133seqs	1	140
r7_133seqs	1	154
r7_133seqs	1	152
r7_133seqs	1	154
r7_133seqs	1	154
r7_133seqs	1	154
r7_133seqs	1	154
r7_133seqs	1	154
r7_133seqs	1	154
r7_133seqs	1	154
r7_133seqs	1	149
r7_133seqs	1	152
r7_133seqs	1	154
r7_133seqs	1	154
r7_133seqs	1	154
r7_133seqs	6	154
r7_133seqs	1	154
r7_133seqs	1	154
r7_133seqs	1	153
r7_133seqs	2	154
r7_133seqs	2	154
r7_133seqs	2	154
r7_133seqs	1	154
r7_133seqs	2	154
r7_133seqs	1	153
r7_133seqs	1	153
r7_133seqs	2	154
r7_133seqs	1	153
r7_133seqs	2	154
r7_133seqs	1	153
r7_133seqs	8	154
r7_133seqs	1	153
r7_133seqs	2	154
r7_133seqs	1	154
r7_133seqs	12	154
r7_133seqs	2	154
r7_133seqs	2	154
r7_133seqs	1	153
r7_133seqs	1	154
r7_133seqs	1	154
r7_133seqs	1	154
r7_133seqs	1	154
r7_133seqs	1	154
r7_133seqs	1	154
r7_133seqs	19	154
r7_133seqs	1	154
r7_133seqs	1	154
r7_133seqs	1	154
r7_133seqs	1	154
r7_133seqs	1	151
r7_133seqs	1	154
r7_133seqs	8	152
r7_133seqs	1	154
r7_133seqs	1	154
r7_133seqs	1	151
r7_133seqs	1	154
r7_133seqs	1	154
r7_133seqs	1	154
r7_133seqs	1	154
r7_133seqs	1	154
r7_133seqs	1	154
r7_133seqs	1	154
r7_133seqs	1	154
r7_133seqs	1	154
r7_133seqs	1	151
r7_133seqs	1	151
r7_133seqs	1	154
r7_133seqs	1	154
r7_133seqs	13	154
r7_133seqs	1	154
r7_133seqs	1	154
r7_133seqs	1	154
r7_133seqs	1	154
r7_133seqs	1	154
r7_133seqs	1	154
r7_133seqs	1	154
r7_133seqs	1	154
r7_133seqs	1	154
r7_133seqs	1	154
r7_133seqs	1	154
r7_133seqs	1	154
r7_133seqs	1	154
r7_133seqs	1	154
r7_133seqs	1	154
r7_133seqs	1	154
r7_133seqs	1	154
r7_133seqs	1	154
r7_133seqs	1	154
r7_133seqs	1	154
r7_133seqs	1	154
r7_133seqs	1	154
r7_133seqs	1	154
r7_133seqs	2	152
r7_133seqs	1	154
r7_133seqs	1	154
r7_133seqs	1	154
r7_133seqs	1	154
r7_133seqs	1	154
r7_133seqs	5	154
r7_133seqs	1	154
r7_133seqs	1	154
r7_133seqs	1	154
r7_133seqs	1	154
r7_133seqs	1	154
r7_133seqs	9	154
r7_133seqs	1	154
r7_133seqs	1	154
r7_133seqs	1	154
r7_133seqs	1	153
r7_133seqs	10	154
r7_133seqs	1	154
r7_133seqs	1	154
r7_133seqs	1	154
r7_133seqs	1	154
r7_133seqs	3	154
r7_133seqs	2	153
r7_133seqs	1	154
r7_133seqs	6	154
r7_133seqs	3	154
r7_133seqs	6	154
r7_133seqs	1	154
r7_133seqs	1	154
r7_133seqs	1	154
r7_133seqs	1	154
r7_133seqs	1	154
r7_133seqs	1	154
r7_133seqs	3	154
r7_133seqs	1	154
r7_133seqs	1	154
r7_133seqs	1	154
r7_133seqs	1	154
r7_133seqs	1	154
r7_133seqs	1	153
r7_133seqs	2	154
r7_133seqs	1	154
r7_133seqs	1	142
r7_133seqs	1	154
r7_133seqs	1	154
r7_133seqs	1	154
r7_133seqs	1	154
r7_133seqs	1	154
r7_133seqs	1	154
r7_133seqs	1	154
r7_133seqs	1	154
r7_133seqs	1	154
r7_133seqs	1	154
r7_133seqs	1	154
r7_133seqs	1	154
r7_133seqs	1	154
r7_133seqs	1	154
r7_133seqs	1	154
r7_133seqs	1	154
r7_133seqs	1	154
r7_133seqs	1	154
r7_133seqs	1	154
r7_133seqs	1	154
r7_133seqs	1	154
r7_133seqs	1	154
r7_133seqs	1	154
r7_133seqs	1	154
r7_133seqs	1	154
r7_133seqs	1	154
r7_133seqs	1	154
r7_133seqs	1	154
r7_133seqs	1	154
r7_133seqs	1	154
r7_133seqs	1	154
r7_133seqs	1	154
r7_133seqs	1	154
r7_133seqs	1	154
r7_133seqs	1	154
r7_133seqs	1	154
r7_133seqs	1	154
r7_133seqs	1	154
r7_133seqs	1	154
r7_133seqs	1	154
r7_133seqs	1	154
r7_133seqs	1	154
r7_133seqs	1	154
r7_133seqs	1	154
r7_133seqs	1	154
r7_133seqs	1	154
r7_133seqs	1	154
r7_133seqs	1	154
r7_133seqs	1	154
r7_133seqs	1	154
r7_133seqs	1	154
r7_133seqs	1	154
r7_133seqs	10	154
r7_133seqs	1	154
r7_133seqs	1	151
r7_133seqs	4	154
r7_133seqs	1	154
r7_133seqs	1	154
r7_133seqs	1	152
r7_133seqs	1	154
r7_133seqs	13	154
r7_133seqs	1	152
r7_133seqs	1	154
r7_133seqs	1	154
r7_133seqs	2	153
r7_133seqs	1	154
r7_133seqs	1	154
r7_133seqs	1	154
r7_133seqs	1	150
r7_133seqs	1	154
r7_133seqs	1	154
r7_133seqs	1	154
r7_133seqs	1	154
r7_133seqs	1	154
r7_133seqs	1	154
r7_133seqs	1	154
r7_133seqs	1	154
r7_133seqs	1	154
r7_133seqs	1	154
r7_133seqs	1	154
r7_133seqs	1	154
r7_133seqs	1	154
r7_133seqs	1	154
r7_133seqs	1	152
r7_133seqs	1	154
r7_133seqs	9	154
r7_133seqs	3	154
r7_133seqs	2	154
r7_133seqs	2	154
r7_133seqs	1	154
r7_133seqs	1	154
r7_133seqs	1	154
r7_133seqs	5	152
r7_133seqs	1	154
r7_133seqs	1	154
r7_133seqs	17	154
r7_133seqs	2	154
r7_133seqs	1	154
r7_133seqs	3	152
r7_133seqs	1	154
r7_133seqs	1	154
r7_133seqs	1	154
r7_133seqs	1	154
r7_133seqs	1	154
r7_133seqs	1	154
r7_133seqs	1	154
r7_133seqs	1	154
r7_133seqs	1	154
r7_133seqs	1	154
r7_133seqs	1	152
r7_133seqs	1	152
r7_133seqs	1	152
r7_133seqs	1	150
r7_133seqs	1	143
r7_133seqs	17	154
r7_133seqs	5	154
r7_133seqs	1	154
r7_133seqs	1	154
r7_133seqs	1	154
r7_133seqs	1	154
r7_133seqs	1	154
r7_133seqs	1	153
r7_133seqs	1	154
r7_133seqs	1	154
r7_133seqs	1	154
r7_133seqs	1	154
r7_133seqs	1	154
r7_133seqs	1	154
r7_133seqs	2	154
r7_133seqs	1	154
r7_133seqs	1	154
r7_133seqs	1	148
r7_133seqs	1	154
r7_133seqs	1	151
r7_133seqs	1	154
r7_133seqs	1	154
r7_133seqs	1	154
r7_133seqs	1	154
r7_133seqs	7	154
r7_133seqs	1	154
r7_133seqs	1	154
r7_133seqs	1	153
r7_133seqs	1	152
r7_133seqs	1	154
r7_133seqs	1	154
r7_133seqs	5	150
r7_133seqs	1	152
r7_133seqs	18	154
r7_133seqs	9	154
r7_133seqs	2	154
r7_133seqs	1	142
r7_133seqs	1	154
r7_133seqs	1	153
r7_133seqs	1	152
r7_133seqs	2	151
r7_133seqs	2	154
r7_133seqs	5	146
r7_133seqs	1	154
r7_133seqs	1	153
r7_133seqs	2	154
r7_133seqs	1	154
r7_133seqs	1	154
r7_133seqs	5	154
r7_133seqs	5	154
r7_133seqs	1	154
r7_133seqs	9	154
r7_133seqs	1	151
r7_133seqs	2	151
r7_133seqs	1	154
r7_133seqs	1	154
r7_133seqs	1	154
r7_133seqs	1	154
r7_133seqs	1	154
r7_133seqs	1	151
r7_133seqs	1	151
r7_133seqs	1	154
r7_133seqs	1	154
r7_133seqs	1	150
r7_133seqs	9	154
r7_133seqs	1	151
r7_133seqs	1	154
r7_133seqs	22	154
r7_133seqs	1	154
r7_133seqs	1	153
r7_133seqs	1	154
r7_133seqs	1	151
r7_133seqs	1	154
r7_133seqs	1	154
r7_133seqs	1	154
r7_133seqs	1	154
r7_133seqs	1	154
r7_133seqs	1	154
r7_133seqs	1	154
r7_133seqs	1	154
r7_133seqs	1	148
r7_133seqs	1	154
r7_133seqs	1	149
r7_133seqs	1	152
r7_133seqs	1	154
r7_133seqs	2	152
r7_133seqs	1	151
r7_133seqs	1	154
r7_133seqs	1	154
r7_133seqs	1	154
r7_133seqs	1	154
r7_133seqs	3	154
r7_133seqs	1	154
r7_133seqs	1	154
r7_133seqs	1	154
r7_133seqs	1	154
r7_133seqs	1	154
r7_133seqs	13	154
r7_133seqs	1	154
r7_133seqs	1	154
r7_133seqs	1	154
r7_133seqs	1	152
r7_133seqs	1	154
r7_133seqs	1	154
r7_133seqs	1	149
r7_133seqs	1	154
r7_133seqs	1	154
r7_133seqs	1	154
r7_133seqs	6	154
r7_133seqs	4	154
r7_133seqs	9	154
r7_133seqs	1	152
r7_133seqs	2	154
r7_133seqs	8	154
r7_133seqs	1	154
r7_133seqs	1	154
r7_133seqs	1	154
r7_133seqs	1	154
r7_133seqs	1	152
r7_133seqs	1	140
r7_133seqs	1	152
r7_133seqs	2	154
r7_133seqs	1	153
r7_133seqs	1	153
r7_133seqs	1	152
r7_133seqs	8	154
r7_133seqs	1	154
r7_133seqs	1	154
r7_133seqs	1	154
r7_133seqs	1	151
r7_133seqs	1	148
r7_133seqs	13	154
r7_133seqs	1	154
r7_133seqs	1	154
r7_133seqs	2	154
r7_133seqs	5	154
r7_133seqs	1	154
r7_133seqs	1	154
r7_133seqs	1	154
r7_133seqs	1	154
r7_133seqs	1	150
r7_133seqs	1	154
r7_133seqs	1	154
r7_133seqs	1	154
r7_133seqs	1	154
r7_133seqs	1	154
r7_133seqs	1	151
r7_133seqs	1	154
r7_133seqs	1	154
r7_133seqs	1	154
r7_133seqs	1	154
r7_133seqs	1	154
r7_133seqs	1	154
r7_133seqs	1	154
r7_133seqs	1	154
r7_133seqs	1	154
r7_133seqs	1	154
r7_133seqs	1	154
r7_133seqs	1	154
r7_133seqs	19	154
r7_133seqs	1	154
r7_133seqs	1	154
r7_133seqs	1	154
r7_133seqs	1	154
r7_133seqs	1	154
r7_133seqs	1	154
r7_133seqs	1	154
r7_133seqs	1	154
r7_133seqs	1	154
r7_133seqs	1	154
r7_133seqs	1	154
r7_133seqs	1	154
r7_133seqs	1	154
r7_133seqs	1	154
r7_133seqs	1	154
r7_133seqs	1	154
r7_133seqs	1	151
r7_133seqs	1	154
r7_133seqs	1	154
r7_133seqs	1	154
r7_133seqs	1	154
r7_133seqs	1	154
r7_133seqs	1	154
r7_133seqs	5	154
r7_133seqs	4	154
r7_133seqs	1	154
r7_133seqs	1	154
r7_133seqs	1	154
r7_133seqs	28	154
r7_133seqs	1	154
r7_133seqs	1	154
r7_133seqs	13	154
r7_133seqs	5	154
r7_133seqs	1	152
r7_133seqs	1	154
r7_133seqs	1	154
r7_133seqs	1	154
r7_133seqs	1	154
r7_133seqs	1	154
r7_133seqs	1	154
r7_133seqs	1	154
r7_133seqs	1	154
r7_133seqs	2	144
r7_133seqs	1	154
r7_133seqs	1	154
r7_133seqs	1	154
r7_133seqs	3	154
r7_133seqs	1	154
r7_133seqs	1	136
r7_133seqs	1	154
r7_133seqs	1	154
r7_133seqs	1	154
r7_133seqs	5	153
r7_133seqs	1	154
r7_133seqs	17	154
r7_133seqs	1	152
r7_133seqs	1	154
r7_133seqs	1	153
r7_133seqs	1	152
r7_133seqs	2	153
r7_133seqs	5	154
r7_133seqs	1	152
r7_133seqs	1	153
r7_133seqs	2	154
r7_133seqs	1	152
r7_133seqs	5	154
r7_133seqs	5	154
r7_133seqs	2	154
r7_133seqs	2	154
r7_133seqs	1	154
r7_133seqs	9	154
r7_133seqs	1	154
r7_133seqs	1	154
r7_133seqs	1	154
r7_133seqs	1	154
r7_133seqs	1	154
r7_133seqs	1	154
r7_133seqs	1	154
r7_133seqs	1	154
r7_133seqs	1	154
r7_133seqs	1	154
r7_133seqs	1	154
r7_133seqs	1	154
r7_133seqs	1	154
r7_133seqs	1	154
r7_133seqs	1	154
r7_133seqs	1	154
r7_133seqs	1	154
r7_133seqs	1	154
r7_133seqs	1	154
r7_133seqs	1	154
r7_133seqs	7	154
r7_133seqs	1	154
r7_133seqs	1	154
r7_133seqs	1	154
r7_133seqs	1	154
r7_133seqs	1	154
r7_133seqs	1	154
r7_133seqs	1	154
r7_133seqs	1	154
r7_133seqs	5	154
r7_133seqs	1	154
r7_133seqs	1	154
r7_133seqs	1	154
r7_133seqs	1	154
r7_133seqs	1	154
r7_133seqs	1	154
r7_133seqs	1	154
r7_133seqs	1	154
r7_133seqs	1	154
r7_133seqs	1	154
r7_133seqs	1	154
r7_133seqs	1	154
r7_133seqs	1	154
r7_133seqs	2	152
r7_133seqs	1	154
r7_133seqs	1	154
r7_133seqs	1	154
r7_133seqs	1	154
r7_133seqs	1	154
r7_133seqs	1	154
r7_133seqs	1	154
r7_133seqs	1	154
r7_133seqs	1	154
r7_133seqs	1	154
r7_133seqs	1	154
r7_133seqs	1	148
r7_133seqs	1	154
r7_133seqs	1	154
r7_133seqs	5	154
r7_133seqs	1	152
r7_133seqs	1	154
r7_133seqs	1	154
r7_133seqs	1	154
r7_133seqs	3	152
r7_133seqs	1	154
r7_133seqs	1	154
r7_133seqs	1	154
r7_133seqs	1	152
r7_133seqs	1	154
r7_133seqs	1	154
r7_133seqs	1	154
r7_133seqs	1	154
r7_133seqs	1	154
r7_133seqs	3	154
r7_133seqs	1	154
r7_133seqs	1	152
r7_133seqs	1	154
r7_133seqs	1	154
r7_133seqs	3	154
r7_133seqs	9	154
r7_133seqs	16	154
r7_133seqs	1	151
r7_133seqs	1	154
r7_133seqs	2	151
r7_133seqs	1	152
r7_133seqs	3	154
r7_133seqs	1	154
r7_133seqs	1	154
r7_133seqs	1	153
r7_133seqs	1	150
r7_133seqs	2	152
r7_133seqs	2	154
r7_133seqs	1	154
r7_133seqs	2	154
r7_133seqs	1	154
r7_133seqs	1	143
r7_133seqs	2	154
r7_133seqs	2	154
r7_133seqs	2	154
r7_133seqs	1	150
r7_133seqs	5	154
r7_133seqs	1	150
r7_133seqs	2	154
r7_133seqs	2	154
r7_133seqs	1	154
r7_133seqs	2	147
r7_133seqs	2	154
r7_133seqs	1	152
r7_133seqs	2	154
r7_133seqs	1	154
r7_133seqs	1	154
r7_133seqs	1	154
r7_133seqs	2	154
r7_133seqs	1	154
r7_133seqs	1	154
r7_133seqs	2	154
r7_133seqs	2	153
r7_133seqs	1	151
r7_133seqs	1	154
r7_133seqs	1	151
r7_133seqs	10	150
r7_133seqs	1	154
r7_133seqs	1	154
r7_133seqs	1	151
r7_133seqs	1	154
r7_133seqs	1	154
r7_133seqs	1	151
r7_133seqs	1	154
r7_133seqs	1	148
r7_133seqs	1	154
r7_133seqs	1	154
r7_133seqs	1	154
r7_133seqs	1	154
r7_133seqs	1	154
r7_133seqs	1	154
r7_133seqs	1	154
r7_133seqs	1	154
r7_133seqs	1	151
r7_133seqs	1	154
r7_133seqs	1	154
r7_133seqs	1	154
r7_133seqs	1	151
r7_133seqs	1	154
r7_133seqs	2	152
r7_133seqs	5	154
r7_133seqs	1	154
r7_133seqs	1	154
r7_133seqs	1	154
r7_133seqs	1	154
r7_133seqs	1	154
r7_133seqs	1	154
r7_133seqs	1	154
r7_133seqs	1	154
r7_133seqs	1	154
r7_133seqs	1	151
r7_133seqs	1	154
r7_133seqs	1	154
r7_133seqs	1	154
r7_133seqs	2	154
r7_133seqs	1	154
r7_133seqs	1	154
r7_133seqs	1	152
r7_133seqs	1	154
r7_133seqs	1	152
r7_133seqs	1	152
r7_133seqs	1	154
r7_133seqs	1	146
r7_133seqs	4	154
r7_133seqs	4	154
r7_133seqs	1	154
r7_133seqs	1	154
r7_133seqs	9	154
r7_133seqs	1	154
r7_133seqs	1	153
r7_133seqs	2	154
r7_133seqs	2	154
r7_133seqs	17	154
r7_133seqs	2	154
r7_133seqs	11	154
r7_133seqs	1	151
r7_133seqs	2	154
r7_133seqs	2	154
r7_133seqs	2	154
r7_133seqs	20	154
r7_133seqs	1	154
r7_133seqs	1	152
r7_133seqs	1	154
r7_133seqs	2	154
r7_133seqs	1	153
r7_133seqs	2	154
r7_133seqs	17	154
r7_133seqs	1	154
r7_133seqs	1	154
r7_133seqs	1	154
r7_133seqs	1	154
r7_133seqs	1	153
r7_133seqs	1	154
r7_133seqs	1	154
r7_133seqs	1	154
r7_133seqs	1	154
r7_133seqs	1	151
r7_133seqs	1	151
r7_133seqs	1	154
r7_133seqs	1	154
r7_133seqs	1	154
r7_133seqs	1	154
r7_133seqs	1	154
r7_133seqs	1	154
r7_133seqs	1	154
r7_133seqs	1	154
r7_133seqs	1	151
r7_133seqs	1	154
r7_133seqs	1	154
r7_133seqs	1	154
r7_133seqs	1	154
r7_133seqs	1	154
r7_133seqs	1	154
r7_133seqs	7	154
r7_133seqs	1	154
r7_133seqs	1	154
r7_133seqs	1	154
r7_133seqs	1	154
r7_133seqs	1	154
r7_133seqs	2	153
r7_133seqs	1	154
r7_133seqs	1	154
r7_133seqs	1	154
r7_133seqs	1	154
r7_133seqs	1	154
r7_133seqs	1	154
r7_133seqs	1	154
r7_133seqs	1	154
r7_133seqs	1	154
r7_133seqs	1	154
r7_133seqs	1	154
r7_133seqs	4	151
r7_133seqs	1	154
r7_133seqs	1	154
r7_133seqs	6	154
r7_133seqs	1	154
r7_133seqs	1	154
r7_133seqs	1	152
r7_133seqs	1	154
r7_133seqs	16	154
r7_133seqs	1	154
r7_133seqs	1	152
r7_133seqs	1	154
r7_133seqs	1	154
r7_133seqs	1	154
r7_133seqs	1	154
r7_133seqs	1	154
r7_133seqs	2	154
r7_133seqs	1	152
r7_133seqs	1	154
r7_133seqs	1	154
r7_133seqs	6	154
r7_133seqs	1	154
r7_133seqs	1	154
r7_133seqs	12	154
r7_133seqs	1	147
r7_133seqs	2	154
r7_133seqs	9	154
r7_133seqs	1	154
r7_133seqs	14	154
r7_133seqs	1	154
r7_133seqs	1	154
r7_133seqs	1	154
r7_133seqs	1	154
r7_133seqs	1	154
r7_133seqs	1	154
r7_133seqs	1	154
r7_133seqs	1	154
r7_133seqs	1	154
r7_133seqs	1	154
r7_133seqs	5	154
r7_133seqs	1	154
r7_133seqs	1	154
r7_133seqs	1	154
r7_133seqs	2	154
r7_133seqs	1	154
r7_133seqs	1	154
r7_133seqs	1	154
r7_133seqs	17	148
r7_133seqs	1	154
r7_133seqs	1	154
r7_133seqs	1	154
r7_133seqs	1	154
r7_133seqs	1	154
r7_133seqs	1	154
r7_133seqs	1	154
r7_133seqs	1	154
r7_133seqs	1	154
r7_133seqs	1	154
r7_133seqs	10	154
r7_133seqs	1	154
r7_133seqs	2	154
r7_133seqs	1	154
r7_133seqs	1	154
r7_133seqs	1	154
r7_133seqs	1	154
r7_133seqs	1	154
r7_133seqs	1	154
r7_133seqs	1	154
r7_133seqs	1	154
r7_133seqs	1	154
r7_133seqs	1	154
r7_133seqs	1	154
r7_133seqs	1	154
r7_133seqs	1	154
r7_133seqs	1	154
r7_133seqs	1	154
r7_133seqs	1	154
r7_133seqs	1	154
r7_133seqs	1	154
r7_133seqs	1	154
r7_133seqs	1	154
r7_133seqs	1	154
r7_133seqs	1	154
r7_133seqs	1	154
r7_133seqs	1	154
r7_133seqs	1	154
r7_133seqs	1	154
r7_133seqs	4	154
r7_133seqs	1	154
r7_133seqs	1	154
r7_133seqs	1	154
r7_133seqs	1	154
r7_133seqs	1	154
r7_133seqs	1	154
r7_133seqs	1	154
r7_133seqs	1	154
r7_133seqs	1	154
r7_133seqs	1	152
r7_133seqs	1	154
r7_133seqs	1	154
r7_133seqs	1	154
r7_133seqs	1	148
r7_133seqs	1	154
r7_133seqs	1	154
r7_133seqs	1	154
r7_133seqs	1	154
r7_133seqs	1	152
r7_133seqs	1	154
r7_133seqs	1	154
r7_133seqs	1	154
r7_133seqs	3	154
r7_133seqs	1	154
r7_133seqs	1	152
r7_133seqs	1	154
r7_133seqs	2	154
r7_133seqs	3	154
r7_133seqs	1	154
r7_133seqs	2	154
r7_133seqs	2	154
r7_133seqs	1	153
r7_133seqs	1	154
r7_133seqs	1	154
r7_133seqs	1	153
r7_133seqs	11	154
r7_133seqs	14	154
r7_133seqs	1	154
r7_133seqs	1	154
r7_133seqs	1	154
r7_133seqs	1	154
r7_133seqs	1	151
r7_133seqs	1	151
r7_133seqs	1	154
r7_133seqs	1	154
r7_133seqs	1	154
r7_133seqs	14	154
r7_133seqs	1	154
r7_133seqs	1	154
r7_133seqs	2	154
r7_133seqs	1	154
r7_133seqs	1	154
r7_133seqs	1	154
r7_133seqs	1	154
r7_133seqs	1	148
r7_133seqs	1	153
r7_133seqs	1	154
r7_133seqs	1	154
r7_133seqs	1	154
r7_133seqs	1	154
r7_133seqs	1	154
r7_133seqs	1	154
r7_133seqs	1	154
r7_133seqs	1	154
r7_133seqs	1	152
r7_133seqs	1	154
r7_133seqs	1	154
r7_133seqs	1	154
r7_133seqs	1	152
r7_133seqs	1	154
r7_133seqs	1	154
r7_133seqs	1	154
r7_133seqs	1	154
r7_133seqs	1	149
r7_133seqs	1	154
r7_133seqs	1	154
r7_133seqs	6	154
r7_133seqs	6	154
r7_133seqs	24	154
r7_133seqs	1	152
r7_133seqs	2	154
r7_133seqs	2	154
r7_133seqs	1	154
r7_133seqs	1	152
r7_133seqs	5	154
r7_133seqs	1	150
r7_133seqs	17	154
r7_133seqs	2	154
r7_133seqs	1	153
r7_133seqs	1	154
r7_133seqs	1	154
r7_133seqs	1	153
r7_133seqs	2	154
r7_133seqs	17	154
r7_133seqs	1	154
r7_133seqs	1	154
r7_133seqs	1	154
r7_133seqs	2	154
r7_133seqs	2	154
r7_133seqs	12	154
r7_133seqs	1	154
r7_133seqs	2	154
r7_133seqs	1	154
r7_133seqs	1	154
r7_133seqs	1	151
r7_133seqs	19	152
r7_133seqs	1	154
r7_133seqs	1	154
r7_133seqs	1	135
r7_133seqs	1	154
r7_133seqs	7	154
r7_133seqs	1	154
r7_133seqs	1	151
r7_133seqs	1	154
r7_133seqs	1	154
r7_133seqs	1	150
r7_133seqs	1	154
r7_133seqs	1	154
r7_133seqs	3	154
r7_133seqs	2	154
r7_133seqs	12	154
r7_133seqs	1	154
r7_133seqs	1	154
r7_133seqs	3	151
r7_133seqs	1	154
r7_133seqs	21	154
r7_133seqs	2	154
r7_133seqs	9	154
r7_133seqs	1	154
r7_133seqs	1	150
r7_133seqs	1	153
r7_133seqs	6	137
r7_133seqs	1	152
r7_133seqs	2	154
r7_133seqs	1	154
r7_133seqs	1	154
r7_133seqs	1	152
r7_133seqs	1	154
r7_133seqs	1	154
r7_133seqs	1	154
r7_133seqs	1	154
r7_133seqs	1	154
r7_133seqs	1	148
r7_133seqs	1	154
r7_133seqs	1	154
r7_133seqs	1	154
r7_133seqs	17	154
r7_133seqs	1	154
r7_133seqs	1	154
r7_133seqs	1	154
r7_133seqs	1	154
r7_133seqs	1	154
r7_133seqs	2	154
r7_133seqs	1	154
r7_133seqs	1	154
r7_133seqs	1	151
r7_133seqs	1	154
r7_133seqs	1	154
r7_133seqs	1	154
r7_133seqs	1	154
r7_133seqs	1	154
r7_133seqs	1	154
r7_133seqs	1	154
r7_133seqs	7	151
r7_133seqs	1	154
r7_133seqs	1	154
r7_133seqs	1	154
r7_133seqs	22	154
r7_133seqs	1	154
r7_133seqs	4	154
r7_133seqs	1	154
r7_133seqs	1	154
r7_133seqs	1	154
r7_133seqs	1	154
r7_133seqs	2	134
r7_133seqs	1	151
r7_133seqs	1	154
r7_133seqs	14	154
r7_133seqs	1	145
r7_133seqs	1	154
r7_133seqs	1	154
r7_133seqs	1	154
r7_133seqs	1	154
r7_133seqs	1	154
r7_133seqs	1	154
r7_133seqs	1	154
r7_133seqs	1	152
r7_133seqs	1	154
r7_133seqs	1	154
r7_133seqs	1	154
r7_133seqs	1	152
r7_133seqs	1	154
r7_133seqs	2	133
r7_133seqs	1	154
r7_133seqs	1	153
r7_133seqs	1	154
r7_133seqs	1	154
r7_133seqs	5	152
r7_133seqs	2	154
r7_133seqs	1	154
r7_133seqs	1	154
r7_133seqs	1	154
r7_133seqs	1	151
r7_133seqs	1	154
r7_133seqs	1	152
r7_133seqs	1	154
r7_133seqs	1	154
r7_133seqs	1	154
r7_133seqs	1	154
r7_133seqs	1	154
r7_133seqs	1	154
r7_133seqs	1	154
r7_133seqs	1	154
r7_133seqs	1	154
r7_133seqs	1	152
r7_133seqs	1	154
r7_133seqs	11	154
r7_133seqs	2	154
r7_133seqs	1	153
r7_133seqs	1	151
r7_133seqs	1	154
r7_133seqs	1	154
r7_133seqs	7	154
r7_133seqs	1	154
r7_133seqs	1	154
r7_133seqs	1	154
r7_133seqs	1	154
r7_133seqs	1	154
r7_133seqs	33	154
r7_133seqs	1	154
r7_133seqs	1	154
r7_133seqs	1	154
r7_133seqs	1	154
r7_133seqs	12	154
r7_133seqs	1	151
r7_133seqs	1	154
r7_133seqs	4	153
r7_133seqs	2	154
r7_133seqs	2	154
r7_133seqs	5	154
r7_133seqs	1	153
r7_133seqs	1	154
r7_133seqs	2	154
r7_133seqs	1	154
r7_133seqs	1	154
r7_133seqs	1	154
r7_133seqs	1	154
r7_133seqs	1	154
r7_133seqs	1	152
r7_133seqs	1	154
r7_133seqs	1	154
r7_133seqs	1	154
r7_133seqs	1	144
r7_133seqs	1	154
r7_133seqs	1	154
r7_133seqs	1	154
r7_133seqs	1	154
r7_133seqs	1	154
r7_133seqs	1	154
r7_133seqs	1	154
r7_133seqs	1	154
r7_133seqs	1	154
r7_133seqs	1	154
r7_133seqs	1	154
r7_133seqs	1	139
r7_133seqs	1	154
r7_133seqs	1	154
r7_133seqs	1	151
r7_133seqs	1	154
r7_133seqs	1	154
r7_133seqs	1	154
r7_133seqs	1	154
r7_133seqs	1	154
r7_133seqs	1	129
r7_133seqs	22	154
r7_133seqs	14	154
r7_133seqs	28	154
r7_133seqs	1	154
r7_133seqs	1	154
r7_133seqs	1	154
r7_133seqs	2	154
r7_133seqs	1	154
r7_133seqs	1	154
r7_133seqs	2	152
r7_133seqs	4	154
r7_133seqs	1	154
r7_133seqs	1	154
r7_133seqs	1	151
r7_133seqs	1	154
r7_133seqs	1	154
r7_133seqs	1	154
r7_133seqs	1	154
r7_133seqs	1	154
r7_133seqs	1	153
r7_133seqs	1	154
r7_133seqs	1	152
r7_133seqs	1	154
r7_133seqs	11	153
r7_133seqs	1	153
r7_133seqs	6	154
r7_133seqs	1	154
r7_133seqs	2	154
r7_133seqs	2	154
r7_133seqs	2	154
r7_133seqs	2	154
r7_133seqs	23	154
r7_133seqs	1	154
r7_133seqs	2	154
r7_133seqs	1	139
r7_133seqs	15	152
r7_133seqs	1	154
r7_133seqs	1	151
r7_133seqs	1	132
r7_133seqs	1	154
r7_133seqs	1	154
r7_133seqs	1	154
r7_133seqs	1	154
r7_133seqs	1	154
r7_133seqs	1	154
r7_133seqs	1	154
r7_133seqs	1	154
r7_133seqs	1	154
r7_133seqs	1	154
r7_133seqs	1	154
r7_133seqs	1	154
r7_133seqs	1	154
r7_133seqs	14	152
r7_133seqs	1	154
r7_133seqs	1	154
r7_133seqs	1	154
r7_133seqs	1	154
r7_133seqs	1	154
r7_133seqs	1	154
r7_133seqs	1	154
r7_133seqs	1	154
r7_133seqs	1	154
r7_133seqs	1	154
r7_133seqs	1	154
r7_133seqs	1	154
r7_133seqs	1	152
r7_133seqs	1	154
r7_133seqs	1	154
r7_133seqs	1	151
r7_133seqs	1	151
r7_133seqs	1	154
r7_133seqs	1	154
r7_133seqs	9	154
r7_133seqs	17	154
r7_133seqs	10	154
r7_133seqs	1	121
r7_133seqs	3	154
r7_133seqs	1	139
r7_133seqs	1	152
r7_133seqs	1	147
r7_133seqs	1	154
r7_133seqs	2	154
r7_133seqs	2	154
r7_133seqs	1	154
r7_133seqs	1	154
r7_133seqs	1	154
r7_133seqs	31	154
r7_133seqs	1	154
r7_133seqs	1	154
r7_133seqs	1	154
r7_133seqs	1	154
r7_133seqs	1	154
r7_133seqs	7	154
r7_133seqs	1	154
r7_133seqs	1	154
r7_133seqs	1	154
r7_133seqs	1	154
r7_133seqs	1	154
r7_133seqs	17	154
r7_133seqs	1	154
r7_133seqs	1	154
r7_133seqs	8	152
r7_133seqs	1	154
r7_133seqs	1	154
r7_133seqs	3	154
r7_133seqs	1	154
r7_133seqs	5	154
r7_133seqs	1	152
r7_133seqs	2	154
r7_133seqs	1	154
r7_133seqs	2	154
r7_133seqs	2	154
r7_133seqs	1	154
r7_133seqs	3	154
r7_133seqs	1	126
r7_133seqs	21	152
r7_133seqs	1	154
r7_133seqs	2	154
r7_133seqs	1	154
r7_133seqs	6	154
r7_133seqs	1	154
r7_133seqs	1	143
r7_133seqs	1	154
r7_133seqs	1	154
r7_133seqs	1	154
r7_133seqs	1	154
r7_133seqs	6	154
r7_133seqs	1	154
r7_133seqs	1	154
r7_133seqs	1	154
r7_133seqs	1	153
r7_133seqs	1	154
r7_133seqs	2	154
r7_133seqs	1	153
r7_133seqs	1	154
r7_133seqs	1	154
r7_133seqs	2	152
r7_133seqs	1	154
r7_133seqs	1	154
r7_133seqs	1	154
r7_133seqs	1	154
r7_133seqs	1	154
r7_133seqs	1	154
r7_133seqs	1	154
r7_133seqs	1	154
r7_133seqs	1	154
r7_133seqs	5	132
r7_133seqs	1	154
r7_133seqs	5	154
r7_133seqs	1	150
r7_133seqs	1	154
r7_133seqs	1	154
r7_133seqs	1	154
r7_133seqs	1	154
r7_133seqs	1	154
r7_133seqs	1	154
r7_133seqs	1	154
r7_133seqs	1	154
r7_133seqs	2	154
r7_133seqs	1	151
r7_133seqs	2	134
r7_133seqs	1	133
r7_133seqs	1	151
r7_133seqs	22	154
r7_133seqs	22	154
r7_133seqs	1	154
r7_133seqs	19	154
r7_133seqs	9	154
r7_133seqs	13	152
r7_133seqs	1	147
r7_133seqs	9	152
r7_133seqs	20	154
r7_133seqs	17	154
r7_133seqs	1	154
r7_133seqs	1	154
r7_133seqs	1	154
r7_133seqs	1	154
r7_133seqs	1	154
r7_133seqs	28	154
r7_133seqs	1	154
r7_133seqs	1	151
r7_133seqs	1	154
r7_133seqs	1	154
r7_133seqs	1	154
r7_133seqs	16	153
r7_133seqs	2	152
r7_133seqs	1	154
r7_133seqs	1	154
r7_133seqs	1	154
r7_133seqs	1	154
r7_133seqs	1	154
r7_133seqs	1	151
r7_133seqs	6	154
r7_133seqs	1	154
r7_133seqs	1	154
r7_133seqs	1	151
r7_133seqs	9	154
r7_133seqs	9	154
r7_133seqs	1	154
r7_133seqs	6	154
r7_133seqs	17	154
r7_133seqs	1	154
r7_133seqs	19	154
r7_133seqs	2	154
r7_133seqs	2	154
r7_133seqs	1	151
r7_133seqs	21	152
r7_133seqs	1	154
r7_133seqs	1	154
r7_133seqs	1	154
r7_133seqs	1	154
r7_133seqs	1	154
r7_133seqs	1	154
r7_133seqs	1	154
r7_133seqs	1	154
r7_133seqs	1	154
r7_133seqs	25	154
r7_133seqs	1	154
r7_133seqs	1	151
r7_133seqs	11	154
r7_133seqs	1	154
r7_133seqs	1	154
r7_133seqs	25	152
r7_133seqs	3	154
r7_133seqs	1	154
r7_133seqs	21	154
r7_133seqs	1	154
r7_133seqs	9	154
r7_133seqs	6	154
r7_133seqs	1	154
r7_133seqs	2	153
r7_133seqs	1	134
r7_133seqs	1	154
r7_133seqs	1	152
r7_133seqs	1	154
r7_133seqs	1	154
r7_133seqs	1	150
r7_133seqs	1	154
r7_133seqs	31	154
r7_133seqs	1	154
r7_133seqs	1	154
r7_133seqs	1	154
r7_133seqs	1	154
r7_133seqs	1	154
r7_133seqs	1	154
r7_133seqs	1	154
r7_133seqs	1	154
r7_133seqs	1	154
r7_133seqs	1	154
r7_133seqs	1	154
r7_133seqs	1	154
r7_133seqs	1	154
r7_133seqs	1	133
r7_133seqs	1	154
r7_133seqs	1	154
r7_133seqs	1	154
r7_133seqs	22	154
r7_133seqs	2	154
r7_133seqs	1	154
r7_133seqs	1	154
r7_133seqs	15	154
r7_133seqs	33	154
r7_133seqs	27	154
r7_133seqs	1	151
r7_133seqs	23	154
r7_133seqs	17	154
r7_133seqs	1	153
r7_133seqs	6	154
r7_133seqs	6	152
r7_133seqs	1	153
r7_133seqs	1	151
r7_133seqs	1	154
r7_133seqs	1	153
r7_133seqs	1	154
r7_133seqs	1	154
r7_133seqs	1	154
r7_133seqs	1	154
r7_133seqs	1	151
r7_133seqs	1	154
r7_133seqs	1	154
r7_133seqs	1	154
r7_133seqs	1	154
r7_133seqs	1	152
r7_133seqs	9	154
r7_133seqs	6	136
r7_133seqs	17	154
r7_133seqs	1	154
r7_133seqs	17	154
r7_133seqs	1	154
r7_133seqs	2	154
r7_133seqs	1	154
r7_133seqs	1	149
r7_133seqs	2	154
r7_133seqs	2	154
r7_133seqs	2	154
r7_133seqs	2	151
r7_133seqs	17	154
r7_133seqs	9	154
r7_133seqs	1	154
r7_133seqs	17	154
r7_133seqs	1	132
r7_133seqs	2	133
r7_133seqs	1	154
r7_133seqs	4	154
r7_133seqs	1	154
r7_133seqs	1	154
r7_133seqs	1	154
r7_133seqs	1	154
r7_133seqs	1	148
r7_133seqs	1	154
r7_133seqs	1	154
r7_133seqs	1	154
r7_133seqs	1	154
r7_133seqs	1	154
r7_133seqs	20	154
r7_133seqs	1	154
r7_133seqs	14	154
r7_133seqs	1	154
r7_133seqs	1	154
r7_133seqs	1	151
r7_133seqs	1	154
r7_133seqs	2	154
r7_133seqs	1	154
r7_133seqs	18	154
r7_133seqs	12	154
r7_133seqs	1	154
r7_133seqs	38	154
r7_133seqs	11	154
r7_133seqs	1	132
r7_133seqs	1	154
r7_133seqs	1	154
r7_133seqs	1	154
r7_133seqs	1	154
r7_133seqs	1	145
r7_133seqs	1	154
r7_133seqs	1	154
r7_133seqs	1	154
r7_133seqs	1	154
r7_133seqs	1	154
r7_133seqs	1	154
r7_133seqs	1	154
r7_133seqs	19	154
r7_133seqs	1	154
r7_133seqs	1	154
r7_133seqs	1	154
r7_133seqs	1	154
r7_133seqs	1	154
r7_133seqs	1	154
r7_133seqs	31	154
r7_133seqs	1	154
r7_133seqs	1	154
r7_133seqs	1	154
r7_133seqs	1	154
r7_133seqs	1	153
r7_133seqs	2	154
r7_133seqs	17	136
r7_133seqs	5	154
r7_133seqs	2	154
r7_133seqs	1	154
r7_133seqs	5	154
r7_133seqs	1	150
r7_133seqs	1	154
r7_133seqs	1	154
r7_133seqs	1	154
r7_133seqs	1	154
r7_133seqs	1	154
r7_133seqs	1	154
r7_133seqs	1	154
r7_133seqs	1	154
r7_133seqs	19	154
r7_133seqs	19	154
r7_133seqs	13	154
r7_133seqs	19	154
r7_133seqs	2	154
r7_133seqs	1	154
r7_133seqs	1	136
r7_133seqs	1	143
r7_133seqs	1	154
r7_133seqs	1	154
r7_133seqs	30	154
r7_133seqs	1	136
r7_133seqs	1	154
r7_133seqs	2	154
r7_133seqs	1	150
r7_133seqs	3	154
r7_133seqs	14	154
r7_133seqs	9	148
r7_133seqs	1	153
r7_133seqs	1	153
r7_133seqs	1	150
r7_133seqs	1	132
r7_133seqs	1	154
r7_133seqs	1	154
r7_133seqs	1	154
r7_133seqs	1	154
r7_133seqs	1	154
r7_133seqs	1	154
r7_133seqs	1	154
r7_133seqs	1	154
r7_133seqs	1	136
r7_133seqs	1	154
r7_133seqs	1	154
r7_133seqs	1	154
r7_133seqs	1	154
r7_133seqs	1	154
r7_133seqs	10	154
r7_133seqs	1	154
r7_133seqs	1	154
r7_133seqs	1	130
r7_133seqs	1	154
r7_133seqs	1	154
r7_133seqs	1	154
r7_133seqs	1	154
r7_133seqs	1	154
r7_133seqs	1	154
r7_133seqs	1	154
r7_133seqs	9	154
r7_133seqs	1	154
r7_133seqs	1	154
r7_133seqs	2	153
r7_133seqs	6	154
r7_133seqs	5	153
r7_133seqs	1	141
r7_133seqs	1	128
r7_133seqs	2	150
r7_133seqs	1	153
r7_133seqs	1	125
r7_133seqs	1	154
r7_133seqs	1	154
r7_133seqs	2	154
r7_133seqs	1	154
r7_133seqs	17	154
r7_133seqs	1	130
r7_133seqs	1	154
r7_133seqs	1	154
r7_133seqs	1	154
r7_133seqs	1	154
r7_133seqs	1	154
r7_133seqs	1	154
r7_133seqs	25	154
r7_133seqs	25	154
r7_133seqs	1	154
r7_133seqs	24	154
r7_133seqs	2	154
r7_133seqs	1	154
r7_133seqs	17	154
r7_133seqs	2	154
r7_133seqs	1	154
r7_133seqs	1	153
r7_133seqs	2	154
r7_133seqs	2	154
r7_133seqs	1	154
r7_133seqs	1	154
r7_133seqs	1	154
r7_133seqs	1	154
r7_133seqs	1	154
r7_133seqs	1	154
r7_133seqs	1	154
r7_133seqs	3	153
r7_133seqs	4	151
r7_133seqs	1	154
r7_133seqs	1	154
r7_133seqs	1	154
r7_133seqs	1	154
r7_133seqs	1	154
r7_133seqs	6	154
r7_133seqs	1	153
r7_133seqs	9	154
r7_133seqs	1	154
r7_133seqs	1	154
r7_133seqs	1	154
r7_133seqs	17	154
r7_133seqs	3	154
r7_133seqs	2	154
r7_133seqs	1	154
r7_133seqs	1	153
r7_133seqs	1	114
r7_133seqs	1	154
r7_133seqs	2	118
r7_133seqs	1	154
r7_133seqs	1	154
r7_133seqs	1	154
r7_133seqs	1	154
r7_133seqs	1	154
r7_133seqs	1	154
r7_133seqs	1	154
r7_133seqs	1	154
r7_133seqs	1	154
r7_133seqs	1	154
r7_133seqs	1	154
r7_133seqs	1	154
r7_133seqs	1	154
r7_133seqs	1	154
r7_133seqs	2	149
r7_133seqs	21	154
r7_133seqs	1	154
r7_133seqs	1	152
r7_133seqs	38	154
r7_133seqs	1	152
r7_133seqs	22	154
r7_133seqs	1	154
r7_133seqs	1	154
r7_133seqs	1	154
r7_133seqs	1	154
r7_133seqs	1	151
r7_133seqs	1	154
r7_133seqs	7	154
r7_133seqs	1	154
r7_133seqs	1	154
r7_133seqs	1	154
r7_133seqs	1	154
r7_133seqs	1	154
r7_133seqs	1	146
r7_133seqs	1	154
r7_133seqs	1	154
r7_133seqs	16	153
r7_133seqs	1	154
r7_133seqs	7	154
r7_133seqs	8	154
r7_133seqs	1	154
r7_133seqs	1	154
r7_133seqs	1	154
r7_133seqs	1	150
r7_133seqs	1	154
r7_133seqs	1	154
r7_133seqs	27	154
r7_133seqs	1	154
r7_133seqs	1	152
r7_133seqs	2	147
r7_133seqs	27	154
r7_133seqs	1	154
r7_133seqs	1	154
r7_133seqs	2	154
r7_133seqs	1	151
r7_133seqs	1	154
r7_133seqs	1	135
r7_133seqs	1	154
r7_133seqs	1	154
r7_133seqs	1	154
r7_133seqs	1	154
r7_133seqs	1	154
r7_133seqs	1	154
r7_133seqs	2	154
r7_133seqs	28	154
r7_133seqs	2	154
r7_133seqs	1	127
r7_133seqs	19	154
r7_133seqs	13	154
r7_133seqs	1	154
r7_133seqs	1	154
r7_133seqs	28	154
r7_133seqs	6	154
r7_133seqs	1	146
r7_133seqs	4	154
r7_133seqs	28	154
r7_133seqs	1	154
r7_133seqs	1	142
r7_133seqs	1	154
r7_133seqs	33	153
r7_133seqs	2	118
r7_133seqs	1	154
r7_133seqs	1	154
r7_133seqs	1	154
r7_133seqs	1	154
r7_133seqs	17	154
r7_133seqs	1	154
r7_133seqs	1	154
r7_133seqs	1	154
r7_133seqs	1	154
r7_133seqs	22	154
r7_133seqs	1	154
r7_133seqs	10	154
r7_133seqs	1	154
r7_133seqs	1	154
r7_133seqs	1	154
r7_133seqs	25	154
r7_133seqs	1	132
r7_133seqs	1	154
r7_133seqs	4	154
r7_133seqs	17	154
r7_133seqs	1	154
r7_133seqs	1	154
r7_133seqs	1	121
r7_133seqs	36	154
r7_133seqs	1	154
r7_133seqs	2	154
r7_133seqs	28	152
r7_133seqs	1	128
r7_133seqs	1	154
r7_133seqs	2	154
r7_133seqs	2	154
r7_133seqs	1	151
r7_133seqs	1	147
r7_133seqs	2	154
r7_133seqs	1	154
r7_133seqs	1	154
r7_133seqs	1	154
r7_133seqs	1	154
r7_133seqs	1	154
r7_133seqs	1	154
r7_133seqs	1	154
r7_133seqs	1	154
r7_133seqs	9	153
r7_133seqs	1	154
r7_133seqs	1	154
r7_133seqs	1	154
r7_133seqs	1	154
r7_133seqs	1	149
r7_133seqs	1	154
r7_133seqs	1	151
r7_133seqs	1	154
r7_133seqs	2	154
r7_133seqs	27	154
r7_133seqs	2	154
r7_133seqs	2	154
r7_133seqs	2	154
r7_133seqs	28	153
r7_133seqs	1	133
r7_133seqs	1	151
r7_133seqs	2	154
r7_133seqs	1	154
r7_133seqs	1	154
r7_133seqs	1	154
r7_133seqs	1	133
r7_133seqs	1	130
r7_133seqs	1	152
r7_133seqs	1	154
r7_133seqs	19	154
r7_133seqs	1	125
r7_133seqs	1	125
r7_133seqs	34	154
r7_133seqs	1	129
r7_133seqs	1	154
r7_133seqs	1	154
r7_133seqs	1	151
r7_133seqs	1	154
r7_133seqs	1	154
r7_133seqs	1	154
r7_133seqs	1	154
r7_133seqs	1	154
r7_133seqs	16	154
r7_133seqs	42	153
r7_133seqs	1	121
r7_133seqs	1	154
r7_133seqs	1	154
r7_133seqs	14	153
r7_133seqs	1	128
r7_133seqs	1	154
r7_133seqs	3	154
r7_133seqs	1	134
r7_133seqs	1	128
r7_133seqs	5	154
r7_133seqs	1	119
r7_133seqs	5	154
r7_133seqs	14	151
r7_133seqs	1	153
r7_133seqs	1	154
r7_133seqs	33	152
r7_133seqs	2	152
r7_133seqs	1	154
r7_133seqs	1	154
r7_133seqs	1	154
r7_133seqs	1	154
r7_133seqs	1	118
r7_133seqs	2	130
r7_133seqs	17	154
r7_133seqs	1	145
r7_133seqs	23	154
r7_133seqs	1	154
r7_133seqs	1	154
r7_133seqs	1	154
r7_133seqs	1	154
r7_133seqs	1	122
r7_133seqs	1	154
r7_133seqs	1	154
r7_133seqs	1	153
r7_133seqs	1	132
r7_133seqs	1	154
r7_133seqs	1	154
r7_133seqs	1	154
r7_133seqs	1	154
r7_133seqs	1	154
r7_133seqs	1	154
r7_133seqs	2	154
r7_133seqs	1	154
r7_133seqs	2	154
r7_133seqs	1	154
r7_133seqs	1	151
r7_133seqs	3	154
r7_133seqs	1	152
r7_133seqs	29	154
r7_133seqs	1	151
r7_133seqs	1	154
r7_133seqs	1	154
r7_133seqs	1	154
r7_133seqs	5	128
r7_133seqs	1	122
r7_133seqs	1	154
r7_133seqs	30	146
r7_133seqs	45	154
r7_133seqs	2	154
r7_133seqs	17	147
r7_133seqs	2	154
r7_133seqs	2	151
r7_133seqs	1	151
r7_133seqs	1	154
r7_133seqs	1	118
r7_133seqs	1	154
r7_133seqs	1	154
r7_133seqs	15	154
r7_133seqs	1	154
r7_133seqs	1	154
r7_133seqs	1	154
r7_133seqs	32	154
r7_133seqs	32	154
r7_133seqs	1	154
r7_133seqs	1	154
r7_133seqs	1	154
r7_133seqs	1	154
r7_133seqs	1	154
r7_133seqs	1	154
r7_133seqs	1	154
r7_133seqs	1	151
r7_133seqs	1	151
r7_133seqs	1	154
r7_133seqs	2	154
r7_133seqs	25	154
r7_133seqs	1	149
r7_133seqs	1	154
r7_133seqs	2	154
r7_133seqs	1	154
r7_133seqs	11	154
r7_133seqs	1	154
r7_133seqs	1	154
r7_133seqs	1	154
r7_133seqs	1	154
r7_133seqs	1	154
r7_133seqs	6	154
r7_133seqs	1	154
r7_133seqs	1	151
r7_133seqs	1	118
r7_133seqs	1	132
r7_133seqs	2	154
r7_133seqs	1	113
r7_133seqs	1	153
r7_133seqs	24	154
r7_133seqs	2	154
r7_133seqs	2	154
r7_133seqs	1	154
r7_133seqs	1	154
r7_133seqs	42	154
r7_133seqs	1	133
r7_133seqs	1	154
r7_133seqs	48	154
r7_133seqs	1	152
r7_133seqs	45	154
r7_133seqs	34	154
r7_133seqs	1	154
r7_133seqs	32	154
r7_133seqs	43	154
r7_133seqs	1	154
r7_133seqs	1	154
r7_133seqs	1	154
r7_133seqs	1	154
r7_133seqs	1	154
r7_133seqs	1	154
r7_133seqs	31	154
r7_133seqs	1	128
r7_133seqs	1	154
r7_133seqs	1	154
r7_133seqs	1	118
r7_133seqs	1	154
r7_133seqs	1	154
r7_133seqs	1	154
r7_133seqs	1	154
r7_133seqs	31	154
r7_133seqs	1	154
r7_133seqs	1	154
r7_133seqs	1	154
r7_133seqs	1	154
r7_133seqs	1	154
r7_133seqs	1	154
r7_133seqs	1	133
r7_133seqs	5	119
r7_133seqs	1	117
r7_133seqs	1	154
r7_133seqs	36	154
r7_133seqs	1	152
r7_133seqs	1	119
r7_133seqs	23	154
r7_133seqs	2	114
r7_133seqs	1	119
r7_133seqs	17	154
r7_133seqs	1	154
r7_133seqs	1	153
r7_133seqs	1	154
r7_133seqs	27	153
r7_133seqs	1	118
r7_133seqs	1	154
r7_133seqs	1	154
r7_133seqs	39	154
r7_133seqs	2	154
r7_133seqs	2	117
r7_133seqs	1	154
r7_133seqs	1	154
r7_133seqs	1	154
r7_133seqs	1	154
r7_133seqs	1	154
r7_133seqs	1	154
r7_133seqs	1	154
r7_133seqs	1	154
r7_133seqs	1	154
r7_133seqs	1	154
r7_133seqs	1	154
r7_133seqs	1	154
r7_133seqs	1	154
r7_133seqs	1	154
r7_133seqs	7	118
r7_133seqs	1	113
r7_133seqs	1	151
r7_133seqs	1	154
r7_133seqs	1	117
r7_133seqs	1	154
r7_133seqs	38	152
r7_133seqs	7	154
r7_133seqs	24	153
r7_133seqs	1	121
r7_133seqs	14	151
r7_133seqs	1	152
r7_133seqs	7	154
r7_133seqs	32	154
r7_133seqs	11	154
r7_133seqs	19	154
r7_133seqs	1	118
r7_133seqs	25	151
r7_133seqs	20	154
r7_133seqs	2	154
r7_133seqs	1	154
r7_133seqs	1	154
r7_133seqs	10	154
r7_133seqs	1	154
r7_133seqs	1	154
r7_133seqs	5	154
r7_133seqs	1	154
r7_133seqs	1	154
r7_133seqs	1	154
r7_133seqs	6	154
r7_133seqs	1	154
r7_133seqs	17	154
r7_133seqs	1	154
r7_133seqs	1	114
r7_133seqs	1	133
r7_133seqs	1	115
r7_133seqs	5	154
r7_133seqs	1	118
r7_133seqs	11	154
r7_133seqs	2	152
r7_133seqs	2	154
r7_133seqs	1	154
r7_133seqs	1	154
r7_133seqs	1	154
r7_133seqs	1	124
r7_133seqs	1	117
r7_133seqs	1	109
r7_133seqs	6	154
r7_133seqs	35	154
r7_133seqs	2	154
r7_133seqs	1	154
r7_133seqs	1	154
r7_133seqs	1	154
r7_133seqs	1	154
r7_133seqs	3	154
r7_133seqs	2	118
r7_133seqs	1	122
r7_133seqs	9	154
r7_133seqs	1	154
r7_133seqs	1	154
r7_133seqs	60	154
r7_133seqs	1	154
r7_133seqs	1	150
r7_133seqs	1	154
r7_133seqs	1	103
r7_133seqs	1	153
r7_133seqs	1	154
r7_133seqs	1	154
r7_133seqs	1	154
r7_133seqs	1	103
r7_133seqs	1	154
r7_133seqs	1	152
r7_133seqs	1	118
r7_133seqs	1	154
r7_133seqs	1	152
r7_133seqs	54	154
r7_133seqs	1	150
r7_133seqs	1	154
r7_133seqs	1	154
r7_133seqs	1	154
r7_133seqs	1	154
r7_133seqs	1	154
r7_133seqs	1	103
r7_133seqs	1	154
r7_133seqs	1	154
r7_133seqs	1	154
r9_15seqs	1	114
r7_133seqs	1	122
r7_133seqs	1	154
r9_15seqs	1	141
r9_15seqs	1	114
r7_133seqs	1	154
r7_133seqs	1	114
r7_133seqs	1	154
r7_133seqs	1	154
r7_133seqs	1	154
r7_133seqs	1	127
r7_133seqs	57	154
r7_133seqs	9	154
r7_133seqs	1	154
r7_133seqs	1	154
r7_133seqs	1	115
r9_15seqs	1	122
r9_15seqs	1	122
r9_15seqs	1	113
r7_133seqs	1	122
r9_15seqs	1	116
r7_133seqs	17	154
r7_133seqs	1	153
r7_133seqs	52	154
r7_133seqs	1	154
r7_133seqs	1	118
r7_133seqs	22	154
r9_15seqs	1	116
r9_15seqs	1	114
r7_133seqs	2	154
r9_15seqs	2	121
r7_133seqs	1	154
r9_15seqs	1	114
r7_133seqs	58	151
r7_133seqs	1	114
r7_133seqs	1	103
r7_133seqs	2	154
r7_133seqs	49	154
r7_133seqs	2	118
r9_15seqs	1	114
r9_15seqs	1	114
r7_133seqs	1	154
r9_15seqs	1	124
r9_15seqs	1	121
r7_133seqs	1	153
r7_133seqs	36	154
r9_15seqs	1	113
r9_15seqs	1	114
r9_15seqs	1	111
r9_15seqs	1	117
r9_15seqs	1	117
r9_15seqs	1	122
r7_133seqs	9	154
r9_15seqs	1	125
r9_15seqs	1	116
r7_133seqs	5	118
r9_15seqs	1	96
r9_15seqs	1	114
r9_15seqs	1	114
r9_15seqs	1	114
r7_133seqs	1	154
r9_15seqs	1	125
r9_15seqs	1	118
r7_133seqs	1	123
r7_133seqs	1	99
r9_15seqs	1	114
r7_133seqs	1	147
r7_133seqs	1	113
r7_133seqs	2	154
r9_15seqs	1	117
r7_133seqs	6	154
r9_15seqs	1	123
r9_15seqs	1	114
r9_15seqs	1	117
r9_15seqs	1	108
r9_15seqs	1	117
r7_133seqs	1	154
r9_15seqs	1	113
r9_15seqs	1	142
r9_15seqs	1	95
r7_133seqs	1	98
r7_133seqs	1	150
r7_133seqs	2	109
r9_15seqs	1	142
r9_15seqs	1	144
r9_15seqs	1	114
r9_15seqs	1	138
r9_15seqs	1	100
r9_15seqs	1	153
r7_133seqs	1	154
r9_15seqs	1	100
r7_133seqs	1	151
r9_15seqs	1	124
r9_15seqs	1	100
r9_15seqs	1	100
r7_133seqs	42	153
r9_15seqs	1	125
r7_133seqs	1	124
r9_15seqs	1	126
r9_15seqs	1	123
r9_15seqs	1	114
r9_15seqs	1	114
r9_15seqs	1	114
r9_15seqs	1	96
r7_133seqs	1	152
r9_15seqs	3	114
r7_133seqs	1	149
r9_15seqs	1	119
r9_15seqs	1	113
r7_133seqs	41	154
r9_15seqs	1	126
r9_15seqs	1	117
r9_15seqs	1	114
r9_15seqs	1	114
r9_15seqs	1	117
r7_133seqs	10	150
r9_15seqs	1	126
r9_15seqs	1	122
r9_15seqs	1	115
r9_15seqs	1	118
r9_15seqs	1	113
r9_15seqs	1	118
r9_15seqs	1	111
r7_133seqs	1	113
r9_15seqs	1	111
r9_15seqs	1	114
r9_15seqs	1	100
r9_15seqs	1	111
r9_15seqs	1	111
r9_15seqs	1	107
r9_15seqs	1	117
r9_15seqs	1	117
r9_15seqs	3	119
r7_133seqs	1	104
r9_15seqs	1	100
r7_133seqs	1	118
r9_15seqs	1	114
r9_15seqs	1	100
r9_15seqs	1	100
r9_15seqs	1	100
r9_15seqs	1	100
r9_15seqs	1	114
r9_15seqs	2	108
r9_15seqs	1	114
r9_15seqs	1	120
r9_15seqs	1	110
r9_15seqs	1	114
r7_133seqs	1	103
r9_15seqs	1	114
r9_15seqs	1	114
r9_15seqs	1	114
r9_15seqs	1	114
r9_15seqs	1	114
r9_15seqs	1	114
r9_15seqs	1	114
r9_15seqs	1	114
r7_133seqs	1	154
r9_15seqs	1	122
r7_133seqs	1	113
r9_15seqs	1	120
r9_15seqs	1	114
r9_15seqs	1	117
r7_133seqs	17	154
r7_133seqs	1	136
r9_15seqs	1	114
r7_133seqs	1	108
r9_15seqs	1	113
r7_133seqs	1	103
r9_15seqs	1	119
r9_15seqs	1	114
r7_133seqs	1	103
r9_15seqs	1	100
r9_15seqs	1	111
r9_15seqs	1	111
r9_15seqs	1	111
r7_133seqs	1	154
r9_15seqs	1	100
r9_15seqs	1	100
r9_15seqs	1	100
r9_15seqs	1	96
r9_15seqs	1	147
r9_15seqs	1	96
r9_15seqs	1	114
r9_15seqs	1	119
r9_15seqs	1	114
r9_15seqs	1	114
r9_15seqs	6	110
r9_15seqs	1	114
r9_15seqs	1	114
r7_133seqs	1	103
r9_15seqs	2	114
r7_133seqs	1	154
r9_15seqs	2	111
r9_15seqs	2	100
r9_15seqs	2	100
r7_133seqs	1	154
r7_133seqs	1	154
r9_15seqs	1	121
r9_15seqs	1	113
r9_15seqs	1	117
r7_133seqs	1	103
r9_15seqs	1	119
r9_15seqs	1	111
r9_15seqs	1	111
r9_15seqs	1	111
r9_15seqs	1	111
r9_15seqs	1	111
r7_133seqs	1	153
r9_15seqs	2	117
r9_15seqs	1	125
r9_15seqs	1	118
r9_15seqs	1	96
r9_15seqs	1	114
r9_15seqs	1	96
r9_15seqs	1	114
r9_15seqs	1	114
r7_133seqs	61	154
r7_133seqs	1	103
r9_15seqs	2	111
r7_133seqs	1	154
r7_133seqs	2	125
r7_133seqs	1	154
r7_133seqs	1	103
r9_15seqs	1	95
r7_133seqs	2	108
r7_133seqs	1	153
r7_133seqs	1	154
r9_15seqs	1	100
r9_15seqs	1	100
r9_15seqs	1	100
r9_15seqs	1	100
r9_15seqs	1	100
r7_133seqs	74	153
r7_133seqs	20	154
r7_133seqs	1	154
r7_133seqs	1	111
r7_133seqs	5	154
r7_133seqs	1	138
r7_133seqs	1	154
r7_133seqs	1	114
r7_133seqs	1	88
r7_133seqs	1	116
r7_133seqs	1	87
r7_133seqs	1	154
r7_133seqs	1	94
r7_133seqs	1	118
r7_133seqs	6	97
r7_133seqs	1	87
r7_133seqs	2	93
r7_133seqs	1	84
r7_133seqs	1	122
r7_133seqs	68	154
r7_133seqs	72	154
r7_133seqs	1	81
r7_133seqs	50	154
r9_15seqs	2	118
r9_15seqs	1	150
r9_15seqs	1	114
r9_15seqs	1	118
r9_15seqs	1	128
r9_15seqs	1	117
r9_15seqs	1	114
r9_15seqs	1	114
r9_15seqs	1	111
r9_15seqs	1	114
r9_15seqs	1	114
r9_15seqs	1	118
r9_15seqs	1	117
r9_15seqs	1	128
r9_15seqs	1	134
r9_15seqs	1	120
r9_15seqs	1	117
r9_15seqs	1	148
r9_15seqs	1	153
r9_15seqs	1	118
r9_15seqs	1	152
r9_15seqs	1	143
r9_15seqs	1	105
r9_15seqs	1	105
r9_15seqs	1	140
r9_15seqs	1	108
r9_15seqs	1	122
r9_15seqs	1	114
r9_15seqs	1	119
r9_15seqs	1	114
r9_15seqs	1	117
r9_15seqs	1	117
r9_15seqs	1	117
r9_15seqs	1	143
r9_15seqs	1	121
r9_15seqs	1	111
r9_15seqs	1	113
r9_15seqs	1	133
r9_15seqs	1	111
r9_15seqs	1	120
r9_15seqs	1	117
r9_15seqs	1	114
r9_15seqs	1	114
r9_15seqs	1	135
r9_15seqs	1	100
r9_15seqs	1	118
r9_15seqs	1	124
r9_15seqs	1	122
r9_15seqs	1	145
r9_15seqs	1	145
r9_15seqs	1	100
r9_15seqs	2	117
r9_15seqs	1	116
r9_15seqs	1	128
r9_15seqs	1	129
r9_15seqs	1	122
r9_15seqs	1	117
r9_15seqs	1	114
r9_15seqs	1	96
r9_15seqs	1	114
r9_15seqs	1	114
r9_15seqs	1	114
r9_15seqs	1	114
r9_15seqs	1	114
r9_15seqs	1	120
r9_15seqs	1	114
r9_15seqs	1	96
r9_15seqs	1	125
r9_15seqs	1	132
r9_15seqs	1	96
r9_15seqs	1	114
r9_15seqs	1	114
r9_15seqs	1	114
r9_15seqs	2	127
r9_15seqs	1	114
r9_15seqs	1	114
r9_15seqs	1	100
r9_15seqs	1	118
r9_15seqs	2	133
r9_15seqs	1	125
r9_15seqs	1	122
r9_15seqs	1	113
r9_15seqs	2	120
r9_15seqs	1	114
r9_15seqs	1	118
r9_15seqs	1	125
r9_15seqs	1	110
r9_15seqs	1	114
r9_15seqs	1	117
r9_15seqs	1	114
r9_15seqs	1	117
r9_15seqs	1	114
r9_15seqs	1	114
r9_15seqs	1	114
r9_15seqs	1	117
r9_15seqs	1	114
r9_15seqs	1	117
r9_15seqs	1	117
r9_15seqs	1	126
r9_15seqs	1	124
r9_15seqs	1	117
r9_15seqs	1	117
r9_15seqs	1	117
r9_15seqs	1	124
r9_15seqs	1	123
r9_15seqs	1	124
r9_15seqs	2	113
r9_15seqs	1	134
r9_15seqs	1	106
r9_15seqs	1	113
r9_15seqs	1	113
r9_15seqs	1	113
r9_15seqs	1	117
r9_15seqs	1	95
r9_15seqs	1	127
r9_15seqs	1	137
r9_15seqs	2	96
r9_15seqs	2	96
r9_15seqs	1	115
r9_15seqs	1	117
r9_15seqs	1	111
r9_15seqs	1	117
r9_15seqs	1	117
r9_15seqs	1	117
r9_15seqs	1	111
r9_15seqs	1	117
r9_15seqs	1	133
r9_15seqs	1	111
r9_15seqs	1	140
r9_15seqs	1	114
r9_15seqs	1	100
r9_15seqs	1	100
r9_15seqs	1	100
r9_15seqs	1	118
r9_15seqs	1	118
r9_15seqs	1	118
r9_15seqs	1	100
r9_15seqs	1	100
r9_15seqs	1	100
r9_15seqs	1	100
r9_15seqs	1	100
r9_15seqs	1	121
r9_15seqs	1	118
r9_15seqs	2	117
r9_15seqs	1	107
r9_15seqs	1	116
r9_15seqs	1	114
r9_15seqs	1	125
r9_15seqs	1	125
r9_15seqs	1	127
r9_15seqs	1	116
r9_15seqs	1	139
r9_15seqs	1	117
r9_15seqs	1	117
r9_15seqs	1	114
r9_15seqs	1	114
r9_15seqs	1	114
r9_15seqs	1	114
r9_15seqs	1	114
r9_15seqs	1	114
r9_15seqs	1	114
r9_15seqs	1	114
r9_15seqs	1	114
r9_15seqs	1	105
r9_15seqs	1	114
r9_15seqs	1	114
r9_15seqs	1	96
r9_15seqs	1	96
r9_15seqs	1	96
r9_15seqs	1	114
r9_15seqs	1	114
r9_15seqs	1	129
r9_15seqs	1	96
r9_15seqs	1	133
r9_15seqs	1	114
r9_15seqs	1	114
r9_15seqs	1	114
r9_15seqs	1	96
r9_15seqs	1	114
r9_15seqs	1	96
r9_15seqs	1	114
r9_15seqs	1	114
r9_15seqs	1	96
r9_15seqs	1	114
r9_15seqs	1	100
r9_15seqs	1	114
r9_15seqs	1	122
r9_15seqs	1	124
r9_15seqs	1	130
r9_15seqs	1	114
r9_15seqs	1	116
r9_15seqs	1	121
r9_15seqs	1	154
r9_15seqs	1	142
r9_15seqs	1	131
r9_15seqs	1	122
r9_15seqs	1	101
r9_15seqs	1	119
r9_15seqs	1	110
r9_15seqs	2	117
r9_15seqs	1	114
r9_15seqs	1	114
r9_15seqs	1	113
r9_15seqs	1	119
r9_15seqs	1	114
r9_15seqs	1	119
r9_15seqs	1	128
r9_15seqs	2	117
r9_15seqs	1	148
r9_15seqs	5	150
r9_15seqs	2	100
r9_15seqs	1	117
r9_15seqs	1	117
r9_15seqs	1	117
r9_15seqs	1	117
r9_15seqs	1	114
r9_15seqs	1	113
r9_15seqs	1	117
r9_15seqs	1	114
r9_15seqs	1	114
r9_15seqs	1	117
r9_15seqs	1	117
r9_15seqs	1	114
r9_15seqs	1	122
r9_15seqs	1	126
r9_15seqs	1	125
r9_15seqs	1	121
r9_15seqs	1	117
r9_15seqs	1	144
r9_15seqs	2	144
r9_15seqs	1	153
r9_15seqs	1	97
r9_15seqs	2	96
r9_15seqs	2	114
r9_15seqs	1	113
r9_15seqs	1	113
r9_15seqs	1	117
r9_15seqs	1	113
r9_15seqs	1	113
r9_15seqs	1	125
r9_15seqs	1	100
r9_15seqs	1	126
r9_15seqs	1	113
r9_15seqs	1	133
r9_15seqs	1	100
r9_15seqs	1	110
r9_15seqs	1	117
r9_15seqs	1	111
r9_15seqs	1	111
r9_15seqs	1	111
r9_15seqs	1	117
r9_15seqs	1	117
r9_15seqs	1	117
r9_15seqs	1	111
r9_15seqs	1	114
r9_15seqs	1	111
r9_15seqs	1	117
r9_15seqs	1	111
r9_15seqs	1	128
r9_15seqs	1	129
r9_15seqs	1	114
r9_15seqs	1	129
r9_15seqs	1	111
r9_15seqs	1	111
r9_15seqs	1	111
r9_15seqs	1	100
r9_15seqs	2	118
r9_15seqs	1	100
r9_15seqs	2	114
r9_15seqs	1	100
r9_15seqs	1	100
r9_15seqs	1	100
r9_15seqs	1	124
r9_15seqs	1	100
r9_15seqs	1	118
r9_15seqs	1	114
r9_15seqs	1	113
r9_15seqs	1	118
r9_15seqs	1	100
r9_15seqs	1	114
r9_15seqs	1	100
r9_15seqs	1	124
r9_15seqs	1	118
r9_15seqs	1	100
r9_15seqs	1	122
r9_15seqs	2	136
r9_15seqs	1	100
r9_15seqs	1	100
r9_15seqs	1	100
r9_15seqs	1	100
r9_15seqs	1	100
r9_15seqs	1	100
r9_15seqs	1	100
r9_15seqs	2	114
r9_15seqs	1	113
r9_15seqs	1	122
r9_15seqs	1	117
r9_15seqs	1	119
r9_15seqs	1	106
r9_15seqs	1	114
r9_15seqs	2	117
r9_15seqs	1	116
r9_15seqs	1	128
r9_15seqs	1	127
r9_15seqs	1	149
r9_15seqs	1	114
r9_15seqs	1	117
r9_15seqs	1	117
r9_15seqs	1	114
r9_15seqs	1	96
r9_15seqs	1	96
r9_15seqs	1	114
r9_15seqs	1	114
r9_15seqs	1	114
r9_15seqs	1	114
r9_15seqs	1	114
r9_15seqs	1	114
r9_15seqs	1	114
r9_15seqs	1	96
r9_15seqs	1	114
r9_15seqs	1	114
r9_15seqs	1	114
r9_15seqs	1	114
r9_15seqs	1	114
r9_15seqs	1	114
r9_15seqs	1	114
r9_15seqs	1	96
r9_15seqs	1	114
r9_15seqs	1	96
r9_15seqs	1	114
r9_15seqs	1	114
r9_15seqs	1	96
r9_15seqs	1	96
r9_15seqs	1	114
r9_15seqs	1	114
r9_15seqs	1	114
r9_15seqs	1	114
r9_15seqs	1	114
r9_15seqs	1	114
r9_15seqs	1	114
r9_15seqs	1	114
r9_15seqs	1	125
r9_15seqs	1	118
r9_15seqs	1	114
r9_15seqs	1	96
r9_15seqs	1	114
r9_15seqs	1	129
r9_15seqs	1	114
r9_15seqs	1	114
r9_15seqs	1	103
r9_15seqs	2	113
r9_15seqs	1	118
r9_15seqs	1	114
r9_15seqs	5	116
r9_15seqs	1	114
r9_15seqs	1	136
r9_15seqs	1	100
r9_15seqs	2	117
r9_15seqs	1	114
r9_15seqs	1	114
r9_15seqs	1	119
r9_15seqs	1	116
r9_15seqs	1	119
r9_15seqs	1	114
r9_15seqs	1	115
r9_15seqs	1	125
r9_15seqs	1	122
r9_15seqs	1	122
r9_15seqs	1	141
r9_15seqs	1	131
r9_15seqs	1	115
r9_15seqs	1	152
r9_15seqs	1	114
r9_15seqs	1	114
r9_15seqs	2	100
r9_15seqs	1	117
r9_15seqs	1	114
r9_15seqs	1	114
r9_15seqs	1	117
r9_15seqs	1	117
r9_15seqs	1	117
r9_15seqs	1	117
r9_15seqs	1	114
r9_15seqs	1	117
r9_15seqs	1	117
r9_15seqs	1	117
r9_15seqs	1	114
r9_15seqs	1	117
r9_15seqs	1	113
r9_15seqs	1	114
r9_15seqs	1	122
r9_15seqs	1	127
r9_15seqs	2	100
r9_15seqs	1	114
r9_15seqs	1	106
r9_15seqs	1	124
r9_15seqs	1	130
r9_15seqs	1	111
r9_15seqs	1	106
r9_15seqs	1	121
r9_15seqs	1	142
r9_15seqs	1	125
r9_15seqs	1	147
r9_15seqs	6	100
r9_15seqs	1	104
r9_15seqs	2	114
r9_15seqs	1	125
r9_15seqs	2	114
r9_15seqs	2	114
r9_15seqs	1	114
r9_15seqs	1	95
r9_15seqs	1	118
r9_15seqs	1	113
r9_15seqs	1	113
r9_15seqs	1	113
r9_15seqs	1	100
r9_15seqs	1	113
r9_15seqs	1	114
r9_15seqs	1	95
r9_15seqs	1	113
r9_15seqs	1	113
r9_15seqs	1	119
r9_15seqs	1	95
r9_15seqs	1	128
r9_15seqs	1	133
r9_15seqs	1	147
r9_15seqs	1	118
r9_15seqs	1	113
r9_15seqs	1	114
r9_15seqs	1	122
r9_15seqs	2	114
r9_15seqs	1	137
r9_15seqs	1	131
r9_15seqs	1	114
r9_15seqs	1	117
r9_15seqs	1	116
r9_15seqs	1	117
r9_15seqs	1	111
r9_15seqs	1	117
r9_15seqs	1	114
r9_15seqs	1	120
r9_15seqs	1	117
r9_15seqs	1	111
r9_15seqs	1	106
r9_15seqs	1	111
r9_15seqs	1	117
r9_15seqs	1	117
r9_15seqs	1	111
r9_15seqs	1	111
r9_15seqs	1	120
r9_15seqs	1	111
r9_15seqs	1	111
r9_15seqs	1	122
r9_15seqs	1	111
r9_15seqs	1	129
r9_15seqs	1	111
r9_15seqs	1	114
r9_15seqs	1	114
r9_15seqs	1	117
r9_15seqs	1	117
r9_15seqs	1	111
r9_15seqs	1	117
r9_15seqs	1	100
r9_15seqs	1	100
r9_15seqs	1	100
r9_15seqs	1	114
r9_15seqs	1	124
r9_15seqs	1	121
r9_15seqs	1	100
r9_15seqs	1	100
r9_15seqs	1	114
r9_15seqs	1	100
r9_15seqs	1	100
r9_15seqs	1	100
r9_15seqs	1	100
r9_15seqs	1	124
r9_15seqs	1	100
r9_15seqs	1	100
r9_15seqs	1	100
r9_15seqs	1	114
r9_15seqs	1	100
r9_15seqs	1	117
r9_15seqs	1	100
r9_15seqs	1	124
r9_15seqs	1	124
r9_15seqs	1	100
r9_15seqs	1	100
r9_15seqs	1	100
r9_15seqs	1	96
r9_15seqs	1	126
r9_15seqs	1	100
r9_15seqs	1	100
r9_15seqs	1	118
r9_15seqs	1	100
r9_15seqs	1	100
r9_15seqs	1	100
r9_15seqs	1	114
r9_15seqs	1	147
r9_15seqs	1	100
r9_15seqs	1	100
r9_15seqs	1	116
r9_15seqs	1	117
r9_15seqs	3	114
r9_15seqs	2	114
r9_15seqs	1	111
r9_15seqs	1	117
r9_15seqs	1	111
r9_15seqs	1	116
r9_15seqs	1	116
r9_15seqs	1	134
r9_15seqs	1	122
r9_15seqs	1	122
r9_15seqs	1	152
r9_15seqs	1	145
r9_15seqs	1	121
r9_15seqs	1	148
r9_15seqs	1	96
r9_15seqs	1	114
r9_15seqs	1	114
r9_15seqs	1	114
r9_15seqs	1	114
r9_15seqs	1	114
r9_15seqs	1	114
r9_15seqs	1	114
r9_15seqs	1	114
r9_15seqs	10	114
r9_15seqs	1	114
r9_15seqs	1	96
r9_15seqs	1	114
r9_15seqs	1	114
r9_15seqs	1	96
r9_15seqs	1	114
r9_15seqs	1	114
r9_15seqs	1	96
r9_15seqs	1	96
r9_15seqs	1	114
r9_15seqs	1	114
r9_15seqs	1	96
r9_15seqs	1	114
r9_15seqs	1	114
r9_15seqs	1	96
r9_15seqs	1	96
r9_15seqs	1	114
r9_15seqs	1	114
r9_15seqs	1	114
r9_15seqs	1	114
r9_15seqs	1	114
r9_15seqs	1	114
r9_15seqs	1	105
r9_15seqs	1	114
r9_15seqs	1	96
r9_15seqs	1	96
r9_15seqs	1	129
r9_15seqs	1	96
r9_15seqs	1	96
r9_15seqs	1	114
r9_15seqs	1	96
r9_15seqs	1	114
r9_15seqs	1	96
r9_15seqs	1	114
r9_15seqs	1	114
r9_15seqs	1	96
r9_15seqs	1	114
r9_15seqs	1	114
r9_15seqs	1	114
r9_15seqs	1	114
r9_15seqs	1	100
r9_15seqs	1	118
r9_15seqs	1	116
r9_15seqs	1	125
r9_15seqs	5	114
r9_15seqs	2	117
r9_15seqs	1	116
r9_15seqs	2	111
r9_15seqs	2	111
r9_15seqs	2	111
r9_15seqs	5	114
r9_15seqs	1	116
r9_15seqs	1	114
r9_15seqs	1	119
r9_15seqs	1	119
r9_15seqs	1	119
r9_15seqs	1	125
r9_15seqs	1	125
r9_15seqs	1	123
r9_15seqs	1	136
r9_15seqs	1	148
r9_15seqs	1	114
r9_15seqs	1	133
r9_15seqs	1	101
r9_15seqs	2	100
r9_15seqs	2	100
r9_15seqs	1	117
r9_15seqs	1	117
r9_15seqs	1	114
r9_15seqs	1	114
r9_15seqs	1	117
r9_15seqs	1	117
r9_15seqs	1	117
r9_15seqs	1	117
r9_15seqs	1	114
r9_15seqs	1	117
r9_15seqs	1	117
r9_15seqs	1	117
r9_15seqs	1	114
r9_15seqs	1	117
r9_15seqs	1	114
r9_15seqs	1	114
r9_15seqs	1	117
r9_15seqs	1	117
r9_15seqs	1	117
r9_15seqs	2	111
r9_15seqs	1	122
r9_15seqs	1	122
r9_15seqs	1	117
r9_15seqs	1	120
r9_15seqs	1	114
r9_15seqs	1	131
r9_15seqs	6	100
r9_15seqs	1	153
r9_15seqs	2	116
r9_15seqs	1	121
r9_15seqs	1	115
r9_15seqs	1	106
r9_15seqs	1	111
r9_15seqs	1	124
r9_15seqs	1	148
r9_15seqs	1	148
r9_15seqs	1	130
r9_15seqs	1	104
r9_15seqs	2	114
r9_15seqs	1	117
r9_15seqs	1	114
r9_15seqs	1	119
r9_15seqs	1	95
r9_15seqs	1	122
r9_15seqs	1	113
r9_15seqs	1	113
r9_15seqs	1	113
r9_15seqs	1	113
r9_15seqs	1	117
r9_15seqs	1	100
r9_15seqs	1	113
r9_15seqs	1	115
r9_15seqs	1	113
r9_15seqs	1	147
r9_15seqs	1	116
r9_15seqs	1	113
r9_15seqs	2	100
r9_15seqs	1	117
r9_15seqs	1	115
r9_15seqs	1	111
r9_15seqs	1	114
r9_15seqs	1	116
r9_15seqs	1	111
r9_15seqs	1	111
r9_15seqs	1	113
r9_15seqs	1	111
r9_15seqs	1	114
r9_15seqs	1	115
r9_15seqs	1	111
r9_15seqs	1	111
r9_15seqs	1	111
r9_15seqs	1	111
r9_15seqs	1	111
r9_15seqs	1	117
r9_15seqs	1	111
r9_15seqs	1	126
r9_15seqs	1	117
r9_15seqs	1	111
r9_15seqs	1	150
r9_15seqs	1	152
r9_15seqs	1	120
r9_15seqs	1	148
r9_15seqs	1	111
r9_15seqs	1	114
r9_15seqs	1	120
r9_15seqs	1	111
r9_15seqs	3	117
r9_15seqs	1	100
r9_15seqs	1	100
r9_15seqs	1	100
r9_15seqs	1	100
r9_15seqs	1	100
r9_15seqs	1	100
r9_15seqs	1	114
r9_15seqs	1	100
r9_15seqs	1	117
r9_15seqs	1	100
r9_15seqs	1	100
r9_15seqs	1	100
r9_15seqs	1	100
r9_15seqs	1	100
r9_15seqs	1	100
r9_15seqs	1	100
r9_15seqs	1	100
r9_15seqs	1	100
r9_15seqs	1	100
r9_15seqs	1	100
r9_15seqs	1	100
r9_15seqs	1	100
r9_15seqs	1	100
r9_15seqs	1	100
r9_15seqs	1	100
r9_15seqs	1	100
r9_15seqs	1	100
r9_15seqs	1	100
r9_15seqs	1	100
r9_15seqs	1	100
r9_15seqs	1	100
r9_15seqs	1	150
r9_15seqs	1	122
r9_15seqs	1	111
r9_15seqs	1	114
r9_15seqs	1	131
r9_15seqs	1	134
r9_15seqs	1	114
r9_15seqs	2	114
r9_15seqs	1	138
r9_15seqs	5	100
r9_15seqs	1	114
r9_15seqs	1	96
r9_15seqs	1	114
r9_15seqs	1	96
r9_15seqs	1	114
r9_15seqs	1	96
r9_15seqs	1	96
r9_15seqs	1	96
r9_15seqs	1	114
r9_15seqs	1	114
r9_15seqs	1	114
r9_15seqs	1	114
r9_15seqs	1	114
r9_15seqs	1	96
r9_15seqs	1	114
r9_15seqs	1	114
r9_15seqs	1	114
r9_15seqs	1	114
r9_15seqs	1	96
r9_15seqs	1	96
r9_15seqs	1	113
r9_15seqs	1	114
r9_15seqs	1	114
r9_15seqs	1	114
r9_15seqs	1	114
r9_15seqs	1	114
r9_15seqs	1	114
r9_15seqs	1	96
r9_15seqs	1	118
r9_15seqs	1	114
r9_15seqs	1	114
r9_15seqs	1	96
r9_15seqs	1	96
r9_15seqs	2	124
r9_15seqs	1	114
r9_15seqs	1	96
r9_15seqs	1	114
r9_15seqs	1	114
r9_15seqs	1	114
r9_15seqs	1	96
r9_15seqs	1	111
r9_15seqs	1	114
r9_15seqs	1	96
r9_15seqs	1	114
r9_15seqs	1	142
r9_15seqs	1	114
r9_15seqs	1	114
r9_15seqs	1	100
r9_15seqs	1	118
r9_15seqs	1	148
r9_15seqs	1	94
r9_15seqs	1	127
r9_15seqs	1	125
r9_15seqs	1	127
r9_15seqs	1	118
r9_15seqs	2	139
r9_15seqs	2	118
r9_15seqs	1	133
r9_15seqs	1	114
r9_15seqs	7	113
r9_15seqs	1	114
r9_15seqs	1	110
r9_15seqs	1	114
r9_15seqs	1	110
r9_15seqs	1	119
r9_15seqs	5	114
r9_15seqs	2	111
r9_15seqs	1	114
r9_15seqs	1	117
r9_15seqs	2	100
r9_15seqs	2	100
r9_15seqs	1	114
r9_15seqs	1	114
r9_15seqs	2	100
r9_15seqs	1	114
r9_15seqs	1	96
r9_15seqs	1	114
r9_15seqs	1	114
r9_15seqs	1	117
r9_15seqs	1	117
r9_15seqs	1	128
r9_15seqs	1	114
r9_15seqs	1	117
r9_15seqs	1	114
r9_15seqs	1	100
r9_15seqs	1	105
r9_15seqs	1	126
r9_15seqs	2	100
r9_15seqs	1	114
r9_15seqs	1	110
r9_15seqs	1	117
r9_15seqs	1	117
r9_15seqs	1	120
r9_15seqs	1	124
r9_15seqs	1	145
r9_15seqs	1	134
r9_15seqs	1	152
r9_15seqs	2	125
r9_15seqs	1	119
r9_15seqs	2	96
r9_15seqs	2	114
r9_15seqs	1	95
r9_15seqs	2	114
r9_15seqs	1	122
r9_15seqs	1	122
r9_15seqs	1	113
r9_15seqs	1	111
r9_15seqs	1	95
r9_15seqs	1	113
r9_15seqs	1	113
r9_15seqs	1	113
r9_15seqs	1	113
r9_15seqs	1	114
r9_15seqs	1	113
r9_15seqs	2	114
r9_15seqs	1	111
r9_15seqs	2	96
r9_15seqs	1	95
r9_15seqs	1	117
r9_15seqs	1	114
r9_15seqs	1	117
r9_15seqs	1	114
r9_15seqs	1	123
r9_15seqs	1	111
r9_15seqs	1	115
r9_15seqs	1	111
r9_15seqs	1	111
r9_15seqs	1	117
r9_15seqs	1	111
r9_15seqs	1	111
r9_15seqs	1	111
r9_15seqs	1	117
r9_15seqs	1	111
r9_15seqs	1	111
r9_15seqs	1	96
r9_15seqs	1	117
r9_15seqs	1	111
r9_15seqs	1	126
r9_15seqs	1	122
r9_15seqs	1	117
r9_15seqs	1	111
r9_15seqs	1	138
r9_15seqs	1	111
r9_15seqs	1	146
r9_15seqs	1	120
r9_15seqs	1	100
r9_15seqs	1	100
r9_15seqs	1	100
r9_15seqs	1	100
r9_15seqs	1	114
r9_15seqs	1	100
r9_15seqs	1	100
r9_15seqs	1	100
r9_15seqs	1	100
r9_15seqs	1	100
r9_15seqs	1	100
r9_15seqs	1	100
r9_15seqs	1	100
r9_15seqs	1	100
r9_15seqs	1	113
r9_15seqs	1	100
r9_15seqs	1	100
r9_15seqs	1	100
r9_15seqs	1	100
r9_15seqs	1	100
r9_15seqs	1	122
r9_15seqs	1	100
r9_15seqs	1	100
r9_15seqs	1	100
r9_15seqs	1	114
r9_15seqs	1	100
r9_15seqs	1	151
r9_15seqs	1	100
r9_15seqs	1	100
r9_15seqs	1	100
r9_15seqs	1	100
r9_15seqs	1	100
r9_15seqs	1	119
r9_15seqs	1	117
r9_15seqs	1	116
r9_15seqs	1	114
r9_15seqs	1	111
r9_15seqs	1	149
r9_15seqs	1	143
r9_15seqs	1	116
r9_15seqs	1	114
r9_15seqs	1	96
r9_15seqs	1	96
r9_15seqs	1	114
r9_15seqs	1	96
r9_15seqs	1	114
r9_15seqs	1	117
r9_15seqs	1	114
r9_15seqs	1	114
r9_15seqs	1	114
r9_15seqs	1	114
r9_15seqs	1	114
r9_15seqs	1	114
r9_15seqs	1	114
r9_15seqs	1	114
r9_15seqs	1	114
r9_15seqs	1	114
r9_15seqs	1	114
r9_15seqs	1	96
r9_15seqs	1	138
r9_15seqs	1	111
r9_15seqs	1	96
r9_15seqs	1	96
r9_15seqs	1	114
r9_15seqs	2	122
r9_15seqs	1	118
r9_15seqs	1	122
r9_15seqs	1	129
r9_15seqs	1	114
r9_15seqs	2	111
r9_15seqs	1	114
r9_15seqs	1	114
r9_15seqs	1	119
r9_15seqs	1	123
r9_15seqs	1	113
r9_15seqs	2	100
r9_15seqs	1	114
r9_15seqs	1	117
r9_15seqs	1	95
r9_15seqs	1	114
r9_15seqs	2	100
r9_15seqs	1	124
r9_15seqs	1	112
r9_15seqs	5	114
r9_15seqs	1	125
r9_15seqs	1	113
r9_15seqs	1	95
r9_15seqs	1	128
r9_15seqs	1	114
r9_15seqs	1	114
r9_15seqs	1	111
r9_15seqs	1	111
r9_15seqs	1	111
r9_15seqs	1	117
r9_15seqs	1	111
r9_15seqs	1	111
r9_15seqs	1	111
r9_15seqs	1	111
r9_15seqs	1	111
r9_15seqs	1	111
r9_15seqs	1	117
r9_15seqs	1	111
r9_15seqs	1	116
r9_15seqs	1	111
r9_15seqs	1	123
r9_15seqs	1	117
r9_15seqs	1	137
r9_15seqs	1	100
r9_15seqs	1	100
r9_15seqs	1	100
r9_15seqs	1	100
r9_15seqs	1	100
r9_15seqs	1	100
r9_15seqs	1	100
r9_15seqs	1	100
r9_15seqs	1	100
r9_15seqs	1	100
r9_15seqs	1	100
r9_15seqs	1	100
r9_15seqs	1	100
r9_15seqs	1	100
r9_15seqs	1	100
r9_15seqs	1	100
r9_15seqs	1	100
r9_15seqs	1	114
r9_15seqs	1	114
r9_15seqs	1	100
r9_15seqs	1	96
r9_15seqs	1	114
r9_15seqs	1	114
r9_15seqs	1	114
r9_15seqs	1	95
r9_15seqs	1	111
r9_15seqs	1	111
r9_15seqs	1	100
r9_15seqs	2	129
r9_15seqs	1	111
r9_15seqs	1	111
r9_15seqs	1	100
r9_15seqs	1	136
r9_15seqs	1	114
r9_15seqs	1	117
r9_15seqs	1	139
r9_15seqs	1	117
r9_15seqs	1	117
r9_15seqs	1	100
r9_15seqs	1	100
r9_15seqs	1	114
r9_15seqs	1	105
r9_15seqs	1	114
r9_15seqs	1	117
r9_15seqs	1	114
r9_15seqs	1	99
r9_15seqs	1	117
r9_15seqs	1	124
r9_15seqs	1	122
r9_15seqs	1	113
r9_15seqs	1	114
r9_15seqs	1	114
r9_15seqs	1	109
r9_15seqs	1	100
r9_15seqs	1	154
r9_15seqs	1	144
r9_15seqs	1	117
r9_15seqs	1	114
r9_15seqs	1	114
r9_15seqs	1	114
r9_15seqs	1	96
r9_15seqs	1	96
r9_15seqs	1	105
r9_15seqs	1	114
r9_15seqs	1	96
r9_15seqs	1	129
r9_15seqs	1	114
r9_15seqs	1	117
r9_15seqs	2	125
r9_15seqs	1	118
r9_15seqs	1	132
r9_15seqs	1	114
r9_15seqs	1	114
r9_15seqs	1	117
r9_15seqs	1	114
r9_15seqs	1	113
r9_15seqs	1	128
r9_15seqs	1	117
r9_15seqs	1	134
r9_15seqs	1	128
r9_15seqs	1	118
r9_15seqs	1	111
r9_15seqs	1	130
r9_15seqs	1	127
r9_15seqs	1	124
r9_15seqs	2	114
r9_15seqs	1	113
r9_15seqs	1	119
r9_15seqs	1	122
r9_15seqs	1	118
r9_15seqs	1	114
r9_15seqs	1	117
r9_15seqs	1	117
r9_15seqs	1	122
r9_15seqs	1	128
r9_15seqs	1	113
r9_15seqs	6	120
r9_15seqs	1	124
r9_15seqs	1	100
r9_15seqs	1	118
r9_15seqs	1	100
r9_15seqs	2	118
r9_15seqs	1	114
r9_15seqs	1	128
r9_15seqs	1	150
r9_15seqs	1	100
r9_15seqs	1	111
r9_15seqs	1	117
r9_15seqs	1	117
r9_15seqs	1	96
r9_15seqs	1	96
r9_15seqs	1	114
r9_15seqs	1	114
r9_15seqs	1	114
r9_15seqs	1	114
r9_15seqs	1	114
r9_15seqs	1	114
r9_15seqs	1	114
r9_15seqs	1	114
r9_15seqs	1	114
r9_15seqs	1	114
r9_15seqs	1	114
r9_15seqs	1	114
r9_15seqs	1	114
r9_15seqs	1	141
r9_15seqs	1	96
r9_15seqs	1	117
r9_15seqs	1	114
r9_15seqs	1	111
r9_15seqs	1	117
r9_15seqs	1	118
r9_15seqs	1	117
r9_15seqs	2	137
r9_15seqs	1	103
r9_15seqs	1	107
r9_15seqs	1	114
r9_15seqs	1	125
r9_15seqs	1	152
r9_15seqs	1	117
r9_15seqs	1	114
r9_15seqs	1	114
r9_15seqs	2	100
r9_15seqs	1	117
r9_15seqs	1	114
r9_15seqs	1	117
r9_15seqs	1	117
r9_15seqs	1	117
r9_15seqs	1	117
r9_15seqs	1	129
r9_15seqs	1	118
r9_15seqs	1	117
r9_15seqs	1	132
r9_15seqs	1	133
r9_15seqs	1	114
r9_15seqs	1	117
r9_15seqs	1	117
r9_15seqs	1	117
r9_15seqs	1	119
r9_15seqs	1	106
r9_15seqs	1	111
r9_15seqs	1	127
r9_15seqs	1	141
r9_15seqs	2	114
r9_15seqs	2	120
r9_15seqs	1	95
r9_15seqs	2	114
r9_15seqs	1	122
r9_15seqs	1	113
r9_15seqs	1	122
r9_15seqs	1	122
r9_15seqs	1	122
r9_15seqs	1	123
r9_15seqs	1	110
r9_15seqs	1	120
r9_15seqs	1	117
r9_15seqs	2	113
r9_15seqs	1	126
r9_15seqs	1	117
r9_15seqs	1	117
r9_15seqs	1	111
r9_15seqs	1	124
r9_15seqs	1	135
r9_15seqs	2	139
r9_15seqs	1	117
r9_15seqs	1	117
r9_15seqs	1	138
r9_15seqs	1	100
r9_15seqs	1	114
r9_15seqs	1	100
r9_15seqs	1	100
r9_15seqs	1	100
r9_15seqs	1	100
r9_15seqs	1	100
r9_15seqs	1	100
r9_15seqs	1	100
r9_15seqs	2	116
r9_15seqs	1	100
r9_15seqs	1	118
r9_15seqs	1	100
r9_15seqs	1	100
r9_15seqs	1	133
r9_15seqs	1	100
r9_15seqs	1	114
r9_15seqs	1	154
r9_15seqs	1	133
r9_15seqs	1	100
r9_15seqs	3	100
r9_15seqs	1	119
r9_15seqs	1	113
r9_15seqs	1	122
r9_15seqs	1	107
r9_15seqs	1	117
r9_15seqs	1	117
r9_15seqs	1	116
r9_15seqs	1	120
r9_15seqs	1	98
r9_15seqs	1	125
r9_15seqs	1	96
r9_15seqs	1	117
r9_15seqs	1	120
r9_15seqs	1	114
r9_15seqs	1	114
r9_15seqs	1	114
r9_15seqs	1	114
r9_15seqs	1	114
r9_15seqs	1	96
r9_15seqs	1	114
r9_15seqs	1	114
r9_15seqs	1	96
r9_15seqs	1	96
r9_15seqs	1	114
r9_15seqs	1	114
r9_15seqs	1	114
r9_15seqs	1	114
r9_15seqs	1	114
r9_15seqs	1	141
r9_15seqs	1	96
r9_15seqs	1	96
r9_15seqs	1	114
r9_15seqs	1	114
r9_15seqs	1	114
r9_15seqs	1	114
r9_15seqs	1	111
r9_15seqs	1	96
r9_15seqs	1	117
r9_15seqs	1	114
r9_15seqs	1	114
r9_15seqs	1	143
r9_15seqs	1	114
r9_15seqs	1	150
r9_15seqs	1	114
r9_15seqs	1	125
r9_15seqs	1	119
r9_15seqs	1	114
r9_15seqs	1	114
r9_15seqs	5	116
r9_15seqs	2	113
r9_15seqs	1	117
r9_15seqs	1	96
r9_15seqs	1	116
r9_15seqs	1	114
r9_15seqs	1	114
r9_15seqs	1	136
r9_15seqs	2	95
r9_15seqs	1	131
r9_15seqs	1	148
r9_15seqs	1	136
r9_15seqs	1	114
r9_15seqs	2	114
r9_15seqs	2	120
r9_15seqs	1	110
r9_15seqs	1	114
r9_15seqs	1	117
r9_15seqs	1	92
r9_15seqs	1	114
r9_15seqs	1	119
r9_15seqs	1	116
r9_15seqs	1	152
r9_15seqs	1	114
r9_15seqs	1	99
r9_15seqs	2	100
r9_15seqs	1	118
r9_15seqs	1	123
r9_15seqs	1	114
r9_15seqs	1	114
r9_15seqs	1	117
r9_15seqs	1	114
r9_15seqs	1	117
r9_15seqs	1	117
r9_15seqs	1	117
r9_15seqs	1	117
r9_15seqs	1	117
r9_15seqs	1	114
r9_15seqs	1	114
r9_15seqs	1	117
r9_15seqs	2	100
r9_15seqs	1	117
r9_15seqs	1	135
r9_15seqs	1	117
r9_15seqs	2	152
r9_15seqs	1	154
r9_15seqs	1	114
r9_15seqs	1	135
r9_15seqs	1	117
r9_15seqs	3	114
r9_15seqs	1	107
r9_15seqs	1	117
r9_15seqs	1	119
r9_15seqs	1	133
r9_15seqs	1	121
r9_15seqs	1	148
r9_15seqs	1	109
r9_15seqs	5	117
r9_15seqs	1	104
r9_15seqs	2	114
r9_15seqs	1	114
r9_15seqs	2	117
r9_15seqs	1	95
r9_15seqs	1	113
r9_15seqs	1	95
r9_15seqs	1	119
r9_15seqs	1	113
r9_15seqs	1	118
r9_15seqs	5	126
r9_15seqs	1	113
r9_15seqs	1	133
r9_15seqs	1	137
r9_15seqs	1	129
r9_15seqs	1	152
r9_15seqs	2	114
r9_15seqs	1	113
r9_15seqs	1	154
r9_15seqs	2	96
r9_15seqs	1	113
r9_15seqs	6	107
r9_15seqs	1	93
r9_15seqs	1	117
r9_15seqs	1	117
r9_15seqs	1	121
r9_15seqs	1	111
r9_15seqs	1	111
r9_15seqs	1	120
r9_15seqs	1	111
r9_15seqs	1	111
r9_15seqs	1	111
r9_15seqs	1	111
r9_15seqs	1	111
r9_15seqs	1	116
r9_15seqs	1	111
r9_15seqs	1	125
r9_15seqs	3	113
r9_15seqs	3	146
r9_15seqs	1	111
r9_15seqs	1	152
r9_15seqs	1	111
r9_15seqs	1	100
r9_15seqs	5	113
r9_15seqs	1	100
r9_15seqs	1	100
r9_15seqs	1	100
r9_15seqs	1	100
r9_15seqs	1	100
r9_15seqs	1	100
r9_15seqs	1	114
r9_15seqs	1	100
r9_15seqs	1	100
r9_15seqs	1	114
r9_15seqs	1	118
r9_15seqs	1	100
r9_15seqs	1	118
r9_15seqs	1	100
r9_15seqs	1	100
r9_15seqs	1	100
r9_15seqs	1	100
r9_15seqs	1	100
r9_15seqs	5	111
r9_15seqs	5	117
r9_15seqs	3	114
r9_15seqs	2	114
r9_15seqs	2	114
r9_15seqs	1	111
r9_15seqs	1	116
r9_15seqs	2	123
r9_15seqs	5	124
r9_15seqs	1	114
r9_15seqs	1	96
r9_15seqs	1	114
r9_15seqs	1	114
r9_15seqs	1	96
r9_15seqs	1	114
r9_15seqs	1	114
r9_15seqs	1	96
r9_15seqs	1	96
r9_15seqs	1	114
r9_15seqs	1	114
r9_15seqs	1	114
r9_15seqs	1	114
r9_15seqs	1	114
r9_15seqs	1	96
r9_15seqs	1	96
r9_15seqs	1	114
r9_15seqs	1	114
r9_15seqs	1	114
r9_15seqs	1	96
r9_15seqs	1	114
r9_15seqs	1	114
r9_15seqs	1	114
r9_15seqs	1	114
r9_15seqs	1	114
r9_15seqs	1	114
r9_15seqs	1	114
r9_15seqs	1	128
r9_15seqs	1	114
r9_15seqs	1	114
r9_15seqs	1	96
r9_15seqs	1	114
r9_15seqs	1	105
r9_15seqs	1	96
r9_15seqs	1	126
r9_15seqs	1	96
r9_15seqs	1	129
r9_15seqs	1	114
r9_15seqs	1	114
r9_15seqs	1	127
r9_15seqs	1	117
r9_15seqs	1	96
r9_15seqs	1	114
r9_15seqs	1	132
r9_15seqs	1	114
r9_15seqs	2	111
r9_15seqs	1	114
r9_15seqs	1	117
r9_15seqs	3	114
r9_15seqs	1	118
r9_15seqs	1	94
r9_15seqs	1	117
r9_15seqs	1	117
r9_15seqs	1	117
r9_15seqs	1	114
r9_15seqs	1	134
r9_15seqs	2	133
r9_15seqs	1	117
r9_15seqs	1	116
r9_15seqs	1	122
r9_15seqs	1	113
r9_15seqs	2	111
r9_15seqs	2	111
r9_15seqs	1	114
r9_15seqs	5	114
r9_15seqs	1	114
r9_15seqs	1	111
r9_15seqs	5	117
r9_15seqs	1	114
r9_15seqs	2	100
r9_15seqs	2	100
r9_15seqs	1	117
r9_15seqs	1	117
r9_15seqs	1	117
r9_15seqs	1	117
r9_15seqs	1	114
r9_15seqs	1	114
r9_15seqs	1	114
r9_15seqs	1	114
r9_15seqs	1	117
r9_15seqs	1	117
r9_15seqs	1	117
r9_15seqs	1	117
r9_15seqs	2	100
r9_15seqs	1	114
r9_15seqs	1	114
r9_15seqs	1	114
r9_15seqs	1	117
r9_15seqs	1	132
r9_15seqs	1	114
r9_15seqs	1	116
r9_15seqs	2	116
r9_15seqs	1	117
r9_15seqs	1	119
r9_15seqs	1	119
r9_15seqs	1	119
r9_15seqs	1	117
r9_15seqs	1	117
r9_15seqs	1	117
r9_15seqs	1	118
r9_15seqs	1	124
r9_15seqs	1	126
r9_15seqs	1	106
r9_15seqs	1	115
r9_15seqs	1	145
r9_15seqs	1	124
r9_15seqs	2	135
r9_15seqs	2	114
r9_15seqs	2	114
r9_15seqs	2	114
r9_15seqs	2	114
r9_15seqs	1	122
r9_15seqs	1	113
r9_15seqs	1	114
r9_15seqs	1	113
r9_15seqs	1	95
r9_15seqs	1	122
r9_15seqs	6	114
r9_15seqs	1	117
r9_15seqs	1	119
r9_15seqs	1	113
r9_15seqs	1	113
r9_15seqs	1	113
r9_15seqs	1	100
r9_15seqs	1	117
r9_15seqs	1	113
r9_15seqs	1	118
r9_15seqs	1	113
r9_15seqs	1	113
r9_15seqs	5	144
r9_15seqs	1	95
r9_15seqs	1	113
r9_15seqs	2	96
r9_15seqs	1	128
r9_15seqs	1	95
r9_15seqs	1	108
r9_15seqs	1	117
r9_15seqs	1	114
r9_15seqs	1	117
r9_15seqs	1	117
r9_15seqs	1	111
r9_15seqs	2	114
r9_15seqs	1	111
r9_15seqs	1	114
r9_15seqs	1	111
r9_15seqs	1	111
r9_15seqs	1	120
r9_15seqs	1	111
r9_15seqs	1	120
r9_15seqs	1	111
r9_15seqs	1	111
r9_15seqs	1	111
r9_15seqs	1	114
r9_15seqs	1	117
r9_15seqs	8	100
r9_15seqs	1	117
r9_15seqs	1	115
r9_15seqs	1	115
r9_15seqs	1	111
r9_15seqs	1	111
r9_15seqs	8	100
r9_15seqs	1	114
r9_15seqs	1	118
r9_15seqs	1	100
r9_15seqs	1	100
r9_15seqs	1	100
r9_15seqs	1	100
r9_15seqs	1	100
r9_15seqs	1	114
r9_15seqs	1	100
r9_15seqs	1	100
r9_15seqs	1	100
r9_15seqs	1	100
r9_15seqs	1	100
r9_15seqs	1	100
r9_15seqs	1	100
r9_15seqs	1	117
r9_15seqs	1	100
r9_15seqs	1	109
r9_15seqs	1	118
r9_15seqs	1	100
r9_15seqs	1	100
r9_15seqs	1	91
r9_15seqs	1	100
r9_15seqs	1	100
r9_15seqs	1	100
r9_15seqs	1	100
r9_15seqs	1	100
r9_15seqs	1	100
r9_15seqs	1	100
r9_15seqs	1	100
r9_15seqs	1	100
r9_15seqs	1	114
r9_15seqs	1	100
r9_15seqs	1	100
r9_15seqs	1	123
r9_15seqs	1	113
r9_15seqs	1	100
r9_15seqs	1	100
r9_15seqs	1	132
r9_15seqs	1	100
r9_15seqs	1	126
r9_15seqs	1	100
r9_15seqs	1	117
r9_15seqs	1	119
r9_15seqs	1	113
r9_15seqs	1	125
r9_15seqs	1	116
r9_15seqs	1	120
r9_15seqs	1	116
r9_15seqs	1	116
r9_15seqs	1	116
r9_15seqs	1	113
r9_15seqs	1	122
r9_15seqs	2	114
r9_15seqs	5	100
r9_15seqs	1	115
r9_15seqs	1	111
r9_15seqs	1	117
r9_15seqs	1	111
r9_15seqs	1	114
r9_15seqs	1	96
r9_15seqs	1	117
r9_15seqs	1	117
r9_15seqs	1	114
r9_15seqs	1	114
r9_15seqs	1	114
r9_15seqs	1	114
r9_15seqs	1	114
r9_15seqs	1	114
r9_15seqs	1	114
r9_15seqs	1	114
r9_15seqs	1	105
r9_15seqs	1	114
r9_15seqs	1	114
r9_15seqs	1	114
r9_15seqs	1	114
r9_15seqs	1	114
r9_15seqs	1	96
r9_15seqs	1	114
r9_15seqs	1	114
r9_15seqs	1	114
r9_15seqs	1	96
r9_15seqs	1	114
r9_15seqs	1	114
r9_15seqs	1	96
r9_15seqs	1	105
r9_15seqs	1	96
r9_15seqs	1	114
r9_15seqs	1	96
r9_15seqs	1	96
r9_15seqs	1	105
r9_15seqs	1	96
r9_15seqs	1	114
r9_15seqs	1	114
r9_15seqs	1	114
r9_15seqs	1	96
r9_15seqs	1	114
r9_15seqs	1	96
r9_15seqs	1	96
r9_15seqs	1	96
r9_15seqs	1	139
r9_15seqs	1	111
r9_15seqs	1	114
r9_15seqs	1	96
r9_15seqs	1	96
r9_15seqs	1	100
r9_15seqs	1	116
r9_15seqs	1	94
r9_15seqs	1	118
r9_15seqs	6	117
r9_15seqs	1	133
r9_15seqs	1	125
r9_15seqs	1	117
r9_15seqs	1	110
r9_15seqs	1	114
r9_15seqs	1	96
r9_15seqs	1	125
r9_15seqs	2	111
r9_15seqs	1	119
r9_15seqs	1	116
r9_15seqs	1	114
r9_15seqs	1	144
r9_15seqs	1	114
r9_15seqs	7	114
r9_15seqs	5	123
r9_15seqs	1	96
r9_15seqs	1	114
r9_15seqs	2	100
r9_15seqs	1	117
r9_15seqs	1	111
r9_15seqs	1	117
r9_15seqs	2	100
r9_15seqs	1	117
r9_15seqs	1	96
r9_15seqs	1	114
r9_15seqs	1	114
r9_15seqs	1	114
r9_15seqs	1	117
r9_15seqs	1	113
r9_15seqs	1	114
r9_15seqs	1	114
r9_15seqs	1	114
r9_15seqs	1	121
r9_15seqs	1	128
r9_15seqs	1	128
r9_15seqs	2	100
r9_15seqs	1	127
r9_15seqs	1	114
r9_15seqs	1	148
r9_15seqs	1	117
r9_15seqs	6	118
r9_15seqs	2	100
r9_15seqs	1	117
r9_15seqs	5	114
r9_15seqs	2	122
r9_15seqs	2	116
r9_15seqs	1	115
r9_15seqs	6	117
r9_15seqs	1	121
r9_15seqs	1	121
r9_15seqs	1	111
r9_15seqs	3	117
r9_15seqs	6	111
r9_15seqs	1	100
r9_15seqs	5	115
r9_15seqs	1	117
r9_15seqs	1	136
r9_15seqs	1	110
r9_15seqs	1	119
r9_15seqs	2	96
r9_15seqs	2	123
r9_15seqs	2	114
r9_15seqs	1	125
r9_15seqs	1	122
r9_15seqs	1	95
r9_15seqs	2	114
r9_15seqs	1	113
r9_15seqs	1	100
r9_15seqs	1	123
r9_15seqs	1	113
r9_15seqs	1	100
r9_15seqs	1	124
r9_15seqs	1	144
r9_15seqs	1	113
r9_15seqs	2	114
r9_15seqs	2	105
r9_15seqs	2	96
r9_15seqs	1	113
r9_15seqs	1	114
r9_15seqs	2	114
r9_15seqs	1	114
r9_15seqs	1	117
r9_15seqs	1	111
r9_15seqs	1	111
r9_15seqs	1	117
r9_15seqs	1	117
r9_15seqs	1	117
r9_15seqs	1	111
r9_15seqs	1	117
r9_15seqs	1	118
r9_15seqs	1	111
r9_15seqs	1	111
r9_15seqs	1	111
r9_15seqs	1	114
r9_15seqs	5	124
r9_15seqs	1	119
r9_15seqs	1	133
r9_15seqs	1	114
r9_15seqs	1	138
r9_15seqs	6	96
r9_15seqs	1	100
r9_15seqs	1	100
r9_15seqs	1	117
r9_15seqs	1	114
r9_15seqs	1	100
r9_15seqs	1	100
r9_15seqs	1	100
r9_15seqs	1	100
r9_15seqs	1	114
r9_15seqs	1	100
r9_15seqs	1	100
r9_15seqs	1	114
r9_15seqs	1	114
r9_15seqs	1	100
r9_15seqs	1	100
r9_15seqs	1	100
r9_15seqs	1	100
r9_15seqs	1	100
r9_15seqs	1	100
r9_15seqs	1	100
r9_15seqs	1	100
r9_15seqs	1	113
r9_15seqs	1	114
r9_15seqs	1	114
r9_15seqs	1	114
r9_15seqs	1	114
r9_15seqs	1	96
r9_15seqs	1	119
r9_15seqs	1	100
r9_15seqs	1	100
r9_15seqs	1	132
r9_15seqs	1	100
r9_15seqs	1	100
r9_15seqs	1	100
r9_15seqs	1	136
r9_15seqs	1	100
r9_15seqs	1	100
r9_15seqs	1	100
r9_15seqs	1	100
r9_15seqs	1	100
r9_15seqs	2	117
r9_15seqs	1	116
r9_15seqs	1	120
r9_15seqs	2	117
r9_15seqs	1	114
r9_15seqs	1	100
r9_15seqs	1	116
r9_15seqs	1	100
r9_15seqs	1	147
r9_15seqs	1	111
r9_15seqs	1	111
r9_15seqs	2	117
r9_15seqs	1	111
r9_15seqs	1	114
r9_15seqs	1	114
r9_15seqs	1	96
r9_15seqs	1	96
r9_15seqs	1	96
r9_15seqs	1	114
r9_15seqs	1	114
r9_15seqs	1	114
r9_15seqs	1	114
r9_15seqs	1	96
r9_15seqs	1	96
r9_15seqs	1	114
r9_15seqs	1	114
r9_15seqs	1	114
r9_15seqs	1	120
r9_15seqs	1	114
r9_15seqs	1	96
r9_15seqs	1	114
r9_15seqs	1	114
r9_15seqs	1	114
r9_15seqs	1	96
r9_15seqs	1	118
r9_15seqs	1	111
r9_15seqs	1	96
r9_15seqs	1	114
r9_15seqs	1	114
r9_15seqs	1	96
r9_15seqs	1	119
r9_15seqs	1	125
r9_15seqs	1	114
r9_15seqs	1	96
r9_15seqs	1	100
r9_15seqs	1	100
r9_15seqs	1	117
r9_15seqs	1	117
r9_15seqs	1	113
r9_15seqs	5	111
r9_15seqs	1	114
r9_15seqs	1	127
r9_15seqs	1	125
r9_15seqs	1	100
r9_15seqs	2	145
r9_15seqs	1	126
r9_15seqs	1	117
r9_15seqs	2	111
r9_15seqs	5	96
r9_15seqs	1	110
r9_15seqs	1	105
r9_15seqs	1	110
r9_15seqs	1	119
r9_15seqs	1	116
r9_15seqs	1	114
r9_15seqs	2	100
r9_15seqs	1	96
r9_15seqs	2	100
r9_15seqs	1	114
r9_15seqs	1	96
r9_15seqs	1	114
r9_15seqs	1	117
r9_15seqs	1	117
r9_15seqs	1	114
r9_15seqs	1	114
r9_15seqs	1	114
r9_15seqs	1	114
r9_15seqs	1	114
r9_15seqs	1	114
r9_15seqs	1	95
r9_15seqs	1	111
r9_15seqs	1	121
r9_15seqs	1	146
r9_15seqs	9	116
r9_15seqs	4	100
r9_15seqs	1	118
r9_15seqs	1	117
r9_15seqs	1	106
r9_15seqs	1	117
r9_15seqs	1	114
r9_15seqs	1	125
r9_15seqs	1	130
r9_15seqs	1	111
r9_15seqs	2	114
r9_15seqs	2	114
r9_15seqs	1	113
r9_15seqs	1	95
r9_15seqs	1	95
r9_15seqs	1	95
r9_15seqs	1	95
r9_15seqs	2	114
r9_15seqs	1	95
r9_15seqs	1	121
r9_15seqs	1	100
r9_15seqs	1	113
r9_15seqs	1	114
r9_15seqs	2	118
r9_15seqs	1	114
r9_15seqs	1	117
r9_15seqs	1	117
r9_15seqs	1	111
r9_15seqs	1	117
r9_15seqs	1	111
r9_15seqs	1	117
r9_15seqs	1	111
r9_15seqs	1	120
r9_15seqs	1	111
r9_15seqs	1	111
r9_15seqs	1	111
r9_15seqs	1	111
r9_15seqs	1	126
r9_15seqs	1	111
r9_15seqs	1	119
r9_15seqs	1	116
r9_15seqs	1	120
r9_15seqs	1	100
r9_15seqs	1	100
r9_15seqs	1	100
r9_15seqs	1	100
r9_15seqs	1	120
r9_15seqs	1	100
r9_15seqs	1	100
r9_15seqs	1	100
r9_15seqs	1	118
r9_15seqs	1	100
r9_15seqs	1	100
r9_15seqs	1	100
r9_15seqs	1	100
r9_15seqs	1	100
r9_15seqs	1	100
r9_15seqs	1	100
r9_15seqs	1	100
r9_15seqs	1	100
r9_15seqs	1	114
r9_15seqs	1	100
r9_15seqs	1	100
r9_15seqs	1	100
r9_15seqs	6	114
r9_15seqs	1	100
r9_15seqs	1	100
r9_15seqs	1	114
r9_15seqs	5	117
r9_15seqs	1	100
r9_15seqs	1	100
r9_15seqs	1	111
r9_15seqs	1	113
r9_15seqs	1	119
r9_15seqs	1	96
r9_15seqs	1	114
r9_15seqs	1	114
r9_15seqs	1	114
r9_15seqs	1	114
r9_15seqs	1	114
r9_15seqs	1	114
r9_15seqs	1	114
r9_15seqs	1	96
r9_15seqs	1	96
r9_15seqs	1	114
r9_15seqs	1	114
r9_15seqs	1	114
r9_15seqs	1	118
r9_15seqs	5	100
r9_15seqs	1	96
r9_15seqs	5	100
r9_15seqs	2	121
r9_15seqs	5	100
r9_15seqs	1	100
r9_15seqs	1	100
r9_15seqs	1	121
r9_15seqs	1	118
r9_15seqs	1	116
r9_15seqs	1	100
r9_15seqs	1	100
r9_15seqs	1	114
r9_15seqs	1	114
r9_15seqs	1	100
r9_15seqs	1	121
r9_15seqs	2	129
r9_15seqs	1	128
r9_15seqs	2	100
r9_15seqs	1	117
r9_15seqs	1	117
r9_15seqs	1	114
r9_15seqs	1	114
r9_15seqs	1	114
r9_15seqs	1	114
r9_15seqs	1	119
r9_15seqs	2	100
r9_15seqs	1	121
r9_15seqs	1	117
r9_15seqs	1	132
r9_15seqs	1	114
r9_15seqs	2	96
r9_15seqs	1	95
r9_15seqs	6	100
r9_15seqs	1	100
r9_15seqs	1	117
r9_15seqs	1	100
r9_15seqs	2	100
r9_15seqs	1	117
r9_15seqs	1	111
r9_15seqs	1	100
r9_15seqs	1	100
r9_15seqs	1	100
r9_15seqs	1	100
r9_15seqs	1	114
r9_15seqs	1	100
r9_15seqs	1	100
r9_15seqs	1	100
r9_15seqs	3	100
r9_15seqs	1	111
r9_15seqs	1	114
r9_15seqs	1	114
r9_15seqs	1	96
r9_15seqs	1	125
r9_15seqs	1	96
r9_15seqs	1	130
r9_15seqs	2	100
r9_15seqs	1	106
r9_15seqs	1	114
r9_15seqs	1	100
r9_15seqs	1	111
r9_15seqs	1	111
r9_15seqs	1	114
r9_15seqs	1	153
r9_15seqs	1	111
r9_15seqs	1	114
r9_15seqs	1	114
r9_15seqs	1	152
r9_15seqs	1	114
r9_15seqs	2	117
r9_15seqs	2	97
r9_15seqs	1	133
r9_15seqs	1	114
r9_15seqs	1	114
r9_15seqs	1	114
r9_15seqs	1	134
r9_15seqs	1	121
r9_15seqs	1	133
r9_15seqs	1	117
r9_15seqs	1	114
r9_15seqs	1	120
r9_15seqs	1	124
r9_15seqs	1	117
r9_15seqs	1	112
r9_15seqs	1	154
r9_15seqs	1	117
r9_15seqs	1	113
r9_15seqs	1	96
r9_15seqs	1	117
r9_15seqs	1	114
r9_15seqs	1	100
r9_15seqs	1	100
r9_15seqs	1	114
r9_15seqs	1	114
r9_15seqs	1	114
r9_15seqs	1	105
r9_15seqs	1	114
r9_15seqs	1	96
r9_15seqs	1	114
r9_15seqs	1	96
r9_15seqs	1	96
r9_15seqs	1	114
r9_15seqs	1	114
r9_15seqs	1	117
r9_15seqs	1	120
r9_15seqs	1	118
r9_15seqs	1	117
r9_15seqs	1	154
r9_15seqs	1	114
r9_15seqs	1	110
r9_15seqs	1	146
r9_15seqs	2	139
r9_15seqs	1	119
r9_15seqs	1	117
r9_15seqs	1	114
r9_15seqs	1	118
r9_15seqs	1	120
r9_15seqs	1	111
r9_15seqs	1	114
r9_15seqs	6	139
r9_15seqs	1	139
r9_15seqs	1	135
r9_15seqs	1	128
r9_15seqs	1	114
r9_15seqs	1	104
r9_15seqs	2	148
r9_15seqs	1	123
r9_15seqs	1	120
r9_15seqs	1	111
r9_15seqs	1	111
r9_15seqs	1	117
r9_15seqs	1	111
r9_15seqs	1	117
r9_15seqs	1	126
r9_15seqs	1	114
r9_15seqs	1	100
r9_15seqs	1	100
r9_15seqs	1	116
r9_15seqs	1	119
r9_15seqs	1	127
r9_15seqs	1	121
r9_15seqs	1	100
r9_15seqs	8	122
r9_15seqs	1	124
r9_15seqs	1	118
r9_15seqs	1	140
r9_15seqs	1	134
r9_15seqs	1	125
r9_15seqs	1	96
r9_15seqs	1	96
r9_15seqs	1	117
r9_15seqs	1	96
r9_15seqs	1	96
r9_15seqs	1	121
r9_15seqs	1	124
r9_15seqs	1	115
r9_15seqs	1	96
r9_15seqs	1	114
r9_15seqs	1	114
r9_15seqs	1	114
r9_15seqs	1	117
r9_15seqs	1	118
r9_15seqs	1	114
r9_15seqs	1	147
r9_15seqs	1	117
r9_15seqs	1	139
r9_15seqs	1	115
r9_15seqs	1	116
r9_15seqs	1	125
r9_15seqs	1	124
r9_15seqs	1	119
r9_15seqs	1	114
r9_15seqs	1	114
r9_15seqs	1	107
r9_15seqs	1	96
r9_15seqs	1	117
r9_15seqs	1	117
r9_15seqs	1	117
r9_15seqs	1	114
r9_15seqs	1	117
r9_15seqs	1	117
r9_15seqs	1	114
r9_15seqs	1	114
r9_15seqs	1	96
r9_15seqs	1	114
r9_15seqs	1	114
r9_15seqs	1	153
r9_15seqs	1	135
r9_15seqs	1	131
r9_15seqs	1	110
r9_15seqs	1	117
r9_15seqs	1	118
r9_15seqs	1	121
r9_15seqs	1	110
r9_15seqs	1	117
r9_15seqs	1	117
r9_15seqs	2	114
r9_15seqs	1	119
r9_15seqs	1	118
r9_15seqs	1	100
r9_15seqs	1	128
r9_15seqs	1	117
r9_15seqs	1	117
r9_15seqs	1	95
r9_15seqs	1	114
r9_15seqs	2	114
r9_15seqs	1	141
r9_15seqs	1	131
r9_15seqs	1	100
r9_15seqs	1	117
r9_15seqs	1	120
r9_15seqs	1	117
r9_15seqs	1	111
r9_15seqs	1	111
r9_15seqs	1	111
r9_15seqs	1	114
r9_15seqs	1	117
r9_15seqs	1	114
r9_15seqs	5	135
r9_15seqs	1	128
r9_15seqs	1	127
r9_15seqs	2	119
r9_15seqs	1	114
r9_15seqs	1	109
r9_15seqs	1	118
r9_15seqs	1	100
r9_15seqs	1	114
r9_15seqs	1	118
r9_15seqs	1	100
r9_15seqs	2	117
r9_15seqs	3	135
r9_15seqs	1	96
r9_15seqs	1	94
r9_15seqs	1	116
r9_15seqs	1	107
r9_15seqs	2	117
r9_15seqs	2	117
r9_15seqs	1	131
r9_15seqs	2	114
r9_15seqs	1	114
r9_15seqs	2	151
r9_15seqs	1	96
r9_15seqs	5	100
r9_15seqs	1	96
r9_15seqs	2	151
r9_15seqs	1	96
r9_15seqs	1	114
r9_15seqs	1	96
r9_15seqs	1	96
r9_15seqs	1	96
r9_15seqs	1	114
r9_15seqs	1	114
r9_15seqs	1	114
r9_15seqs	1	114
r9_15seqs	1	114
r9_15seqs	1	114
r9_15seqs	1	96
r9_15seqs	1	96
r9_15seqs	1	96
r9_15seqs	1	114
r9_15seqs	1	96
r9_15seqs	1	114
r9_15seqs	1	114
r9_15seqs	1	96
r9_15seqs	1	147
r9_15seqs	1	119
r9_15seqs	1	131
r9_15seqs	3	114
r9_15seqs	3	114
r9_15seqs	6	117
r9_15seqs	2	95
r9_15seqs	1	94
r9_15seqs	1	114
r9_15seqs	1	114
r9_15seqs	1	114
r9_15seqs	1	117
r9_15seqs	1	114
r9_15seqs	1	114
r9_15seqs	1	125
r9_15seqs	1	114
r9_15seqs	1	119
r9_15seqs	5	114
r9_15seqs	5	114
r9_15seqs	1	150
r9_15seqs	1	135
r9_15seqs	2	100
r9_15seqs	1	121
r9_15seqs	1	117
r9_15seqs	11	133
r9_15seqs	1	114
r9_15seqs	1	117
r9_15seqs	1	117
r9_15seqs	2	105
r9_15seqs	1	117
r9_15seqs	1	117
r9_15seqs	1	117
r9_15seqs	1	114
r9_15seqs	1	117
r9_15seqs	1	113
r9_15seqs	1	96
r9_15seqs	2	114
r9_15seqs	1	118
r9_15seqs	1	138
r9_15seqs	1	113
r9_15seqs	1	97
r9_15seqs	1	117
r9_15seqs	1	117
r9_15seqs	1	117
r9_15seqs	1	117
r9_15seqs	1	115
r9_15seqs	1	111
r9_15seqs	2	153
r9_15seqs	1	113
r9_15seqs	1	110
r9_15seqs	1	113
r9_15seqs	9	148
r9_15seqs	1	135
r9_15seqs	1	119
r9_15seqs	1	113
r9_15seqs	1	113
r9_15seqs	1	113
r9_15seqs	1	113
r9_15seqs	1	113
r9_15seqs	1	117
r9_15seqs	2	114
r9_15seqs	2	114
r9_15seqs	1	110
r9_15seqs	1	114
r9_15seqs	7	132
r9_15seqs	1	135
r9_15seqs	1	100
r9_15seqs	1	122
r9_15seqs	1	121
r9_15seqs	1	111
r9_15seqs	2	137
r9_15seqs	1	100
r9_15seqs	1	112
r9_15seqs	1	100
r9_15seqs	1	114
r9_15seqs	1	111
r9_15seqs	1	114
r9_15seqs	6	111
r9_15seqs	1	106
r9_15seqs	1	111
r9_15seqs	1	111
r9_15seqs	1	111
r9_15seqs	1	111
r9_15seqs	1	120
r9_15seqs	1	111
r9_15seqs	1	117
r9_15seqs	1	117
r9_15seqs	1	117
r9_15seqs	1	124
r9_15seqs	1	100
r9_15seqs	1	112
r9_15seqs	1	113
r9_15seqs	1	151
r9_15seqs	1	96
r9_15seqs	1	114
r9_15seqs	1	100
r9_15seqs	1	118
r9_15seqs	1	100
r9_15seqs	1	114
r9_15seqs	1	100
r9_15seqs	2	114
r9_15seqs	1	100
r9_15seqs	2	116
r9_15seqs	1	116
r9_15seqs	1	134
r9_15seqs	1	118
r9_15seqs	1	111
r9_15seqs	1	96
r9_15seqs	1	140
r9_15seqs	1	117
r9_15seqs	1	117
r9_15seqs	1	96
r9_15seqs	1	113
r9_15seqs	3	100
r9_15seqs	2	113
r9_15seqs	1	96
r9_15seqs	1	96
r9_15seqs	1	114
r9_15seqs	1	114
r9_15seqs	1	136
r9_15seqs	1	96
r9_15seqs	1	96
r9_15seqs	2	130
r9_15seqs	1	114
r9_15seqs	1	131
r9_15seqs	1	96
r9_15seqs	1	129
r9_15seqs	1	96
r9_15seqs	1	96
r9_15seqs	1	114
r9_15seqs	1	114
r9_15seqs	1	118
r9_15seqs	1	96
r9_15seqs	1	114
r9_15seqs	1	114
r9_15seqs	1	114
r9_15seqs	1	114
r9_15seqs	7	117
r9_15seqs	1	114
r9_15seqs	1	114
r9_15seqs	1	114
r9_15seqs	1	96
r9_15seqs	1	96
r9_15seqs	1	114
r9_15seqs	1	114
r9_15seqs	1	114
r9_15seqs	1	114
r9_15seqs	1	114
r9_15seqs	1	114
r9_15seqs	6	114
r9_15seqs	1	96
r9_15seqs	1	114
r9_15seqs	2	117
r9_15seqs	1	122
r9_15seqs	1	96
r9_15seqs	1	117
r9_15seqs	1	117
r9_15seqs	5	118
r9_15seqs	4	117
r9_15seqs	5	124
r9_15seqs	2	100
r9_15seqs	1	127
r9_15seqs	1	117
r9_15seqs	1	118
r9_15seqs	1	121
r9_15seqs	1	117
r9_15seqs	1	114
r9_15seqs	1	118
r9_15seqs	3	114
r9_15seqs	2	125
r9_15seqs	1	100
r9_15seqs	1	110
r9_15seqs	1	126
r9_15seqs	1	114
r9_15seqs	1	114
r9_15seqs	1	114
r9_15seqs	1	114
r9_15seqs	1	110
r9_15seqs	1	114
r9_15seqs	1	116
r9_15seqs	1	113
r9_15seqs	3	121
r9_15seqs	5	114
r9_15seqs	1	114
r9_15seqs	1	117
r9_15seqs	1	135
r9_15seqs	2	100
r9_15seqs	1	124
r9_15seqs	8	124
r9_15seqs	10	114
r9_15seqs	1	95
r9_15seqs	1	117
r9_15seqs	1	113
r9_15seqs	1	114
r9_15seqs	1	114
r9_15seqs	1	117
r9_15seqs	1	114
r9_15seqs	1	113
r9_15seqs	1	114
r9_15seqs	1	113
r9_15seqs	2	100
r9_15seqs	1	114
r9_15seqs	2	100
r9_15seqs	1	114
r9_15seqs	1	96
r9_15seqs	1	117
r9_15seqs	2	100
r9_15seqs	1	114
r9_15seqs	1	114
r9_15seqs	2	153
r9_15seqs	1	117
r9_15seqs	1	148
r9_15seqs	1	119
r9_15seqs	1	136
r9_15seqs	1	120
r9_15seqs	1	122
r9_15seqs	1	113
r9_15seqs	2	114
r9_15seqs	1	113
r9_15seqs	2	135
r9_15seqs	1	117
r9_15seqs	1	106
r9_15seqs	1	117
r9_15seqs	1	106
r9_15seqs	1	113
r9_15seqs	1	135
r9_15seqs	1	111
r9_15seqs	1	127
r9_15seqs	1	122
r9_15seqs	1	131
r9_15seqs	1	100
r9_15seqs	1	113
r9_15seqs	1	117
r9_15seqs	1	95
r9_15seqs	1	113
r9_15seqs	1	113
r9_15seqs	1	119
r9_15seqs	2	114
r9_15seqs	3	111
r9_15seqs	2	114
r9_15seqs	5	114
r9_15seqs	1	100
r9_15seqs	1	131
r9_15seqs	1	120
r9_15seqs	1	111
r9_15seqs	1	114
r9_15seqs	1	113
r9_15seqs	1	111
r9_15seqs	1	117
r9_15seqs	1	111
r9_15seqs	1	111
r9_15seqs	1	111
r9_15seqs	1	117
r9_15seqs	1	93
r9_15seqs	1	120
r9_15seqs	1	125
r9_15seqs	1	111
r9_15seqs	1	117
r9_15seqs	1	117
r9_15seqs	1	117
r9_15seqs	1	114
r9_15seqs	1	114
r9_15seqs	1	117
r9_15seqs	1	114
r9_15seqs	1	117
r9_15seqs	1	102
r9_15seqs	1	114
r9_15seqs	1	152
r9_15seqs	1	100
r9_15seqs	1	100
r9_15seqs	1	100
r9_15seqs	1	122
r9_15seqs	1	128
r9_15seqs	1	114
r9_15seqs	1	96
r9_15seqs	1	114
r9_15seqs	1	100
r9_15seqs	1	100
r9_15seqs	1	100
r9_15seqs	1	100
r9_15seqs	1	100
r9_15seqs	1	100
r9_15seqs	1	100
r9_15seqs	1	100
r9_15seqs	1	100
r9_15seqs	1	124
r9_15seqs	1	117
r9_15seqs	1	100
r9_15seqs	1	100
r9_15seqs	1	114
r9_15seqs	1	100
r9_15seqs	1	100
r9_15seqs	1	114
r9_15seqs	1	112
r9_15seqs	1	120
r9_15seqs	1	100
r9_15seqs	1	100
r9_15seqs	1	146
r9_15seqs	1	116
r9_15seqs	1	134
r9_15seqs	1	114
r9_15seqs	1	111
r9_15seqs	1	117
r9_15seqs	1	125
r9_15seqs	1	116
r9_15seqs	1	116
r9_15seqs	1	116
r9_15seqs	2	121
r9_15seqs	1	118
r9_15seqs	1	114
r9_15seqs	1	96
r9_15seqs	8	114
r9_15seqs	1	154
r9_15seqs	1	152
r9_15seqs	1	114
r9_15seqs	1	150
r9_15seqs	1	114
r9_15seqs	1	114
r9_15seqs	1	96
r9_15seqs	1	96
r9_15seqs	1	124
r9_15seqs	1	114
r9_15seqs	1	96
r9_15seqs	1	114
r9_15seqs	1	114
r9_15seqs	1	100
r9_15seqs	1	96
r9_15seqs	1	96
r9_15seqs	1	114
r9_15seqs	1	114
r9_15seqs	1	114
r9_15seqs	1	114
r9_15seqs	1	114
r9_15seqs	10	96
r9_15seqs	1	114
r9_15seqs	1	114
r9_15seqs	1	114
r9_15seqs	1	114
r9_15seqs	1	114
r9_15seqs	1	114
r9_15seqs	1	114
r9_15seqs	1	96
r9_15seqs	1	96
r9_15seqs	1	120
r9_15seqs	1	114
r9_15seqs	1	114
r9_15seqs	1	114
r9_15seqs	1	114
r9_15seqs	1	96
r9_15seqs	1	114
r9_15seqs	1	96
r9_15seqs	1	120
r9_15seqs	1	119
r9_15seqs	1	116
r9_15seqs	5	100
r9_15seqs	1	96
r9_15seqs	1	111
r9_15seqs	5	100
r9_15seqs	5	100
r9_15seqs	7	111
r9_15seqs	2	127
r9_15seqs	1	150
r9_15seqs	5	114
r9_15seqs	1	114
r9_15seqs	1	133
r9_15seqs	1	128
r9_15seqs	1	128
r9_15seqs	1	116
r9_15seqs	1	114
r9_15seqs	1	152
r9_15seqs	1	114
r9_15seqs	2	100
r9_15seqs	1	94
r9_15seqs	1	116
r9_15seqs	1	103
r9_15seqs	1	100
r9_15seqs	5	111
r9_15seqs	6	117
r9_15seqs	2	117
r9_15seqs	1	132
r9_15seqs	1	100
r9_15seqs	1	117
r9_15seqs	1	96
r9_15seqs	1	114
r9_15seqs	1	114
r9_15seqs	1	125
r9_15seqs	1	114
r9_15seqs	1	114
r9_15seqs	1	125
r9_15seqs	1	114
r9_15seqs	1	107
r9_15seqs	1	123
r9_15seqs	1	96
r9_15seqs	1	124
r9_15seqs	1	126
r9_15seqs	2	100
r9_15seqs	1	114
r9_15seqs	1	96
r9_15seqs	1	113
r9_15seqs	1	125
r9_15seqs	1	117
r9_15seqs	1	114
r9_15seqs	1	117
r9_15seqs	1	117
r9_15seqs	1	114
r9_15seqs	1	114
r9_15seqs	1	117
r9_15seqs	1	113
r9_15seqs	1	117
r9_15seqs	1	114
r9_15seqs	1	117
r9_15seqs	1	114
r9_15seqs	1	96
r9_15seqs	1	114
r9_15seqs	1	96
r9_15seqs	1	114
r9_15seqs	1	117
r9_15seqs	2	100
r9_15seqs	1	114
r9_15seqs	1	114
r9_15seqs	1	117
r9_15seqs	1	114
r9_15seqs	1	96
r9_15seqs	1	119
r9_15seqs	1	95
r9_15seqs	1	117
r9_15seqs	1	100
r9_15seqs	1	96
r9_15seqs	2	107
r9_15seqs	1	114
r9_15seqs	1	111
r9_15seqs	1	106
r9_15seqs	1	106
r9_15seqs	1	115
r9_15seqs	8	113
r9_15seqs	2	114
r9_15seqs	1	137
r9_15seqs	1	152
r9_15seqs	1	124
r9_15seqs	1	108
r9_15seqs	2	96
r9_15seqs	1	113
r9_15seqs	1	118
r9_15seqs	1	128
r9_15seqs	1	100
r9_15seqs	1	117
r9_15seqs	1	114
r9_15seqs	1	117
r9_15seqs	1	113
r9_15seqs	6	100
r9_15seqs	2	114
r9_15seqs	1	113
r9_15seqs	1	95
r9_15seqs	1	113
r9_15seqs	1	119
r9_15seqs	1	119
r9_15seqs	1	113
r9_15seqs	2	114
r9_15seqs	2	114
r9_15seqs	1	119
r9_15seqs	1	114
r9_15seqs	2	114
r9_15seqs	1	111
r9_15seqs	11	96
r9_15seqs	1	148
r9_15seqs	1	111
r9_15seqs	2	100
r9_15seqs	1	114
r9_15seqs	1	125
r9_15seqs	1	111
r9_15seqs	1	111
r9_15seqs	1	100
r9_15seqs	7	119
r9_15seqs	1	111
r9_15seqs	1	111
r9_15seqs	1	111
r9_15seqs	1	114
r9_15seqs	1	111
r9_15seqs	1	120
r9_15seqs	1	117
r9_15seqs	1	111
r9_15seqs	1	111
r9_15seqs	1	111
r9_15seqs	1	111
r9_15seqs	1	114
r9_15seqs	1	117
r9_15seqs	1	102
r9_15seqs	1	150
r9_15seqs	2	154
r9_15seqs	1	152
r9_15seqs	1	114
r9_15seqs	1	100
r9_15seqs	1	141
r9_15seqs	1	136
r9_15seqs	1	100
r9_15seqs	1	100
r9_15seqs	1	100
r9_15seqs	1	127
r9_15seqs	1	100
r9_15seqs	1	125
r9_15seqs	1	100
r9_15seqs	1	114
r9_15seqs	1	100
r9_15seqs	1	118
r9_15seqs	1	100
r9_15seqs	1	114
r9_15seqs	1	100
r9_15seqs	1	100
r9_15seqs	1	100
r9_15seqs	1	100
r9_15seqs	1	100
r9_15seqs	1	100
r9_15seqs	1	100
r9_15seqs	1	100
r9_15seqs	1	100
r9_15seqs	1	100
r9_15seqs	1	100
r9_15seqs	1	100
r9_15seqs	1	106
r9_15seqs	1	117
r9_15seqs	1	118
r9_15seqs	1	114
r9_15seqs	2	154
r9_15seqs	1	127
r9_15seqs	1	125
r9_15seqs	2	114
r9_15seqs	1	94
r9_15seqs	1	96
r9_15seqs	1	96
r9_15seqs	1	122
r9_15seqs	1	116
r9_15seqs	2	114
r9_15seqs	1	113
r9_15seqs	2	114
r9_15seqs	2	114
r9_15seqs	1	125
r9_15seqs	1	114
r9_15seqs	1	114
r9_15seqs	1	96
r9_15seqs	1	100
r9_15seqs	1	96
r9_15seqs	1	96
r9_15seqs	1	129
r9_15seqs	1	114
r9_15seqs	10	118
r9_15seqs	1	114
r9_15seqs	1	96
r9_15seqs	1	114
r9_15seqs	1	114
r9_15seqs	1	96
r9_15seqs	1	96
r9_15seqs	1	114
r9_15seqs	1	96
r9_15seqs	1	114
r9_15seqs	1	114
r9_15seqs	1	96
r9_15seqs	1	114
r9_15seqs	1	96
r9_15seqs	1	114
r9_15seqs	1	115
r9_15seqs	1	114
r9_15seqs	1	96
r9_15seqs	1	125
r9_15seqs	1	100
r9_15seqs	1	132
r9_15seqs	1	126
r9_15seqs	1	100
r9_15seqs	1	137
r9_15seqs	1	114
r9_15seqs	1	117
r9_15seqs	1	114
r9_15seqs	2	117
r9_15seqs	2	113
r9_15seqs	1	100
r9_15seqs	1	100
r9_15seqs	1	110
r9_15seqs	1	134
r9_15seqs	2	125
r9_15seqs	1	119
r9_15seqs	1	114
r9_15seqs	1	114
r9_15seqs	1	114
r9_15seqs	1	113
r9_15seqs	3	114
r9_15seqs	1	110
r9_15seqs	9	100
r9_15seqs	1	135
r9_15seqs	1	96
r9_15seqs	1	144
r9_15seqs	2	114
r9_15seqs	1	114
r9_15seqs	1	117
r9_15seqs	1	118
r9_15seqs	1	114
r9_15seqs	1	114
r9_15seqs	1	108
r9_15seqs	1	114
r9_15seqs	1	114
r9_15seqs	1	117
r9_15seqs	2	100
r9_15seqs	1	114
r9_15seqs	1	114
r9_15seqs	1	114
r9_15seqs	1	117
r9_15seqs	1	114
r9_15seqs	1	114
r9_15seqs	1	114
r9_15seqs	2	118
r9_15seqs	1	117
r9_15seqs	2	100
r9_15seqs	1	96
r9_15seqs	1	114
r9_15seqs	3	114
r9_15seqs	1	114
r9_15seqs	1	124
r9_15seqs	1	106
r9_15seqs	1	114
r9_15seqs	1	110
r9_15seqs	1	114
r9_15seqs	1	114
r9_15seqs	1	110
r9_15seqs	1	117
r9_15seqs	1	106
r9_15seqs	1	114
r9_15seqs	1	116
r9_15seqs	6	111
r9_15seqs	1	113
r9_15seqs	1	115
r9_15seqs	1	117
r9_15seqs	1	100
r9_15seqs	1	95
r9_15seqs	1	113
r9_15seqs	1	95
r9_15seqs	1	95
r9_15seqs	1	113
r9_15seqs	1	113
r9_15seqs	1	100
r9_15seqs	1	95
r9_15seqs	1	113
r9_15seqs	1	113
r9_15seqs	1	117
r9_15seqs	1	95
r9_15seqs	2	114
r9_15seqs	2	114
r9_15seqs	1	110
r9_15seqs	1	95
r9_15seqs	5	123
r9_15seqs	2	96
r9_15seqs	6	100
r9_15seqs	1	108
r9_15seqs	1	111
r9_15seqs	1	110
r9_15seqs	1	111
r9_15seqs	1	111
r9_15seqs	1	111
r9_15seqs	1	117
r9_15seqs	1	100
r9_15seqs	1	118
r9_15seqs	1	91
r9_15seqs	1	117
r9_15seqs	1	93
r9_15seqs	1	111
r9_15seqs	1	117
r9_15seqs	1	111
r9_15seqs	1	114
r9_15seqs	8	100
r9_15seqs	1	100
r9_15seqs	1	100
r9_15seqs	1	100
r9_15seqs	1	100
r9_15seqs	1	100
r9_15seqs	1	114
r9_15seqs	1	114
r9_15seqs	1	113
r9_15seqs	1	114
r9_15seqs	1	96
r9_15seqs	1	100
r9_15seqs	1	100
r9_15seqs	1	100
r9_15seqs	1	100
r9_15seqs	1	100
r9_15seqs	1	100
r9_15seqs	1	100
r9_15seqs	1	100
r9_15seqs	1	100
r9_15seqs	1	100
r9_15seqs	1	100
r9_15seqs	3	117
r9_15seqs	1	132
r9_15seqs	1	128
r9_15seqs	1	96
r9_15seqs	2	96
r9_15seqs	1	113
r9_15seqs	1	122
r9_15seqs	3	118
r9_15seqs	2	114
r9_15seqs	1	114
r9_15seqs	1	96
r9_15seqs	1	132
r9_15seqs	1	114
r9_15seqs	9	113
r9_15seqs	1	114
r9_15seqs	1	100
r9_15seqs	1	100
r9_15seqs	1	96
r9_15seqs	1	96
r9_15seqs	1	96
r9_15seqs	1	114
r9_15seqs	1	114
r9_15seqs	1	96
r9_15seqs	1	114
r9_15seqs	1	114
r9_15seqs	1	114
r9_15seqs	1	111
r9_15seqs	1	116
r9_15seqs	1	117
r9_15seqs	11	117
r9_15seqs	1	100
r9_15seqs	1	100
r9_15seqs	1	116
r9_15seqs	1	128
r9_15seqs	1	122
r9_15seqs	2	114
r9_15seqs	1	96
r9_15seqs	1	110
r9_15seqs	1	110
r9_15seqs	5	114
r9_15seqs	1	114
r9_15seqs	5	100
r9_15seqs	1	120
r9_15seqs	1	100
r9_15seqs	1	117
r9_15seqs	1	113
r9_15seqs	1	114
r9_15seqs	2	100
r9_15seqs	1	114
r9_15seqs	2	100
r9_15seqs	1	114
r9_15seqs	1	116
r9_15seqs	1	106
r9_15seqs	1	106
r9_15seqs	6	111
r9_15seqs	1	117
r9_15seqs	2	122
r9_15seqs	1	100
r9_15seqs	1	113
r9_15seqs	1	111
r9_15seqs	1	95
r9_15seqs	1	117
r9_15seqs	1	113
r9_15seqs	1	113
r9_15seqs	6	100
r9_15seqs	1	122
r9_15seqs	1	124
r9_15seqs	1	114
r9_15seqs	1	111
r9_15seqs	1	111
r9_15seqs	1	100
r9_15seqs	1	114
r9_15seqs	1	100
r9_15seqs	1	100
r9_15seqs	1	100
r9_15seqs	1	114
r9_15seqs	1	113
r9_15seqs	1	111
r9_15seqs	1	116
r9_15seqs	1	95
r9_15seqs	1	95
r9_15seqs	3	100
r9_15seqs	1	114
r9_15seqs	1	114
r9_15seqs	1	96
r9_15seqs	1	94
r9_15seqs	1	120
r9_15seqs	1	114
r9_15seqs	1	96
r9_15seqs	1	114
r9_15seqs	1	96
r9_15seqs	1	111
r9_15seqs	1	111
r9_15seqs	1	114
r9_15seqs	1	100
r9_15seqs	1	100
r9_15seqs	2	95
r9_15seqs	1	100
r9_15seqs	1	117
r9_15seqs	1	114
r9_15seqs	1	117
r9_15seqs	1	114
r9_15seqs	1	118
r9_15seqs	2	96
r9_15seqs	1	111
r9_15seqs	1	117
r9_15seqs	1	100
r9_15seqs	1	100
r9_15seqs	1	100
r9_15seqs	1	100
r9_15seqs	1	100
r9_15seqs	1	117
r9_15seqs	1	114
r9_15seqs	1	150
r9_15seqs	1	119
r9_15seqs	1	97
r9_15seqs	6	147
r9_15seqs	1	118
r9_15seqs	1	113
r9_15seqs	1	141
r9_15seqs	1	138
r9_15seqs	9	100
r9_15seqs	1	117
r9_15seqs	1	114
r9_15seqs	1	120
r9_15seqs	1	116
r9_15seqs	1	114
r9_15seqs	1	124
r9_15seqs	1	138
r9_15seqs	1	96
r9_15seqs	1	153
r9_15seqs	1	114
r9_15seqs	1	124
r9_15seqs	1	154
r9_15seqs	1	114
r9_15seqs	1	146
r9_15seqs	2	125
r9_15seqs	1	115
r9_15seqs	1	114
r9_15seqs	1	117
r9_15seqs	1	114
r9_15seqs	1	114
r9_15seqs	1	118
r9_15seqs	1	100
r9_15seqs	1	152
r9_15seqs	3	118
r9_15seqs	1	98
r9_15seqs	1	151
r9_15seqs	1	127
r9_15seqs	1	125
r9_15seqs	1	114
r9_15seqs	1	114
r9_15seqs	1	114
r9_15seqs	1	96
r9_15seqs	1	96
r9_15seqs	1	114
r9_15seqs	1	114
r9_15seqs	1	148
r9_15seqs	1	114
r9_15seqs	1	152
r9_15seqs	1	117
r9_15seqs	1	114
r9_15seqs	1	112
r9_15seqs	1	114
r9_15seqs	1	114
r9_15seqs	1	114
r9_15seqs	1	123
r9_15seqs	1	117
r9_15seqs	1	119
r9_15seqs	1	114
r9_15seqs	1	131
r9_15seqs	2	142
r9_15seqs	1	97
r9_15seqs	7	117
r9_15seqs	1	120
r9_15seqs	2	122
r9_15seqs	1	118
r9_15seqs	1	115
r9_15seqs	1	113
r9_15seqs	1	122
r9_15seqs	1	119
r9_15seqs	1	150
r9_15seqs	1	137
r9_15seqs	2	117
r9_15seqs	1	111
r9_15seqs	1	117
r9_15seqs	1	117
r9_15seqs	1	117
r9_15seqs	1	129
r9_15seqs	1	111
r9_15seqs	1	100
r9_15seqs	1	100
r9_15seqs	1	122
r9_15seqs	1	100
r9_15seqs	1	117
r9_15seqs	2	117
r9_15seqs	1	113
r9_15seqs	1	113
r9_15seqs	1	122
r9_15seqs	1	122
r9_15seqs	1	139
r9_15seqs	1	122
r9_15seqs	1	96
r9_15seqs	1	114
r9_15seqs	2	117
r9_15seqs	1	120
r9_15seqs	1	105
r9_15seqs	1	114
r9_15seqs	1	96
r9_15seqs	1	114
r9_15seqs	1	96
r9_15seqs	1	96
r9_15seqs	1	114
r9_15seqs	1	96
r9_15seqs	1	114
r9_15seqs	1	114
r9_15seqs	1	114
r9_15seqs	1	114
r9_15seqs	1	96
r9_15seqs	1	96
r9_15seqs	2	95
r9_15seqs	8	125
r9_15seqs	1	94
r9_15seqs	1	153
r9_15seqs	1	114
r9_15seqs	5	114
r9_15seqs	1	119
r9_15seqs	1	114
r9_15seqs	1	114
r9_15seqs	1	110
r9_15seqs	1	105
r9_15seqs	1	114
r9_15seqs	1	117
r9_15seqs	1	114
r9_15seqs	1	113
r9_15seqs	1	96
r9_15seqs	1	114
r9_15seqs	1	117
r9_15seqs	1	117
r9_15seqs	1	117
r9_15seqs	1	144
r9_15seqs	1	114
r9_15seqs	1	96
r9_15seqs	2	114
r9_15seqs	4	118
r9_15seqs	1	124
r9_15seqs	1	97
r9_15seqs	1	124
r9_15seqs	1	106
r9_15seqs	1	124
r9_15seqs	1	117
r9_15seqs	1	119
r9_15seqs	1	117
r9_15seqs	5	118
r9_15seqs	1	119
r9_15seqs	1	95
r9_15seqs	1	113
r9_15seqs	1	122
r9_15seqs	1	118
r9_15seqs	2	113
r9_15seqs	1	135
r9_15seqs	1	110
r9_15seqs	1	134
r9_15seqs	1	93
r9_15seqs	1	117
r9_15seqs	2	121
r9_15seqs	1	117
r9_15seqs	1	117
r9_15seqs	1	117
r9_15seqs	1	117
r9_15seqs	1	111
r9_15seqs	1	122
r9_15seqs	1	114
r9_15seqs	1	117
r9_15seqs	1	111
r9_15seqs	1	131
r9_15seqs	1	154
r9_15seqs	1	139
r9_15seqs	1	91
r9_15seqs	9	118
r9_15seqs	1	100
r9_15seqs	1	114
r9_15seqs	1	100
r9_15seqs	1	114
r9_15seqs	1	100
r9_15seqs	1	114
r9_15seqs	1	100
r9_15seqs	1	109
r9_15seqs	1	114
r9_15seqs	1	117
r9_15seqs	1	100
r9_15seqs	1	100
r9_15seqs	1	100
r9_15seqs	1	137
r9_15seqs	1	114
r9_15seqs	5	142
r9_15seqs	5	100
r9_15seqs	1	100
r9_15seqs	1	122
r9_15seqs	1	117
r9_15seqs	1	125
r9_15seqs	1	131
r9_15seqs	1	120
r9_15seqs	1	150
r9_15seqs	1	137
r9_15seqs	1	117
r9_15seqs	1	96
r9_15seqs	1	114
r9_15seqs	1	114
r9_15seqs	1	114
r9_15seqs	1	114
r9_15seqs	1	117
r9_15seqs	1	96
r9_15seqs	1	118
r9_15seqs	1	135
r9_15seqs	2	145
r9_15seqs	1	114
r9_15seqs	1	114
r9_15seqs	1	114
r9_15seqs	1	110
r9_15seqs	1	117
r9_15seqs	1	114
r9_15seqs	1	118
r9_15seqs	1	116
r9_15seqs	1	111
r9_15seqs	1	136
r9_15seqs	1	119
r9_15seqs	1	101
r9_15seqs	9	118
r9_15seqs	6	120
r9_15seqs	1	114
r9_15seqs	1	114
r9_15seqs	2	125
r9_15seqs	2	129
r9_15seqs	1	134
r9_15seqs	2	100
r9_15seqs	1	114
r9_15seqs	1	96
r9_15seqs	5	114
r9_15seqs	1	117
r9_15seqs	1	117
r9_15seqs	1	117
r9_15seqs	1	114
r9_15seqs	1	117
r9_15seqs	1	114
r9_15seqs	1	117
r9_15seqs	1	128
r9_15seqs	1	96
r9_15seqs	1	129
r9_15seqs	1	149
r9_15seqs	1	135
r9_15seqs	1	118
r9_15seqs	1	114
r9_15seqs	1	117
r9_15seqs	1	106
r9_15seqs	1	117
r9_15seqs	1	114
r9_15seqs	1	97
r9_15seqs	1	117
r9_15seqs	1	124
r9_15seqs	1	127
r9_15seqs	1	117
r9_15seqs	1	125
r9_15seqs	1	129
r9_15seqs	1	141
r9_15seqs	1	119
r9_15seqs	3	114
r9_15seqs	6	114
r9_15seqs	1	119
r9_15seqs	5	114
r9_15seqs	2	114
r9_15seqs	2	96
r9_15seqs	1	95
r9_15seqs	1	114
r9_15seqs	2	114
r9_15seqs	1	116
r9_15seqs	1	134
r9_15seqs	2	96
r9_15seqs	1	133
r9_15seqs	1	113
r9_15seqs	1	152
r9_15seqs	1	111
r9_15seqs	1	114
r9_15seqs	1	114
r9_15seqs	1	114
r9_15seqs	1	114
r9_15seqs	1	117
r9_15seqs	1	114
r9_15seqs	1	111
r9_15seqs	1	117
r9_15seqs	1	117
r9_15seqs	1	116
r9_15seqs	1	114
r9_15seqs	1	117
r9_15seqs	1	117
r9_15seqs	1	111
r9_15seqs	1	111
r9_15seqs	1	144
r9_15seqs	1	114
r9_15seqs	9	117
r9_15seqs	6	114
r9_15seqs	5	95
r9_15seqs	1	96
r9_15seqs	1	114
r9_15seqs	1	100
r9_15seqs	1	100
r9_15seqs	1	114
r9_15seqs	1	100
r9_15seqs	1	100
r9_15seqs	1	100
r9_15seqs	1	100
r9_15seqs	1	114
r9_15seqs	1	114
r9_15seqs	1	113
r9_15seqs	1	114
r9_15seqs	1	109
r9_15seqs	1	127
r9_15seqs	1	100
r9_15seqs	1	119
r9_15seqs	1	100
r9_15seqs	9	153
r9_15seqs	1	114
r9_15seqs	1	114
r9_15seqs	1	114
r9_15seqs	1	115
r9_15seqs	2	114
r9_15seqs	2	117
r9_15seqs	2	117
r9_15seqs	1	122
r9_15seqs	1	116
r9_15seqs	1	125
r9_15seqs	1	122
r9_15seqs	1	125
r9_15seqs	1	118
r9_15seqs	1	96
r9_15seqs	1	114
r9_15seqs	1	111
r9_15seqs	1	117
r9_15seqs	1	117
r9_15seqs	1	96
r9_15seqs	1	114
r9_15seqs	1	114
r9_15seqs	1	114
r9_15seqs	1	114
r9_15seqs	1	96
r9_15seqs	1	96
r9_15seqs	1	114
r9_15seqs	1	114
r9_15seqs	1	96
r9_15seqs	1	114
r9_15seqs	1	114
r9_15seqs	1	96
r9_15seqs	1	114
r9_15seqs	1	96
r9_15seqs	1	114
r9_15seqs	1	114
r9_15seqs	1	114
r9_15seqs	1	96
r9_15seqs	1	96
r9_15seqs	1	111
r9_15seqs	1	114
r9_15seqs	1	96
r9_15seqs	1	120
r9_15seqs	1	114
r9_15seqs	1	129
r9_15seqs	1	114
r9_15seqs	1	114
r9_15seqs	1	96
r9_15seqs	1	119
r9_15seqs	2	97
r9_15seqs	1	94
r9_15seqs	6	114
r9_15seqs	6	114
r9_15seqs	5	111
r9_15seqs	1	100
r9_15seqs	1	106
r9_15seqs	2	119
r9_15seqs	1	120
r9_15seqs	1	118
r9_15seqs	1	116
r9_15seqs	1	143
r9_15seqs	1	100
r9_15seqs	5	114
r9_15seqs	1	111
r9_15seqs	1	122
r9_15seqs	1	119
r9_15seqs	1	114
r9_15seqs	2	114
r9_15seqs	1	114
r9_15seqs	1	114
r9_15seqs	1	110
r9_15seqs	1	119
r9_15seqs	2	111
r9_15seqs	1	96
r9_15seqs	1	114
r9_15seqs	1	114
r9_15seqs	1	96
r9_15seqs	2	100
r9_15seqs	2	100
r9_15seqs	1	114
r9_15seqs	1	96
r9_15seqs	1	114
r9_15seqs	1	117
r9_15seqs	1	114
r9_15seqs	1	117
r9_15seqs	1	114
r9_15seqs	1	117
r9_15seqs	1	117
r9_15seqs	1	117
r9_15seqs	1	113
r9_15seqs	1	114
r9_15seqs	1	111
r9_15seqs	1	114
r9_15seqs	1	114
r9_15seqs	1	148
r9_15seqs	5	121
r9_15seqs	1	117
r9_15seqs	1	117
r9_15seqs	1	114
r9_15seqs	1	96
r9_15seqs	2	100
r9_15seqs	1	97
r9_15seqs	2	119
r9_15seqs	6	117
r9_15seqs	2	122
r9_15seqs	1	118
r9_15seqs	2	117
r9_15seqs	1	111
r9_15seqs	1	100
r9_15seqs	1	124
r9_15seqs	6	111
r9_15seqs	1	152
r9_15seqs	1	153
r9_15seqs	12	143
r9_15seqs	2	128
r9_15seqs	1	119
r9_15seqs	2	105
r9_15seqs	1	113
r9_15seqs	1	100
r9_15seqs	1	119
r9_15seqs	1	122
r9_15seqs	1	122
r9_15seqs	1	95
r9_15seqs	6	100
r9_15seqs	1	122
r9_15seqs	1	95
r9_15seqs	1	95
r9_15seqs	1	111
r9_15seqs	3	113
r9_15seqs	2	118
r9_15seqs	2	100
r9_15seqs	3	122
r9_15seqs	3	113
r9_15seqs	3	113
r9_15seqs	1	117
r9_15seqs	1	117
r9_15seqs	1	111
r9_15seqs	1	111
r9_15seqs	1	111
r9_15seqs	1	117
r9_15seqs	1	117
r9_15seqs	1	117
r9_15seqs	1	114
r9_15seqs	1	117
r9_15seqs	1	93
r9_15seqs	1	117
r9_15seqs	1	114
r9_15seqs	2	118
r9_15seqs	2	122
r9_15seqs	1	120
r9_15seqs	1	131
r9_15seqs	1	117
r9_15seqs	1	111
r9_15seqs	1	111
r9_15seqs	1	100
r9_15seqs	1	117
r9_15seqs	1	100
r9_15seqs	1	100
r9_15seqs	1	100
r9_15seqs	1	100
r9_15seqs	1	100
r9_15seqs	6	114
r9_15seqs	1	100
r9_15seqs	1	96
r9_15seqs	1	113
r9_15seqs	1	100
r9_15seqs	1	100
r9_15seqs	1	100
r9_15seqs	1	100
r9_15seqs	1	100
r9_15seqs	1	100
r9_15seqs	1	100
r9_15seqs	1	121
r9_15seqs	2	124
r9_15seqs	1	122
r9_15seqs	1	117
r9_15seqs	1	100
r9_15seqs	2	127
r9_15seqs	1	100
r9_15seqs	1	142
r9_15seqs	1	129
r9_15seqs	1	100
r9_15seqs	1	100
r9_15seqs	2	114
r9_15seqs	1	118
r9_15seqs	1	118
r9_15seqs	1	124
r9_15seqs	1	110
r9_15seqs	1	100
r9_15seqs	7	119
r9_15seqs	2	114
r9_15seqs	2	118
r9_15seqs	2	123
r9_15seqs	2	117
r9_15seqs	1	122
r9_15seqs	1	118
r9_15seqs	1	113
r9_15seqs	1	116
r9_15seqs	1	117
r9_15seqs	1	118
r9_15seqs	1	114
r9_15seqs	1	118
r9_15seqs	1	98
r9_15seqs	1	122
r9_15seqs	1	152
r9_15seqs	1	116
r9_15seqs	1	96
r9_15seqs	2	120
r9_15seqs	1	111
r9_15seqs	1	114
r9_15seqs	1	96
r9_15seqs	1	114
r9_15seqs	1	114
r9_15seqs	1	114
r9_15seqs	1	96
r9_15seqs	1	96
r9_15seqs	1	114
r9_15seqs	1	96
r9_15seqs	1	114
r9_15seqs	1	114
r9_15seqs	1	96
r9_15seqs	1	116
r9_15seqs	1	114
r9_15seqs	1	114
r9_15seqs	1	96
r9_15seqs	1	114
r9_15seqs	1	96
r9_15seqs	1	114
r9_15seqs	1	96
r9_15seqs	1	120
r9_15seqs	1	114
r9_15seqs	1	114
r9_15seqs	1	114
r9_15seqs	1	117
r9_15seqs	1	123
r9_15seqs	1	147
r9_15seqs	1	96
r9_15seqs	1	118
r9_15seqs	1	114
r9_15seqs	1	114
r9_15seqs	2	106
r9_15seqs	1	100
r9_15seqs	1	118
r9_15seqs	1	100
r9_15seqs	8	114
r9_15seqs	1	118
r9_15seqs	1	100
r9_15seqs	1	100
r9_15seqs	1	114
r9_15seqs	1	114
r9_15seqs	1	117
r9_15seqs	1	118
r9_15seqs	1	117
r9_15seqs	1	114
r9_15seqs	1	114
r9_15seqs	1	120
r9_15seqs	1	100
r9_15seqs	1	114
r9_15seqs	9	100
r9_15seqs	1	114
r9_15seqs	5	96
r9_15seqs	1	117
r9_15seqs	5	114
r9_15seqs	1	116
r9_15seqs	1	116
r9_15seqs	2	117
r9_15seqs	1	110
r9_15seqs	1	125
r9_15seqs	1	114
r9_15seqs	1	125
r9_15seqs	1	122
r9_15seqs	5	114
r9_15seqs	1	122
r9_15seqs	1	125
r9_15seqs	1	114
r9_15seqs	5	117
r9_15seqs	1	114
r9_15seqs	1	114
r9_15seqs	1	96
r9_15seqs	1	114
r9_15seqs	1	123
r9_15seqs	1	114
r9_15seqs	1	113
r9_15seqs	1	114
r9_15seqs	1	114
r9_15seqs	1	114
r9_15seqs	1	114
r9_15seqs	1	117
r9_15seqs	1	114
r9_15seqs	1	117
r9_15seqs	1	114
r9_15seqs	1	114
r9_15seqs	1	117
r9_15seqs	2	114
r9_15seqs	2	96
r9_15seqs	1	114
r9_15seqs	1	134
r9_15seqs	1	111
r9_15seqs	1	125
r9_15seqs	6	95
r9_15seqs	1	154
r9_15seqs	1	114
r9_15seqs	2	110
r9_15seqs	13	100
r9_15seqs	9	114
r9_15seqs	4	100
r9_15seqs	1	121
r9_15seqs	1	118
r9_15seqs	1	117
r9_15seqs	9	96
r9_15seqs	1	116
r9_15seqs	1	100
r9_15seqs	1	123
r9_15seqs	1	122
r9_15seqs	1	97
r9_15seqs	1	117
r9_15seqs	1	117
r9_15seqs	1	114
r9_15seqs	2	111
r9_15seqs	1	119
r9_15seqs	2	114
r9_15seqs	3	117
r9_15seqs	1	116
r9_15seqs	2	118
r9_15seqs	5	123
r9_15seqs	2	114
r9_15seqs	1	113
r9_15seqs	2	96
r9_15seqs	1	113
r9_15seqs	1	119
r9_15seqs	1	113
r9_15seqs	1	100
r9_15seqs	1	100
r9_15seqs	1	117
r9_15seqs	1	117
r9_15seqs	1	119
r9_15seqs	1	95
r9_15seqs	1	95
r9_15seqs	1	113
r9_15seqs	1	122
r9_15seqs	2	96
r9_15seqs	1	95
r9_15seqs	1	100
r9_15seqs	2	117
r9_15seqs	1	95
r9_15seqs	2	114
r9_15seqs	1	116
r9_15seqs	1	95
r9_15seqs	3	114
r9_15seqs	1	117
r9_15seqs	1	112
r9_15seqs	5	115
r9_15seqs	1	114
r9_15seqs	1	120
r9_15seqs	1	111
r9_15seqs	1	111
r9_15seqs	1	117
r9_15seqs	1	111
r9_15seqs	1	111
r9_15seqs	1	111
r9_15seqs	1	114
r9_15seqs	1	111
r9_15seqs	1	111
r9_15seqs	1	138
r9_15seqs	1	114
r9_15seqs	13	114
r9_15seqs	1	114
r9_15seqs	1	118
r9_15seqs	6	96
r9_15seqs	1	100
r9_15seqs	1	100
r9_15seqs	1	100
r9_15seqs	2	114
r9_15seqs	1	125
r9_15seqs	2	114
r9_15seqs	1	100
r9_15seqs	1	114
r9_15seqs	1	100
r9_15seqs	1	114
r9_15seqs	1	114
r9_15seqs	1	100
r9_15seqs	1	117
r9_15seqs	1	100
r9_15seqs	1	100
r9_15seqs	1	100
r9_15seqs	1	100
r9_15seqs	1	100
r9_15seqs	1	111
r9_15seqs	1	114
r9_15seqs	9	122
r9_15seqs	1	100
r9_15seqs	1	100
r9_15seqs	1	100
r9_15seqs	1	100
r9_15seqs	1	100
r9_15seqs	1	100
r9_15seqs	1	100
r9_15seqs	1	100
r9_15seqs	6	114
r9_15seqs	1	118
r9_15seqs	1	106
r9_15seqs	9	121
r9_15seqs	1	113
r9_15seqs	2	96
r9_15seqs	3	100
r9_15seqs	1	109
r9_15seqs	1	113
r9_15seqs	1	113
r9_15seqs	1	116
r9_15seqs	1	118
r9_15seqs	1	125
r9_15seqs	1	134
r9_15seqs	1	109
r9_15seqs	1	148
r9_15seqs	2	114
r9_15seqs	1	98
r9_15seqs	1	111
r9_15seqs	2	121
r9_15seqs	1	117
r9_15seqs	1	111
r9_15seqs	2	118
r9_15seqs	2	111
r9_15seqs	1	96
r9_15seqs	1	114
r9_15seqs	1	114
r9_15seqs	1	114
r9_15seqs	1	114
r9_15seqs	1	96
r9_15seqs	1	114
r9_15seqs	1	114
r9_15seqs	1	114
r9_15seqs	1	96
r9_15seqs	1	96
r9_15seqs	1	114
r9_15seqs	1	114
r9_15seqs	1	114
r9_15seqs	1	96
r9_15seqs	1	96
r9_15seqs	1	96
r9_15seqs	1	114
r9_15seqs	1	109
r9_15seqs	2	118
r9_15seqs	1	114
r9_15seqs	1	114
r9_15seqs	1	96
r9_15seqs	1	96
r9_15seqs	1	149
r9_15seqs	1	114
r9_15seqs	1	96
r9_15seqs	1	114
r9_15seqs	1	96
r9_15seqs	1	100
r9_15seqs	1	100
r9_15seqs	1	100
r9_15seqs	3	114
r9_15seqs	2	95
r9_15seqs	1	124
r9_15seqs	1	117
r9_15seqs	1	114
r9_15seqs	6	121
r9_15seqs	2	113
r9_15seqs	5	114
r9_15seqs	1	116
r9_15seqs	2	111
r9_15seqs	5	114
r9_15seqs	1	116
r9_15seqs	1	114
r9_15seqs	1	96
r9_15seqs	1	114
r9_15seqs	1	122
r9_15seqs	2	131
r9_15seqs	1	118
r9_15seqs	1	95
r9_15seqs	1	119
r9_15seqs	2	136
r9_15seqs	11	96
r9_15seqs	1	114
r9_15seqs	2	100
r9_15seqs	3	114
r9_15seqs	1	114
r9_15seqs	1	114
r9_15seqs	1	96
r9_15seqs	1	113
r9_15seqs	1	117
r9_15seqs	1	117
r9_15seqs	2	100
r9_15seqs	1	114
r9_15seqs	1	114
r9_15seqs	2	100
r9_15seqs	2	100
r9_15seqs	1	114
r9_15seqs	1	114
r9_15seqs	1	113
r9_15seqs	1	114
r9_15seqs	1	111
r9_15seqs	1	114
r9_15seqs	1	96
r9_15seqs	1	117
r9_15seqs	1	114
r9_15seqs	1	96
r9_15seqs	1	96
r9_15seqs	1	114
r9_15seqs	1	114
r9_15seqs	1	131
r9_15seqs	1	117
r9_15seqs	1	114
r9_15seqs	1	113
r9_15seqs	1	106
r9_15seqs	1	115
r9_15seqs	9	114
r9_15seqs	1	106
r9_15seqs	1	97
r9_15seqs	1	100
r9_15seqs	1	104
r9_15seqs	2	114
r9_15seqs	6	100
r9_15seqs	1	117
r9_15seqs	1	95
r9_15seqs	1	119
r9_15seqs	1	95
r9_15seqs	1	124
r9_15seqs	1	114
r9_15seqs	1	113
r9_15seqs	1	100
r9_15seqs	1	100
r9_15seqs	1	113
r9_15seqs	2	111
r9_15seqs	2	111
r9_15seqs	2	96
r9_15seqs	7	114
r9_15seqs	2	100
r9_15seqs	1	117
r9_15seqs	1	111
r9_15seqs	1	111
r9_15seqs	1	115
r9_15seqs	1	111
r9_15seqs	1	117
r9_15seqs	1	111
r9_15seqs	1	124
r9_15seqs	1	100
r9_15seqs	1	114
r9_15seqs	1	100
r9_15seqs	1	100
r9_15seqs	1	100
r9_15seqs	1	100
r9_15seqs	1	114
r9_15seqs	1	100
r9_15seqs	1	100
r9_15seqs	1	100
r9_15seqs	1	100
r9_15seqs	1	100
r9_15seqs	1	100
r9_15seqs	1	114
r9_15seqs	1	114
r9_15seqs	1	111
r9_15seqs	1	117
r9_15seqs	1	117
r9_15seqs	1	100
r9_15seqs	1	100
r9_15seqs	1	100
r9_15seqs	1	131
r9_15seqs	1	100
r9_15seqs	1	121
r9_15seqs	1	112
r9_15seqs	1	116
r9_15seqs	1	116
r9_15seqs	1	107
r9_15seqs	1	114
r9_15seqs	7	114
r9_15seqs	1	121
r9_15seqs	1	129
r9_15seqs	1	114
r9_15seqs	1	114
r9_15seqs	1	100
r9_15seqs	5	100
r9_15seqs	1	117
r9_15seqs	1	96
r9_15seqs	1	114
r9_15seqs	1	114
r9_15seqs	1	96
r9_15seqs	1	96
r9_15seqs	1	96
r9_15seqs	1	114
r9_15seqs	1	114
r9_15seqs	1	96
r9_15seqs	1	114
r9_15seqs	1	96
r9_15seqs	1	100
r9_15seqs	1	118
r9_15seqs	1	96
r9_15seqs	1	153
r9_15seqs	1	96
r9_15seqs	1	96
r9_15seqs	1	100
r9_15seqs	1	100
r9_15seqs	1	100
r9_15seqs	1	118
r9_15seqs	1	114
r9_15seqs	1	100
r9_15seqs	1	114
r9_15seqs	5	114
r9_15seqs	1	116
r9_15seqs	2	111
r9_15seqs	1	116
r9_15seqs	1	114
r9_15seqs	1	128
r9_15seqs	1	114
r9_15seqs	2	129
r9_15seqs	5	114
r9_15seqs	2	106
r9_15seqs	1	114
r9_15seqs	1	117
r9_15seqs	1	114
r9_15seqs	6	113
r9_15seqs	1	114
r9_15seqs	1	114
r9_15seqs	1	111
r9_15seqs	1	117
r9_15seqs	1	114
r9_15seqs	5	100
r9_15seqs	1	117
r9_15seqs	2	100
r9_15seqs	1	122
r9_15seqs	1	114
r9_15seqs	1	147
r9_15seqs	1	116
r9_15seqs	1	120
r9_15seqs	1	111
r9_15seqs	1	117
r9_15seqs	1	115
r9_15seqs	9	114
r9_15seqs	2	111
r9_15seqs	1	114
r9_15seqs	1	114
r9_15seqs	1	100
r9_15seqs	1	115
r9_15seqs	1	122
r9_15seqs	2	96
r9_15seqs	2	123
r9_15seqs	1	100
r9_15seqs	1	113
r9_15seqs	2	100
r9_15seqs	1	96
r9_15seqs	1	114
r9_15seqs	1	108
r9_15seqs	1	114
r9_15seqs	1	111
r9_15seqs	1	111
r9_15seqs	1	117
r9_15seqs	1	117
r9_15seqs	1	100
r9_15seqs	1	100
r9_15seqs	1	114
r9_15seqs	1	100
r9_15seqs	1	100
r9_15seqs	1	96
r9_15seqs	1	100
r9_15seqs	1	100
r9_15seqs	1	95
r9_15seqs	1	114
r9_15seqs	1	113
r9_15seqs	1	121
r9_15seqs	1	111
r9_15seqs	1	117
r9_15seqs	1	111
r9_15seqs	9	113
r9_15seqs	1	114
r9_15seqs	1	96
r9_15seqs	1	114
r9_15seqs	1	100
r9_15seqs	1	100
r9_15seqs	1	100
r9_15seqs	1	114
r9_15seqs	1	114
r9_15seqs	1	114
r9_15seqs	1	133
r9_15seqs	1	114
r9_15seqs	1	114
r9_15seqs	1	118
r9_15seqs	1	119
r9_15seqs	1	100
r9_15seqs	1	100
r9_15seqs	1	96
r9_15seqs	1	114
r9_15seqs	1	100
r9_15seqs	3	117
r9_15seqs	1	113
r9_15seqs	1	117
r9_15seqs	1	122
r9_15seqs	1	100
r9_15seqs	1	100
r9_15seqs	1	117
r9_15seqs	1	123
r9_15seqs	1	141
r9_15seqs	1	113
r9_15seqs	1	114
r9_15seqs	1	101
r9_15seqs	1	113
r9_15seqs	1	153
r9_15seqs	2	96
r9_15seqs	1	111
r9_15seqs	1	117
r9_15seqs	1	111
r9_15seqs	1	114
r9_15seqs	1	113
r9_15seqs	1	96
r9_15seqs	1	114
r9_15seqs	1	114
r9_15seqs	6	117
r9_15seqs	2	154
r9_15seqs	1	121
r9_15seqs	1	124
r9_15seqs	1	125
r9_15seqs	1	114
r9_15seqs	1	117
r9_15seqs	1	114
r9_15seqs	1	114
r9_15seqs	2	144
r9_15seqs	1	153
r9_15seqs	1	111
r9_15seqs	9	125
r9_15seqs	1	100
r9_15seqs	1	100
r9_15seqs	9	118
r9_15seqs	1	96
r9_15seqs	1	125
r9_15seqs	1	96
r9_15seqs	1	109
r9_15seqs	6	114
r9_15seqs	1	114
r9_15seqs	3	141
r9_15seqs	1	116
r9_15seqs	1	110
r9_15seqs	1	106
r9_15seqs	1	125
r9_15seqs	1	101
r9_15seqs	1	119
r9_15seqs	7	105
r9_15seqs	1	114
r9_15seqs	1	117
r9_15seqs	1	99
r9_15seqs	1	114
r9_15seqs	1	117
r9_15seqs	1	95
r9_15seqs	1	110
r9_15seqs	1	93
r9_15seqs	1	120
r9_15seqs	7	117
r9_15seqs	1	100
r9_15seqs	1	124
r9_15seqs	1	122
r9_15seqs	1	98
r9_15seqs	3	100
r9_15seqs	1	122
r9_15seqs	2	114
r9_15seqs	1	96
r9_15seqs	6	114
r9_15seqs	1	96
r9_15seqs	1	114
r9_15seqs	1	114
r9_15seqs	1	114
r9_15seqs	1	114
r9_15seqs	1	114
r9_15seqs	1	114
r9_15seqs	1	114
r9_15seqs	1	111
r9_15seqs	9	110
r9_15seqs	1	99
r9_15seqs	1	100
r9_15seqs	7	114
r9_15seqs	1	103
r9_15seqs	1	100
r9_15seqs	1	96
r9_15seqs	10	101
r9_15seqs	1	117
r9_15seqs	1	119
r9_15seqs	1	109
r9_15seqs	1	119
r9_15seqs	2	133
r9_15seqs	1	128
r9_15seqs	1	96
r9_15seqs	1	114
r9_15seqs	1	105
r9_15seqs	1	96
r9_15seqs	1	120
r9_15seqs	1	114
r9_15seqs	1	96
r9_15seqs	1	96
r9_15seqs	1	117
r9_15seqs	1	117
r9_15seqs	1	114
r9_15seqs	1	117
r9_15seqs	1	114
r9_15seqs	3	114
r9_15seqs	1	106
r9_15seqs	1	118
r9_15seqs	1	115
r9_15seqs	1	92
r9_15seqs	1	95
r9_15seqs	1	95
r9_15seqs	1	113
r9_15seqs	1	117
r9_15seqs	1	95
r9_15seqs	1	125
r9_15seqs	1	113
r9_15seqs	1	117
r9_15seqs	1	117
r9_15seqs	1	117
r9_15seqs	1	117
r9_15seqs	1	120
r9_15seqs	1	117
r9_15seqs	1	133
r9_15seqs	1	152
r9_15seqs	1	91
r9_15seqs	1	114
r9_15seqs	1	100
r9_15seqs	1	100
r9_15seqs	2	114
r9_15seqs	1	100
r9_15seqs	1	114
r9_15seqs	1	114
r9_15seqs	1	100
r9_15seqs	1	114
r9_15seqs	1	114
r9_15seqs	2	119
r9_15seqs	1	114
r9_15seqs	1	122
r9_15seqs	1	118
r9_15seqs	1	107
r9_15seqs	10	122
r9_15seqs	6	103
r9_15seqs	8	96
r9_15seqs	1	113
r9_15seqs	1	125
r9_15seqs	1	98
r9_15seqs	1	134
r9_15seqs	1	136
r9_15seqs	1	118
r9_15seqs	1	107
r9_15seqs	1	96
r9_15seqs	1	96
r9_15seqs	2	97
r9_15seqs	1	117
r9_15seqs	1	114
r9_15seqs	1	114
r9_15seqs	1	114
r9_15seqs	1	114
r9_15seqs	1	105
r9_15seqs	1	114
r9_15seqs	1	114
r9_15seqs	1	96
r9_15seqs	1	96
r9_15seqs	1	114
r9_15seqs	1	123
r9_15seqs	1	114
r9_15seqs	1	96
r9_15seqs	12	137
r9_15seqs	1	114
r9_15seqs	1	137
r9_15seqs	1	114
r9_15seqs	1	103
r9_15seqs	1	103
r9_15seqs	1	114
r9_15seqs	2	95
r9_15seqs	1	114
r9_15seqs	1	100
r9_15seqs	1	131
r9_15seqs	1	117
r9_15seqs	1	147
r9_15seqs	1	114
r9_15seqs	2	117
r9_15seqs	1	110
r9_15seqs	1	117
r9_15seqs	2	120
r9_15seqs	2	114
r9_15seqs	1	115
r9_15seqs	2	100
r9_15seqs	2	100
r9_15seqs	1	113
r9_15seqs	1	117
r9_15seqs	1	114
r9_15seqs	1	95
r9_15seqs	1	118
r9_15seqs	1	105
r9_15seqs	1	129
r9_15seqs	1	117
r9_15seqs	1	114
r9_15seqs	1	96
r9_15seqs	2	122
r9_15seqs	10	106
r9_15seqs	1	118
r9_15seqs	1	106
r9_15seqs	1	117
r9_15seqs	2	89
r9_15seqs	1	115
r9_15seqs	1	111
r9_15seqs	1	143
r9_15seqs	1	97
r9_15seqs	1	111
r9_15seqs	5	111
r9_15seqs	6	100
r9_15seqs	1	119
r9_15seqs	1	113
r9_15seqs	1	113
r9_15seqs	1	114
r9_15seqs	1	122
r9_15seqs	1	122
r9_15seqs	1	95
r9_15seqs	11	114
r9_15seqs	2	114
r9_15seqs	1	117
r9_15seqs	2	96
r9_15seqs	1	113
r9_15seqs	1	131
r9_15seqs	9	100
r9_15seqs	4	96
r9_15seqs	1	114
r9_15seqs	1	114
r9_15seqs	2	114
r9_15seqs	1	114
r9_15seqs	1	117
r9_15seqs	1	114
r9_15seqs	1	115
r9_15seqs	1	114
r9_15seqs	9	114
r9_15seqs	1	117
r9_15seqs	1	114
r9_15seqs	1	106
r9_15seqs	1	117
r9_15seqs	1	117
r9_15seqs	1	125
r9_15seqs	1	117
r9_15seqs	1	93
r9_15seqs	1	114
r9_15seqs	1	128
r9_15seqs	1	91
r9_15seqs	13	103
r9_15seqs	5	113
r9_15seqs	1	100
r9_15seqs	3	111
r9_15seqs	1	100
r9_15seqs	1	100
r9_15seqs	1	100
r9_15seqs	1	100
r9_15seqs	1	100
r9_15seqs	1	100
r9_15seqs	1	114
r9_15seqs	1	118
r9_15seqs	1	100
r9_15seqs	1	100
r9_15seqs	1	114
r9_15seqs	1	114
r9_15seqs	1	109
r9_15seqs	1	113
r9_15seqs	1	124
r9_15seqs	1	100
r9_15seqs	1	114
r9_15seqs	1	100
r9_15seqs	1	100
r9_15seqs	6	114
r9_15seqs	1	100
r9_15seqs	1	98
r9_15seqs	1	95
r9_15seqs	2	117
r9_15seqs	2	117
r9_15seqs	1	117
r9_15seqs	1	116
r9_15seqs	1	119
r9_15seqs	1	113
r9_15seqs	1	96
r9_15seqs	1	134
r9_15seqs	1	98
r9_15seqs	1	125
r9_15seqs	2	97
r9_15seqs	1	117
r9_15seqs	1	114
r9_15seqs	1	114
r9_15seqs	1	111
r9_15seqs	1	117
r9_15seqs	2	117
r9_15seqs	1	96
r9_15seqs	1	96
r9_15seqs	1	114
r9_15seqs	1	114
r9_15seqs	1	114
r9_15seqs	1	96
r9_15seqs	1	114
r9_15seqs	1	114
r9_15seqs	1	96
r9_15seqs	1	114
r9_15seqs	1	96
r9_15seqs	1	114
r9_15seqs	1	114
r9_15seqs	1	105
r9_15seqs	1	114
r9_15seqs	1	114
r9_15seqs	1	96
r9_15seqs	1	120
r9_15seqs	1	114
r9_15seqs	1	138
r9_15seqs	2	148
r9_15seqs	1	96
r9_15seqs	1	96
r9_15seqs	1	114
r9_15seqs	1	114
r9_15seqs	1	114
r9_15seqs	1	96
r9_15seqs	1	94
r9_15seqs	1	100
r9_15seqs	1	114
r9_15seqs	1	103
r9_15seqs	1	96
r9_15seqs	1	117
r9_15seqs	1	116
r9_15seqs	1	118
r9_15seqs	1	114
r9_15seqs	1	117
r9_15seqs	1	118
r9_15seqs	1	122
r9_15seqs	1	133
r9_15seqs	1	100
r9_15seqs	1	150
r9_15seqs	1	131
r9_15seqs	1	135
r9_15seqs	2	120
r9_15seqs	1	119
r9_15seqs	1	114
r9_15seqs	1	119
r9_15seqs	1	125
r9_15seqs	1	128
r9_15seqs	1	114
r9_15seqs	1	114
r9_15seqs	1	110
r9_15seqs	1	96
r9_15seqs	1	114
r9_15seqs	1	113
r9_15seqs	1	96
r9_15seqs	1	114
r9_15seqs	1	114
r9_15seqs	1	114
r9_15seqs	1	114
r9_15seqs	1	114
r9_15seqs	1	114
r9_15seqs	1	117
r9_15seqs	1	114
r9_15seqs	1	113
r9_15seqs	1	96
r9_15seqs	1	99
r9_15seqs	1	122
r9_15seqs	1	117
r9_15seqs	2	100
r9_15seqs	1	153
r9_15seqs	2	148
r9_15seqs	1	97
r9_15seqs	1	117
r9_15seqs	1	111
r9_15seqs	1	114
r9_15seqs	1	117
r9_15seqs	1	115
r9_15seqs	1	121
r9_15seqs	2	120
r9_15seqs	1	118
r9_15seqs	1	91
r9_15seqs	11	114
r9_15seqs	1	100
r9_15seqs	2	96
r9_15seqs	2	114
r9_15seqs	1	125
r9_15seqs	5	117
r9_15seqs	1	113
r9_15seqs	1	113
r9_15seqs	1	95
r9_15seqs	1	118
r9_15seqs	1	95
r9_15seqs	1	100
r9_15seqs	1	95
r9_15seqs	1	95
r9_15seqs	1	95
r9_15seqs	1	100
r9_15seqs	1	114
r9_15seqs	1	120
r9_15seqs	1	117
r9_15seqs	2	138
r9_15seqs	1	95
r9_15seqs	1	95
r9_15seqs	1	110
r9_15seqs	1	114
r9_15seqs	8	115
r9_15seqs	1	117
r9_15seqs	3	114
r9_15seqs	2	124
r9_15seqs	1	120
r9_15seqs	1	114
r9_15seqs	1	114
r9_15seqs	1	114
r9_15seqs	1	114
r9_15seqs	1	111
r9_15seqs	1	117
r9_15seqs	1	117
r9_15seqs	1	117
r9_15seqs	1	117
r9_15seqs	1	111
r9_15seqs	1	114
r9_15seqs	1	108
r9_15seqs	1	111
r9_15seqs	1	102
r9_15seqs	1	114
r9_15seqs	1	96
r9_15seqs	1	126
r9_15seqs	1	100
r9_15seqs	1	113
r9_15seqs	1	100
r9_15seqs	2	110
r9_15seqs	1	100
r9_15seqs	1	100
r9_15seqs	1	100
r9_15seqs	1	100
r9_15seqs	6	114
r9_15seqs	1	100
r9_15seqs	1	100
r9_15seqs	1	114
r9_15seqs	1	100
r9_15seqs	1	96
r9_15seqs	1	96
r9_15seqs	1	100
r9_15seqs	1	100
r9_15seqs	1	128
r9_15seqs	1	100
r9_15seqs	1	124
r9_15seqs	11	114
r9_15seqs	1	118
r9_15seqs	5	117
r9_15seqs	1	113
r9_15seqs	1	119
r9_15seqs	1	113
r9_15seqs	2	114
r9_15seqs	1	95
r9_15seqs	1	117
r9_15seqs	5	114
r9_15seqs	1	109
r9_15seqs	1	124
r9_15seqs	1	131
r9_15seqs	1	113
r9_15seqs	1	125
r9_15seqs	1	122
r9_15seqs	1	116
r9_15seqs	1	120
r9_15seqs	1	117
r9_15seqs	1	96
r9_15seqs	1	96
r9_15seqs	1	114
r9_15seqs	1	114
r9_15seqs	1	96
r9_15seqs	1	114
r9_15seqs	1	96
r9_15seqs	1	114
r9_15seqs	1	114
r9_15seqs	1	105
r9_15seqs	1	114
r9_15seqs	1	114
r9_15seqs	1	114
r9_15seqs	1	96
r9_15seqs	1	114
r9_15seqs	1	114
r9_15seqs	1	114
r9_15seqs	10	96
r9_15seqs	1	111
r9_15seqs	1	123
r9_15seqs	1	129
r9_15seqs	2	114
r9_15seqs	1	114
r9_15seqs	1	114
r9_15seqs	1	152
r9_15seqs	10	96
r9_15seqs	1	96
r9_15seqs	1	114
r9_15seqs	1	114
r9_15seqs	1	120
r9_15seqs	1	96
r9_15seqs	1	85
r9_15seqs	1	85
r9_15seqs	1	100
r9_15seqs	1	100
r9_15seqs	1	100
r9_15seqs	6	117
r9_15seqs	1	100
r9_15seqs	1	117
r9_15seqs	1	117
r9_15seqs	2	113
r9_15seqs	1	117
r9_15seqs	1	118
r9_15seqs	1	114
r9_15seqs	1	114
r9_15seqs	3	119
r9_15seqs	2	118
r9_15seqs	3	114
r9_15seqs	2	122
r9_15seqs	2	122
r9_15seqs	1	100
r9_15seqs	1	114
r9_15seqs	1	114
r9_15seqs	1	118
r9_15seqs	1	100
r9_15seqs	7	117
r9_15seqs	1	100
r9_15seqs	9	124
r9_15seqs	2	117
r9_15seqs	1	94
r9_15seqs	1	114
r9_15seqs	1	111
r9_15seqs	1	114
r9_15seqs	1	125
r9_15seqs	1	124
r9_15seqs	1	123
r9_15seqs	1	92
r9_15seqs	1	132
r9_15seqs	9	100
r9_15seqs	1	141
r9_15seqs	1	114
r9_15seqs	2	117
r9_15seqs	1	114
r9_15seqs	2	111
r9_15seqs	1	114
r9_15seqs	1	114
r9_15seqs	1	114
r9_15seqs	1	114
r9_15seqs	2	100
r9_15seqs	1	114
r9_15seqs	1	114
r9_15seqs	1	114
r9_15seqs	1	117
r9_15seqs	1	117
r9_15seqs	1	114
r9_15seqs	1	117
r9_15seqs	1	117
r9_15seqs	1	117
r9_15seqs	1	117
r9_15seqs	1	117
r9_15seqs	1	114
r9_15seqs	1	114
r9_15seqs	1	117
r9_15seqs	1	129
r9_15seqs	19	117
r9_15seqs	1	96
r9_15seqs	7	114
r9_15seqs	1	113
r9_15seqs	1	120
r9_15seqs	1	114
r9_15seqs	1	114
r9_15seqs	1	114
r9_15seqs	1	113
r9_15seqs	1	141
r9_15seqs	1	114
r9_15seqs	1	114
r9_15seqs	1	123
r9_15seqs	1	114
r9_15seqs	12	114
r9_15seqs	9	114
r9_15seqs	3	114
r9_15seqs	1	120
r9_15seqs	1	111
r9_15seqs	1	106
r9_15seqs	1	121
r9_15seqs	1	114
r9_15seqs	1	114
r9_15seqs	1	117
r9_15seqs	1	117
r9_15seqs	1	106
r9_15seqs	2	116
r9_15seqs	1	111
r9_15seqs	1	106
r9_15seqs	1	125
r9_15seqs	15	109
r9_15seqs	8	117
r9_15seqs	6	100
r9_15seqs	1	114
r9_15seqs	1	125
r9_15seqs	1	113
r9_15seqs	1	95
r9_15seqs	1	125
r9_15seqs	1	113
r9_15seqs	1	116
r9_15seqs	1	117
r9_15seqs	1	113
r9_15seqs	1	114
r9_15seqs	2	105
r9_15seqs	1	117
r9_15seqs	1	114
r9_15seqs	2	96
r9_15seqs	1	134
r9_15seqs	2	114
r9_15seqs	1	131
r9_15seqs	1	113
r9_15seqs	1	93
r9_15seqs	1	117
r9_15seqs	1	96
r9_15seqs	1	114
r9_15seqs	1	114
r9_15seqs	1	114
r9_15seqs	1	111
r9_15seqs	1	111
r9_15seqs	1	111
r9_15seqs	7	114
r9_15seqs	1	95
r9_15seqs	1	117
r9_15seqs	1	104
r9_15seqs	1	117
r9_15seqs	10	114
r9_15seqs	1	100
r9_15seqs	1	100
r9_15seqs	1	100
r9_15seqs	1	100
r9_15seqs	1	114
r9_15seqs	1	100
r9_15seqs	2	114
r9_15seqs	1	100
r9_15seqs	1	100
r9_15seqs	1	100
r9_15seqs	1	100
r9_15seqs	1	91
r9_15seqs	1	106
r9_15seqs	1	100
r9_15seqs	1	122
r9_15seqs	1	100
r9_15seqs	1	121
r9_15seqs	1	118
r9_15seqs	1	100
r9_15seqs	1	89
r9_15seqs	2	114
r9_15seqs	1	113
r9_15seqs	2	117
r9_15seqs	1	114
r9_15seqs	1	95
r9_15seqs	7	116
r9_15seqs	1	114
r9_15seqs	1	125
r9_15seqs	1	122
r9_15seqs	1	124
r9_15seqs	1	119
r9_15seqs	1	120
r9_15seqs	1	131
r9_15seqs	1	153
r9_15seqs	10	96
r9_15seqs	1	114
r9_15seqs	1	120
r9_15seqs	1	111
r9_15seqs	1	114
r9_15seqs	1	117
r9_15seqs	1	114
r9_15seqs	1	105
r9_15seqs	1	114
r9_15seqs	1	96
r9_15seqs	1	96
r9_15seqs	1	114
r9_15seqs	1	114
r9_15seqs	1	96
r9_15seqs	1	92
r9_15seqs	1	114
r9_15seqs	1	96
r9_15seqs	1	114
r9_15seqs	1	114
r9_15seqs	1	96
r9_15seqs	1	128
r9_15seqs	1	92
r9_15seqs	1	135
r9_15seqs	2	153
r9_15seqs	1	114
r9_15seqs	1	96
r9_15seqs	1	100
r9_15seqs	1	100
r9_15seqs	1	100
r9_15seqs	3	96
r9_15seqs	3	114
r9_15seqs	1	100
r9_15seqs	6	114
r9_15seqs	1	118
r9_15seqs	1	118
r9_15seqs	1	119
r9_15seqs	1	114
r9_15seqs	1	114
r9_15seqs	1	117
r9_15seqs	5	119
r9_15seqs	2	130
r9_15seqs	1	131
r9_15seqs	1	154
r9_15seqs	1	121
r9_15seqs	14	114
r9_15seqs	5	114
r9_15seqs	3	121
r9_15seqs	2	111
r9_15seqs	1	114
r9_15seqs	1	114
r9_15seqs	1	116
r9_15seqs	1	114
r9_15seqs	1	114
r9_15seqs	1	94
r9_15seqs	1	130
r9_15seqs	5	96
r9_15seqs	1	125
r9_15seqs	1	125
r9_15seqs	1	110
r9_15seqs	1	111
r9_15seqs	1	114
r9_15seqs	1	114
r9_15seqs	1	117
r9_15seqs	1	117
r9_15seqs	1	105
r9_15seqs	1	117
r9_15seqs	1	117
r9_15seqs	1	114
r9_15seqs	1	114
r9_15seqs	1	96
r9_15seqs	1	114
r9_15seqs	1	114
r9_15seqs	6	95
r9_15seqs	1	114
r9_15seqs	1	117
r9_15seqs	1	113
r9_15seqs	6	113
r9_15seqs	1	117
r9_15seqs	1	114
r9_15seqs	1	114
r9_15seqs	1	111
r9_15seqs	1	117
r9_15seqs	1	114
r9_15seqs	1	114
r9_15seqs	1	114
r9_15seqs	1	132
r9_15seqs	2	113
r9_15seqs	3	112
r9_15seqs	1	114
r9_15seqs	1	114
r9_15seqs	1	117
r9_15seqs	1	117
r9_15seqs	1	111
r9_15seqs	1	126
r9_15seqs	2	113
r9_15seqs	2	117
r9_15seqs	1	117
r9_15seqs	1	152
r9_15seqs	1	114
r9_15seqs	1	114
r9_15seqs	1	113
r9_15seqs	2	114
r9_15seqs	1	95
r9_15seqs	1	95
r9_15seqs	1	113
r9_15seqs	1	113
r9_15seqs	1	96
r9_15seqs	1	100
r9_15seqs	1	95
r9_15seqs	1	95
r9_15seqs	1	104
r9_15seqs	1	130
r9_15seqs	10	117
r9_15seqs	1	114
r9_15seqs	2	100
r9_15seqs	1	111
r9_15seqs	1	111
r9_15seqs	1	120
r9_15seqs	1	111
r9_15seqs	1	111
r9_15seqs	1	111
r9_15seqs	1	120
r9_15seqs	1	102
r9_15seqs	1	111
r9_15seqs	1	117
r9_15seqs	1	111
r9_15seqs	8	100
r9_15seqs	1	111
r9_15seqs	1	114
r9_15seqs	1	126
r9_15seqs	1	124
r9_15seqs	1	111
r9_15seqs	1	117
r9_15seqs	1	117
r9_15seqs	1	100
r9_15seqs	1	100
r9_15seqs	1	100
r9_15seqs	1	124
r9_15seqs	1	100
r9_15seqs	1	113
r9_15seqs	1	100
r9_15seqs	6	114
r9_15seqs	1	114
r9_15seqs	1	100
r9_15seqs	3	117
r9_15seqs	1	137
r9_15seqs	1	100
r9_15seqs	14	113
r9_15seqs	2	119
r9_15seqs	1	153
r9_15seqs	1	132
r9_15seqs	1	111
r9_15seqs	6	103
r9_15seqs	1	95
r9_15seqs	2	118
r9_15seqs	1	95
r9_15seqs	1	117
r9_15seqs	1	111
r9_15seqs	1	117
r9_15seqs	5	127
r9_15seqs	6	100
r9_15seqs	1	100
r9_15seqs	8	100
r9_15seqs	1	117
r9_15seqs	1	120
r9_15seqs	1	114
r9_15seqs	1	111
r9_15seqs	1	96
r9_15seqs	1	114
r9_15seqs	1	114
r9_15seqs	1	96
r9_15seqs	1	96
r9_15seqs	1	114
r9_15seqs	1	114
r9_15seqs	1	96
r9_15seqs	1	114
r9_15seqs	1	96
r9_15seqs	1	96
r9_15seqs	1	96
r9_15seqs	1	96
r9_15seqs	1	114
r9_15seqs	1	114
r9_15seqs	1	114
r9_15seqs	1	96
r9_15seqs	1	96
r9_15seqs	1	96
r9_15seqs	1	116
r9_15seqs	1	111
r9_15seqs	1	96
r9_15seqs	1	111
r9_15seqs	1	114
r9_15seqs	1	96
r9_15seqs	1	114
r9_15seqs	1	114
r9_15seqs	1	100
r9_15seqs	1	100
r9_15seqs	6	96
r9_15seqs	1	100
r9_15seqs	1	100
r9_15seqs	1	114
r9_15seqs	1	96
r9_15seqs	1	100
r9_15seqs	1	100
r9_15seqs	1	100
r9_15seqs	1	100
r9_15seqs	1	94
r9_15seqs	6	126
r9_15seqs	1	114
r9_15seqs	1	119
r9_15seqs	1	116
r9_15seqs	1	118
r9_15seqs	1	111
r9_15seqs	1	128
r9_15seqs	5	117
r9_15seqs	16	114
r9_15seqs	1	120
r9_15seqs	1	114
r9_15seqs	1	114
r9_15seqs	2	100
r9_15seqs	1	96
r9_15seqs	6	114
r9_15seqs	2	96
r9_15seqs	1	117
r9_15seqs	1	112
r9_15seqs	1	121
r9_15seqs	1	123
r9_15seqs	1	96
r9_15seqs	1	128
r9_15seqs	5	125
r9_15seqs	1	111
r9_15seqs	1	111
r9_15seqs	3	117
r9_15seqs	2	117
r9_15seqs	1	114
r9_15seqs	2	117
r9_15seqs	1	113
r9_15seqs	1	113
r9_15seqs	1	119
r9_15seqs	2	114
r9_15seqs	1	95
r9_15seqs	2	100
r9_15seqs	1	111
r9_15seqs	1	120
r9_15seqs	2	100
r9_15seqs	1	96
r9_15seqs	1	100
r9_15seqs	10	100
r9_15seqs	6	114
r9_15seqs	1	100
r9_15seqs	1	114
r9_15seqs	1	100
r9_15seqs	1	96
r9_15seqs	1	96
r9_15seqs	1	113
r9_15seqs	1	100
r9_15seqs	1	100
r9_15seqs	1	117
r9_15seqs	1	100
r9_15seqs	1	117
r9_15seqs	1	114
r9_15seqs	1	117
r9_15seqs	2	121
r9_15seqs	2	117
r9_15seqs	1	114
r9_15seqs	1	96
r9_15seqs	1	114
r9_15seqs	1	114
r9_15seqs	1	114
r9_15seqs	1	100
r9_15seqs	1	114
r9_15seqs	1	96
r9_15seqs	1	110
r9_15seqs	1	125
r9_15seqs	1	96
r9_15seqs	1	125
r9_15seqs	1	111
r9_15seqs	1	111
r9_15seqs	1	96
r9_15seqs	1	114
r9_15seqs	16	100
r9_15seqs	5	116
r9_15seqs	1	100
r9_15seqs	1	100
r9_15seqs	1	114
r9_15seqs	1	148
r9_15seqs	1	110
r9_15seqs	1	114
r9_15seqs	1	114
r9_15seqs	1	96
r9_15seqs	1	114
r9_15seqs	1	114
r9_15seqs	1	114
r9_15seqs	1	95
r9_15seqs	1	100
r9_15seqs	1	96
r9_15seqs	1	100
r9_15seqs	1	142
r9_15seqs	1	114
r9_15seqs	1	114
r9_15seqs	1	114
r9_15seqs	1	115
r9_15seqs	1	95
r9_15seqs	1	113
r9_15seqs	1	117
r9_15seqs	1	114
r9_15seqs	1	111
r9_15seqs	1	111
r9_15seqs	1	111
r9_15seqs	1	116
r9_15seqs	1	100
r9_15seqs	1	100
r9_15seqs	1	114
r9_15seqs	1	95
r9_15seqs	1	100
r9_15seqs	1	116
r9_15seqs	1	113
r9_15seqs	1	117
r9_15seqs	1	111
r9_15seqs	1	117
r9_15seqs	6	122
r9_15seqs	1	120
r9_15seqs	1	111
r9_15seqs	1	96
r9_15seqs	1	114
r9_15seqs	1	96
r9_15seqs	1	114
r9_15seqs	1	96
r9_15seqs	1	114
r9_15seqs	1	127
r9_15seqs	2	86
r9_15seqs	5	114
r9_15seqs	1	117
r9_15seqs	1	100
r9_15seqs	1	100
r9_15seqs	1	100
r9_15seqs	1	100
r9_15seqs	1	113
r9_15seqs	2	111
r9_15seqs	1	111
r9_15seqs	1	106
r9_15seqs	1	100
r9_15seqs	1	95
r9_15seqs	2	114
r9_15seqs	1	114
r9_15seqs	2	100
r9_15seqs	1	100
r9_15seqs	2	114
r9_15seqs	1	100
r9_15seqs	1	137
r9_15seqs	1	114
r9_15seqs	1	100
r9_15seqs	1	117
r9_15seqs	3	114
r9_15seqs	1	120
r9_15seqs	1	96
r9_15seqs	1	105
r9_15seqs	1	94
r9_15seqs	1	103
r9_15seqs	1	138
r9_15seqs	1	126
r9_15seqs	1	121
r9_15seqs	1	154
r9_15seqs	1	154
r9_15seqs	1	113
r9_15seqs	1	136
r9_15seqs	1	136
r9_15seqs	8	114
r9_15seqs	4	114
r9_15seqs	1	114
r9_15seqs	1	114
r9_15seqs	3	117
r9_15seqs	6	129
r9_15seqs	1	122
r9_15seqs	1	110
r9_15seqs	1	101
r9_15seqs	1	115
r9_15seqs	3	126
r9_15seqs	1	90
r9_15seqs	1	96
r9_15seqs	1	117
r9_15seqs	2	98
r9_15seqs	1	114
r9_15seqs	1	127
r9_15seqs	1	147
r9_15seqs	1	119
r9_15seqs	2	114
r9_15seqs	1	113
r9_15seqs	2	100
r9_15seqs	1	100
r9_15seqs	1	95
r9_15seqs	1	87
r9_15seqs	1	105
r9_15seqs	1	114
r9_15seqs	1	117
r9_15seqs	1	114
r9_15seqs	1	115
r9_15seqs	1	117
r9_15seqs	1	113
r9_15seqs	1	96
r9_15seqs	1	102
r9_15seqs	1	96
r9_15seqs	1	114
r9_15seqs	1	94
r9_15seqs	1	100
r9_15seqs	1	117
r9_15seqs	1	127
r9_15seqs	1	137
r9_15seqs	1	114
r9_15seqs	1	96
r9_15seqs	1	99
r9_15seqs	1	117
r9_15seqs	1	117
r9_15seqs	9	96
r9_15seqs	1	117
r9_15seqs	1	142
r9_15seqs	1	118
r9_15seqs	1	117
r9_15seqs	3	115
r9_15seqs	1	113
r9_15seqs	1	114
r9_15seqs	5	111
r9_15seqs	1	93
r9_15seqs	1	102
r9_15seqs	1	84
r9_15seqs	1	111
r9_15seqs	1	111
r9_15seqs	1	111
r9_15seqs	1	117
r9_15seqs	1	102
r9_15seqs	1	117
r9_15seqs	2	94
r9_15seqs	2	134
r9_15seqs	1	100
r9_15seqs	2	114
r9_15seqs	1	118
r9_15seqs	1	113
r9_15seqs	1	98
r9_15seqs	1	98
r9_15seqs	1	87
r9_15seqs	1	96
r9_15seqs	1	96
r9_15seqs	5	114
r9_15seqs	1	114
r9_15seqs	1	114
r9_15seqs	1	114
r9_15seqs	1	114
r9_15seqs	1	114
r9_15seqs	1	96
r9_15seqs	1	96
r9_15seqs	10	114
r9_15seqs	1	125
r9_15seqs	1	96
r9_15seqs	1	114
r9_15seqs	1	96
r9_15seqs	2	95
r9_15seqs	1	94
r9_15seqs	1	100
r9_15seqs	2	95
r9_15seqs	1	103
r9_15seqs	1	118
r9_15seqs	6	90
r9_15seqs	1	117
r9_15seqs	1	114
r9_15seqs	1	148
r9_15seqs	1	113
r9_15seqs	1	152
r9_15seqs	1	105
r9_15seqs	8	114
r9_15seqs	2	117
r9_15seqs	1	114
r9_15seqs	1	114
r9_15seqs	1	96
r9_15seqs	1	124
r9_15seqs	10	129
r9_15seqs	2	91
r9_15seqs	1	129
r9_15seqs	1	113
r9_15seqs	1	117
r9_15seqs	1	117
r9_15seqs	1	114
r9_15seqs	1	122
r9_15seqs	1	122
r9_15seqs	1	114
r9_15seqs	1	96
r9_15seqs	2	111
r9_15seqs	1	116
r9_15seqs	18	114
r9_15seqs	2	150
r9_15seqs	3	97
r9_15seqs	1	113
r9_15seqs	1	113
r9_15seqs	1	95
r9_15seqs	1	113
r9_15seqs	2	114
r9_15seqs	6	100
r9_15seqs	1	150
r9_15seqs	1	110
r9_15seqs	1	93
r9_15seqs	1	114
r9_15seqs	1	117
r9_15seqs	1	117
r9_15seqs	1	96
r9_15seqs	1	93
r9_15seqs	1	96
r9_15seqs	1	96
r9_15seqs	1	130
r9_15seqs	1	150
r9_15seqs	1	97
r9_15seqs	1	100
r9_15seqs	1	111
r9_15seqs	1	100
r9_15seqs	1	100
r9_15seqs	1	117
r9_15seqs	1	117
r9_15seqs	1	114
r9_15seqs	1	122
r9_15seqs	3	117
r9_15seqs	1	147
r9_15seqs	1	100
r9_15seqs	1	119
r9_15seqs	2	117
r9_15seqs	1	116
r9_15seqs	1	118
r9_15seqs	2	114
r9_15seqs	1	125
r9_15seqs	1	134
r9_15seqs	1	121
r9_15seqs	1	151
r9_15seqs	1	87
r9_15seqs	1	114
r9_15seqs	5	120
r9_15seqs	1	96
r9_15seqs	1	114
r9_15seqs	1	96
r9_15seqs	1	105
r9_15seqs	1	114
r9_15seqs	1	119
r9_15seqs	1	96
r9_15seqs	7	111
r9_15seqs	1	96
r9_15seqs	1	96
r9_15seqs	10	148
r9_15seqs	1	117
r9_15seqs	1	85
r9_15seqs	1	100
r9_15seqs	1	103
r9_15seqs	1	108
r9_15seqs	1	108
r9_15seqs	1	118
r9_15seqs	1	98
r9_15seqs	1	108
r9_15seqs	2	95
r9_15seqs	1	118
r9_15seqs	1	113
r9_15seqs	1	113
r9_15seqs	1	114
r9_15seqs	1	103
r9_15seqs	1	100
r9_15seqs	1	115
r9_15seqs	1	92
r9_15seqs	18	132
r9_15seqs	1	114
r9_15seqs	1	114
r9_15seqs	1	114
r9_15seqs	1	114
r9_15seqs	1	114
r9_15seqs	4	117
r9_15seqs	1	114
r9_15seqs	1	117
r9_15seqs	1	96
r9_15seqs	1	126
r9_15seqs	1	114
r9_15seqs	1	96
r9_15seqs	1	114
r9_15seqs	1	124
r9_15seqs	1	114
r9_15seqs	1	103
r9_15seqs	1	127
r9_15seqs	1	129
r9_15seqs	5	114
r9_15seqs	1	97
r9_15seqs	2	131
r9_15seqs	1	96
r9_15seqs	4	89
r9_15seqs	8	114
r9_15seqs	2	120
r9_15seqs	2	117
r9_15seqs	2	114
r9_15seqs	1	95
r9_15seqs	1	95
r9_15seqs	1	113
r9_15seqs	1	117
r9_15seqs	1	133
r9_15seqs	1	95
r9_15seqs	1	86
r9_15seqs	1	129
r9_15seqs	9	94
r9_15seqs	1	138
r9_15seqs	6	100
r9_15seqs	13	114
r9_15seqs	1	117
r9_15seqs	1	111
r9_15seqs	1	117
r9_15seqs	1	106
r9_15seqs	6	133
r9_15seqs	1	134
r9_15seqs	1	129
r9_15seqs	1	111
r9_15seqs	1	95
r9_15seqs	1	117
r9_15seqs	14	115
r9_15seqs	5	95
r9_15seqs	1	100
r9_15seqs	1	100
r9_15seqs	1	115
r9_15seqs	9	114
r9_15seqs	1	100
r9_15seqs	1	100
r9_15seqs	1	96
r9_15seqs	2	113
r9_15seqs	10	111
r9_15seqs	1	115
r9_15seqs	1	84
r9_15seqs	1	114
r9_15seqs	1	100
r9_15seqs	2	114
r9_15seqs	1	130
r9_15seqs	1	96
r9_15seqs	12	113
r9_15seqs	1	98
r9_15seqs	1	113
r9_15seqs	1	114
r9_15seqs	2	117
r9_15seqs	1	113
r9_15seqs	2	96
r9_15seqs	6	114
r9_15seqs	1	116
r9_15seqs	1	122
r9_15seqs	1	98
r9_15seqs	1	117
r9_15seqs	15	114
r9_15seqs	10	96
r9_15seqs	1	120
r9_15seqs	1	114
r9_15seqs	1	114
r9_15seqs	1	114
r9_15seqs	1	114
r9_15seqs	1	96
r9_15seqs	1	96
r9_15seqs	1	114
r9_15seqs	1	96
r9_15seqs	1	114
r9_15seqs	1	96
r9_15seqs	1	111
r9_15seqs	1	96
r9_15seqs	1	100
r9_15seqs	1	114
r9_15seqs	5	100
r9_15seqs	1	114
r9_15seqs	1	118
r9_15seqs	6	114
r9_15seqs	1	100
r9_15seqs	2	119
r9_15seqs	1	103
r9_15seqs	1	103
r9_15seqs	1	94
r9_15seqs	9	114
r9_15seqs	1	111
r9_15seqs	1	85
r9_15seqs	4	124
r9_15seqs	1	131
r9_15seqs	2	92
r9_15seqs	3	94
r9_15seqs	1	98
r9_15seqs	2	114
r9_15seqs	1	117
r9_15seqs	9	124
r9_15seqs	2	111
r9_15seqs	1	114
r9_15seqs	1	110
r9_15seqs	1	117
r9_15seqs	1	118
r9_15seqs	1	127
r9_15seqs	1	100
r9_15seqs	1	96
r9_15seqs	5	96
r9_15seqs	1	114
r9_15seqs	1	117
r9_15seqs	1	114
r9_15seqs	1	117
r9_15seqs	1	114
r9_15seqs	1	117
r9_15seqs	1	117
r9_15seqs	1	114
r9_15seqs	1	114
r9_15seqs	1	113
r9_15seqs	1	96
r9_15seqs	1	122
r9_15seqs	1	114
r9_15seqs	1	117
r9_15seqs	1	99
r9_15seqs	1	114
r9_15seqs	2	100
r9_15seqs	1	143
r9_15seqs	1	96
r9_15seqs	1	88
r9_15seqs	9	111
r9_15seqs	2	100
r9_15seqs	1	124
r9_15seqs	3	114
r9_15seqs	2	128
r9_15seqs	1	121
r9_15seqs	1	106
r9_15seqs	1	114
r9_15seqs	1	124
r9_15seqs	1	124
r9_15seqs	1	141
r9_15seqs	5	114
r9_15seqs	5	114
r9_15seqs	1	125
r9_15seqs	1	125
r9_15seqs	1	95
r9_15seqs	1	113
r9_15seqs	1	95
r9_15seqs	1	95
r9_15seqs	1	114
r9_15seqs	1	95
r9_15seqs	1	95
r9_15seqs	1	95
r9_15seqs	1	95
r9_15seqs	17	114
r9_15seqs	2	96
r9_15seqs	1	150
r9_15seqs	1	110
r9_15seqs	1	114
r9_15seqs	9	116
r9_15seqs	1	114
r9_15seqs	1	117
r9_15seqs	2	114
r9_15seqs	1	117
r9_15seqs	7	114
r9_15seqs	11	111
r9_15seqs	1	111
r9_15seqs	1	115
r9_15seqs	1	114
r9_15seqs	1	111
r9_15seqs	1	117
r9_15seqs	1	114
r9_15seqs	1	122
r9_15seqs	3	133
r9_15seqs	2	114
r9_15seqs	1	118
r9_15seqs	1	114
r9_15seqs	1	91
r9_15seqs	6	96
r9_15seqs	1	100
r9_15seqs	1	100
r9_15seqs	1	100
r9_15seqs	1	96
r9_15seqs	1	100
r9_15seqs	1	99
r9_15seqs	1	118
r9_15seqs	1	124
r9_15seqs	1	109
r9_15seqs	1	114
r9_15seqs	1	124
r9_15seqs	1	100
r9_15seqs	1	113
r9_15seqs	1	131
r9_15seqs	1	117
r9_15seqs	1	130
r9_15seqs	5	100
r9_15seqs	1	114
r9_15seqs	12	100
r9_15seqs	1	114
r9_15seqs	1	95
r9_15seqs	1	114
r9_15seqs	6	100
r9_15seqs	1	95
r9_15seqs	1	107
r9_15seqs	2	114
r9_15seqs	1	122
r9_15seqs	1	117
r9_15seqs	1	117
r9_15seqs	1	122
r9_15seqs	1	117
r9_15seqs	1	89
r9_15seqs	1	110
r9_15seqs	2	117
r9_15seqs	1	87
r9_15seqs	1	87
r9_15seqs	9	119
r9_15seqs	1	96
r9_15seqs	4	114
r9_15seqs	1	91
r9_15seqs	1	114
r9_15seqs	1	120
r9_15seqs	1	120
r9_15seqs	1	105
r9_15seqs	1	111
r9_15seqs	1	96
r9_15seqs	1	96
r9_15seqs	1	114
r9_15seqs	1	114
r9_15seqs	1	96
r9_15seqs	1	105
r9_15seqs	1	114
r9_15seqs	1	114
r9_15seqs	1	114
r9_15seqs	1	100
r9_15seqs	1	115
r9_15seqs	2	124
r9_15seqs	1	102
r9_15seqs	1	114
r9_15seqs	1	105
r9_15seqs	1	96
r9_15seqs	1	96
r9_15seqs	7	111
r9_15seqs	1	96
r9_15seqs	2	110
r9_15seqs	1	118
r9_15seqs	1	103
r9_15seqs	1	100
r9_15seqs	1	114
r9_15seqs	2	100
r9_15seqs	1	117
r9_15seqs	3	111
r9_15seqs	1	100
r9_15seqs	1	119
r9_15seqs	1	125
r9_15seqs	1	139
r9_15seqs	1	118
r9_15seqs	1	100
r9_15seqs	1	100
r9_15seqs	1	85
r9_15seqs	1	92
r9_15seqs	9	100
r9_15seqs	1	114
r9_15seqs	1	122
r9_15seqs	2	117
r9_15seqs	5	118
r9_15seqs	2	111
r9_15seqs	1	114
r9_15seqs	1	110
r9_15seqs	1	98
r9_15seqs	1	118
r9_15seqs	1	94
r9_15seqs	6	145
r9_15seqs	1	110
r9_15seqs	1	110
r9_15seqs	1	114
r9_15seqs	1	96
r9_15seqs	10	117
r9_15seqs	2	91
r9_15seqs	1	96
r9_15seqs	1	114
r9_15seqs	1	117
r9_15seqs	1	114
r9_15seqs	1	118
r9_15seqs	1	114
r9_15seqs	1	114
r9_15seqs	1	114
r9_15seqs	2	100
r9_15seqs	10	117
r9_15seqs	1	114
r9_15seqs	10	117
r9_15seqs	1	114
r9_15seqs	1	114
r9_15seqs	1	117
r9_15seqs	7	114
r9_15seqs	9	118
r9_15seqs	1	114
r9_15seqs	1	100
r9_15seqs	1	117
r9_15seqs	1	106
r9_15seqs	1	117
r9_15seqs	1	100
r9_15seqs	5	103
r9_15seqs	1	114
r9_15seqs	1	120
r9_15seqs	9	100
r9_15seqs	10	128
r9_15seqs	5	114
r9_15seqs	1	117
r9_15seqs	1	124
r9_15seqs	2	111
r9_15seqs	1	114
r9_15seqs	1	101
r9_15seqs	5	105
r9_15seqs	1	95
r9_15seqs	1	113
r9_15seqs	1	100
r9_15seqs	1	113
r9_15seqs	1	95
r9_15seqs	1	95
r9_15seqs	1	117
r9_15seqs	1	118
r9_15seqs	1	125
r9_15seqs	5	135
r9_15seqs	1	113
r9_15seqs	13	114
r9_15seqs	6	116
r9_15seqs	1	114
r9_15seqs	1	114
r9_15seqs	1	117
r9_15seqs	1	117
r9_15seqs	1	111
r9_15seqs	1	105
r9_15seqs	1	111
r9_15seqs	1	121
r9_15seqs	1	114
r9_15seqs	1	126
r9_15seqs	19	100
r9_15seqs	6	114
r9_15seqs	1	117
r9_15seqs	1	100
r9_15seqs	1	114
r9_15seqs	3	114
r9_15seqs	1	100
r9_15seqs	1	100
r9_15seqs	1	100
r9_15seqs	1	100
r9_15seqs	1	114
r9_15seqs	1	100
r9_15seqs	1	100
r9_15seqs	1	100
r9_15seqs	1	100
r9_15seqs	1	100
r9_15seqs	1	114
r9_15seqs	22	137
r9_15seqs	1	118
r9_15seqs	1	135
r9_15seqs	1	100
r9_15seqs	1	147
r9_15seqs	1	117
r9_15seqs	1	100
r9_15seqs	1	145
r9_15seqs	1	96
r9_15seqs	1	113
r9_15seqs	1	107
r9_15seqs	1	113
r9_15seqs	1	113
r9_15seqs	2	114
r9_15seqs	1	116
r9_15seqs	5	95
r9_15seqs	1	122
r9_15seqs	1	114
r9_15seqs	1	118
r9_15seqs	1	129
r9_15seqs	3	100
r9_15seqs	11	123
r9_15seqs	1	116
r9_15seqs	1	100
r9_15seqs	1	119
r9_15seqs	1	128
r9_15seqs	1	110
r9_15seqs	1	151
r9_15seqs	9	113
r9_15seqs	1	111
r9_15seqs	5	100
r9_15seqs	1	120
r9_15seqs	5	100
r9_15seqs	1	114
r9_15seqs	1	96
r9_15seqs	1	100
r9_15seqs	2	117
r9_15seqs	1	117
r9_15seqs	1	114
r9_15seqs	1	96
r9_15seqs	1	96
r9_15seqs	1	114
r9_15seqs	1	114
r9_15seqs	1	96
r9_15seqs	1	100
r9_15seqs	1	114
r9_15seqs	1	114
r9_15seqs	1	96
r9_15seqs	1	114
r9_15seqs	1	96
r9_15seqs	16	117
r9_15seqs	1	124
r9_15seqs	1	114
r9_15seqs	1	114
r9_15seqs	1	96
r9_15seqs	17	116
r9_15seqs	1	100
r9_15seqs	1	100
r9_15seqs	3	117
r9_15seqs	1	100
r9_15seqs	1	94
r9_15seqs	1	100
r9_15seqs	1	118
r9_15seqs	1	94
r9_15seqs	9	114
r9_15seqs	1	103
r9_15seqs	1	118
r9_15seqs	2	100
r9_15seqs	1	96
r9_15seqs	1	112
r9_15seqs	1	98
r9_15seqs	1	100
r9_15seqs	14	95
r9_15seqs	1	111
r9_15seqs	1	116
r9_15seqs	1	100
r9_15seqs	1	100
r9_15seqs	1	113
r9_15seqs	17	117
r9_15seqs	9	118
r9_15seqs	1	130
r9_15seqs	2	120
r9_15seqs	1	113
r9_15seqs	1	116
r9_15seqs	1	117
r9_15seqs	2	117
r9_15seqs	2	140
r9_15seqs	1	125
r9_15seqs	1	114
r9_15seqs	1	119
r9_15seqs	1	100
r9_15seqs	1	125
r9_15seqs	1	114
r9_15seqs	1	114
r9_15seqs	1	124
r9_15seqs	1	123
r9_15seqs	1	114
r9_15seqs	19	120
r9_15seqs	19	120
r9_15seqs	5	96
r9_15seqs	17	119
r9_15seqs	1	90
r9_15seqs	1	114
r9_15seqs	1	114
r9_15seqs	1	114
r9_15seqs	1	81
r9_15seqs	7	114
r9_15seqs	1	114
r9_15seqs	1	114
r9_15seqs	2	100
r9_15seqs	1	100
r9_15seqs	1	117
r9_15seqs	1	114
r9_15seqs	1	118
r9_15seqs	1	138
r9_15seqs	2	137
r9_15seqs	1	96
r9_15seqs	1	111
r9_15seqs	10	114
r9_15seqs	2	114
r9_15seqs	1	96
r9_15seqs	1	114
r9_15seqs	17	123
r9_15seqs	9	114
r9_15seqs	3	114
r9_15seqs	1	100
r9_15seqs	1	113
r9_15seqs	1	100
r9_15seqs	4	95
r9_15seqs	1	118
r9_15seqs	1	117
r9_15seqs	10	119
r9_15seqs	1	115
r9_15seqs	9	114
r9_15seqs	3	96
r9_15seqs	1	114
r9_15seqs	20	122
r9_15seqs	1	113
r9_15seqs	2	125
r9_15seqs	1	114
r9_15seqs	1	116
r9_15seqs	5	114
r9_15seqs	1	114
r9_15seqs	2	114
r9_15seqs	1	110
r9_15seqs	2	114
r9_15seqs	1	113
r9_15seqs	1	122
r9_15seqs	1	124
r9_15seqs	1	134
r9_15seqs	1	116
r9_15seqs	1	95
r9_15seqs	1	92
r9_15seqs	6	111
r9_15seqs	1	111
r9_15seqs	1	117
r9_15seqs	1	117
r9_15seqs	1	117
r9_15seqs	1	117
r9_15seqs	1	114
r9_15seqs	1	117
r9_15seqs	1	114
r9_15seqs	1	114
r9_15seqs	1	117
r9_15seqs	1	117
r9_15seqs	1	114
r9_15seqs	1	111
r9_15seqs	1	124
r9_15seqs	1	138
r9_15seqs	1	111
r9_15seqs	1	136
r9_15seqs	1	118
r9_15seqs	9	114
r9_15seqs	1	117
r9_15seqs	1	114
r9_15seqs	1	100
r9_15seqs	1	100
r9_15seqs	1	100
r9_15seqs	6	114
r9_15seqs	1	124
r9_15seqs	1	114
r9_15seqs	1	125
r9_15seqs	2	148
r9_15seqs	9	114
r9_15seqs	1	119
r9_15seqs	1	113
r9_15seqs	1	122
r9_15seqs	2	114
r9_15seqs	1	95
r9_15seqs	1	95
r9_15seqs	1	113
r9_15seqs	2	114
r9_15seqs	1	111
r9_15seqs	2	96
r9_15seqs	1	110
r9_15seqs	1	113
r9_15seqs	1	117
r9_15seqs	1	114
r9_15seqs	1	114
r9_15seqs	1	111
r9_15seqs	1	96
r9_15seqs	1	96
r9_15seqs	1	96
r9_15seqs	1	96
r9_15seqs	1	114
r9_15seqs	1	136
r9_15seqs	1	108
r9_15seqs	2	96
r9_15seqs	2	127
r9_15seqs	18	117
r9_15seqs	1	114
r9_15seqs	1	117
r9_15seqs	1	100
r9_15seqs	1	114
r9_15seqs	1	100
r9_15seqs	1	100
r9_15seqs	1	100
r9_15seqs	1	117
r9_15seqs	1	114
r9_15seqs	1	117
r9_15seqs	1	118
r9_15seqs	1	96
r9_15seqs	1	153
r9_15seqs	1	122
r9_15seqs	1	114
r9_15seqs	11	114
r9_15seqs	9	100
r9_15seqs	1	89
r9_15seqs	1	116
r9_15seqs	1	117
r9_15seqs	1	117
r9_15seqs	1	114
r9_15seqs	1	96
r9_15seqs	6	113
r9_15seqs	1	114
r9_15seqs	1	110
r9_15seqs	1	117
r9_15seqs	2	100
r9_15seqs	2	100
r9_15seqs	1	117
r9_15seqs	1	114
r9_15seqs	17	100
r9_15seqs	15	117
r9_15seqs	2	152
r9_15seqs	7	100
r9_15seqs	11	123
r9_15seqs	2	89
r9_15seqs	1	121
r9_15seqs	1	100
r9_15seqs	3	114
r9_15seqs	1	114
r9_15seqs	2	117
r9_15seqs	2	116
r9_15seqs	1	124
r9_15seqs	1	124
r9_15seqs	9	113
r9_15seqs	1	95
r9_15seqs	1	95
r9_15seqs	1	114
r9_15seqs	1	124
r9_15seqs	1	136
r9_15seqs	3	121
r9_15seqs	1	117
r9_15seqs	1	111
r9_15seqs	1	114
r9_15seqs	1	111
r9_15seqs	2	114
r9_15seqs	1	114
r9_15seqs	6	113
r9_15seqs	1	114
r9_15seqs	1	123
r9_15seqs	1	133
r9_15seqs	1	93
r9_15seqs	2	100
r9_15seqs	9	96
r9_15seqs	1	100
r9_15seqs	1	114
r9_15seqs	1	100
r9_15seqs	1	100
r9_15seqs	1	100
r9_15seqs	1	100
r9_15seqs	1	96
r9_15seqs	1	100
r9_15seqs	1	142
r9_15seqs	1	100
r9_15seqs	1	95
r9_15seqs	1	117
r9_15seqs	1	117
r9_15seqs	1	100
r9_15seqs	1	89
r9_15seqs	1	113
r9_15seqs	1	120
r9_15seqs	2	121
r9_15seqs	7	99
r9_15seqs	1	96
r9_15seqs	1	114
r9_15seqs	1	96
r9_15seqs	1	96
r9_15seqs	1	117
r9_15seqs	2	113
r9_15seqs	1	100
r9_15seqs	1	115
r9_15seqs	1	100
r9_15seqs	1	100
r9_15seqs	1	117
r9_15seqs	1	117
r9_15seqs	1	113
r9_15seqs	1	120
r9_15seqs	1	100
r9_15seqs	16	113
r9_15seqs	1	100
r9_15seqs	1	114
r9_15seqs	1	100
r9_15seqs	1	114
r9_15seqs	2	96
r9_15seqs	1	137
r9_15seqs	1	96
r9_15seqs	1	114
r9_15seqs	1	114
r9_15seqs	1	114
r9_15seqs	1	120
r9_15seqs	6	95
r9_15seqs	1	114
r9_15seqs	5	100
r9_15seqs	1	96
r9_15seqs	1	114
r9_15seqs	1	114
r9_15seqs	2	100
r9_15seqs	1	117
r9_15seqs	1	114
r9_15seqs	1	114
r9_15seqs	1	100
r9_15seqs	1	117
r9_15seqs	1	113
r9_15seqs	6	114
r9_15seqs	1	100
r9_15seqs	1	118
r9_15seqs	1	79
r9_15seqs	1	113
r9_15seqs	1	100
r9_15seqs	2	96
r9_15seqs	1	114
r9_15seqs	1	114
r9_15seqs	1	95
r9_15seqs	1	131
r9_15seqs	1	146
r9_15seqs	1	114
r9_15seqs	11	110
r9_15seqs	1	111
r9_15seqs	1	100
r9_15seqs	1	100
r9_15seqs	8	111
r9_15seqs	1	113
r9_15seqs	6	114
r9_15seqs	1	116
r9_15seqs	6	94
r9_15seqs	1	122
r9_15seqs	12	100
r9_15seqs	9	95
r9_15seqs	1	111
r9_15seqs	1	96
r9_15seqs	1	114
r9_15seqs	1	96
r9_15seqs	1	100
r9_15seqs	1	111
r9_15seqs	2	119
r9_15seqs	19	100
r9_15seqs	1	114
r9_15seqs	1	100
r9_15seqs	1	96
r9_15seqs	1	93
r9_15seqs	1	96
r9_15seqs	1	94
r9_15seqs	1	100
r9_15seqs	1	128
r9_15seqs	1	100
r9_15seqs	1	92
r9_15seqs	9	100
r9_15seqs	9	111
r9_15seqs	9	95
r9_15seqs	10	114
r9_15seqs	1	114
r9_15seqs	2	124
r9_15seqs	1	114
r9_15seqs	1	114
r9_15seqs	1	114
r9_15seqs	1	117
r9_15seqs	1	114
r9_15seqs	1	100
r9_15seqs	1	114
r9_15seqs	11	100
r9_15seqs	1	96
r9_15seqs	1	153
r9_15seqs	9	96
r9_15seqs	1	105
r9_15seqs	1	100
r9_15seqs	1	100
r9_15seqs	6	100
r9_15seqs	1	113
r9_15seqs	1	111
r9_15seqs	1	111
r9_15seqs	1	96
r9_15seqs	1	100
r9_15seqs	1	100
r9_15seqs	1	100
r9_15seqs	3	100
r9_15seqs	1	96
r9_15seqs	1	113
r9_15seqs	1	114
r9_15seqs	2	114
r9_15seqs	1	111
r9_15seqs	1	114
r9_15seqs	9	100
r9_15seqs	1	100
r9_15seqs	1	96
r9_15seqs	1	114
r9_15seqs	1	114
r9_15seqs	1	96
r9_15seqs	5	119
r9_15seqs	3	100
r9_15seqs	1	117
r9_15seqs	1	120
r9_15seqs	1	114
r9_15seqs	1	92
r9_15seqs	1	117
r9_15seqs	1	94
r9_15seqs	1	100
r9_15seqs	6	117
r9_15seqs	1	114
r9_15seqs	1	99
r9_15seqs	5	150
r9_15seqs	1	96
r9_15seqs	1	118
r9_15seqs	1	99
r9_15seqs	2	117
r9_15seqs	1	101
r9_15seqs	1	113
r9_15seqs	3	92
r9_15seqs	1	90
r9_15seqs	1	86
r9_15seqs	1	95
r9_15seqs	2	114
r9_15seqs	2	125
r9_15seqs	1	117
r9_15seqs	1	84
r9_15seqs	3	114
r9_15seqs	1	86
r9_15seqs	7	114
r9_15seqs	1	117
r9_15seqs	1	96
r9_15seqs	7	132
r9_15seqs	1	114
r9_15seqs	1	107
r9_15seqs	1	129
r9_15seqs	1	114
r9_15seqs	1	114
r9_15seqs	1	117
r9_15seqs	1	146
r9_15seqs	1	154
r9_15seqs	1	135
r9_15seqs	1	117
r9_15seqs	2	128
r9_15seqs	1	117
r9_15seqs	18	96
r9_15seqs	9	148
r9_15seqs	1	86
r9_15seqs	5	114
r9_15seqs	1	125
r9_15seqs	5	117
r9_15seqs	1	95
r9_15seqs	1	119
r9_15seqs	1	96
r9_15seqs	1	84
r9_15seqs	2	118
r9_15seqs	1	88
r9_15seqs	1	100
r9_15seqs	1	97
r9_15seqs	1	113
r9_15seqs	1	96
r9_15seqs	1	139
r9_15seqs	1	80
r9_15seqs	2	144
r9_15seqs	17	119
r9_15seqs	1	117
r9_15seqs	1	102
r9_15seqs	1	120
r9_15seqs	1	96
r9_15seqs	1	114
r9_15seqs	1	96
r9_15seqs	1	117
r9_15seqs	1	87
r9_15seqs	1	96
r9_15seqs	1	85
r9_15seqs	1	85
r9_15seqs	1	91
r9_15seqs	1	94
r9_15seqs	1	91
r9_15seqs	2	92
r9_15seqs	16	111
r9_15seqs	1	92
r9_15seqs	7	100
r9_15seqs	1	89
r9_15seqs	7	114
r9_15seqs	2	93
r9_15seqs	2	118
r9_15seqs	1	114
r9_15seqs	9	114
r9_15seqs	1	113
r9_15seqs	1	118
r9_15seqs	1	94
r9_15seqs	1	91
r9_15seqs	2	117
r9_15seqs	1	117
r9_15seqs	1	116
r9_15seqs	1	94
r9_15seqs	1	84
r9_15seqs	1	84
r9_15seqs	1	84
r9_15seqs	18	116
r9_15seqs	1	95
r9_15seqs	10	114
r9_15seqs	1	117
r9_15seqs	1	114
r9_15seqs	1	114
r9_15seqs	1	111
r9_15seqs	8	96
r9_15seqs	1	96
r9_15seqs	1	106
r9_15seqs	5	114
r9_15seqs	1	121
r9_15seqs	1	113
r9_15seqs	1	113
r9_15seqs	1	117
r9_15seqs	6	127
r9_15seqs	1	93
r9_15seqs	5	84
r9_15seqs	2	123
r9_15seqs	19	109
r9_15seqs	1	85
r9_15seqs	1	85
r9_15seqs	21	114
r9_15seqs	1	85
r9_15seqs	5	113
r9_15seqs	1	117
r9_15seqs	10	115
r9_15seqs	1	138
r9_15seqs	1	87
r9_15seqs	1	90
r9_15seqs	1	90
r9_15seqs	1	114
r9_15seqs	2	117
r9_15seqs	2	124
r9_15seqs	1	92
r9_15seqs	1	96
r9_15seqs	11	100
r9_15seqs	1	138
r9_15seqs	1	88
r9_15seqs	18	114
r9_15seqs	2	125
r9_15seqs	1	95
r9_15seqs	2	114
r9_15seqs	1	124
r9_15seqs	1	77
r9_15seqs	11	117
r9_15seqs	1	95
r9_15seqs	2	93
r9_15seqs	1	113
r9_15seqs	2	105
r9_15seqs	11	96
r9_15seqs	1	122
r9_15seqs	1	119
r9_15seqs	1	135
r9_15seqs	22	114
r9_15seqs	1	84
r9_15seqs	1	89
r9_15seqs	1	96
r9_15seqs	1	154
r9_15seqs	1	95
r9_15seqs	1	95
r9_15seqs	19	100
r9_15seqs	9	114
r9_15seqs	5	95
r9_15seqs	1	100
r9_15seqs	1	117
r9_15seqs	2	114
r9_15seqs	1	113
r9_15seqs	1	114
r9_15seqs	1	95
r9_15seqs	1	111
r9_15seqs	1	96
r9_15seqs	1	96
r9_15seqs	1	114
r9_15seqs	1	134
r9_15seqs	22	117
r9_15seqs	1	85
r9_15seqs	1	114
r9_15seqs	1	117
r9_15seqs	1	100
r9_15seqs	1	117
r9_15seqs	1	113
r9_15seqs	6	92
r9_15seqs	1	85
r9_15seqs	1	154
r9_15seqs	1	85
r9_15seqs	1	113
r9_15seqs	1	114
r9_15seqs	5	87
r9_15seqs	2	87
r9_15seqs	16	114
r9_15seqs	1	117
r9_15seqs	1	114
r9_15seqs	1	114
r9_15seqs	9	113
r9_15seqs	15	116
r9_15seqs	1	79
r9_15seqs	1	114
r9_15seqs	1	118
r9_15seqs	1	96
r9_15seqs	1	117
r9_15seqs	1	68
r9_15seqs	1	127
r9_15seqs	1	86
r9_15seqs	1	92
r9_15seqs	1	114
r9_15seqs	1	113
r9_15seqs	1	96
r9_15seqs	1	114
r9_15seqs	9	149
r9_15seqs	1	84
r9_15seqs	1	75
r9_15seqs	1	96
r9_15seqs	7	114
r9_15seqs	1	114
r9_15seqs	1	93
r9_15seqs	1	84
r9_15seqs	22	134
r9_15seqs	1	117
r9_15seqs	1	120
r9_15seqs	9	114
r9_15seqs	9	114
r9_15seqs	1	82
r9_15seqs	5	100
r9_15seqs	1	114
r9_15seqs	1	122
r9_15seqs	6	114
r9_15seqs	19	117
r9_15seqs	1	113
r9_15seqs	1	122
r9_15seqs	1	95
r9_15seqs	1	95
r9_15seqs	1	124
r9_15seqs	15	114
r9_15seqs	1	154
r9_15seqs	5	131
r9_15seqs	5	111
r9_15seqs	19	114
r9_15seqs	1	80
r9_15seqs	1	114
r9_15seqs	1	114
r9_15seqs	1	113
r9_15seqs	1	117
r9_15seqs	1	114
r9_15seqs	1	96
r9_15seqs	1	96
r9_15seqs	1	80
r9_15seqs	1	85
r9_15seqs	2	85
r9_15seqs	1	96
r9_15seqs	1	76
r9_15seqs	2	110
r9_15seqs	1	100
r9_15seqs	1	100
r9_15seqs	1	113
r9_15seqs	2	118
r9_15seqs	1	119
r9_15seqs	2	117
r9_15seqs	2	88
r9_15seqs	1	111
r9_15seqs	1	92
r9_15seqs	1	117
r9_15seqs	1	117
r9_15seqs	9	114
r9_15seqs	1	85
r9_15seqs	17	95
r9_15seqs	1	103
r9_15seqs	1	122
r9_15seqs	1	154
r9_15seqs	20	137
r9_15seqs	1	79
r9_15seqs	1	92
r9_15seqs	1	125
r9_15seqs	1	95
r9_15seqs	1	95
r9_15seqs	1	100
r9_15seqs	1	98
r9_15seqs	1	68
r9_15seqs	1	133
r9_15seqs	1	96
r9_15seqs	1	113
r9_15seqs	2	138
r9_15seqs	1	118
r9_15seqs	1	96
r9_15seqs	1	88
r9_15seqs	1	121
r9_15seqs	1	96
r9_15seqs	1	82
r9_15seqs	1	106
r9_15seqs	1	114
r9_15seqs	1	111
r9_15seqs	1	114
r9_15seqs	1	114
r9_15seqs	1	117
r9_15seqs	1	151
r9_15seqs	1	95
r9_15seqs	1	104
r9_15seqs	1	117
r9_15seqs	1	113
r9_15seqs	2	94
r9_15seqs	6	147
r9_15seqs	1	117
r9_15seqs	1	111
r9_15seqs	1	87
r9_15seqs	1	115
r9_15seqs	1	96
r9_15seqs	1	117
r9_15seqs	1	95
r9_15seqs	1	95
r9_15seqs	1	78
r9_15seqs	1	114
r9_15seqs	7	97
r9_15seqs	1	113
r9_15seqs	1	87
r9_15seqs	1	100
r9_15seqs	12	96
r9_15seqs	1	114
r9_15seqs	1	114
r9_15seqs	1	98
r9_15seqs	2	120
r9_15seqs	5	80
r9_15seqs	1	114
r9_15seqs	1	113
r9_15seqs	2	96
r9_15seqs	1	100
r9_15seqs	1	100
r9_15seqs	1	114
r9_15seqs	2	125
r9_15seqs	12	139
r9_15seqs	19	117
r9_15seqs	1	114
r9_15seqs	10	96
r9_15seqs	1	96
r9_15seqs	1	114
r9_15seqs	1	96
r9_15seqs	1	96
r9_15seqs	6	117
r9_15seqs	3	114
r9_15seqs	1	118
r9_15seqs	1	94
r9_15seqs	1	100
r9_15seqs	2	117
r9_15seqs	1	125
r9_15seqs	7	114
r9_15seqs	1	76
r9_15seqs	19	100
r9_15seqs	1	114
r9_15seqs	5	96
r9_15seqs	18	117
r9_15seqs	1	96
r9_15seqs	1	86
r9_15seqs	5	117
r9_15seqs	10	124
r9_15seqs	1	118
r9_15seqs	1	96
r9_15seqs	22	116
r9_15seqs	2	150
r9_15seqs	22	114
r9_15seqs	1	84
r9_15seqs	17	100
r9_15seqs	1	114
r9_15seqs	2	76
r9_15seqs	1	114
r9_15seqs	1	96
r9_15seqs	1	96
r9_15seqs	1	114
r9_15seqs	1	117
r9_15seqs	1	117
r9_15seqs	8	80
r9_15seqs	19	100
r9_15seqs	31	96
r9_15seqs	1	75
r9_15seqs	1	106
r9_15seqs	1	114
r9_15seqs	1	106
r9_15seqs	9	97
r9_15seqs	1	119
r9_15seqs	1	87
r9_15seqs	1	119
r9_15seqs	10	114
r9_15seqs	1	114
r9_15seqs	1	78
r9_15seqs	2	117
r9_15seqs	1	85
r9_15seqs	1	91
r9_15seqs	1	95
r9_15seqs	1	70
r9_15seqs	1	107
r9_15seqs	1	113
r9_15seqs	1	109
r9_15seqs	1	113
r9_15seqs	12	111
r9_15seqs	2	96
r9_15seqs	1	114
r9_15seqs	1	114
r9_15seqs	1	96
r9_15seqs	1	111
r9_15seqs	1	96
r9_15seqs	13	123
r9_15seqs	1	96
r9_15seqs	1	89
r9_15seqs	2	96
r9_15seqs	2	96
r9_15seqs	1	76
r9_15seqs	1	114
r9_15seqs	1	100
r9_15seqs	1	94
r9_15seqs	1	100
r9_15seqs	1	141
r9_15seqs	19	128
r9_15seqs	6	87
r9_15seqs	1	77
r9_15seqs	1	114
r9_15seqs	1	83
r9_15seqs	1	96
r9_15seqs	1	113
r9_15seqs	1	117
r9_15seqs	1	118
r9_15seqs	5	96
r9_15seqs	1	114
r9_15seqs	1	117
r9_15seqs	1	114
r9_15seqs	1	114
r9_15seqs	22	150
r9_15seqs	1	117
r9_15seqs	1	73
r9_15seqs	1	100
r9_15seqs	6	114
r9_15seqs	6	135
r9_15seqs	1	114
r9_15seqs	1	89
r9_15seqs	7	116
r9_15seqs	1	95
r9_15seqs	5	114
r9_15seqs	1	89
r9_15seqs	1	95
r9_15seqs	1	71
r9_15seqs	1	95
r9_15seqs	1	127
r9_15seqs	17	117
r9_15seqs	6	96
r9_15seqs	9	113
r9_15seqs	19	100
r9_15seqs	1	117
r9_15seqs	1	76
r9_15seqs	1	100
r9_15seqs	1	100
r9_15seqs	1	76
r9_15seqs	2	113
r9_15seqs	1	79
r9_15seqs	1	84
r9_15seqs	1	113
r9_15seqs	1	89
r9_15seqs	1	117
r9_15seqs	1	98
r9_15seqs	1	98
r9_15seqs	7	92
r9_15seqs	22	120
r9_15seqs	1	83
r9_15seqs	1	96
r9_15seqs	1	120
r9_15seqs	1	114
r9_15seqs	1	96
r9_15seqs	1	114
r9_15seqs	1	117
r9_15seqs	8	83
r9_15seqs	1	100
r9_15seqs	1	100
r9_15seqs	1	100
r9_15seqs	1	109
r9_15seqs	1	116
r9_15seqs	1	115
r9_15seqs	1	83
r9_15seqs	1	126
r9_15seqs	9	117
r9_15seqs	2	114
r9_15seqs	16	111
r9_15seqs	1	117
r9_15seqs	1	121
r9_15seqs	28	113
r9_15seqs	8	127
r9_15seqs	1	114
r9_15seqs	1	96
r9_15seqs	1	114
r9_15seqs	2	124
r9_15seqs	1	114
r9_15seqs	1	123
r9_15seqs	1	114
r9_15seqs	1	117
r9_15seqs	19	100
r9_15seqs	28	96
r9_15seqs	1	94
r9_15seqs	1	117
r9_15seqs	1	117
r9_15seqs	1	117
r9_15seqs	1	77
r9_15seqs	1	124
r9_15seqs	1	89
r9_15seqs	1	113
r9_15seqs	1	111
r9_15seqs	1	89
r9_15seqs	19	114
r9_15seqs	1	117
r9_15seqs	1	120
r9_15seqs	1	139
r9_15seqs	1	113
r9_15seqs	9	106
r9_15seqs	1	114
r9_15seqs	2	96
r9_15seqs	1	114
r9_15seqs	1	122
r9_15seqs	1	100
r9_15seqs	1	76
r9_15seqs	1	124
r9_15seqs	1	109
r9_15seqs	11	118
r9_15seqs	1	122
r9_15seqs	1	91
r9_15seqs	2	75
r9_15seqs	1	117
r9_15seqs	1	132
r9_15seqs	1	96
r9_15seqs	1	117
r9_15seqs	1	111
r9_15seqs	1	116
r9_15seqs	7	127
r9_15seqs	2	114
r9_15seqs	2	89
r9_15seqs	19	114
r9_15seqs	1	116
r9_15seqs	5	114
r9_15seqs	9	100
r9_15seqs	1	95
r9_15seqs	1	113
r9_15seqs	33	100
r9_15seqs	20	100
r9_15seqs	1	80
r9_15seqs	1	130
r9_15seqs	35	100
r9_15seqs	20	117
r9_15seqs	1	95
r9_15seqs	36	117
r9_15seqs	1	115
r9_15seqs	2	96
r9_15seqs	1	110
r9_15seqs	1	113
r9_15seqs	9	100
r9_15seqs	22	114
r9_15seqs	6	85
r9_15seqs	1	111
r9_15seqs	1	78
r9_15seqs	11	100
r9_15seqs	1	126
r9_15seqs	1	118
r9_15seqs	1	100
r9_15seqs	1	76
r9_15seqs	10	100
r9_15seqs	1	124
r9_15seqs	1	100
r9_15seqs	2	117
r9_15seqs	1	111
r9_15seqs	14	114
r9_15seqs	18	122
r9_15seqs	1	76
r9_15seqs	5	150
r9_15seqs	1	117
r9_15seqs	1	96
r9_15seqs	2	116
r9_15seqs	1	114
r9_15seqs	36	114
r9_15seqs	1	96
r9_15seqs	1	70
r9_15seqs	7	129
r9_15seqs	1	62
r9_15seqs	17	106
r9_15seqs	1	96
r9_15seqs	1	114
r9_15seqs	1	64
r9_15seqs	1	117
r9_15seqs	1	95
r9_15seqs	1	119
r9_15seqs	1	71
r9_15seqs	1	125
r9_15seqs	1	114
r9_15seqs	1	114
r9_15seqs	2	117
r9_15seqs	1	114
r9_15seqs	1	100
r9_15seqs	1	100
r9_15seqs	1	67
r9_15seqs	19	114
r9_15seqs	25	114
r9_15seqs	3	100
r9_15seqs	1	100
r9_15seqs	1	95
r9_15seqs	1	114
r9_15seqs	7	127
r9_15seqs	1	111
r9_15seqs	1	100
r9_15seqs	6	114
r9_15seqs	3	111
r9_15seqs	1	117
r9_15seqs	5	74
r9_15seqs	9	96
r9_15seqs	3	115
r9_15seqs	7	118
r9_15seqs	1	114
r9_15seqs	1	125
r9_15seqs	2	137
r9_15seqs	1	148
r9_15seqs	5	77
r9_15seqs	1	118
r9_15seqs	1	100
r9_15seqs	20	100
r9_15seqs	1	119
r9_15seqs	7	100
r9_15seqs	1	124
r9_15seqs	1	87
r9_15seqs	1	114
r9_15seqs	1	67
r9_15seqs	1	67
r9_15seqs	1	146
r9_15seqs	1	125
r9_15seqs	2	117
r9_15seqs	25	152
r9_15seqs	1	114
r9_15seqs	1	96
r9_15seqs	1	122
r9_15seqs	1	119
r9_15seqs	1	92
r9_15seqs	1	68
r9_15seqs	1	125
r9_15seqs	1	61
r9_15seqs	1	112
r9_15seqs	2	67
r9_15seqs	3	85
r9_15seqs	1	135
r9_15seqs	33	113
r9_15seqs	1	111
r9_15seqs	14	114
r9_15seqs	1	100
r9_15seqs	1	100
r9_15seqs	1	117
r9_15seqs	1	121
r9_15seqs	1	67
r9_15seqs	1	128
r9_15seqs	1	96
r9_15seqs	36	95
r9_15seqs	1	76
r9_15seqs	1	70
r9_15seqs	1	129
r9_15seqs	1	114
r9_15seqs	7	114
r9_15seqs	5	96
r9_15seqs	1	95
r9_15seqs	1	108
r9_15seqs	35	114
r9_15seqs	1	118
r9_15seqs	1	96
r9_15seqs	1	114
r9_15seqs	1	120
r9_15seqs	19	114
r9_15seqs	35	113
r9_15seqs	1	66
r9_15seqs	1	67
r9_15seqs	17	122
r9_15seqs	1	65
r9_15seqs	1	117
r9_15seqs	1	63
r9_15seqs	1	117
r9_15seqs	9	101
r9_15seqs	9	67
r9_15seqs	2	65
r9_15seqs	9	89
r9_15seqs	1	128
r9_15seqs	41	100
r9_15seqs	1	67
r9_15seqs	19	120
r9_15seqs	1	96
r9_15seqs	5	114
r9_15seqs	1	77
r9_15seqs	59	114
r9_15seqs	1	114
r9_15seqs	1	67
r9_15seqs	1	98
r9_15seqs	1	114
r9_15seqs	1	105
r9_15seqs	1	77
r9_15seqs	1	100
r9_15seqs	1	117
r9_15seqs	1	58
r9_15seqs	1	114
r9_15seqs	1	68
r9_15seqs	2	95
r9_15seqs	41	95
r9_15seqs	57	100
r9_15seqs	1	95
r9_15seqs	1	76
