fam	qs	qe
MEG-RL	1	206
MEG-RL	1	207
MEG-RL	1	207
MEG-RL	1	207
MEG-RL	1	207
MEG-RL	1	205
MEG-RL	1	207
MEG-RL	1	207
MEG-RL	1	207
MEG-RL	1	207
MEG-RL	1	207
MEG-RL	2	206
MEG-RL	1	204
MEG-RL	3	206
MEG-RL	1	207
MEG-RL	1	207
MEG-RL	1	207
MEG-RL	2	207
MEG-RL	1	207
MEG-RL	1	207
MEG-RL	1	207
MEG-RL	1	207
MEG-RL	1	207
MEG-RL	1	207
MEG-RL	1	207
MEG-RL	5	207
MEG-RL	1	203
MEG-RL	2	205
MEG-RL	1	207
MEG-RL	1	207
MEG-RL	1	207
MEG-RL	1	207
MEG-RL	1	207
MEG-RL	1	206
MEG-RL	1	207
MEG-RL	2	207
MEG-RL	2	207
MEG-RL	1	206
MEG-RL	1	207
MEG-RL	2	207
MEG-RL	1	207
MEG-RL	1	207
MEG-RL	1	207
MEG-RL	1	207
MEG-RL	1	207
MEG-RL	1	207
MEG-RL	1	207
MEG-RL	1	207
MEG-RL	1	205
MEG-RL	1	207
MEG-RL	1	206
MEG-RL	1	206
MEG-RL	1	207
MEG-RL	1	207
MEG-RL	1	207
MEG-RL	1	207
MEG-RL	1	207
MEG-RL	2	207
MEG-RL	4	207
MEG-RL	1	203
MEG-RL	2	206
MEG-RL	1	206
MEG-RL	2	207
MEG-RL	1	204
MEG-RL	1	207
MEG-RL	1	207
MEG-RL	1	207
MEG-RL	1	207
MEG-RL	1	207
MEG-RL	1	206
MEG-RL	1	206
MEG-RL	1	206
MEG-RL	2	207
MEG-RL	1	206
MEG-RL	1	206
MEG-RL	1	207
MEG-RL	1	207
MEG-RL	1	207
MEG-RL	1	207
MEG-RL	1	207
MEG-RL	1	207
MEG-RL	1	207
MEG-RL	1	207
MEG-RL	1	207
MEG-RL	1	207
MEG-RL	1	207
MEG-RL	1	207
MEG-RL	1	207
MEG-RL	1	207
MEG-RL	1	207
MEG-RL	1	207
MEG-RL	1	207
MEG-RL	2	206
MEG-RL	1	206
MEG-RL	1	207
MEG-RL	1	207
MEG-RL	1	207
MEG-RL	2	207
MEG-RL	1	206
MEG-RL	1	207
MEG-RL	1	207
MEG-RL	1	204
MEG-RL	1	207
MEG-RL	1	207
MEG-RL	1	207
MEG-RL	1	207
MEG-RL	1	207
MEG-RL	1	207
MEG-RL	1	207
MEG-RL	1	207
MEG-RL	1	207
MEG-RL	1	207
MEG-RL	1	207
MEG-RL	1	207
MEG-RL	1	207
MEG-RL	1	207
MEG-RL	3	207
MEG-RL	3	207
MEG-RL	2	206
MEG-RL	1	207
MEG-RL	1	207
MEG-RL	1	207
MEG-RL	2	207
MEG-RL	1	206
MEG-RL	2	207
MEG-RL	2	207
MEG-RL	3	206
MEG-RL	2	207
MEG-RL	2	207
MEG-RL	1	207
MEG-RL	1	207
MEG-RL	1	207
MEG-RL	1	207
MEG-RL	1	207
MEG-RL	1	206
MEG-RL	1	207
MEG-RL	1	207
MEG-RL	1	207
MEG-RL	2	207
MEG-RL	1	207
MEG-RL	1	207
MEG-RL	2	207
MEG-RL	1	206
MEG-RL	1	206
MEG-RL	2	207
MEG-RL	1	206
MEG-RL	1	204
MEG-RL	1	204
MEG-RL	1	207
MEG-RL	1	207
MEG-RL	1	207
MEG-RL	1	207
MEG-RL	1	207
MEG-RL	1	207
MEG-RL	1	207
MEG-RL	1	207
MEG-RL	1	207
MEG-RL	1	207
MEG-RL	1	207
MEG-RL	1	207
MEG-RL	1	207
MEG-RL	1	207
MEG-RL	1	207
MEG-RL	1	207
MEG-RL	1	207
MEG-RL	1	207
MEG-RL	1	206
MEG-RL	1	207
MEG-RL	1	207
MEG-RL	1	206
MEG-RL	2	206
MEG-RL	1	205
MEG-RL	1	207
MEG-RL	1	203
MEG-RL	1	207
MEG-RL	1	206
MEG-RL	1	207
MEG-RL	1	207
MEG-RL	1	207
MEG-RL	1	207
MEG-RL	1	207
MEG-RL	1	207
MEG-RL	1	207
MEG-RL	1	207
MEG-RL	1	207
MEG-RL	1	207
MEG-RL	1	207
MEG-RL	1	207
MEG-RL	1	207
MEG-RL	1	207
MEG-RL	1	207
MEG-RL	1	207
MEG-RL	1	207
MEG-RL	1	207
MEG-RL	1	207
MEG-RL	1	207
MEG-RL	1	207
MEG-RL	3	207
MEG-RL	2	207
MEG-RL	2	207
MEG-RL	2	207
MEG-RL	1	207
MEG-RL	1	207
MEG-RL	1	207
MEG-RL	1	203
MEG-RL	1	206
MEG-RL	2	207
MEG-RL	1	206
MEG-RL	1	206
MEG-RL	1	206
MEG-RL	2	207
MEG-RL	1	206
MEG-RL	1	206
MEG-RL	1	206
MEG-RL	2	207
MEG-RL	1	206
MEG-RL	1	206
MEG-RL	1	206
MEG-RL	1	206
MEG-RL	1	207
MEG-RL	1	207
MEG-RL	1	206
MEG-RL	1	206
MEG-RL	1	207
MEG-RL	1	204
MEG-RL	1	204
MEG-RL	1	204
MEG-RL	1	202
MEG-RL	1	207
MEG-RL	1	207
MEG-RL	1	207
MEG-RL	1	207
MEG-RL	1	207
MEG-RL	1	207
MEG-RL	1	207
MEG-RL	1	207
MEG-RL	1	207
MEG-RL	1	207
MEG-RL	1	207
MEG-RL	1	207
MEG-RL	3	207
MEG-RL	1	206
MEG-RL	1	207
MEG-RL	1	207
MEG-RL	1	207
MEG-RL	1	207
MEG-RL	1	207
MEG-RL	1	207
MEG-RL	1	207
MEG-RL	1	207
MEG-RL	1	207
MEG-RL	1	207
MEG-RL	1	207
MEG-RL	1	207
MEG-RL	1	207
MEG-RL	1	207
MEG-RL	1	207
MEG-RL	1	207
MEG-RL	1	207
MEG-RL	1	207
MEG-RL	1	207
MEG-RL	1	207
MEG-RL	1	207
MEG-RL	1	207
MEG-RL	1	207
MEG-RL	1	207
MEG-RL	5	207
MEG-RL	1	207
MEG-RL	1	207
MEG-RL	1	205
MEG-RL	1	207
MEG-RL	1	207
MEG-RL	1	207
MEG-RL	1	207
MEG-RL	4	204
MEG-RL	1	206
MEG-RL	1	207
MEG-RL	1	207
MEG-RL	1	205
MEG-RL	1	207
MEG-RL	1	206
MEG-RL	1	207
MEG-RL	1	207
MEG-RL	1	207
MEG-RL	1	207
MEG-RL	1	206
MEG-RL	1	207
MEG-RL	1	207
MEG-RL	1	207
MEG-RL	1	207
MEG-RL	1	207
MEG-RL	1	207
MEG-RL	1	207
MEG-RL	1	207
MEG-RL	1	207
MEG-RL	1	207
MEG-RL	1	207
MEG-RL	1	207
MEG-RL	1	207
MEG-RL	1	207
MEG-RL	1	207
MEG-RL	1	207
MEG-RL	1	207
MEG-RL	1	207
MEG-RL	1	207
MEG-RL	1	207
MEG-RL	1	207
MEG-RL	1	207
MEG-RL	1	207
MEG-RL	1	207
MEG-RL	1	207
MEG-RL	1	207
MEG-RL	1	207
MEG-RL	1	207
MEG-RL	1	207
MEG-RL	1	207
MEG-RL	1	207
MEG-RL	1	207
MEG-RL	2	207
MEG-RL	1	206
MEG-RL	1	206
MEG-RL	2	206
MEG-RL	1	205
MEG-RL	1	207
MEG-RL	1	207
MEG-RL	1	206
MEG-RL	1	203
MEG-RL	2	207
MEG-RL	1	207
MEG-RL	1	207
MEG-RL	1	207
MEG-RL	1	206
MEG-RL	2	207
MEG-RL	1	206
MEG-RL	2	207
MEG-RL	2	207
MEG-RL	1	206
MEG-RL	1	206
MEG-RL	2	207
MEG-RL	1	206
MEG-RL	1	206
MEG-RL	1	206
MEG-RL	1	204
MEG-RL	1	204
MEG-RL	1	204
MEG-RL	1	206
MEG-RL	2	207
MEG-RL	1	207
MEG-RL	1	207
MEG-RL	1	207
MEG-RL	2	207
MEG-RL	1	207
MEG-RL	1	207
MEG-RL	1	207
MEG-RL	1	207
MEG-RL	1	207
MEG-RL	1	207
MEG-RL	1	207
MEG-RL	1	207
MEG-RL	1	206
MEG-RL	1	207
MEG-RL	1	207
MEG-RL	1	207
MEG-RL	2	207
MEG-RL	1	207
MEG-RL	1	207
MEG-RL	1	205
MEG-RL	1	202
MEG-RL	1	207
MEG-RL	1	206
MEG-RL	1	206
MEG-RL	2	207
MEG-RL	2	207
MEG-RL	1	206
MEG-RL	2	207
MEG-RL	2	207
MEG-RL	1	206
MEG-RL	2	207
MEG-RL	2	207
MEG-RL	2	207
MEG-RL	2	207
MEG-RL	1	206
MEG-RL	1	206
MEG-RL	2	207
MEG-RL	1	204
MEG-RL	3	207
MEG-RL	2	204
MEG-RL	1	203
MEG-RL	2	204
MEG-RL	4	207
MEG-RL	1	204
MEG-RL	1	204
MEG-RL	3	206
MEG-RL	1	206
MEG-RL	1	207
MEG-RL	1	207
MEG-RL	1	207
MEG-RL	1	207
MEG-RL	1	207
MEG-RL	1	207
MEG-RL	1	207
MEG-RL	1	207
MEG-RL	1	207
MEG-RL	1	207
MEG-RL	1	207
MEG-RL	1	207
MEG-RL	1	207
MEG-RL	1	207
MEG-RL	1	207
MEG-RL	1	207
MEG-RL	1	207
MEG-RL	1	207
MEG-RL	1	207
MEG-RL	1	207
MEG-RL	1	207
MEG-RL	1	207
MEG-RL	1	207
MEG-RL	1	207
MEG-RL	1	207
MEG-RL	1	207
MEG-RL	1	207
MEG-RL	1	207
MEG-RL	1	207
MEG-RL	1	207
MEG-RL	1	207
MEG-RL	1	207
MEG-RL	1	207
MEG-RL	1	207
MEG-RL	1	207
MEG-RL	1	207
MEG-RL	1	207
MEG-RL	1	207
MEG-RL	1	202
MEG-RL	1	207
MEG-RL	1	207
MEG-RL	1	206
MEG-RL	1	206
MEG-RL	1	206
MEG-RL	1	207
MEG-RL	1	207
MEG-RL	3	207
MEG-RL	2	206
MEG-RL	3	207
MEG-RL	1	207
MEG-RL	1	207
MEG-RL	1	207
MEG-RL	1	207
MEG-RL	1	207
MEG-RL	1	206
MEG-RL	2	207
MEG-RL	1	207
MEG-RL	2	207
MEG-RL	1	207
MEG-RL	2	207
MEG-RL	2	207
MEG-RL	1	207
MEG-RL	1	207
MEG-RL	1	207
MEG-RL	1	207
MEG-RL	1	203
MEG-RL	2	204
MEG-RL	1	206
MEG-RL	2	207
MEG-RL	1	207
MEG-RL	1	207
MEG-RL	1	207
MEG-RL	1	204
MEG-RL	1	207
MEG-RL	1	207
MEG-RL	1	207
MEG-RL	1	207
MEG-RL	1	207
MEG-RL	1	207
MEG-RL	1	207
MEG-RL	1	207
MEG-RL	1	207
MEG-RL	1	207
MEG-RL	1	207
MEG-RL	1	207
MEG-RL	1	207
MEG-RL	1	207
MEG-RL	1	207
MEG-RL	1	207
MEG-RL	1	207
MEG-RL	1	207
MEG-RL	1	207
MEG-RL	1	207
MEG-RL	1	207
MEG-RL	1	207
MEG-RL	1	207
MEG-RL	1	207
MEG-RL	1	207
MEG-RL	1	207
MEG-RL	1	207
MEG-RL	1	207
MEG-RL	1	207
MEG-RL	1	207
MEG-RL	1	207
MEG-RL	1	207
MEG-RL	1	207
MEG-RL	1	207
MEG-RL	1	207
MEG-RL	1	207
MEG-RL	1	207
MEG-RL	1	207
MEG-RL	1	207
MEG-RL	1	207
MEG-RL	1	207
MEG-RL	1	207
MEG-RL	1	207
MEG-RL	1	207
MEG-RL	1	207
MEG-RL	1	207
MEG-RL	1	207
MEG-RL	1	207
MEG-RL	1	207
MEG-RL	1	206
MEG-RL	2	207
MEG-RL	2	207
MEG-RL	1	206
MEG-RL	1	206
MEG-RL	1	206
MEG-RL	2	207
MEG-RL	2	207
MEG-RL	2	207
MEG-RL	2	207
MEG-RL	1	207
MEG-RL	1	207
MEG-RL	1	206
MEG-RL	3	207
MEG-RL	1	205
MEG-RL	3	207
MEG-RL	2	206
MEG-RL	1	205
MEG-RL	1	207
MEG-RL	2	207
MEG-RL	2	207
MEG-RL	2	205
MEG-RL	3	206
MEG-RL	1	204
MEG-RL	1	207
MEG-RL	1	207
MEG-RL	1	204
MEG-RL	1	207
MEG-RL	2	204
MEG-RL	1	203
MEG-RL	2	204
MEG-RL	1	205
MEG-RL	2	207
MEG-RL	2	207
MEG-RL	1	206
MEG-RL	1	206
MEG-RL	2	207
MEG-RL	1	206
MEG-RL	2	207
MEG-RL	1	206
MEG-RL	1	207
MEG-RL	1	207
MEG-RL	1	207
MEG-RL	1	207
MEG-RL	1	207
MEG-RL	1	207
MEG-RL	1	207
MEG-RL	1	207
MEG-RL	1	207
MEG-RL	1	204
MEG-RL	1	207
MEG-RL	2	207
MEG-RL	1	207
MEG-RL	1	207
MEG-RL	1	204
MEG-RL	1	207
MEG-RL	7	207
MEG-RL	1	199
MEG-RL	1	206
MEG-RL	1	207
MEG-RL	1	207
MEG-RL	1	207
MEG-RL	1	207
MEG-RL	1	207
MEG-RL	2	206
MEG-RL	1	207
MEG-RL	1	207
MEG-RL	1	207
MEG-RL	1	207
MEG-RL	1	207
MEG-RL	1	207
MEG-RL	1	207
MEG-RL	1	207
MEG-RL	1	207
MEG-RL	1	207
MEG-RL	1	207
MEG-RL	1	207
MEG-RL	1	207
MEG-RL	1	207
MEG-RL	1	207
MEG-RL	1	207
MEG-RL	1	207
MEG-RL	1	207
MEG-RL	1	207
MEG-RL	1	207
MEG-RL	1	207
MEG-RL	1	206
MEG-RL	7	203
MEG-RL	1	207
MEG-RL	1	207
MEG-RL	1	206
MEG-RL	1	207
MEG-RL	2	207
MEG-RL	3	207
MEG-RL	2	207
MEG-RL	2	207
MEG-RL	1	206
MEG-RL	1	206
MEG-RL	1	206
MEG-RL	2	207
MEG-RL	2	207
MEG-RL	1	206
MEG-RL	2	207
MEG-RL	1	206
MEG-RL	2	207
MEG-RL	2	207
MEG-RL	1	206
MEG-RL	2	207
MEG-RL	2	207
MEG-RL	1	206
MEG-RL	1	204
MEG-RL	1	206
MEG-RL	1	207
MEG-RL	1	207
MEG-RL	1	207
MEG-RL	1	207
MEG-RL	1	207
MEG-RL	1	207
MEG-RL	1	207
MEG-RL	1	207
MEG-RL	1	207
MEG-RL	1	207
MEG-RL	1	207
MEG-RL	1	207
MEG-RL	1	207
MEG-RL	1	207
MEG-RL	1	207
MEG-RL	1	207
MEG-RL	1	207
MEG-RL	1	207
MEG-RL	1	207
MEG-RL	1	207
MEG-RL	1	207
MEG-RL	1	207
MEG-RL	1	207
MEG-RL	1	207
MEG-RL	1	207
MEG-RL	1	207
MEG-RL	1	207
MEG-RL	1	207
MEG-RL	1	207
MEG-RL	1	207
MEG-RL	1	207
MEG-RL	1	207
MEG-RL	1	207
MEG-RL	1	207
MEG-RL	1	207
MEG-RL	1	207
MEG-RL	1	207
MEG-RL	1	207
MEG-RL	1	207
MEG-RL	1	207
MEG-RL	1	207
MEG-RL	1	207
MEG-RL	1	207
MEG-RL	1	207
MEG-RL	2	207
MEG-RL	1	207
MEG-RL	1	207
MEG-RL	1	207
MEG-RL	4	207
MEG-RL	1	207
MEG-RL	1	207
MEG-RL	1	207
MEG-RL	1	206
MEG-RL	1	207
MEG-RL	1	207
MEG-RL	3	207
MEG-RL	1	207
MEG-RL	3	207
MEG-RL	1	207
MEG-RL	1	207
MEG-RL	1	205
MEG-RL	1	207
MEG-RL	1	205
MEG-RL	1	205
MEG-RL	3	207
MEG-RL	1	205
MEG-RL	1	207
MEG-RL	2	207
MEG-RL	1	203
MEG-RL	3	205
MEG-RL	1	203
MEG-RL	2	207
MEG-RL	1	207
MEG-RL	1	207
MEG-RL	1	207
MEG-RL	2	207
MEG-RL	1	207
MEG-RL	1	207
MEG-RL	1	207
MEG-RL	1	206
MEG-RL	1	207
MEG-RL	1	207
MEG-RL	1	207
MEG-RL	1	207
MEG-RL	1	207
MEG-RL	2	206
MEG-RL	1	206
MEG-RL	1	206
MEG-RL	1	207
MEG-RL	7	207
MEG-RL	1	207
MEG-RL	1	207
MEG-RL	1	207
MEG-RL	1	207
MEG-RL	1	207
MEG-RL	1	207
MEG-RL	1	207
MEG-RL	1	207
MEG-RL	1	207
MEG-RL	1	207
MEG-RL	1	207
MEG-RL	1	207
MEG-RL	1	207
MEG-RL	1	207
MEG-RL	1	207
MEG-RL	1	207
MEG-RL	1	207
MEG-RL	1	207
MEG-RL	1	207
MEG-RL	1	207
MEG-RL	1	207
MEG-RL	1	207
MEG-RL	1	207
MEG-RL	1	207
MEG-RL	1	207
MEG-RL	1	207
MEG-RL	1	207
MEG-RL	1	207
MEG-RL	1	207
MEG-RL	1	207
MEG-RL	1	207
MEG-RL	1	207
MEG-RL	1	207
MEG-RL	1	207
MEG-RL	1	207
MEG-RL	1	207
MEG-RL	1	207
MEG-RL	1	207
MEG-RL	1	207
MEG-RL	1	207
MEG-RL	1	207
MEG-RL	1	207
MEG-RL	1	207
MEG-RL	1	207
MEG-RL	1	207
MEG-RL	1	206
MEG-RL	2	207
MEG-RL	2	207
MEG-RL	2	207
MEG-RL	1	205
MEG-RL	1	206
MEG-RL	1	207
MEG-RL	1	207
MEG-RL	1	207
MEG-RL	1	207
MEG-RL	1	204
MEG-RL	1	207
MEG-RL	1	207
MEG-RL	1	207
MEG-RL	1	207
MEG-RL	1	207
MEG-RL	1	207
MEG-RL	1	207
MEG-RL	1	207
MEG-RL	1	207
MEG-RL	1	207
MEG-RL	1	207
MEG-RL	1	206
MEG-RL	1	207
MEG-RL	1	207
MEG-RL	1	207
MEG-RL	2	206
MEG-RL	3	207
MEG-RL	2	206
MEG-RL	3	207
MEG-RL	1	205
MEG-RL	3	207
MEG-RL	9	207
MEG-RL	2	200
MEG-RL	1	207
MEG-RL	1	207
MEG-RL	1	207
MEG-RL	2	207
MEG-RL	1	207
MEG-RL	17	206
MEG-RL	5	207
MEG-RL	1	207
MEG-RL	1	206
MEG-RL	1	207
MEG-RL	1	207
MEG-RL	1	207
MEG-RL	1	207
MEG-RL	1	207
MEG-RL	1	203
MEG-RL	1	206
MEG-RL	1	206
MEG-RL	2	207
MEG-RL	1	206
MEG-RL	1	206
MEG-RL	1	206
MEG-RL	1	206
MEG-RL	2	207
MEG-RL	2	207
MEG-RL	2	207
MEG-RL	2	207
MEG-RL	1	206
MEG-RL	2	207
MEG-RL	1	206
MEG-RL	2	207
MEG-RL	2	207
MEG-RL	1	206
MEG-RL	2	207
MEG-RL	1	206
MEG-RL	1	206
MEG-RL	1	204
MEG-RL	2	207
MEG-RL	1	207
MEG-RL	1	207
MEG-RL	1	207
MEG-RL	1	207
MEG-RL	1	207
MEG-RL	2	207
MEG-RL	1	206
MEG-RL	1	207
MEG-RL	1	206
MEG-RL	7	207
MEG-RL	1	207
MEG-RL	4	207
MEG-RL	1	204
MEG-RL	1	207
MEG-RL	1	207
MEG-RL	1	207
MEG-RL	1	205
MEG-RL	1	207
MEG-RL	1	207
MEG-RL	1	207
MEG-RL	1	206
MEG-RL	1	207
MEG-RL	1	207
MEG-RL	2	207
MEG-RL	1	207
MEG-RL	1	207
MEG-RL	1	207
MEG-RL	2	207
MEG-RL	1	207
MEG-RL	1	207
MEG-RL	1	206
MEG-RL	1	207
MEG-RL	1	207
MEG-RL	1	207
MEG-RL	1	207
MEG-RL	1	207
MEG-RL	1	207
MEG-RL	1	207
MEG-RL	1	207
MEG-RL	2	203
MEG-RL	5	203
MEG-RL	1	205
MEG-RL	1	205
MEG-RL	1	207
MEG-RL	2	207
MEG-RL	1	206
MEG-RL	1	207
MEG-RL	2	207
MEG-RL	1	206
MEG-RL	1	206
MEG-RL	2	206
MEG-RL	1	206
MEG-RL	1	206
MEG-RL	2	207
MEG-RL	2	207
MEG-RL	1	206
MEG-RL	1	206
MEG-RL	1	206
MEG-RL	1	206
MEG-RL	2	207
MEG-RL	1	206
MEG-RL	1	206
MEG-RL	1	206
MEG-RL	1	206
MEG-RL	2	207
MEG-RL	2	207
MEG-RL	1	206
MEG-RL	1	207
MEG-RL	2	207
MEG-RL	1	206
MEG-RL	1	207
MEG-RL	1	204
MEG-RL	1	204
MEG-RL	7	207
MEG-RL	1	204
MEG-RL	1	206
MEG-RL	1	207
MEG-RL	1	207
MEG-RL	1	207
MEG-RL	1	207
MEG-RL	1	207
MEG-RL	2	207
MEG-RL	1	207
MEG-RL	1	207
MEG-RL	1	207
MEG-RL	1	207
MEG-RL	1	207
MEG-RL	1	207
MEG-RL	1	207
MEG-RL	1	207
MEG-RL	1	207
MEG-RL	1	207
MEG-RL	1	207
MEG-RL	1	207
MEG-RL	1	207
MEG-RL	1	207
MEG-RL	1	207
MEG-RL	1	207
MEG-RL	1	207
MEG-RL	1	207
MEG-RL	1	204
MEG-RL	1	207
MEG-RL	1	207
MEG-RL	1	207
MEG-RL	1	207
MEG-RL	1	207
MEG-RL	1	207
MEG-RL	1	207
MEG-RL	1	207
MEG-RL	1	207
MEG-RL	1	207
MEG-RL	1	207
MEG-RL	1	207
MEG-RL	2	202
MEG-RL	1	207
MEG-RL	2	207
MEG-RL	1	207
MEG-RL	1	207
MEG-RL	1	206
MEG-RL	1	206
MEG-RL	1	207
MEG-RL	1	207
MEG-RL	1	207
MEG-RL	1	207
MEG-RL	1	205
MEG-RL	1	207
MEG-RL	1	207
MEG-RL	2	207
MEG-RL	1	206
MEG-RL	1	206
MEG-RL	1	206
MEG-RL	2	207
MEG-RL	1	207
MEG-RL	1	207
MEG-RL	1	207
MEG-RL	2	207
MEG-RL	1	207
MEG-RL	1	207
MEG-RL	1	207
MEG-RL	1	207
MEG-RL	1	207
MEG-RL	1	207
MEG-RL	2	207
MEG-RL	2	207
MEG-RL	1	207
MEG-RL	1	207
MEG-RL	1	207
MEG-RL	1	207
MEG-RL	1	207
MEG-RL	1	205
MEG-RL	1	207
MEG-RL	1	207
MEG-RL	1	206
MEG-RL	1	207
MEG-RL	1	207
MEG-RL	2	207
MEG-RL	1	207
MEG-RL	1	207
MEG-RL	1	207
MEG-RL	1	207
MEG-RL	1	207
MEG-RL	1	207
MEG-RL	1	206
MEG-RL	1	206
MEG-RL	2	207
MEG-RL	1	207
MEG-RL	1	207
MEG-RL	1	207
MEG-RL	1	207
MEG-RL	1	207
MEG-RL	1	207
MEG-RL	1	207
MEG-RL	1	207
MEG-RL	1	207
MEG-RL	1	207
MEG-RL	1	207
MEG-RL	1	207
MEG-RL	1	207
MEG-RL	1	207
MEG-RL	1	207
MEG-RL	1	207
MEG-RL	1	207
MEG-RL	1	207
MEG-RL	1	207
MEG-RL	1	207
MEG-RL	3	207
MEG-RL	2	206
MEG-RL	1	205
MEG-RL	1	207
MEG-RL	1	203
MEG-RL	1	203
MEG-RL	1	207
MEG-RL	1	207
MEG-RL	1	207
MEG-RL	1	207
MEG-RL	1	207
MEG-RL	1	207
MEG-RL	1	206
MEG-RL	1	207
MEG-RL	1	207
MEG-RL	1	207
MEG-RL	1	207
MEG-RL	1	207
MEG-RL	1	207
MEG-RL	1	207
MEG-RL	1	207
MEG-RL	1	207
MEG-RL	1	207
MEG-RL	1	207
MEG-RL	1	207
MEG-RL	1	207
MEG-RL	1	207
MEG-RL	1	207
MEG-RL	1	207
MEG-RL	1	207
MEG-RL	1	207
MEG-RL	1	207
MEG-RL	1	207
MEG-RL	1	207
MEG-RL	1	207
MEG-RL	1	207
MEG-RL	1	207
MEG-RL	1	207
MEG-RL	1	207
MEG-RL	1	207
MEG-RL	1	207
MEG-RL	1	207
MEG-RL	1	207
MEG-RL	1	207
MEG-RL	1	207
MEG-RL	1	207
MEG-RL	1	207
MEG-RL	1	207
MEG-RL	1	207
MEG-RL	1	207
MEG-RL	1	207
MEG-RL	1	207
MEG-RL	1	207
MEG-RL	1	207
MEG-RL	1	207
MEG-RL	1	207
MEG-RL	1	207
MEG-RL	1	207
MEG-RL	1	207
MEG-RL	1	207
MEG-RL	1	207
MEG-RL	1	207
MEG-RL	1	207
MEG-RL	1	207
MEG-RL	1	207
MEG-RL	1	207
MEG-RL	1	207
MEG-RL	1	207
MEG-RL	1	207
MEG-RL	1	207
MEG-RL	1	207
MEG-RL	1	207
MEG-RL	1	207
MEG-RL	1	207
MEG-RL	1	207
MEG-RL	1	207
MEG-RL	1	207
MEG-RL	1	207
MEG-RL	1	207
MEG-RL	1	207
MEG-RL	1	207
MEG-RL	1	206
MEG-RL	2	206
MEG-RL	2	207
MEG-RL	2	207
MEG-RL	2	207
MEG-RL	2	207
MEG-RL	2	207
MEG-RL	1	206
MEG-RL	1	206
MEG-RL	2	207
MEG-RL	2	207
MEG-RL	4	207
MEG-RL	3	206
MEG-RL	9	207
MEG-RL	2	203
MEG-RL	1	207
MEG-RL	3	207
MEG-RL	3	207
MEG-RL	2	206
MEG-RL	1	205
MEG-RL	1	205
MEG-RL	2	206
MEG-RL	1	207
MEG-RL	1	207
MEG-RL	1	207
MEG-RL	1	207
MEG-RL	1	207
MEG-RL	1	207
MEG-RL	1	207
MEG-RL	1	207
MEG-RL	1	207
MEG-RL	1	207
MEG-RL	1	207
MEG-RL	2	207
MEG-RL	1	206
MEG-RL	1	206
MEG-RL	1	206
MEG-RL	1	206
MEG-RL	1	206
MEG-RL	1	206
MEG-RL	1	206
MEG-RL	2	207
MEG-RL	1	206
MEG-RL	2	207
MEG-RL	2	207
MEG-RL	1	206
MEG-RL	1	206
MEG-RL	2	207
MEG-RL	2	207
MEG-RL	2	207
MEG-RL	2	203
MEG-RL	1	206
MEG-RL	1	207
MEG-RL	1	207
MEG-RL	2	204
MEG-RL	2	207
MEG-RL	1	206
MEG-RL	1	206
MEG-RL	1	207
MEG-RL	1	205
MEG-RL	1	204
MEG-RL	1	207
MEG-RL	1	204
MEG-RL	1	204
MEG-RL	1	207
MEG-RL	1	207
MEG-RL	1	207
MEG-RL	1	207
MEG-RL	1	207
MEG-RL	1	207
MEG-RL	1	207
MEG-RL	1	207
MEG-RL	1	207
MEG-RL	1	206
MEG-RL	2	206
MEG-RL	1	206
MEG-RL	2	207
MEG-RL	1	207
MEG-RL	1	207
MEG-RL	1	207
MEG-RL	1	207
MEG-RL	1	207
MEG-RL	1	206
MEG-RL	1	207
MEG-RL	1	207
MEG-RL	1	207
MEG-RL	3	207
MEG-RL	1	207
MEG-RL	1	201
MEG-RL	13	207
MEG-RL	11	205
MEG-RL	1	205
MEG-RL	2	202
MEG-RL	9	207
MEG-RL	1	207
MEG-RL	1	207
MEG-RL	1	207
MEG-RL	1	207
MEG-RL	1	207
MEG-RL	1	207
MEG-RL	1	207
MEG-RL	1	207
MEG-RL	1	207
MEG-RL	1	207
MEG-RL	1	207
MEG-RL	1	207
MEG-RL	1	207
MEG-RL	1	207
MEG-RL	1	207
MEG-RL	1	205
MEG-RL	1	206
MEG-RL	1	207
MEG-RL	1	207
MEG-RL	2	207
MEG-RL	2	207
MEG-RL	1	207
MEG-RL	1	207
MEG-RL	1	207
MEG-RL	1	207
MEG-RL	1	207
MEG-RL	1	207
MEG-RL	1	207
MEG-RL	1	207
MEG-RL	2	207
MEG-RL	1	207
MEG-RL	1	207
MEG-RL	1	206
MEG-RL	1	206
MEG-RL	1	207
MEG-RL	1	207
MEG-RL	1	206
MEG-RL	1	204
MEG-RL	1	203
MEG-RL	2	207
MEG-RL	1	206
MEG-RL	2	206
MEG-RL	1	204
MEG-RL	3	207
MEG-RL	3	207
MEG-RL	1	206
MEG-RL	2	207
MEG-RL	1	206
MEG-RL	1	206
MEG-RL	1	206
MEG-RL	1	206
MEG-RL	1	206
MEG-RL	2	207
MEG-RL	1	206
MEG-RL	1	206
MEG-RL	1	206
MEG-RL	2	207
MEG-RL	2	207
MEG-RL	1	206
MEG-RL	2	207
MEG-RL	1	206
MEG-RL	2	207
MEG-RL	2	207
MEG-RL	2	207
MEG-RL	2	207
MEG-RL	2	207
MEG-RL	1	206
MEG-RL	2	207
MEG-RL	1	206
MEG-RL	2	207
MEG-RL	1	206
MEG-RL	1	206
MEG-RL	2	207
MEG-RL	1	206
MEG-RL	1	207
MEG-RL	1	206
MEG-RL	1	207
MEG-RL	1	206
MEG-RL	2	207
MEG-RL	2	201
MEG-RL	1	207
MEG-RL	1	207
MEG-RL	2	207
MEG-RL	1	207
MEG-RL	1	207
MEG-RL	1	207
MEG-RL	2	205
MEG-RL	1	204
MEG-RL	1	204
MEG-RL	1	207
MEG-RL	1	204
MEG-RL	1	204
MEG-RL	1	204
MEG-RL	1	207
MEG-RL	1	207
MEG-RL	1	207
MEG-RL	1	207
MEG-RL	1	207
MEG-RL	1	207
MEG-RL	1	207
MEG-RL	1	207
MEG-RL	1	207
MEG-RL	1	207
MEG-RL	1	207
MEG-RL	1	207
MEG-RL	1	207
MEG-RL	1	207
MEG-RL	1	207
MEG-RL	1	207
MEG-RL	1	207
MEG-RL	1	207
MEG-RL	1	207
MEG-RL	1	207
MEG-RL	1	207
MEG-RL	1	207
MEG-RL	1	207
MEG-RL	1	207
MEG-RL	1	207
MEG-RL	1	207
MEG-RL	1	207
MEG-RL	1	207
MEG-RL	1	207
MEG-RL	1	207
MEG-RL	1	207
MEG-RL	1	207
MEG-RL	1	207
MEG-RL	1	207
MEG-RL	1	207
MEG-RL	1	207
MEG-RL	1	207
MEG-RL	1	207
MEG-RL	1	207
MEG-RL	1	207
MEG-RL	1	207
MEG-RL	1	207
MEG-RL	1	203
MEG-RL	1	203
MEG-RL	13	206
MEG-RL	1	204
MEG-RL	1	204
MEG-RL	1	204
MEG-RL	3	207
MEG-RL	1	207
MEG-RL	3	207
MEG-RL	1	207
MEG-RL	1	207
MEG-RL	1	207
MEG-RL	1	207
MEG-RL	1	207
MEG-RL	1	207
MEG-RL	1	207
MEG-RL	1	207
MEG-RL	1	207
MEG-RL	1	207
MEG-RL	2	207
MEG-RL	1	206
MEG-RL	2	206
MEG-RL	1	207
MEG-RL	1	207
MEG-RL	1	207
MEG-RL	1	207
MEG-RL	2	207
MEG-RL	3	206
MEG-RL	1	207
MEG-RL	1	207
MEG-RL	7	207
MEG-RL	2	204
MEG-RL	1	203
MEG-RL	2	206
MEG-RL	1	207
MEG-RL	1	207
MEG-RL	1	207
MEG-RL	1	207
MEG-RL	1	207
MEG-RL	1	207
MEG-RL	2	207
MEG-RL	2	207
MEG-RL	1	207
MEG-RL	1	207
MEG-RL	1	207
MEG-RL	2	207
MEG-RL	1	207
MEG-RL	1	207
MEG-RL	1	207
MEG-RL	1	206
MEG-RL	1	205
MEG-RL	1	206
MEG-RL	1	205
MEG-RL	2	207
MEG-RL	1	206
MEG-RL	1	206
MEG-RL	1	207
MEG-RL	1	207
MEG-RL	1	207
MEG-RL	1	207
MEG-RL	1	206
MEG-RL	2	207
MEG-RL	2	207
MEG-RL	2	207
MEG-RL	2	207
MEG-RL	8	207
MEG-RL	16	207
MEG-RL	1	207
MEG-RL	1	207
MEG-RL	1	207
MEG-RL	1	207
MEG-RL	1	207
MEG-RL	1	207
MEG-RL	1	207
MEG-RL	1	207
MEG-RL	1	207
MEG-RL	1	207
MEG-RL	1	207
MEG-RL	1	207
MEG-RL	1	207
MEG-RL	1	207
MEG-RL	1	207
MEG-RL	1	207
MEG-RL	1	207
MEG-RL	1	207
MEG-RL	1	207
MEG-RL	1	207
MEG-RL	1	207
MEG-RL	1	207
MEG-RL	1	207
MEG-RL	1	207
MEG-RL	1	207
MEG-RL	1	207
MEG-RL	1	207
MEG-RL	1	207
MEG-RL	1	207
MEG-RL	1	207
MEG-RL	1	207
MEG-RL	1	207
MEG-RL	1	207
MEG-RL	1	207
MEG-RL	1	207
MEG-RL	1	207
MEG-RL	1	207
MEG-RL	1	207
MEG-RL	1	207
MEG-RL	1	207
MEG-RL	1	207
MEG-RL	1	207
MEG-RL	1	207
MEG-RL	1	207
MEG-RL	1	207
MEG-RL	1	207
MEG-RL	1	207
MEG-RL	1	207
MEG-RL	1	207
MEG-RL	1	207
MEG-RL	1	207
MEG-RL	1	207
MEG-RL	1	207
MEG-RL	1	207
MEG-RL	1	207
MEG-RL	1	207
MEG-RL	1	207
MEG-RL	1	207
MEG-RL	1	207
MEG-RL	1	207
MEG-RL	1	207
MEG-RL	1	207
MEG-RL	1	207
MEG-RL	1	207
MEG-RL	1	207
MEG-RL	1	207
MEG-RL	1	207
MEG-RL	1	207
MEG-RL	3	205
MEG-RL	1	207
MEG-RL	1	207
MEG-RL	2	206
MEG-RL	1	207
MEG-RL	1	207
MEG-RL	1	207
MEG-RL	1	207
MEG-RL	1	206
MEG-RL	1	207
MEG-RL	1	207
MEG-RL	1	207
MEG-RL	1	207
MEG-RL	1	207
MEG-RL	1	206
MEG-RL	2	207
MEG-RL	1	205
MEG-RL	4	206
MEG-RL	2	207
MEG-RL	5	207
MEG-RL	2	207
MEG-RL	1	206
MEG-RL	1	207
MEG-RL	3	207
MEG-RL	1	207
MEG-RL	1	207
MEG-RL	1	207
MEG-RL	10	204
MEG-RL	2	206
MEG-RL	1	207
MEG-RL	1	207
MEG-RL	1	207
MEG-RL	1	207
MEG-RL	1	207
MEG-RL	1	207
MEG-RL	1	207
MEG-RL	1	207
MEG-RL	1	207
MEG-RL	1	207
MEG-RL	1	207
MEG-RL	1	206
MEG-RL	1	203
MEG-RL	1	206
MEG-RL	3	207
MEG-RL	2	206
MEG-RL	3	207
MEG-RL	1	205
MEG-RL	1	205
MEG-RL	2	203
MEG-RL	1	204
MEG-RL	1	204
MEG-RL	1	204
MEG-RL	1	204
MEG-RL	2	207
MEG-RL	1	206
MEG-RL	2	207
MEG-RL	1	206
MEG-RL	1	206
MEG-RL	1	206
MEG-RL	1	206
MEG-RL	2	207
MEG-RL	2	207
MEG-RL	1	206
MEG-RL	1	206
MEG-RL	1	206
MEG-RL	2	207
MEG-RL	2	207
MEG-RL	1	206
MEG-RL	2	207
MEG-RL	2	207
MEG-RL	1	203
MEG-RL	1	202
MEG-RL	2	203
MEG-RL	1	206
MEG-RL	1	207
MEG-RL	1	207
MEG-RL	1	207
MEG-RL	1	207
MEG-RL	1	207
MEG-RL	1	205
MEG-RL	1	203
MEG-RL	1	207
MEG-RL	2	207
MEG-RL	1	207
MEG-RL	1	207
MEG-RL	1	207
MEG-RL	1	206
MEG-RL	1	205
MEG-RL	1	207
MEG-RL	1	207
MEG-RL	1	207
MEG-RL	1	206
MEG-RL	1	207
MEG-RL	1	207
MEG-RL	1	206
MEG-RL	1	206
MEG-RL	1	207
MEG-RL	1	207
MEG-RL	1	207
MEG-RL	1	207
MEG-RL	1	207
MEG-RL	1	207
MEG-RL	1	207
MEG-RL	1	207
MEG-RL	1	207
MEG-RL	1	207
MEG-RL	1	207
MEG-RL	1	207
MEG-RL	1	207
MEG-RL	1	207
MEG-RL	1	207
MEG-RL	1	207
MEG-RL	1	207
MEG-RL	1	207
MEG-RL	1	203
MEG-RL	1	207
MEG-RL	1	207
MEG-RL	1	207
MEG-RL	1	207
MEG-RL	1	207
MEG-RL	1	207
MEG-RL	1	206
MEG-RL	1	206
MEG-RL	1	205
MEG-RL	2	205
MEG-RL	1	207
MEG-RL	1	207
MEG-RL	1	207
MEG-RL	1	207
MEG-RL	1	207
MEG-RL	1	207
MEG-RL	1	207
MEG-RL	1	207
MEG-RL	1	207
MEG-RL	1	207
MEG-RL	1	207
MEG-RL	1	207
MEG-RL	1	207
MEG-RL	1	204
MEG-RL	1	207
MEG-RL	1	207
MEG-RL	1	207
MEG-RL	3	207
MEG-RL	1	207
MEG-RL	1	207
MEG-RL	1	206
MEG-RL	1	207
MEG-RL	1	207
MEG-RL	1	207
MEG-RL	1	207
MEG-RL	1	207
MEG-RL	1	207
MEG-RL	1	206
MEG-RL	1	207
MEG-RL	1	207
MEG-RL	1	207
MEG-RL	1	207
MEG-RL	2	207
MEG-RL	1	207
MEG-RL	1	207
MEG-RL	2	207
MEG-RL	1	207
MEG-RL	1	207
MEG-RL	1	207
MEG-RL	1	207
MEG-RL	1	207
MEG-RL	1	207
MEG-RL	1	207
MEG-RL	1	206
MEG-RL	1	207
MEG-RL	1	207
MEG-RL	1	207
MEG-RL	1	207
MEG-RL	1	207
MEG-RL	2	205
MEG-RL	1	207
MEG-RL	4	205
MEG-RL	1	205
MEG-RL	1	207
MEG-RL	1	207
MEG-RL	1	207
MEG-RL	2	206
MEG-RL	2	207
MEG-RL	1	206
MEG-RL	1	206
MEG-RL	1	206
MEG-RL	1	206
MEG-RL	2	207
MEG-RL	2	207
MEG-RL	2	207
MEG-RL	1	206
MEG-RL	1	206
MEG-RL	1	206
MEG-RL	2	207
MEG-RL	1	206
MEG-RL	2	207
MEG-RL	1	206
MEG-RL	2	207
MEG-RL	1	206
MEG-RL	1	206
MEG-RL	1	206
MEG-RL	1	206
MEG-RL	2	207
MEG-RL	1	206
MEG-RL	1	207
MEG-RL	2	207
MEG-RL	1	206
MEG-RL	8	207
MEG-RL	1	207
MEG-RL	1	206
MEG-RL	1	206
MEG-RL	2	207
MEG-RL	1	206
MEG-RL	1	207
MEG-RL	1	203
MEG-RL	1	203
MEG-RL	1	203
MEG-RL	1	207
MEG-RL	1	203
MEG-RL	2	207
MEG-RL	1	204
MEG-RL	1	207
MEG-RL	1	207
MEG-RL	1	201
MEG-RL	1	207
MEG-RL	1	206
MEG-RL	1	207
MEG-RL	2	207
MEG-RL	1	207
MEG-RL	1	207
MEG-RL	1	204
MEG-RL	1	207
MEG-RL	2	205
MEG-RL	2	205
MEG-RL	1	204
MEG-RL	1	204
MEG-RL	1	204
MEG-RL	1	204
MEG-RL	1	203
MEG-RL	1	207
MEG-RL	1	207
MEG-RL	2	207
MEG-RL	1	207
MEG-RL	1	207
MEG-RL	1	207
MEG-RL	1	206
MEG-RL	3	206
MEG-RL	1	206
MEG-RL	1	207
MEG-RL	1	207
MEG-RL	1	207
MEG-RL	1	207
MEG-RL	1	207
MEG-RL	1	207
MEG-RL	1	207
MEG-RL	1	207
MEG-RL	1	207
MEG-RL	1	207
MEG-RL	1	207
MEG-RL	1	207
MEG-RL	1	207
MEG-RL	1	207
MEG-RL	1	207
MEG-RL	1	207
MEG-RL	1	207
MEG-RL	1	207
MEG-RL	1	207
MEG-RL	1	207
MEG-RL	1	207
MEG-RL	1	207
MEG-RL	1	207
MEG-RL	1	207
MEG-RL	1	207
MEG-RL	1	207
MEG-RL	1	207
MEG-RL	1	207
MEG-RL	1	207
MEG-RL	1	207
MEG-RL	1	207
MEG-RL	1	207
MEG-RL	1	207
MEG-RL	1	207
MEG-RL	1	207
MEG-RL	16	207
MEG-RL	1	207
MEG-RL	2	206
MEG-RL	2	206
MEG-RL	3	207
MEG-RL	1	196
MEG-RL	1	207
MEG-RL	1	206
MEG-RL	1	202
MEG-RL	1	202
MEG-RL	1	202
MEG-RL	1	206
MEG-RL	4	207
MEG-RL	1	207
MEG-RL	1	206
MEG-RL	2	207
MEG-RL	1	207
MEG-RL	1	207
MEG-RL	1	207
MEG-RL	1	207
MEG-RL	1	207
MEG-RL	1	207
MEG-RL	1	207
MEG-RL	1	207
MEG-RL	2	207
MEG-RL	1	205
MEG-RL	1	207
MEG-RL	1	207
MEG-RL	3	207
MEG-RL	1	207
MEG-RL	1	207
MEG-RL	1	207
MEG-RL	2	207
MEG-RL	15	207
MEG-RL	1	205
MEG-RL	1	203
MEG-RL	1	203
MEG-RL	1	206
MEG-RL	1	206
MEG-RL	1	206
MEG-RL	2	207
MEG-RL	1	207
MEG-RL	1	206
MEG-RL	1	206
MEG-RL	2	207
MEG-RL	1	207
MEG-RL	1	207
MEG-RL	1	207
MEG-RL	1	207
MEG-RL	2	207
MEG-RL	1	206
MEG-RL	1	207
MEG-RL	1	207
MEG-RL	2	207
MEG-RL	1	207
MEG-RL	1	207
MEG-RL	1	200
MEG-RL	1	207
MEG-RL	1	207
MEG-RL	1	206
MEG-RL	1	206
MEG-RL	1	207
MEG-RL	1	206
MEG-RL	1	206
MEG-RL	1	206
MEG-RL	2	205
MEG-RL	2	207
MEG-RL	2	207
MEG-RL	2	207
MEG-RL	2	206
MEG-RL	2	207
MEG-RL	2	207
MEG-RL	2	207
MEG-RL	2	207
MEG-RL	1	207
MEG-RL	1	207
MEG-RL	1	207
MEG-RL	1	206
MEG-RL	1	207
MEG-RL	1	207
MEG-RL	1	207
MEG-RL	1	207
MEG-RL	1	207
MEG-RL	1	207
MEG-RL	1	207
MEG-RL	1	207
MEG-RL	1	207
MEG-RL	1	207
MEG-RL	1	207
MEG-RL	1	207
MEG-RL	1	207
MEG-RL	1	207
MEG-RL	1	207
MEG-RL	1	207
MEG-RL	1	207
MEG-RL	1	207
MEG-RL	1	207
MEG-RL	1	207
MEG-RL	1	207
MEG-RL	1	207
MEG-RL	1	207
MEG-RL	1	207
MEG-RL	1	207
MEG-RL	1	207
MEG-RL	1	207
MEG-RL	1	207
MEG-RL	1	207
MEG-RL	1	207
MEG-RL	1	207
MEG-RL	1	207
MEG-RL	1	207
MEG-RL	1	207
MEG-RL	1	207
MEG-RL	1	207
MEG-RL	1	207
MEG-RL	1	207
MEG-RL	1	207
MEG-RL	1	207
MEG-RL	1	207
MEG-RL	1	207
MEG-RL	1	207
MEG-RL	1	207
MEG-RL	1	207
MEG-RL	1	207
MEG-RL	1	207
MEG-RL	1	207
MEG-RL	1	207
MEG-RL	1	207
MEG-RL	1	207
MEG-RL	1	207
MEG-RL	1	207
MEG-RL	1	207
MEG-RL	1	207
MEG-RL	1	207
MEG-RL	1	207
MEG-RL	1	207
MEG-RL	1	207
MEG-RL	1	207
MEG-RL	1	207
MEG-RL	1	207
MEG-RL	1	207
MEG-RL	1	207
MEG-RL	1	207
MEG-RL	1	207
MEG-RL	1	205
MEG-RL	1	207
MEG-RL	1	207
MEG-RL	1	207
MEG-RL	1	207
MEG-RL	1	206
MEG-RL	1	207
MEG-RL	1	207
MEG-RL	1	207
MEG-RL	1	205
MEG-RL	2	206
MEG-RL	1	207
MEG-RL	1	207
MEG-RL	1	207
MEG-RL	1	207
MEG-RL	1	207
MEG-RL	1	205
MEG-RL	1	207
MEG-RL	5	207
MEG-RL	1	207
MEG-RL	3	207
MEG-RL	3	207
MEG-RL	1	207
MEG-RL	1	207
MEG-RL	1	207
MEG-RL	1	203
MEG-RL	2	207
MEG-RL	1	207
MEG-RL	2	207
MEG-RL	2	207
MEG-RL	1	206
MEG-RL	1	204
MEG-RL	1	207
MEG-RL	1	207
MEG-RL	1	206
MEG-RL	1	207
MEG-RL	1	207
MEG-RL	1	207
MEG-RL	1	207
MEG-RL	1	207
MEG-RL	1	206
MEG-RL	1	204
MEG-RL	2	204
MEG-RL	1	203
MEG-RL	3	207
MEG-RL	1	207
MEG-RL	1	207
MEG-RL	1	207
MEG-RL	1	207
MEG-RL	1	207
MEG-RL	2	207
MEG-RL	1	207
MEG-RL	1	207
MEG-RL	1	207
MEG-RL	1	207
MEG-RL	1	206
MEG-RL	1	207
MEG-RL	1	207
MEG-RL	1	207
MEG-RL	1	207
MEG-RL	1	207
MEG-RL	1	206
MEG-RL	1	207
MEG-RL	1	207
MEG-RL	1	207
MEG-RL	1	207
MEG-RL	1	206
MEG-RL	1	207
MEG-RL	1	206
MEG-RL	2	207
MEG-RL	1	207
MEG-RL	2	207
MEG-RL	1	206
MEG-RL	2	207
MEG-RL	1	207
MEG-RL	1	207
MEG-RL	1	207
MEG-RL	1	207
MEG-RL	1	206
MEG-RL	1	206
MEG-RL	2	207
MEG-RL	1	207
MEG-RL	1	207
MEG-RL	1	207
MEG-RL	1	207
MEG-RL	2	207
MEG-RL	1	207
MEG-RL	1	206
MEG-RL	1	207
MEG-RL	1	207
MEG-RL	1	207
MEG-RL	1	207
MEG-RL	1	207
MEG-RL	1	203
MEG-RL	3	204
MEG-RL	2	207
MEG-RL	1	207
MEG-RL	2	207
MEG-RL	1	206
MEG-RL	1	207
MEG-RL	1	207
MEG-RL	1	207
MEG-RL	2	207
MEG-RL	2	207
MEG-RL	1	207
MEG-RL	1	207
MEG-RL	1	206
MEG-RL	1	207
MEG-RL	1	207
MEG-RL	1	207
MEG-RL	1	207
MEG-RL	1	207
MEG-RL	2	206
MEG-RL	1	205
MEG-RL	1	207
MEG-RL	1	207
MEG-RL	1	207
MEG-RL	1	207
MEG-RL	1	207
MEG-RL	1	207
MEG-RL	1	207
MEG-RL	1	207
MEG-RL	1	205
MEG-RL	3	207
MEG-RL	2	206
MEG-RL	3	207
MEG-RL	1	205
MEG-RL	1	205
MEG-RL	1	203
MEG-RL	2	203
MEG-RL	5	206
MEG-RL	3	204
MEG-RL	1	203
MEG-RL	2	204
MEG-RL	1	203
MEG-RL	1	206
MEG-RL	1	206
MEG-RL	2	207
MEG-RL	2	207
MEG-RL	2	207
MEG-RL	1	206
MEG-RL	2	207
MEG-RL	1	206
MEG-RL	2	207
MEG-RL	1	206
MEG-RL	2	207
MEG-RL	1	206
MEG-RL	1	206
MEG-RL	2	207
MEG-RL	1	203
MEG-RL	1	204
MEG-RL	1	207
MEG-RL	1	207
MEG-RL	2	205
MEG-RL	1	207
MEG-RL	1	206
MEG-RL	1	207
MEG-RL	1	207
MEG-RL	1	207
MEG-RL	1	207
MEG-RL	1	207
MEG-RL	1	207
MEG-RL	1	207
MEG-RL	1	207
MEG-RL	1	207
MEG-RL	1	207
MEG-RL	1	207
MEG-RL	1	207
MEG-RL	1	207
MEG-RL	2	202
MEG-RL	7	207
MEG-RL	3	207
MEG-RL	1	207
MEG-RL	1	207
MEG-RL	1	207
MEG-RL	1	207
MEG-RL	1	206
MEG-RL	1	207
MEG-RL	1	206
MEG-RL	1	207
MEG-RL	1	207
MEG-RL	1	207
MEG-RL	2	207
MEG-RL	1	207
MEG-RL	1	207
MEG-RL	2	207
MEG-RL	2	207
MEG-RL	1	207
MEG-RL	1	207
MEG-RL	1	206
MEG-RL	2	207
MEG-RL	1	207
MEG-RL	1	207
MEG-RL	2	207
MEG-RL	1	206
MEG-RL	1	207
MEG-RL	1	207
MEG-RL	1	206
MEG-RL	1	207
MEG-RL	1	207
MEG-RL	1	206
MEG-RL	1	207
MEG-RL	1	207
MEG-RL	1	206
MEG-RL	2	207
MEG-RL	2	207
MEG-RL	1	206
MEG-RL	1	207
MEG-RL	2	206
MEG-RL	1	205
MEG-RL	1	202
MEG-RL	2	207
MEG-RL	2	207
MEG-RL	3	207
MEG-RL	1	204
MEG-RL	2	206
MEG-RL	1	206
MEG-RL	1	206
MEG-RL	1	206
MEG-RL	1	206
MEG-RL	2	207
MEG-RL	1	206
MEG-RL	2	207
MEG-RL	2	207
MEG-RL	1	206
MEG-RL	1	206
MEG-RL	2	207
MEG-RL	2	207
MEG-RL	2	207
MEG-RL	1	206
MEG-RL	1	206
MEG-RL	2	207
MEG-RL	2	207
MEG-RL	1	206
MEG-RL	1	206
MEG-RL	2	207
MEG-RL	2	207
MEG-RL	1	206
MEG-RL	1	207
MEG-RL	1	203
MEG-RL	1	206
MEG-RL	1	207
MEG-RL	1	207
MEG-RL	1	207
MEG-RL	2	207
MEG-RL	2	207
MEG-RL	1	204
MEG-RL	1	207
MEG-RL	1	207
MEG-RL	1	207
MEG-RL	1	207
MEG-RL	1	204
MEG-RL	1	207
MEG-RL	1	205
MEG-RL	1	207
MEG-RL	1	207
MEG-RL	12	206
MEG-RL	1	207
MEG-RL	3	207
MEG-RL	1	207
MEG-RL	1	206
MEG-RL	13	207
MEG-RL	13	207
MEG-RL	4	207
MEG-RL	1	204
MEG-RL	1	204
MEG-RL	1	204
MEG-RL	1	204
MEG-RL	1	207
MEG-RL	1	207
MEG-RL	1	207
MEG-RL	1	207
MEG-RL	1	207
MEG-RL	1	207
MEG-RL	1	207
MEG-RL	1	207
MEG-RL	1	207
MEG-RL	1	207
MEG-RL	1	207
MEG-RL	1	207
MEG-RL	1	207
MEG-RL	1	207
MEG-RL	1	207
MEG-RL	1	207
MEG-RL	1	207
MEG-RL	1	207
MEG-RL	1	207
MEG-RL	1	207
MEG-RL	1	207
MEG-RL	1	207
MEG-RL	1	207
MEG-RL	1	207
MEG-RL	1	207
MEG-RL	1	207
MEG-RL	1	207
MEG-RL	1	207
MEG-RL	1	207
MEG-RL	1	207
MEG-RL	1	207
MEG-RL	1	207
MEG-RL	1	207
MEG-RL	1	207
MEG-RL	1	207
MEG-RL	1	207
MEG-RL	2	207
MEG-RL	2	207
MEG-RL	1	207
MEG-RL	1	206
MEG-RL	1	207
MEG-RL	1	207
MEG-RL	1	205
MEG-RL	2	207
MEG-RL	1	204
MEG-RL	1	207
MEG-RL	1	207
MEG-RL	1	207
MEG-RL	2	207
MEG-RL	2	207
MEG-RL	1	207
MEG-RL	1	206
MEG-RL	1	207
MEG-RL	1	207
MEG-RL	1	207
MEG-RL	1	207
MEG-RL	1	202
MEG-RL	1	207
MEG-RL	1	207
MEG-RL	1	207
MEG-RL	1	205
MEG-RL	1	207
MEG-RL	1	207
MEG-RL	2	207
MEG-RL	1	207
MEG-RL	1	207
MEG-RL	1	207
MEG-RL	1	207
MEG-RL	1	207
MEG-RL	1	206
MEG-RL	1	205
MEG-RL	1	207
MEG-RL	1	205
MEG-RL	2	206
MEG-RL	3	207
MEG-RL	1	207
MEG-RL	2	206
MEG-RL	1	207
MEG-RL	1	207
MEG-RL	1	206
MEG-RL	2	207
MEG-RL	1	206
MEG-RL	2	207
MEG-RL	2	207
MEG-RL	1	207
MEG-RL	1	207
MEG-RL	1	207
MEG-RL	1	207
MEG-RL	1	207
MEG-RL	1	204
MEG-RL	1	205
MEG-RL	1	207
MEG-RL	1	207
MEG-RL	1	207
MEG-RL	1	207
MEG-RL	1	207
MEG-RL	1	207
MEG-RL	1	207
MEG-RL	1	206
MEG-RL	1	207
MEG-RL	1	207
MEG-RL	1	207
MEG-RL	1	207
MEG-RL	1	207
MEG-RL	1	207
MEG-RL	1	207
MEG-RL	1	207
MEG-RL	1	207
MEG-RL	1	203
MEG-RL	2	207
MEG-RL	2	204
MEG-RL	5	207
MEG-RL	1	207
MEG-RL	1	207
MEG-RL	1	207
MEG-RL	1	207
MEG-RL	1	207
MEG-RL	1	207
MEG-RL	1	207
MEG-RL	1	207
MEG-RL	1	207
MEG-RL	1	207
MEG-RL	1	207
MEG-RL	1	207
MEG-RL	1	207
MEG-RL	1	207
MEG-RL	1	207
MEG-RL	1	207
MEG-RL	1	207
MEG-RL	1	207
MEG-RL	1	207
MEG-RL	1	207
MEG-RL	1	207
MEG-RL	1	207
MEG-RL	1	207
MEG-RL	1	207
MEG-RL	1	207
MEG-RL	1	207
MEG-RL	1	207
MEG-RL	1	207
MEG-RL	1	207
MEG-RL	1	207
MEG-RL	1	207
MEG-RL	1	207
MEG-RL	1	207
MEG-RL	1	207
MEG-RL	1	207
MEG-RL	1	207
MEG-RL	1	207
MEG-RL	1	207
MEG-RL	1	207
MEG-RL	1	207
MEG-RL	1	207
MEG-RL	1	207
MEG-RL	1	207
MEG-RL	1	207
MEG-RL	1	207
MEG-RL	1	207
MEG-RL	1	207
MEG-RL	1	207
MEG-RL	1	207
MEG-RL	1	207
MEG-RL	1	207
MEG-RL	1	207
MEG-RL	1	207
MEG-RL	1	207
MEG-RL	1	207
MEG-RL	1	207
MEG-RL	1	207
MEG-RL	1	207
MEG-RL	1	207
MEG-RL	1	207
MEG-RL	1	207
MEG-RL	1	207
MEG-RL	1	207
MEG-RL	1	207
MEG-RL	1	207
MEG-RL	1	207
MEG-RL	1	207
MEG-RL	1	207
MEG-RL	1	207
MEG-RL	1	207
MEG-RL	1	207
MEG-RL	1	207
MEG-RL	1	207
MEG-RL	1	207
MEG-RL	1	207
MEG-RL	1	207
MEG-RL	1	207
MEG-RL	1	207
MEG-RL	1	207
MEG-RL	1	207
MEG-RL	1	207
MEG-RL	1	207
MEG-RL	1	207
MEG-RL	1	207
MEG-RL	1	207
MEG-RL	3	203
MEG-RL	1	207
MEG-RL	1	207
MEG-RL	1	205
MEG-RL	1	207
MEG-RL	1	207
MEG-RL	2	207
MEG-RL	1	207
MEG-RL	1	207
MEG-RL	1	205
MEG-RL	1	206
MEG-RL	2	206
MEG-RL	1	206
MEG-RL	1	205
MEG-RL	2	207
MEG-RL	5	207
MEG-RL	1	206
MEG-RL	3	205
MEG-RL	1	207
MEG-RL	1	205
MEG-RL	1	207
MEG-RL	1	207
MEG-RL	3	207
MEG-RL	1	207
MEG-RL	2	206
MEG-RL	1	205
MEG-RL	3	207
MEG-RL	2	206
MEG-RL	1	205
MEG-RL	2	206
MEG-RL	3	207
MEG-RL	2	206
MEG-RL	3	207
MEG-RL	1	205
MEG-RL	3	207
MEG-RL	1	205
MEG-RL	1	204
MEG-RL	3	206
MEG-RL	1	204
MEG-RL	1	204
MEG-RL	1	203
MEG-RL	1	205
MEG-RL	1	204
MEG-RL	1	207
MEG-RL	1	207
MEG-RL	1	207
MEG-RL	12	207
MEG-RL	2	206
MEG-RL	2	207
MEG-RL	2	207
MEG-RL	1	207
MEG-RL	1	207
MEG-RL	1	207
MEG-RL	1	207
MEG-RL	1	207
MEG-RL	1	205
MEG-RL	1	207
MEG-RL	1	207
MEG-RL	1	207
MEG-RL	1	206
MEG-RL	1	206
MEG-RL	8	207
MEG-RL	1	205
MEG-RL	1	207
MEG-RL	1	206
MEG-RL	1	206
MEG-RL	1	207
MEG-RL	1	206
MEG-RL	2	207
MEG-RL	2	207
MEG-RL	1	206
MEG-RL	2	207
MEG-RL	1	207
MEG-RL	1	207
MEG-RL	11	207
MEG-RL	1	188
MEG-RL	1	206
MEG-RL	1	203
MEG-RL	1	206
MEG-RL	2	204
MEG-RL	1	203
MEG-RL	1	207
MEG-RL	1	207
MEG-RL	1	207
MEG-RL	3	207
MEG-RL	1	207
MEG-RL	1	207
MEG-RL	1	207
MEG-RL	1	206
MEG-RL	1	207
MEG-RL	1	206
MEG-RL	2	207
MEG-RL	2	207
MEG-RL	1	207
MEG-RL	1	206
MEG-RL	2	207
MEG-RL	1	207
MEG-RL	3	207
MEG-RL	1	207
MEG-RL	1	206
MEG-RL	1	207
MEG-RL	1	207
MEG-RL	3	206
MEG-RL	1	204
MEG-RL	1	207
MEG-RL	1	204
MEG-RL	1	204
MEG-RL	1	207
MEG-RL	1	207
MEG-RL	1	207
MEG-RL	1	205
MEG-RL	9	206
MEG-RL	2	207
MEG-RL	1	206
MEG-RL	1	206
MEG-RL	1	205
MEG-RL	1	207
MEG-RL	1	207
MEG-RL	1	207
MEG-RL	1	207
MEG-RL	1	207
MEG-RL	1	207
MEG-RL	1	207
MEG-RL	1	207
MEG-RL	1	207
MEG-RL	1	207
MEG-RL	1	207
MEG-RL	1	207
MEG-RL	1	207
MEG-RL	1	207
MEG-RL	1	207
MEG-RL	1	207
MEG-RL	4	206
MEG-RL	1	207
MEG-RL	1	207
MEG-RL	1	207
MEG-RL	1	206
MEG-RL	1	207
MEG-RL	1	207
MEG-RL	1	207
MEG-RL	1	207
MEG-RL	2	207
MEG-RL	1	207
MEG-RL	1	206
MEG-RL	1	207
MEG-RL	1	207
MEG-RL	1	207
MEG-RL	2	207
MEG-RL	1	205
MEG-RL	1	207
MEG-RL	1	206
MEG-RL	2	207
MEG-RL	1	204
MEG-RL	1	204
MEG-RL	1	207
MEG-RL	1	207
MEG-RL	1	196
MEG-RL	1	207
MEG-RL	1	205
MEG-RL	1	202
MEG-RL	1	207
MEG-RL	1	207
MEG-RL	1	207
MEG-RL	1	207
MEG-RL	1	206
MEG-RL	1	207
MEG-RL	2	207
MEG-RL	1	207
MEG-RL	1	205
MEG-RL	1	207
MEG-RL	1	206
MEG-RL	1	207
MEG-RL	1	207
MEG-RL	1	206
MEG-RL	1	206
MEG-RL	1	207
MEG-RL	2	206
MEG-RL	1	207
MEG-RL	1	207
MEG-RL	1	207
MEG-RL	1	207
MEG-RL	1	206
MEG-RL	1	207
MEG-RL	1	207
MEG-RL	1	207
MEG-RL	1	207
MEG-RL	1	205
MEG-RL	2	206
MEG-RL	1	205
MEG-RL	1	205
MEG-RL	2	206
MEG-RL	1	205
MEG-RL	1	206
MEG-RL	1	207
MEG-RL	1	207
MEG-RL	1	207
MEG-RL	1	206
MEG-RL	2	207
MEG-RL	1	206
MEG-RL	1	207
MEG-RL	1	206
MEG-RL	1	207
MEG-RL	3	207
MEG-RL	1	206
MEG-RL	1	207
MEG-RL	2	207
MEG-RL	2	207
MEG-RL	2	207
MEG-RL	2	207
MEG-RL	1	206
MEG-RL	1	206
MEG-RL	1	206
MEG-RL	1	206
MEG-RL	1	206
MEG-RL	1	206
MEG-RL	2	207
MEG-RL	2	207
MEG-RL	2	207
MEG-RL	1	206
MEG-RL	1	206
MEG-RL	2	207
MEG-RL	1	206
MEG-RL	2	207
MEG-RL	1	206
MEG-RL	1	206
MEG-RL	1	206
MEG-RL	2	207
MEG-RL	1	206
MEG-RL	2	207
MEG-RL	2	207
MEG-RL	2	207
MEG-RL	2	207
MEG-RL	1	206
MEG-RL	2	207
MEG-RL	2	207
MEG-RL	2	207
MEG-RL	2	207
MEG-RL	2	207
MEG-RL	5	207
MEG-RL	1	207
MEG-RL	1	206
MEG-RL	1	207
MEG-RL	1	207
MEG-RL	1	206
MEG-RL	1	203
MEG-RL	1	206
MEG-RL	2	207
MEG-RL	2	207
MEG-RL	2	207
MEG-RL	2	207
MEG-RL	2	207
MEG-RL	7	206
MEG-RL	2	207
MEG-RL	1	207
MEG-RL	1	207
MEG-RL	1	204
MEG-RL	1	206
MEG-RL	1	207
MEG-RL	1	207
MEG-RL	1	203
MEG-RL	1	206
MEG-RL	1	206
MEG-RL	1	204
MEG-RL	4	207
MEG-RL	4	206
MEG-RL	2	204
MEG-RL	1	207
MEG-RL	2	193
MEG-RL	1	194
MEG-RL	1	207
MEG-RL	1	207
MEG-RL	1	206
MEG-RL	9	207
MEG-RL	1	204
MEG-RL	1	207
MEG-RL	1	207
MEG-RL	1	207
MEG-RL	1	207
MEG-RL	1	207
MEG-RL	1	206
MEG-RL	1	207
MEG-RL	1	207
MEG-RL	2	207
MEG-RL	1	207
MEG-RL	1	207
MEG-RL	1	198
MEG-RL	1	198
MEG-RL	1	204
MEG-RL	1	207
MEG-RL	1	207
MEG-RL	1	207
MEG-RL	1	207
MEG-RL	1	207
MEG-RL	1	207
MEG-RL	1	207
MEG-RL	1	207
MEG-RL	1	207
MEG-RL	1	207
MEG-RL	1	207
MEG-RL	1	207
MEG-RL	1	207
MEG-RL	1	207
MEG-RL	1	207
MEG-RL	1	207
MEG-RL	1	207
MEG-RL	1	207
MEG-RL	1	207
MEG-RL	1	207
MEG-RL	1	207
MEG-RL	1	207
MEG-RL	1	207
MEG-RL	1	207
MEG-RL	1	207
MEG-RL	1	207
MEG-RL	1	207
MEG-RL	1	207
MEG-RL	1	207
MEG-RL	1	207
MEG-RL	1	207
MEG-RL	1	207
MEG-RL	1	207
MEG-RL	1	207
MEG-RL	1	206
MEG-RL	1	207
MEG-RL	1	207
MEG-RL	1	207
MEG-RL	1	207
MEG-RL	1	206
MEG-RL	1	207
MEG-RL	1	207
MEG-RL	1	206
MEG-RL	1	207
MEG-RL	1	207
MEG-RL	1	207
MEG-RL	1	207
MEG-RL	1	207
MEG-RL	2	207
MEG-RL	1	202
MEG-RL	3	204
MEG-RL	1	207
MEG-RL	1	207
MEG-RL	1	206
MEG-RL	1	207
MEG-RL	4	205
MEG-RL	1	207
MEG-RL	1	206
MEG-RL	1	207
MEG-RL	1	207
MEG-RL	1	207
MEG-RL	1	207
MEG-RL	1	207
MEG-RL	2	207
MEG-RL	1	207
MEG-RL	1	207
MEG-RL	2	206
MEG-RL	1	207
MEG-RL	1	207
MEG-RL	1	207
MEG-RL	1	207
MEG-RL	1	205
MEG-RL	3	207
MEG-RL	3	207
MEG-RL	1	204
MEG-RL	1	207
MEG-RL	1	207
MEG-RL	1	207
MEG-RL	1	207
MEG-RL	1	207
MEG-RL	1	207
MEG-RL	1	207
MEG-RL	1	207
MEG-RL	1	207
MEG-RL	1	207
MEG-RL	1	207
MEG-RL	2	207
MEG-RL	2	206
MEG-RL	1	207
MEG-RL	2	207
MEG-RL	1	207
MEG-RL	1	206
MEG-RL	7	206
MEG-RL	2	207
MEG-RL	1	207
MEG-RL	1	207
MEG-RL	1	207
MEG-RL	1	206
MEG-RL	1	206
MEG-RL	1	207
MEG-RL	1	207
MEG-RL	2	207
MEG-RL	1	207
MEG-RL	1	207
MEG-RL	1	207
MEG-RL	1	207
MEG-RL	1	207
MEG-RL	1	207
MEG-RL	1	207
MEG-RL	7	206
MEG-RL	1	207
MEG-RL	1	207
MEG-RL	1	207
MEG-RL	1	206
MEG-RL	2	207
MEG-RL	2	207
MEG-RL	1	206
MEG-RL	3	205
MEG-RL	1	206
MEG-RL	1	205
MEG-RL	2	207
MEG-RL	1	207
MEG-RL	1	207
MEG-RL	1	207
MEG-RL	1	207
MEG-RL	1	207
MEG-RL	2	206
MEG-RL	1	207
MEG-RL	1	207
MEG-RL	1	207
MEG-RL	1	207
MEG-RL	1	207
MEG-RL	1	207
MEG-RL	1	207
MEG-RL	8	207
MEG-RL	1	207
MEG-RL	2	205
MEG-RL	2	205
MEG-RL	1	207
MEG-RL	1	207
MEG-RL	1	207
MEG-RL	1	207
MEG-RL	1	207
MEG-RL	1	207
MEG-RL	1	207
MEG-RL	1	207
MEG-RL	1	207
MEG-RL	1	207
MEG-RL	1	207
MEG-RL	1	207
MEG-RL	1	207
MEG-RL	1	207
MEG-RL	1	207
MEG-RL	1	207
MEG-RL	1	207
MEG-RL	1	207
MEG-RL	1	207
MEG-RL	1	207
MEG-RL	1	207
MEG-RL	1	207
MEG-RL	1	207
MEG-RL	1	207
MEG-RL	1	207
MEG-RL	1	207
MEG-RL	1	207
MEG-RL	1	207
MEG-RL	1	207
MEG-RL	1	207
MEG-RL	1	207
MEG-RL	1	207
MEG-RL	2	205
MEG-RL	1	207
MEG-RL	1	207
MEG-RL	1	207
MEG-RL	1	207
MEG-RL	1	207
MEG-RL	1	207
MEG-RL	1	207
MEG-RL	1	207
MEG-RL	1	207
MEG-RL	1	206
MEG-RL	1	207
MEG-RL	1	207
MEG-RL	1	196
MEG-RL	1	207
MEG-RL	1	207
MEG-RL	1	207
MEG-RL	1	207
MEG-RL	1	207
MEG-RL	1	206
MEG-RL	1	206
MEG-RL	3	207
MEG-RL	2	207
MEG-RL	1	205
MEG-RL	1	204
MEG-RL	3	207
MEG-RL	2	205
MEG-RL	1	204
MEG-RL	1	203
MEG-RL	3	207
MEG-RL	2	206
MEG-RL	12	205
MEG-RL	1	207
MEG-RL	1	207
MEG-RL	1	207
MEG-RL	1	207
MEG-RL	2	207
MEG-RL	1	207
MEG-RL	1	207
MEG-RL	1	207
MEG-RL	1	207
MEG-RL	1	207
MEG-RL	1	207
MEG-RL	3	207
MEG-RL	1	205
MEG-RL	3	207
MEG-RL	1	207
MEG-RL	1	207
MEG-RL	1	207
MEG-RL	1	207
MEG-RL	1	206
MEG-RL	7	207
MEG-RL	1	207
MEG-RL	2	207
MEG-RL	3	207
MEG-RL	1	207
MEG-RL	1	207
MEG-RL	1	207
MEG-RL	1	206
MEG-RL	2	207
MEG-RL	1	207
MEG-RL	1	207
MEG-RL	1	206
MEG-RL	1	207
MEG-RL	2	207
MEG-RL	1	205
MEG-RL	1	205
MEG-RL	3	207
MEG-RL	1	207
MEG-RL	2	206
MEG-RL	3	207
MEG-RL	1	207
MEG-RL	1	207
MEG-RL	1	205
MEG-RL	1	207
MEG-RL	1	207
MEG-RL	1	207
MEG-RL	1	206
MEG-RL	1	207
MEG-RL	1	207
MEG-RL	1	207
MEG-RL	1	207
MEG-RL	1	206
MEG-RL	1	207
MEG-RL	2	207
MEG-RL	1	207
MEG-RL	1	206
MEG-RL	1	207
MEG-RL	2	207
MEG-RL	1	207
MEG-RL	12	207
MEG-RL	1	207
MEG-RL	1	207
MEG-RL	2	207
MEG-RL	1	206
MEG-RL	1	207
MEG-RL	1	207
MEG-RL	1	207
MEG-RL	1	207
MEG-RL	2	207
MEG-RL	1	207
MEG-RL	1	206
MEG-RL	1	207
MEG-RL	1	207
MEG-RL	1	206
MEG-RL	1	204
MEG-RL	1	207
MEG-RL	1	207
MEG-RL	2	207
MEG-RL	1	207
MEG-RL	1	207
MEG-RL	1	207
MEG-RL	4	206
MEG-RL	1	207
MEG-RL	1	207
MEG-RL	1	207
MEG-RL	2	207
MEG-RL	2	207
MEG-RL	1	207
MEG-RL	1	207
MEG-RL	1	207
MEG-RL	11	207
MEG-RL	1	207
MEG-RL	2	207
MEG-RL	1	207
MEG-RL	1	206
MEG-RL	1	207
MEG-RL	1	207
MEG-RL	1	206
MEG-RL	2	206
MEG-RL	1	206
MEG-RL	1	207
MEG-RL	1	207
MEG-RL	1	207
MEG-RL	1	207
MEG-RL	1	206
MEG-RL	1	207
MEG-RL	2	206
MEG-RL	1	207
MEG-RL	1	194
MEG-RL	1	207
MEG-RL	1	204
MEG-RL	1	207
MEG-RL	1	207
MEG-RL	1	206
MEG-RL	1	206
MEG-RL	1	207
MEG-RL	1	203
MEG-RL	1	207
MEG-RL	1	207
MEG-RL	1	207
MEG-RL	1	207
MEG-RL	1	207
MEG-RL	1	207
MEG-RL	8	207
MEG-RL	1	207
MEG-RL	1	207
MEG-RL	1	195
MEG-RL	2	207
MEG-RL	1	207
MEG-RL	1	207
MEG-RL	2	207
MEG-RL	1	207
MEG-RL	1	207
MEG-RL	2	207
MEG-RL	2	206
MEG-RL	1	204
MEG-RL	2	207
MEG-RL	1	207
MEG-RL	1	207
MEG-RL	1	207
MEG-RL	1	207
MEG-RL	1	207
MEG-RL	1	206
MEG-RL	1	207
MEG-RL	1	207
MEG-RL	1	206
MEG-RL	1	207
MEG-RL	3	207
MEG-RL	1	207
MEG-RL	2	207
MEG-RL	1	205
MEG-RL	1	207
MEG-RL	3	207
MEG-RL	1	204
MEG-RL	1	207
MEG-RL	6	207
MEG-RL	1	206
MEG-RL	1	206
MEG-RL	2	207
MEG-RL	1	207
MEG-RL	1	207
MEG-RL	1	203
MEG-RL	1	203
MEG-RL	1	206
MEG-RL	1	207
MEG-RL	1	207
MEG-RL	19	207
MEG-RL	1	207
MEG-RL	1	206
MEG-RL	2	207
MEG-RL	1	206
MEG-RL	2	207
MEG-RL	1	207
MEG-RL	1	207
MEG-RL	1	207
MEG-RL	1	207
MEG-RL	1	207
MEG-RL	1	207
MEG-RL	1	207
MEG-RL	1	207
MEG-RL	1	207
MEG-RL	1	207
MEG-RL	1	207
MEG-RL	1	207
MEG-RL	1	207
MEG-RL	1	207
MEG-RL	1	207
MEG-RL	1	207
MEG-RL	1	207
MEG-RL	1	207
MEG-RL	1	207
MEG-RL	1	207
MEG-RL	1	207
MEG-RL	1	207
MEG-RL	1	207
MEG-RL	1	207
MEG-RL	1	204
MEG-RL	1	207
MEG-RL	1	206
MEG-RL	2	206
MEG-RL	1	207
MEG-RL	3	207
MEG-RL	3	207
MEG-RL	3	207
MEG-RL	3	207
MEG-RL	2	206
MEG-RL	1	205
MEG-RL	4	206
MEG-RL	13	207
MEG-RL	4	202
MEG-RL	1	196
MEG-RL	12	207
MEG-RL	1	206
MEG-RL	1	207
MEG-RL	1	207
MEG-RL	6	207
MEG-RL	2	207
MEG-RL	1	207
MEG-RL	1	207
MEG-RL	1	203
MEG-RL	2	207
MEG-RL	2	207
MEG-RL	2	207
MEG-RL	1	206
MEG-RL	1	206
MEG-RL	2	207
MEG-RL	1	206
MEG-RL	2	207
MEG-RL	2	207
MEG-RL	2	207
MEG-RL	1	206
MEG-RL	2	207
MEG-RL	2	207
MEG-RL	10	207
MEG-RL	1	201
MEG-RL	1	207
MEG-RL	1	207
MEG-RL	1	204
MEG-RL	4	207
MEG-RL	1	207
MEG-RL	13	207
MEG-RL	2	192
MEG-RL	2	207
MEG-RL	1	206
MEG-RL	2	207
MEG-RL	1	207
MEG-RL	1	207
MEG-RL	1	207
MEG-RL	1	207
MEG-RL	1	207
MEG-RL	1	207
MEG-RL	1	207
MEG-RL	1	207
MEG-RL	1	207
MEG-RL	1	207
MEG-RL	1	207
MEG-RL	1	207
MEG-RL	1	207
MEG-RL	1	207
MEG-RL	1	207
MEG-RL	1	207
MEG-RL	1	207
MEG-RL	1	207
MEG-RL	1	207
MEG-RL	1	207
MEG-RL	1	207
MEG-RL	1	207
MEG-RL	1	207
MEG-RL	1	207
MEG-RL	1	206
MEG-RL	1	207
MEG-RL	1	207
MEG-RL	1	207
MEG-RL	1	207
MEG-RL	1	207
MEG-RL	1	207
MEG-RL	4	207
MEG-RL	1	204
MEG-RL	1	207
MEG-RL	1	206
MEG-RL	1	207
MEG-RL	1	207
MEG-RL	1	207
MEG-RL	1	207
MEG-RL	1	207
MEG-RL	1	207
MEG-RL	1	207
MEG-RL	1	207
MEG-RL	1	207
MEG-RL	2	207
MEG-RL	1	207
MEG-RL	1	207
MEG-RL	1	207
MEG-RL	1	207
MEG-RL	2	205
MEG-RL	2	207
MEG-RL	2	207
MEG-RL	1	207
MEG-RL	2	207
MEG-RL	1	206
MEG-RL	1	207
MEG-RL	1	206
MEG-RL	1	207
MEG-RL	1	207
MEG-RL	4	207
MEG-RL	1	207
MEG-RL	2	207
MEG-RL	2	207
MEG-RL	3	207
MEG-RL	1	207
MEG-RL	1	207
MEG-RL	1	207
MEG-RL	1	207
MEG-RL	1	207
MEG-RL	1	207
MEG-RL	24	207
MEG-RL	3	205
MEG-RL	3	206
MEG-RL	18	207
MEG-RL	17	206
MEG-RL	3	207
MEG-RL	1	206
MEG-RL	1	206
MEG-RL	1	207
MEG-RL	1	207
MEG-RL	1	207
MEG-RL	2	207
MEG-RL	1	207
MEG-RL	1	206
MEG-RL	1	206
MEG-RL	8	207
MEG-RL	2	207
MEG-RL	1	207
MEG-RL	1	207
MEG-RL	1	207
MEG-RL	1	207
MEG-RL	1	206
MEG-RL	2	207
MEG-RL	2	206
MEG-RL	2	206
MEG-RL	1	202
MEG-RL	2	203
MEG-RL	1	205
MEG-RL	1	206
MEG-RL	2	207
MEG-RL	1	206
MEG-RL	2	207
MEG-RL	1	206
MEG-RL	1	206
MEG-RL	1	206
MEG-RL	2	207
MEG-RL	2	207
MEG-RL	1	206
MEG-RL	2	207
MEG-RL	1	206
MEG-RL	2	207
MEG-RL	2	207
MEG-RL	1	206
MEG-RL	1	206
MEG-RL	2	207
MEG-RL	1	206
MEG-RL	1	206
MEG-RL	11	207
MEG-RL	10	207
MEG-RL	1	204
MEG-RL	4	207
MEG-RL	2	205
MEG-RL	1	204
MEG-RL	1	204
MEG-RL	1	204
MEG-RL	4	207
MEG-RL	1	204
MEG-RL	1	207
MEG-RL	4	207
MEG-RL	1	204
MEG-RL	1	207
MEG-RL	1	207
MEG-RL	1	207
MEG-RL	1	207
MEG-RL	1	207
MEG-RL	1	207
MEG-RL	1	207
MEG-RL	1	207
MEG-RL	1	206
MEG-RL	1	207
MEG-RL	1	207
MEG-RL	1	207
MEG-RL	1	207
MEG-RL	1	207
MEG-RL	1	207
MEG-RL	1	207
MEG-RL	1	207
MEG-RL	1	207
MEG-RL	1	207
MEG-RL	1	207
MEG-RL	1	207
MEG-RL	1	207
MEG-RL	1	207
MEG-RL	1	207
MEG-RL	1	207
MEG-RL	1	207
MEG-RL	1	207
MEG-RL	1	207
MEG-RL	1	207
MEG-RL	1	207
MEG-RL	1	207
MEG-RL	1	207
MEG-RL	6	207
MEG-RL	1	207
MEG-RL	1	204
MEG-RL	1	207
MEG-RL	2	207
MEG-RL	1	207
MEG-RL	1	207
MEG-RL	1	207
MEG-RL	1	206
MEG-RL	1	207
MEG-RL	1	207
MEG-RL	1	207
MEG-RL	13	207
MEG-RL	18	207
MEG-RL	16	207
MEG-RL	1	207
MEG-RL	1	207
MEG-RL	2	207
MEG-RL	1	206
MEG-RL	2	205
MEG-RL	3	207
MEG-RL	1	207
MEG-RL	1	207
MEG-RL	1	207
MEG-RL	1	207
MEG-RL	2	207
MEG-RL	2	207
MEG-RL	1	207
MEG-RL	1	207
MEG-RL	1	207
MEG-RL	1	207
MEG-RL	1	207
MEG-RL	2	206
MEG-RL	1	202
MEG-RL	1	207
MEG-RL	2	207
MEG-RL	1	206
MEG-RL	1	206
MEG-RL	1	207
MEG-RL	1	207
MEG-RL	1	206
MEG-RL	2	207
MEG-RL	1	207
MEG-RL	1	207
MEG-RL	8	207
MEG-RL	1	207
MEG-RL	2	207
MEG-RL	2	206
MEG-RL	2	207
MEG-RL	2	207
MEG-RL	1	206
MEG-RL	3	207
MEG-RL	10	206
MEG-RL	2	207
MEG-RL	1	206
MEG-RL	18	207
MEG-RL	1	204
MEG-RL	1	207
MEG-RL	1	205
MEG-RL	1	207
MEG-RL	1	204
MEG-RL	1	207
MEG-RL	1	207
MEG-RL	1	207
MEG-RL	1	207
MEG-RL	1	207
MEG-RL	1	207
MEG-RL	2	207
MEG-RL	1	206
MEG-RL	1	207
MEG-RL	2	207
MEG-RL	1	207
MEG-RL	1	207
MEG-RL	1	207
MEG-RL	1	207
MEG-RL	1	206
MEG-RL	1	207
MEG-RL	1	204
MEG-RL	1	207
MEG-RL	1	207
MEG-RL	1	207
MEG-RL	1	200
MEG-RL	1	200
MEG-RL	2	207
MEG-RL	1	207
MEG-RL	1	207
MEG-RL	1	207
MEG-RL	1	207
MEG-RL	1	206
MEG-RL	10	207
MEG-RL	1	207
MEG-RL	1	207
MEG-RL	1	207
MEG-RL	1	207
MEG-RL	1	207
MEG-RL	1	204
MEG-RL	4	207
MEG-RL	1	204
MEG-RL	2	207
MEG-RL	2	207
MEG-RL	3	207
MEG-RL	1	206
MEG-RL	1	206
MEG-RL	1	205
MEG-RL	1	206
MEG-RL	1	206
MEG-RL	2	207
MEG-RL	2	207
MEG-RL	1	206
MEG-RL	1	207
MEG-RL	1	207
MEG-RL	1	207
MEG-RL	10	207
MEG-RL	3	206
MEG-RL	1	204
MEG-RL	1	207
MEG-RL	1	207
MEG-RL	1	207
MEG-RL	2	207
MEG-RL	1	207
MEG-RL	1	207
MEG-RL	1	207
MEG-RL	1	207
MEG-RL	1	207
MEG-RL	1	207
MEG-RL	1	207
MEG-RL	1	207
MEG-RL	1	207
MEG-RL	1	207
MEG-RL	1	207
MEG-RL	1	207
MEG-RL	1	207
MEG-RL	1	207
MEG-RL	1	207
MEG-RL	1	207
MEG-RL	1	207
MEG-RL	1	207
MEG-RL	1	207
MEG-RL	1	207
MEG-RL	1	207
MEG-RL	1	207
MEG-RL	1	207
MEG-RL	1	207
MEG-RL	1	207
MEG-RL	1	207
MEG-RL	1	207
MEG-RL	1	207
MEG-RL	1	207
MEG-RL	1	207
MEG-RL	1	207
MEG-RL	1	207
MEG-RL	1	207
MEG-RL	1	207
MEG-RL	1	207
MEG-RL	1	207
MEG-RL	1	207
MEG-RL	1	207
MEG-RL	1	207
MEG-RL	1	207
MEG-RL	1	207
MEG-RL	1	207
MEG-RL	1	207
MEG-RL	1	207
MEG-RL	1	207
MEG-RL	4	201
MEG-RL	10	207
MEG-RL	1	207
MEG-RL	1	207
MEG-RL	1	207
MEG-RL	1	207
MEG-RL	1	207
MEG-RL	1	207
MEG-RL	1	207
MEG-RL	1	207
MEG-RL	1	207
MEG-RL	1	207
MEG-RL	1	207
MEG-RL	1	207
MEG-RL	1	207
MEG-RL	1	207
MEG-RL	1	207
MEG-RL	1	207
MEG-RL	1	207
MEG-RL	1	207
MEG-RL	1	207
MEG-RL	1	207
MEG-RL	1	207
MEG-RL	1	207
MEG-RL	1	207
MEG-RL	1	207
MEG-RL	1	207
MEG-RL	1	207
MEG-RL	3	207
MEG-RL	13	207
MEG-RL	3	207
MEG-RL	1	207
MEG-RL	1	205
MEG-RL	1	207
MEG-RL	1	207
MEG-RL	1	207
MEG-RL	1	207
MEG-RL	1	207
MEG-RL	1	207
MEG-RL	1	207
MEG-RL	1	206
MEG-RL	2	204
MEG-RL	1	207
MEG-RL	3	207
MEG-RL	1	206
MEG-RL	1	204
MEG-RL	1	207
MEG-RL	1	207
MEG-RL	1	207
MEG-RL	3	207
MEG-RL	2	206
MEG-RL	1	205
MEG-RL	3	207
MEG-RL	3	207
MEG-RL	15	204
MEG-RL	1	207
MEG-RL	1	207
MEG-RL	9	206
MEG-RL	1	203
MEG-RL	1	207
MEG-RL	4	207
MEG-RL	2	205
MEG-RL	1	207
MEG-RL	1	206
MEG-RL	1	207
MEG-RL	2	206
MEG-RL	1	207
MEG-RL	1	207
MEG-RL	1	207
MEG-RL	1	207
MEG-RL	1	207
MEG-RL	1	193
MEG-RL	3	196
MEG-RL	1	207
MEG-RL	1	206
MEG-RL	1	207
MEG-RL	1	207
MEG-RL	1	206
MEG-RL	1	207
MEG-RL	1	207
MEG-RL	1	207
MEG-RL	1	207
MEG-RL	1	207
MEG-RL	7	207
MEG-RL	1	206
MEG-RL	1	207
MEG-RL	2	206
MEG-RL	1	207
MEG-RL	1	203
MEG-RL	1	203
MEG-RL	2	207
MEG-RL	2	207
MEG-RL	2	207
MEG-RL	1	206
MEG-RL	2	207
MEG-RL	1	206
MEG-RL	1	206
MEG-RL	1	206
MEG-RL	1	206
MEG-RL	1	206
MEG-RL	2	207
MEG-RL	1	195
MEG-RL	1	207
MEG-RL	3	207
MEG-RL	1	207
MEG-RL	1	205
MEG-RL	1	206
MEG-RL	1	207
MEG-RL	3	207
MEG-RL	1	207
MEG-RL	1	207
MEG-RL	5	204
MEG-RL	1	206
MEG-RL	1	204
MEG-RL	1	202
MEG-RL	1	207
MEG-RL	1	204
MEG-RL	1	204
MEG-RL	1	207
MEG-RL	1	207
MEG-RL	10	207
MEG-RL	1	207
MEG-RL	1	207
MEG-RL	1	207
MEG-RL	1	207
MEG-RL	1	207
MEG-RL	2	207
MEG-RL	1	207
MEG-RL	1	207
MEG-RL	1	207
MEG-RL	1	206
MEG-RL	1	207
MEG-RL	1	207
MEG-RL	1	207
MEG-RL	1	207
MEG-RL	1	207
MEG-RL	1	207
MEG-RL	1	207
MEG-RL	1	206
MEG-RL	1	207
MEG-RL	1	207
MEG-RL	1	207
MEG-RL	1	207
MEG-RL	1	207
MEG-RL	1	207
MEG-RL	1	207
MEG-RL	2	207
MEG-RL	1	206
MEG-RL	1	207
MEG-RL	1	207
MEG-RL	1	207
MEG-RL	1	206
MEG-RL	1	207
MEG-RL	1	207
MEG-RL	1	207
MEG-RL	1	207
MEG-RL	3	203
MEG-RL	1	207
MEG-RL	1	189
MEG-RL	1	207
MEG-RL	4	207
MEG-RL	1	207
MEG-RL	1	207
MEG-RL	2	204
MEG-RL	3	207
MEG-RL	1	205
MEG-RL	1	205
MEG-RL	1	207
MEG-RL	1	207
MEG-RL	1	207
MEG-RL	2	207
MEG-RL	1	205
MEG-RL	1	207
MEG-RL	1	207
MEG-RL	1	207
MEG-RL	1	207
MEG-RL	1	207
MEG-RL	1	206
MEG-RL	5	206
MEG-RL	1	203
MEG-RL	1	207
MEG-RL	1	206
MEG-RL	1	206
MEG-RL	1	207
MEG-RL	1	207
MEG-RL	1	207
MEG-RL	1	207
MEG-RL	1	207
MEG-RL	1	207
MEG-RL	1	207
MEG-RL	1	207
MEG-RL	7	206
MEG-RL	1	207
MEG-RL	1	203
MEG-RL	1	207
MEG-RL	1	207
MEG-RL	2	207
MEG-RL	1	207
MEG-RL	1	207
MEG-RL	2	206
MEG-RL	1	207
MEG-RL	1	204
MEG-RL	4	207
MEG-RL	1	207
MEG-RL	3	207
MEG-RL	1	207
MEG-RL	18	207
MEG-RL	6	207
MEG-RL	1	205
MEG-RL	1	202
MEG-RL	1	202
MEG-RL	2	206
MEG-RL	8	207
MEG-RL	5	207
MEG-RL	10	207
MEG-RL	4	207
MEG-RL	1	207
MEG-RL	1	207
MEG-RL	1	205
MEG-RL	1	207
MEG-RL	1	207
MEG-RL	1	207
MEG-RL	1	206
MEG-RL	1	206
MEG-RL	2	207
MEG-RL	1	206
MEG-RL	1	207
MEG-RL	1	207
MEG-RL	1	207
MEG-RL	1	204
MEG-RL	1	203
MEG-RL	1	203
MEG-RL	2	207
MEG-RL	2	207
MEG-RL	1	206
MEG-RL	1	207
MEG-RL	1	206
MEG-RL	1	207
MEG-RL	1	207
MEG-RL	1	207
MEG-RL	1	206
MEG-RL	2	207
MEG-RL	1	207
MEG-RL	1	207
MEG-RL	1	206
MEG-RL	1	206
MEG-RL	1	206
MEG-RL	1	207
MEG-RL	9	207
MEG-RL	1	202
MEG-RL	2	206
MEG-RL	2	205
MEG-RL	3	207
MEG-RL	4	207
MEG-RL	4	207
MEG-RL	3	207
MEG-RL	1	200
MEG-RL	3	207
MEG-RL	2	206
MEG-RL	2	207
MEG-RL	1	206
MEG-RL	1	206
MEG-RL	1	206
MEG-RL	1	206
MEG-RL	1	206
MEG-RL	2	207
MEG-RL	1	206
MEG-RL	2	207
MEG-RL	2	207
MEG-RL	11	207
MEG-RL	1	206
MEG-RL	1	206
MEG-RL	1	206
MEG-RL	1	206
MEG-RL	2	189
MEG-RL	1	207
MEG-RL	1	207
MEG-RL	1	206
MEG-RL	1	207
MEG-RL	1	207
MEG-RL	1	206
MEG-RL	1	206
MEG-RL	1	207
MEG-RL	3	206
MEG-RL	1	207
MEG-RL	1	207
MEG-RL	2	207
MEG-RL	4	207
MEG-RL	1	204
MEG-RL	4	207
MEG-RL	1	204
MEG-RL	1	207
MEG-RL	2	205
MEG-RL	1	204
MEG-RL	1	207
MEG-RL	1	207
MEG-RL	1	207
MEG-RL	1	206
MEG-RL	1	207
MEG-RL	1	207
MEG-RL	1	206
MEG-RL	1	207
MEG-RL	1	207
MEG-RL	1	206
MEG-RL	1	207
MEG-RL	1	207
MEG-RL	1	207
MEG-RL	1	207
MEG-RL	1	207
MEG-RL	1	207
MEG-RL	1	207
MEG-RL	1	207
MEG-RL	1	204
MEG-RL	5	207
MEG-RL	1	207
MEG-RL	1	204
MEG-RL	1	207
MEG-RL	1	203
MEG-RL	1	206
MEG-RL	2	207
MEG-RL	1	207
MEG-RL	1	204
MEG-RL	1	204
MEG-RL	1	207
MEG-RL	1	207
MEG-RL	1	186
MEG-RL	13	207
MEG-RL	1	207
MEG-RL	1	207
MEG-RL	1	207
MEG-RL	1	189
MEG-RL	1	202
MEG-RL	1	207
MEG-RL	1	207
MEG-RL	1	207
MEG-RL	1	206
MEG-RL	1	206
MEG-RL	1	207
MEG-RL	1	206
MEG-RL	1	207
MEG-RL	1	207
MEG-RL	1	207
MEG-RL	1	207
MEG-RL	1	207
MEG-RL	1	207
MEG-RL	7	207
MEG-RL	1	207
MEG-RL	1	207
MEG-RL	1	207
MEG-RL	1	207
MEG-RL	1	207
MEG-RL	1	207
MEG-RL	2	207
MEG-RL	1	207
MEG-RL	1	206
MEG-RL	1	207
MEG-RL	1	207
MEG-RL	2	206
MEG-RL	1	207
MEG-RL	1	207
MEG-RL	4	206
MEG-RL	1	207
MEG-RL	6	207
MEG-RL	11	207
MEG-RL	1	206
MEG-RL	1	199
MEG-RL	7	207
MEG-RL	2	207
MEG-RL	1	207
MEG-RL	1	207
MEG-RL	2	207
MEG-RL	1	206
MEG-RL	1	207
MEG-RL	1	207
MEG-RL	1	206
MEG-RL	1	206
MEG-RL	1	206
MEG-RL	2	206
MEG-RL	4	207
MEG-RL	1	206
MEG-RL	1	207
MEG-RL	1	206
MEG-RL	2	207
MEG-RL	1	207
MEG-RL	1	206
MEG-RL	1	206
MEG-RL	1	207
MEG-RL	2	206
MEG-RL	1	206
MEG-RL	1	207
MEG-RL	1	206
MEG-RL	1	207
MEG-RL	1	206
MEG-RL	2	207
MEG-RL	1	206
MEG-RL	1	207
MEG-RL	1	207
MEG-RL	1	207
MEG-RL	1	207
MEG-RL	1	207
MEG-RL	1	207
MEG-RL	1	207
MEG-RL	1	207
MEG-RL	1	207
MEG-RL	1	207
MEG-RL	1	207
MEG-RL	1	207
MEG-RL	1	207
MEG-RL	1	207
MEG-RL	1	207
MEG-RL	1	207
MEG-RL	1	207
MEG-RL	1	206
MEG-RL	1	207
MEG-RL	1	207
MEG-RL	1	207
MEG-RL	1	207
MEG-RL	1	207
MEG-RL	1	207
MEG-RL	1	207
MEG-RL	1	207
MEG-RL	1	207
MEG-RL	1	207
MEG-RL	1	207
MEG-RL	1	207
MEG-RL	1	207
MEG-RL	1	207
MEG-RL	1	207
MEG-RL	1	207
MEG-RL	1	207
MEG-RL	1	207
MEG-RL	2	207
MEG-RL	1	203
MEG-RL	1	206
MEG-RL	1	207
MEG-RL	1	206
MEG-RL	1	207
MEG-RL	1	207
MEG-RL	1	207
MEG-RL	1	207
MEG-RL	2	207
MEG-RL	1	207
MEG-RL	1	207
MEG-RL	1	207
MEG-RL	1	207
MEG-RL	1	207
MEG-RL	1	207
MEG-RL	1	207
MEG-RL	1	207
MEG-RL	1	205
MEG-RL	1	207
MEG-RL	1	207
MEG-RL	6	207
MEG-RL	1	207
MEG-RL	1	207
MEG-RL	1	207
MEG-RL	2	207
MEG-RL	1	207
MEG-RL	2	206
MEG-RL	1	207
MEG-RL	1	206
MEG-RL	2	204
MEG-RL	1	206
MEG-RL	1	207
MEG-RL	2	206
MEG-RL	1	207
MEG-RL	1	204
MEG-RL	2	207
MEG-RL	1	205
MEG-RL	1	206
MEG-RL	1	207
MEG-RL	1	205
MEG-RL	6	207
MEG-RL	1	207
MEG-RL	2	207
MEG-RL	1	207
MEG-RL	1	206
MEG-RL	1	207
MEG-RL	1	207
MEG-RL	2	207
MEG-RL	1	206
MEG-RL	2	207
MEG-RL	2	207
MEG-RL	1	205
MEG-RL	1	206
MEG-RL	1	207
MEG-RL	1	206
MEG-RL	1	206
MEG-RL	1	206
MEG-RL	1	204
MEG-RL	1	207
MEG-RL	1	207
MEG-RL	1	207
MEG-RL	1	207
MEG-RL	2	207
MEG-RL	2	207
MEG-RL	1	207
MEG-RL	1	207
MEG-RL	1	207
MEG-RL	1	207
MEG-RL	1	207
MEG-RL	1	207
MEG-RL	1	207
MEG-RL	1	207
MEG-RL	1	207
MEG-RL	1	207
MEG-RL	2	204
MEG-RL	1	207
MEG-RL	1	207
MEG-RL	1	206
MEG-RL	1	207
MEG-RL	1	206
MEG-RL	2	207
MEG-RL	1	207
MEG-RL	1	206
MEG-RL	5	207
MEG-RL	1	201
MEG-RL	1	207
MEG-RL	1	207
MEG-RL	2	206
MEG-RL	1	202
MEG-RL	1	206
MEG-RL	1	207
MEG-RL	1	207
MEG-RL	1	207
MEG-RL	1	207
MEG-RL	1	205
MEG-RL	1	205
MEG-RL	1	207
MEG-RL	1	206
MEG-RL	1	207
MEG-RL	1	206
MEG-RL	1	207
MEG-RL	2	207
MEG-RL	10	207
MEG-RL	1	207
MEG-RL	1	205
MEG-RL	1	207
MEG-RL	1	207
MEG-RL	1	207
MEG-RL	1	207
MEG-RL	4	206
MEG-RL	1	207
MEG-RL	1	204
MEG-RL	1	207
MEG-RL	1	207
MEG-RL	1	206
MEG-RL	1	207
MEG-RL	2	207
MEG-RL	1	207
MEG-RL	1	207
MEG-RL	1	207
MEG-RL	1	207
MEG-RL	1	207
MEG-RL	1	207
MEG-RL	1	207
MEG-RL	1	206
MEG-RL	1	206
MEG-RL	1	207
MEG-RL	1	207
MEG-RL	1	207
MEG-RL	1	207
MEG-RL	1	207
MEG-RL	2	207
MEG-RL	1	206
MEG-RL	1	206
MEG-RL	1	202
MEG-RL	2	204
MEG-RL	1	207
MEG-RL	1	207
MEG-RL	1	207
MEG-RL	1	207
MEG-RL	1	206
MEG-RL	5	207
MEG-RL	1	207
MEG-RL	1	207
MEG-RL	1	207
MEG-RL	1	206
MEG-RL	1	207
MEG-RL	1	207
MEG-RL	1	207
MEG-RL	1	206
MEG-RL	1	207
MEG-RL	1	203
MEG-RL	3	206
MEG-RL	1	207
MEG-RL	1	207
MEG-RL	1	205
MEG-RL	1	205
MEG-RL	2	206
MEG-RL	1	207
MEG-RL	1	207
MEG-RL	1	207
MEG-RL	1	207
MEG-RL	1	207
MEG-RL	1	207
MEG-RL	1	207
MEG-RL	1	207
MEG-RL	1	207
MEG-RL	1	207
MEG-RL	1	207
MEG-RL	1	207
MEG-RL	1	207
MEG-RL	1	204
MEG-RL	1	204
MEG-RL	12	207
MEG-RL	18	206
MEG-RL	7	207
MEG-RL	12	207
MEG-RL	2	207
MEG-RL	1	206
MEG-RL	1	207
MEG-RL	1	207
MEG-RL	1	207
MEG-RL	1	207
MEG-RL	1	207
MEG-RL	1	207
MEG-RL	1	207
MEG-RL	1	207
MEG-RL	1	207
MEG-RL	1	200
MEG-RL	6	203
MEG-RL	1	207
MEG-RL	1	207
MEG-RL	1	207
MEG-RL	1	207
MEG-RL	1	207
MEG-RL	1	207
MEG-RL	1	207
MEG-RL	1	207
MEG-RL	1	207
MEG-RL	1	207
MEG-RL	1	207
MEG-RL	1	207
MEG-RL	1	207
MEG-RL	1	207
MEG-RL	1	207
MEG-RL	1	207
MEG-RL	1	207
MEG-RL	1	207
MEG-RL	1	207
MEG-RL	1	207
MEG-RL	1	207
MEG-RL	1	207
MEG-RL	1	207
MEG-RL	1	207
MEG-RL	1	207
MEG-RL	1	207
MEG-RL	1	207
MEG-RL	1	207
MEG-RL	1	207
MEG-RL	1	207
MEG-RL	1	207
MEG-RL	1	207
MEG-RL	1	207
MEG-RL	1	207
MEG-RL	1	207
MEG-RL	1	207
MEG-RL	1	207
MEG-RL	10	206
MEG-RL	1	196
MEG-RL	1	204
MEG-RL	10	207
MEG-RL	7	207
MEG-RL	1	203
MEG-RL	5	207
MEG-RL	2	207
MEG-RL	1	204
MEG-RL	1	206
MEG-RL	1	206
MEG-RL	2	207
MEG-RL	2	207
MEG-RL	2	207
MEG-RL	2	207
MEG-RL	1	206
MEG-RL	1	203
MEG-RL	2	207
MEG-RL	1	207
MEG-RL	1	201
MEG-RL	1	207
MEG-RL	1	207
MEG-RL	1	207
MEG-RL	1	207
MEG-RL	1	207
MEG-RL	1	207
MEG-RL	1	203
MEG-RL	1	204
MEG-RL	1	203
MEG-RL	1	204
MEG-RL	2	204
MEG-RL	13	207
MEG-RL	9	207
MEG-RL	3	207
MEG-RL	3	207
MEG-RL	1	207
MEG-RL	1	207
MEG-RL	2	207
MEG-RL	1	207
MEG-RL	1	205
MEG-RL	3	207
MEG-RL	2	206
MEG-RL	3	207
MEG-RL	2	206
MEG-RL	1	205
MEG-RL	1	206
MEG-RL	2	207
MEG-RL	1	207
MEG-RL	2	207
MEG-RL	2	207
MEG-RL	1	207
MEG-RL	2	207
MEG-RL	1	206
MEG-RL	2	207
MEG-RL	16	207
MEG-RL	1	188
MEG-RL	1	207
MEG-RL	1	207
MEG-RL	2	207
MEG-RL	1	206
MEG-RL	1	207
MEG-RL	1	207
MEG-RL	1	207
MEG-RL	1	207
MEG-RL	1	207
MEG-RL	1	207
MEG-RL	1	207
MEG-RL	3	207
MEG-RL	1	207
MEG-RL	5	207
MEG-RL	1	206
MEG-RL	2	207
MEG-RL	2	207
MEG-RL	2	207
MEG-RL	2	207
MEG-RL	1	206
MEG-RL	1	206
MEG-RL	2	204
MEG-RL	2	204
MEG-RL	2	204
MEG-RL	2	204
MEG-RL	1	207
MEG-RL	2	207
MEG-RL	1	206
MEG-RL	2	207
MEG-RL	2	207
MEG-RL	1	206
MEG-RL	1	207
MEG-RL	1	207
MEG-RL	2	206
MEG-RL	1	207
MEG-RL	1	206
MEG-RL	1	206
MEG-RL	2	206
MEG-RL	1	207
MEG-RL	1	207
MEG-RL	1	207
MEG-RL	1	207
MEG-RL	8	207
MEG-RL	1	207
MEG-RL	1	207
MEG-RL	2	207
MEG-RL	1	206
MEG-RL	1	204
MEG-RL	1	204
MEG-RL	1	206
MEG-RL	1	206
MEG-RL	1	207
MEG-RL	1	207
MEG-RL	1	207
MEG-RL	16	207
MEG-RL	1	207
MEG-RL	2	207
MEG-RL	1	206
MEG-RL	2	207
MEG-RL	1	204
MEG-RL	2	207
MEG-RL	2	207
MEG-RL	1	207
MEG-RL	1	207
MEG-RL	1	207
MEG-RL	1	207
MEG-RL	1	207
MEG-RL	1	207
MEG-RL	1	207
MEG-RL	1	207
MEG-RL	1	207
MEG-RL	1	207
MEG-RL	1	207
MEG-RL	1	207
MEG-RL	1	207
MEG-RL	1	207
MEG-RL	1	207
MEG-RL	1	207
MEG-RL	1	207
MEG-RL	2	207
MEG-RL	1	207
MEG-RL	1	207
MEG-RL	1	207
MEG-RL	1	207
MEG-RL	1	207
MEG-RL	1	207
MEG-RL	1	207
MEG-RL	1	207
MEG-RL	1	207
MEG-RL	1	203
MEG-RL	1	207
MEG-RL	1	206
MEG-RL	1	207
MEG-RL	1	206
MEG-RL	1	207
MEG-RL	1	207
MEG-RL	1	207
MEG-RL	1	207
MEG-RL	1	207
MEG-RL	1	207
MEG-RL	1	187
MEG-RL	19	207
MEG-RL	2	206
MEG-RL	1	205
MEG-RL	1	207
MEG-RL	1	207
MEG-RL	1	207
MEG-RL	1	204
MEG-RL	1	207
MEG-RL	1	205
MEG-RL	1	204
MEG-RL	1	203
MEG-RL	9	207
MEG-RL	1	206
MEG-RL	2	207
MEG-RL	2	207
MEG-RL	1	206
MEG-RL	1	206
MEG-RL	1	206
MEG-RL	2	207
MEG-RL	2	207
MEG-RL	2	207
MEG-RL	2	207
MEG-RL	1	206
MEG-RL	2	207
MEG-RL	1	206
MEG-RL	1	206
MEG-RL	1	206
MEG-RL	1	206
MEG-RL	1	206
MEG-RL	2	207
MEG-RL	1	206
MEG-RL	1	206
MEG-RL	1	206
MEG-RL	2	207
MEG-RL	1	206
MEG-RL	1	206
MEG-RL	1	206
MEG-RL	2	207
MEG-RL	1	207
MEG-RL	11	207
MEG-RL	1	206
MEG-RL	1	207
MEG-RL	1	207
MEG-RL	1	206
MEG-RL	1	207
MEG-RL	1	206
MEG-RL	1	206
MEG-RL	2	207
MEG-RL	1	206
MEG-RL	1	206
MEG-RL	2	207
MEG-RL	1	206
MEG-RL	2	207
MEG-RL	1	207
MEG-RL	2	207
MEG-RL	2	207
MEG-RL	1	207
MEG-RL	1	207
MEG-RL	1	206
MEG-RL	1	206
MEG-RL	1	207
MEG-RL	1	207
MEG-RL	1	207
MEG-RL	2	207
MEG-RL	2	207
MEG-RL	26	207
MEG-RL	1	207
MEG-RL	1	204
MEG-RL	4	207
MEG-RL	1	207
MEG-RL	1	207
MEG-RL	1	207
MEG-RL	1	207
MEG-RL	1	206
MEG-RL	1	207
MEG-RL	1	207
MEG-RL	1	207
MEG-RL	1	207
MEG-RL	1	207
MEG-RL	2	207
MEG-RL	1	207
MEG-RL	1	207
MEG-RL	1	207
MEG-RL	2	205
MEG-RL	1	207
MEG-RL	1	204
MEG-RL	1	207
MEG-RL	1	207
MEG-RL	1	207
MEG-RL	9	206
MEG-RL	1	207
MEG-RL	2	207
MEG-RL	1	207
MEG-RL	1	205
MEG-RL	2	207
MEG-RL	1	207
MEG-RL	1	207
MEG-RL	1	207
MEG-RL	1	207
MEG-RL	1	207
MEG-RL	1	207
MEG-RL	1	207
MEG-RL	1	207
MEG-RL	1	207
MEG-RL	1	207
MEG-RL	1	207
MEG-RL	1	207
MEG-RL	1	207
MEG-RL	1	207
MEG-RL	1	207
MEG-RL	1	207
MEG-RL	1	207
MEG-RL	1	207
MEG-RL	1	207
MEG-RL	1	206
MEG-RL	1	207
MEG-RL	2	203
MEG-RL	2	202
MEG-RL	13	207
MEG-RL	1	204
MEG-RL	1	207
MEG-RL	13	207
MEG-RL	8	207
MEG-RL	13	206
MEG-RL	1	207
MEG-RL	1	207
MEG-RL	1	207
MEG-RL	1	207
MEG-RL	1	206
MEG-RL	1	207
MEG-RL	3	207
MEG-RL	2	206
MEG-RL	1	207
MEG-RL	17	206
MEG-RL	10	207
MEG-RL	11	207
MEG-RL	1	207
MEG-RL	2	207
MEG-RL	2	207
MEG-RL	1	207
MEG-RL	1	207
MEG-RL	1	207
MEG-RL	1	207
MEG-RL	1	207
MEG-RL	1	207
MEG-RL	1	207
MEG-RL	8	207
MEG-RL	1	206
MEG-RL	1	201
MEG-RL	1	207
MEG-RL	11	207
MEG-RL	12	207
MEG-RL	2	203
MEG-RL	6	207
MEG-RL	1	207
MEG-RL	1	206
MEG-RL	1	200
MEG-RL	1	206
MEG-RL	1	207
MEG-RL	18	207
MEG-RL	1	207
MEG-RL	1	207
MEG-RL	1	207
MEG-RL	1	205
MEG-RL	2	203
MEG-RL	1	207
MEG-RL	1	207
MEG-RL	1	207
MEG-RL	1	207
MEG-RL	1	205
MEG-RL	8	207
MEG-RL	1	206
MEG-RL	1	207
MEG-RL	3	207
MEG-RL	1	203
MEG-RL	1	207
MEG-RL	1	207
MEG-RL	1	207
MEG-RL	1	207
MEG-RL	1	207
MEG-RL	2	207
MEG-RL	1	206
MEG-RL	2	207
MEG-RL	2	207
MEG-RL	1	206
MEG-RL	1	206
MEG-RL	2	207
MEG-RL	2	207
MEG-RL	1	207
MEG-RL	1	207
MEG-RL	1	206
MEG-RL	1	207
MEG-RL	1	207
MEG-RL	1	207
MEG-RL	1	207
MEG-RL	1	207
MEG-RL	1	207
MEG-RL	1	207
MEG-RL	1	207
MEG-RL	1	207
MEG-RL	1	207
MEG-RL	1	207
MEG-RL	1	207
MEG-RL	7	207
MEG-RL	1	207
MEG-RL	1	207
MEG-RL	1	207
MEG-RL	1	207
MEG-RL	1	207
MEG-RL	1	207
MEG-RL	1	207
MEG-RL	1	207
MEG-RL	1	207
MEG-RL	1	207
MEG-RL	1	207
MEG-RL	1	207
MEG-RL	1	207
MEG-RL	1	207
MEG-RL	1	207
MEG-RL	1	207
MEG-RL	1	207
MEG-RL	1	207
MEG-RL	1	207
MEG-RL	1	207
MEG-RL	1	207
MEG-RL	1	207
MEG-RL	1	207
MEG-RL	1	206
MEG-RL	1	207
MEG-RL	1	207
MEG-RL	1	207
MEG-RL	1	207
MEG-RL	1	207
MEG-RL	1	207
MEG-RL	1	207
MEG-RL	1	207
MEG-RL	1	207
MEG-RL	1	207
MEG-RL	1	207
MEG-RL	1	207
MEG-RL	1	207
MEG-RL	1	207
MEG-RL	1	207
MEG-RL	1	207
MEG-RL	1	206
MEG-RL	1	207
MEG-RL	1	207
MEG-RL	19	207
MEG-RL	1	203
MEG-RL	11	207
MEG-RL	1	207
MEG-RL	1	207
MEG-RL	1	201
MEG-RL	1	207
MEG-RL	1	207
MEG-RL	1	207
MEG-RL	1	207
MEG-RL	1	207
MEG-RL	1	207
MEG-RL	1	207
MEG-RL	2	207
MEG-RL	1	207
MEG-RL	1	207
MEG-RL	2	207
MEG-RL	1	206
MEG-RL	1	206
MEG-RL	1	206
MEG-RL	1	207
MEG-RL	1	207
MEG-RL	14	206
MEG-RL	1	207
MEG-RL	1	207
MEG-RL	1	207
MEG-RL	1	206
MEG-RL	2	207
MEG-RL	1	207
MEG-RL	1	207
MEG-RL	1	207
MEG-RL	1	207
MEG-RL	1	207
MEG-RL	1	207
MEG-RL	1	207
MEG-RL	1	207
MEG-RL	1	207
MEG-RL	1	207
MEG-RL	1	188
MEG-RL	5	207
MEG-RL	2	206
MEG-RL	2	206
MEG-RL	3	207
MEG-RL	1	205
MEG-RL	3	207
MEG-RL	1	207
MEG-RL	1	207
MEG-RL	1	207
MEG-RL	1	207
MEG-RL	1	207
MEG-RL	2	207
MEG-RL	1	207
MEG-RL	1	207
MEG-RL	1	207
MEG-RL	1	207
MEG-RL	1	207
MEG-RL	1	207
MEG-RL	1	207
MEG-RL	2	207
MEG-RL	1	207
MEG-RL	1	207
MEG-RL	2	206
MEG-RL	1	205
MEG-RL	1	207
MEG-RL	1	207
MEG-RL	1	207
MEG-RL	1	206
MEG-RL	2	207
MEG-RL	1	196
MEG-RL	21	207
MEG-RL	1	207
MEG-RL	3	207
MEG-RL	2	206
MEG-RL	1	207
MEG-RL	3	207
MEG-RL	1	205
MEG-RL	1	207
MEG-RL	1	207
MEG-RL	2	207
MEG-RL	1	207
MEG-RL	1	207
MEG-RL	1	207
MEG-RL	1	206
MEG-RL	2	207
MEG-RL	1	206
MEG-RL	1	207
MEG-RL	9	207
MEG-RL	1	206
MEG-RL	1	207
MEG-RL	1	207
MEG-RL	1	207
MEG-RL	8	201
MEG-RL	1	207
MEG-RL	1	207
MEG-RL	1	207
MEG-RL	1	207
MEG-RL	1	207
MEG-RL	1	205
MEG-RL	2	207
MEG-RL	1	207
MEG-RL	2	206
MEG-RL	1	207
MEG-RL	1	206
MEG-RL	4	205
MEG-RL	1	207
MEG-RL	1	206
MEG-RL	1	203
MEG-RL	1	203
MEG-RL	17	207
MEG-RL	2	204
MEG-RL	2	204
MEG-RL	14	207
MEG-RL	2	207
MEG-RL	1	205
MEG-RL	2	207
MEG-RL	2	207
MEG-RL	1	207
MEG-RL	1	207
MEG-RL	1	207
MEG-RL	2	206
MEG-RL	1	207
MEG-RL	1	207
MEG-RL	1	207
MEG-RL	2	207
MEG-RL	1	207
MEG-RL	1	207
MEG-RL	7	207
MEG-RL	1	206
MEG-RL	2	207
MEG-RL	1	207
MEG-RL	1	206
MEG-RL	1	207
MEG-RL	1	207
MEG-RL	2	206
MEG-RL	1	207
MEG-RL	2	207
MEG-RL	1	207
MEG-RL	1	206
MEG-RL	2	206
MEG-RL	2	207
MEG-RL	3	196
MEG-RL	1	207
MEG-RL	1	207
MEG-RL	4	207
MEG-RL	1	207
MEG-RL	1	207
MEG-RL	1	207
MEG-RL	1	186
MEG-RL	1	186
MEG-RL	1	207
MEG-RL	1	207
MEG-RL	7	206
MEG-RL	17	207
MEG-RL	7	207
MEG-RL	7	207
MEG-RL	1	201
MEG-RL	1	207
MEG-RL	1	207
MEG-RL	1	207
MEG-RL	2	205
MEG-RL	4	207
MEG-RL	1	207
MEG-RL	1	204
MEG-RL	1	207
MEG-RL	1	207
MEG-RL	17	206
MEG-RL	13	203
MEG-RL	1	206
MEG-RL	1	207
MEG-RL	1	207
MEG-RL	1	206
MEG-RL	1	207
MEG-RL	2	207
MEG-RL	1	207
MEG-RL	1	205
MEG-RL	1	204
MEG-RL	1	206
MEG-RL	1	207
MEG-RL	1	207
MEG-RL	1	207
MEG-RL	1	206
MEG-RL	2	207
MEG-RL	2	207
MEG-RL	1	207
MEG-RL	1	206
MEG-RL	1	207
MEG-RL	2	207
MEG-RL	1	205
MEG-RL	2	206
MEG-RL	1	207
MEG-RL	1	207
MEG-RL	1	207
MEG-RL	1	207
MEG-RL	1	207
MEG-RL	2	204
MEG-RL	1	207
MEG-RL	1	206
MEG-RL	1	207
MEG-RL	1	207
MEG-RL	1	207
MEG-RL	1	207
MEG-RL	1	207
MEG-RL	1	207
MEG-RL	1	207
MEG-RL	1	207
MEG-RL	1	207
MEG-RL	1	206
MEG-RL	3	207
MEG-RL	1	206
MEG-RL	1	207
MEG-RL	2	207
MEG-RL	1	207
MEG-RL	1	206
MEG-RL	1	207
MEG-RL	1	207
MEG-RL	1	207
MEG-RL	1	207
MEG-RL	2	207
MEG-RL	1	207
MEG-RL	1	184
MEG-RL	1	207
MEG-RL	1	204
MEG-RL	1	205
MEG-RL	1	207
MEG-RL	3	207
MEG-RL	2	206
MEG-RL	1	207
MEG-RL	1	206
MEG-RL	1	207
MEG-RL	1	207
MEG-RL	1	207
MEG-RL	1	206
MEG-RL	2	207
MEG-RL	1	197
MEG-RL	1	207
MEG-RL	4	207
MEG-RL	1	207
MEG-RL	1	207
MEG-RL	1	206
MEG-RL	1	206
MEG-RL	1	207
MEG-RL	2	207
MEG-RL	1	207
MEG-RL	1	207
MEG-RL	1	207
MEG-RL	1	207
MEG-RL	1	207
MEG-RL	2	207
MEG-RL	1	206
MEG-RL	1	207
MEG-RL	2	207
MEG-RL	10	207
MEG-RL	1	202
MEG-RL	1	206
MEG-RL	1	207
MEG-RL	2	206
MEG-RL	3	207
MEG-RL	3	207
MEG-RL	1	203
MEG-RL	1	203
MEG-RL	1	206
MEG-RL	1	207
MEG-RL	1	206
MEG-RL	2	207
MEG-RL	2	207
MEG-RL	1	206
MEG-RL	1	206
MEG-RL	1	206
MEG-RL	1	206
MEG-RL	1	206
MEG-RL	1	206
MEG-RL	2	207
MEG-RL	1	206
MEG-RL	2	207
MEG-RL	4	206
MEG-RL	1	207
MEG-RL	1	207
MEG-RL	1	207
MEG-RL	1	204
MEG-RL	1	207
MEG-RL	1	204
MEG-RL	4	207
MEG-RL	1	207
MEG-RL	1	207
MEG-RL	7	207
MEG-RL	1	204
MEG-RL	1	207
MEG-RL	1	207
MEG-RL	18	207
MEG-RL	2	205
MEG-RL	1	206
MEG-RL	1	205
MEG-RL	1	207
MEG-RL	1	207
MEG-RL	1	207
MEG-RL	1	207
MEG-RL	1	207
MEG-RL	1	185
MEG-RL	2	207
MEG-RL	1	207
MEG-RL	1	207
MEG-RL	1	207
MEG-RL	1	204
MEG-RL	1	206
MEG-RL	1	202
MEG-RL	1	207
MEG-RL	2	207
MEG-RL	1	207
MEG-RL	2	205
MEG-RL	1	207
MEG-RL	2	207
MEG-RL	1	207
MEG-RL	1	207
MEG-RL	1	207
MEG-RL	4	207
MEG-RL	1	204
MEG-RL	1	207
MEG-RL	1	207
MEG-RL	6	207
MEG-RL	1	204
MEG-RL	1	205
MEG-RL	1	206
MEG-RL	1	207
MEG-RL	1	207
MEG-RL	1	207
MEG-RL	1	207
MEG-RL	1	207
MEG-RL	1	207
MEG-RL	2	207
MEG-RL	6	207
MEG-RL	2	207
MEG-RL	1	207
MEG-RL	1	207
MEG-RL	1	207
MEG-RL	1	207
MEG-RL	1	206
MEG-RL	2	207
MEG-RL	1	206
MEG-RL	1	207
MEG-RL	1	207
MEG-RL	1	207
MEG-RL	1	207
MEG-RL	1	207
MEG-RL	3	206
MEG-RL	1	207
MEG-RL	3	207
MEG-RL	1	207
MEG-RL	1	199
MEG-RL	1	207
MEG-RL	1	206
MEG-RL	1	207
MEG-RL	2	207
MEG-RL	1	207
MEG-RL	1	207
MEG-RL	1	207
MEG-RL	1	207
MEG-RL	1	206
MEG-RL	1	202
MEG-RL	1	206
MEG-RL	1	207
MEG-RL	1	207
MEG-RL	1	207
MEG-RL	1	207
MEG-RL	1	207
MEG-RL	1	206
MEG-RL	1	207
MEG-RL	2	207
MEG-RL	1	206
MEG-RL	1	207
MEG-RL	15	207
MEG-RL	1	207
MEG-RL	1	207
MEG-RL	2	207
MEG-RL	5	207
MEG-RL	1	197
MEG-RL	1	207
MEG-RL	3	207
MEG-RL	1	207
MEG-RL	1	207
MEG-RL	11	207
MEG-RL	1	207
MEG-RL	2	207
MEG-RL	1	207
MEG-RL	1	207
MEG-RL	1	207
MEG-RL	1	207
MEG-RL	1	207
MEG-RL	1	207
MEG-RL	1	207
MEG-RL	1	207
MEG-RL	1	207
MEG-RL	1	207
MEG-RL	1	207
MEG-RL	1	207
MEG-RL	1	207
MEG-RL	1	207
MEG-RL	1	207
MEG-RL	1	207
MEG-RL	1	207
MEG-RL	1	207
MEG-RL	1	207
MEG-RL	1	207
MEG-RL	1	207
MEG-RL	1	207
MEG-RL	2	207
MEG-RL	1	207
MEG-RL	1	207
MEG-RL	2	206
MEG-RL	2	207
MEG-RL	1	207
MEG-RL	1	207
MEG-RL	2	206
MEG-RL	1	205
MEG-RL	1	205
MEG-RL	1	207
MEG-RL	2	206
MEG-RL	1	207
MEG-RL	3	207
MEG-RL	1	207
MEG-RL	1	207
MEG-RL	2	207
MEG-RL	1	207
MEG-RL	1	207
MEG-RL	1	207
MEG-RL	1	207
MEG-RL	1	207
MEG-RL	1	204
MEG-RL	1	207
MEG-RL	1	207
MEG-RL	1	207
MEG-RL	1	207
MEG-RL	1	207
MEG-RL	1	204
MEG-RL	1	207
MEG-RL	1	207
MEG-RL	1	207
MEG-RL	1	207
MEG-RL	1	204
MEG-RL	2	207
MEG-RL	1	204
MEG-RL	1	207
MEG-RL	1	204
MEG-RL	2	207
MEG-RL	1	207
MEG-RL	1	207
MEG-RL	1	207
MEG-RL	1	206
MEG-RL	1	207
MEG-RL	1	207
MEG-RL	1	206
MEG-RL	1	207
MEG-RL	1	207
MEG-RL	1	206
MEG-RL	1	207
MEG-RL	1	206
MEG-RL	1	207
MEG-RL	8	207
MEG-RL	1	207
MEG-RL	1	207
MEG-RL	1	207
MEG-RL	1	207
MEG-RL	1	207
MEG-RL	1	207
MEG-RL	1	207
MEG-RL	1	207
MEG-RL	1	204
MEG-RL	1	207
MEG-RL	1	207
MEG-RL	1	204
MEG-RL	1	207
MEG-RL	1	207
MEG-RL	2	201
MEG-RL	1	207
MEG-RL	1	207
MEG-RL	1	207
MEG-RL	1	205
MEG-RL	1	205
MEG-RL	1	207
MEG-RL	2	207
MEG-RL	1	207
MEG-RL	1	207
MEG-RL	1	207
MEG-RL	1	207
MEG-RL	1	207
MEG-RL	1	205
MEG-RL	5	206
MEG-RL	1	206
MEG-RL	1	207
MEG-RL	1	207
MEG-RL	1	207
MEG-RL	1	207
MEG-RL	1	207
MEG-RL	1	207
MEG-RL	1	207
MEG-RL	1	207
MEG-RL	1	207
MEG-RL	1	207
MEG-RL	1	207
MEG-RL	1	207
MEG-RL	1	207
MEG-RL	1	207
MEG-RL	1	207
MEG-RL	1	207
MEG-RL	1	207
MEG-RL	1	207
MEG-RL	1	206
MEG-RL	1	207
MEG-RL	1	207
MEG-RL	1	207
MEG-RL	1	207
MEG-RL	1	207
MEG-RL	1	207
MEG-RL	1	207
MEG-RL	2	207
MEG-RL	1	207
MEG-RL	1	207
MEG-RL	1	207
MEG-RL	1	207
MEG-RL	1	207
MEG-RL	1	206
MEG-RL	1	207
MEG-RL	1	206
MEG-RL	1	207
MEG-RL	1	206
MEG-RL	1	207
MEG-RL	1	206
MEG-RL	8	207
MEG-RL	2	207
MEG-RL	1	206
MEG-RL	3	197
MEG-RL	13	207
MEG-RL	1	204
MEG-RL	1	207
MEG-RL	1	207
MEG-RL	1	207
MEG-RL	1	207
MEG-RL	1	207
MEG-RL	1	207
MEG-RL	1	207
MEG-RL	1	207
MEG-RL	1	207
MEG-RL	1	207
MEG-RL	1	207
MEG-RL	1	207
MEG-RL	1	207
MEG-RL	1	207
MEG-RL	1	207
MEG-RL	1	203
MEG-RL	28	207
MEG-RL	10	207
MEG-RL	3	206
MEG-RL	1	207
MEG-RL	1	207
MEG-RL	2	207
MEG-RL	1	207
MEG-RL	1	207
MEG-RL	1	207
MEG-RL	1	207
MEG-RL	1	207
MEG-RL	1	207
MEG-RL	2	207
MEG-RL	2	207
MEG-RL	2	206
MEG-RL	1	206
MEG-RL	2	207
MEG-RL	1	206
MEG-RL	2	207
MEG-RL	11	207
MEG-RL	2	207
MEG-RL	3	207
MEG-RL	1	207
MEG-RL	1	207
MEG-RL	1	207
MEG-RL	1	207
MEG-RL	1	206
MEG-RL	1	207
MEG-RL	1	206
MEG-RL	7	206
MEG-RL	5	206
MEG-RL	4	206
MEG-RL	1	206
MEG-RL	1	206
MEG-RL	2	207
MEG-RL	2	207
MEG-RL	2	207
MEG-RL	1	206
MEG-RL	2	207
MEG-RL	2	207
MEG-RL	1	205
MEG-RL	1	206
MEG-RL	2	207
MEG-RL	1	204
MEG-RL	1	206
MEG-RL	1	207
MEG-RL	1	207
MEG-RL	1	207
MEG-RL	1	207
MEG-RL	1	207
MEG-RL	1	207
MEG-RL	1	207
MEG-RL	1	207
MEG-RL	1	204
MEG-RL	1	204
MEG-RL	1	207
MEG-RL	1	207
MEG-RL	1	207
MEG-RL	1	207
MEG-RL	1	207
MEG-RL	1	207
MEG-RL	1	207
MEG-RL	1	207
MEG-RL	1	207
MEG-RL	1	207
MEG-RL	1	207
MEG-RL	1	207
MEG-RL	1	207
MEG-RL	1	207
MEG-RL	1	207
MEG-RL	1	207
MEG-RL	1	207
MEG-RL	1	207
MEG-RL	1	207
MEG-RL	1	207
MEG-RL	1	207
MEG-RL	1	207
MEG-RL	25	207
MEG-RL	1	192
MEG-RL	1	207
MEG-RL	1	207
MEG-RL	1	207
MEG-RL	1	207
MEG-RL	1	207
MEG-RL	1	207
MEG-RL	1	207
MEG-RL	1	206
MEG-RL	1	207
MEG-RL	1	205
MEG-RL	1	202
MEG-RL	1	205
MEG-RL	3	207
MEG-RL	1	205
MEG-RL	1	205
MEG-RL	2	206
MEG-RL	1	205
MEG-RL	3	207
MEG-RL	3	206
MEG-RL	1	204
MEG-RL	1	207
MEG-RL	1	207
MEG-RL	1	207
MEG-RL	1	207
MEG-RL	3	207
MEG-RL	1	207
MEG-RL	1	207
MEG-RL	1	207
MEG-RL	1	204
MEG-RL	8	207
MEG-RL	5	207
MEG-RL	1	206
MEG-RL	1	206
MEG-RL	2	207
MEG-RL	2	207
MEG-RL	1	207
MEG-RL	2	207
MEG-RL	1	207
MEG-RL	1	205
MEG-RL	23	207
MEG-RL	1	203
MEG-RL	1	207
MEG-RL	1	207
MEG-RL	1	207
MEG-RL	20	207
MEG-RL	2	207
MEG-RL	1	204
MEG-RL	2	207
MEG-RL	1	207
MEG-RL	1	206
MEG-RL	1	207
MEG-RL	1	207
MEG-RL	1	204
MEG-RL	1	207
MEG-RL	2	206
MEG-RL	3	207
MEG-RL	1	204
MEG-RL	1	207
MEG-RL	1	207
MEG-RL	1	207
MEG-RL	1	207
MEG-RL	8	199
MEG-RL	1	183
MEG-RL	1	192
MEG-RL	1	206
MEG-RL	1	206
MEG-RL	1	205
MEG-RL	2	207
MEG-RL	2	207
MEG-RL	11	207
MEG-RL	1	207
MEG-RL	1	207
MEG-RL	1	207
MEG-RL	1	207
MEG-RL	1	207
MEG-RL	1	207
MEG-RL	1	207
MEG-RL	1	207
MEG-RL	1	207
MEG-RL	1	207
MEG-RL	2	207
MEG-RL	1	207
MEG-RL	3	207
MEG-RL	1	206
MEG-RL	1	207
MEG-RL	8	207
MEG-RL	1	207
MEG-RL	1	207
MEG-RL	1	206
MEG-RL	2	207
MEG-RL	1	207
MEG-RL	1	207
MEG-RL	1	207
MEG-RL	1	207
MEG-RL	1	207
MEG-RL	1	207
MEG-RL	3	206
MEG-RL	19	207
MEG-RL	1	202
MEG-RL	3	204
MEG-RL	1	203
MEG-RL	1	207
MEG-RL	5	207
MEG-RL	1	207
MEG-RL	24	207
MEG-RL	3	207
MEG-RL	1	207
MEG-RL	1	207
MEG-RL	1	207
MEG-RL	1	207
MEG-RL	1	205
MEG-RL	1	207
MEG-RL	1	207
MEG-RL	2	207
MEG-RL	1	207
MEG-RL	1	207
MEG-RL	2	207
MEG-RL	1	207
MEG-RL	2	207
MEG-RL	2	207
MEG-RL	1	206
MEG-RL	1	202
MEG-RL	1	202
MEG-RL	1	206
MEG-RL	5	207
MEG-RL	1	206
MEG-RL	2	206
MEG-RL	9	201
MEG-RL	20	207
MEG-RL	13	206
MEG-RL	2	207
MEG-RL	1	206
MEG-RL	2	207
MEG-RL	2	207
MEG-RL	2	207
MEG-RL	1	206
MEG-RL	1	190
MEG-RL	1	206
MEG-RL	1	206
MEG-RL	2	207
MEG-RL	1	206
MEG-RL	1	206
MEG-RL	2	207
MEG-RL	5	207
MEG-RL	3	207
MEG-RL	1	207
MEG-RL	2	207
MEG-RL	1	207
MEG-RL	2	207
MEG-RL	1	206
MEG-RL	1	206
MEG-RL	1	207
MEG-RL	1	206
MEG-RL	1	195
MEG-RL	1	204
MEG-RL	1	204
MEG-RL	1	207
MEG-RL	1	206
MEG-RL	1	206
MEG-RL	2	207
MEG-RL	1	207
MEG-RL	1	207
MEG-RL	1	206
MEG-RL	1	207
MEG-RL	1	207
MEG-RL	1	207
MEG-RL	1	207
MEG-RL	1	207
MEG-RL	1	207
MEG-RL	25	207
MEG-RL	11	207
MEG-RL	5	207
MEG-RL	16	207
MEG-RL	1	207
MEG-RL	1	207
MEG-RL	13	207
MEG-RL	1	207
MEG-RL	2	196
MEG-RL	1	207
MEG-RL	1	207
MEG-RL	1	204
MEG-RL	2	205
MEG-RL	1	204
MEG-RL	1	207
MEG-RL	1	206
MEG-RL	1	207
MEG-RL	1	206
MEG-RL	1	207
MEG-RL	1	207
MEG-RL	13	207
MEG-RL	25	207
MEG-RL	1	207
MEG-RL	17	207
MEG-RL	1	207
MEG-RL	3	207
MEG-RL	1	207
MEG-RL	1	207
MEG-RL	1	207
MEG-RL	1	207
MEG-RL	1	207
MEG-RL	1	207
MEG-RL	1	207
MEG-RL	1	206
MEG-RL	1	207
MEG-RL	1	207
MEG-RL	1	207
MEG-RL	1	207
MEG-RL	1	207
MEG-RL	1	207
MEG-RL	1	206
MEG-RL	1	207
MEG-RL	1	207
MEG-RL	2	207
MEG-RL	1	205
MEG-RL	2	207
MEG-RL	1	206
MEG-RL	2	207
MEG-RL	1	206
MEG-RL	1	206
MEG-RL	1	207
MEG-RL	1	207
MEG-RL	10	207
MEG-RL	1	207
MEG-RL	1	206
MEG-RL	1	207
MEG-RL	1	207
MEG-RL	10	207
MEG-RL	1	207
MEG-RL	1	207
MEG-RL	1	190
MEG-RL	1	207
MEG-RL	1	207
MEG-RL	1	206
MEG-RL	1	206
MEG-RL	2	207
MEG-RL	4	207
MEG-RL	2	207
MEG-RL	2	207
MEG-RL	2	206
MEG-RL	1	206
MEG-RL	3	207
MEG-RL	1	207
MEG-RL	19	207
MEG-RL	22	207
MEG-RL	1	189
MEG-RL	1	206
MEG-RL	1	203
MEG-RL	1	207
MEG-RL	1	207
MEG-RL	1	206
MEG-RL	7	207
MEG-RL	1	207
MEG-RL	3	207
MEG-RL	1	207
MEG-RL	1	207
MEG-RL	2	207
MEG-RL	1	205
MEG-RL	1	207
MEG-RL	1	204
MEG-RL	1	204
MEG-RL	1	200
MEG-RL	1	194
MEG-RL	1	207
MEG-RL	1	206
MEG-RL	1	206
MEG-RL	3	206
MEG-RL	1	207
MEG-RL	1	201
MEG-RL	1	207
MEG-RL	1	207
MEG-RL	1	192
MEG-RL	1	207
MEG-RL	10	207
MEG-RL	3	207
MEG-RL	1	207
MEG-RL	1	207
MEG-RL	1	207
MEG-RL	3	206
MEG-RL	1	207
MEG-RL	1	207
MEG-RL	1	206
MEG-RL	2	204
MEG-RL	1	207
MEG-RL	5	207
MEG-RL	1	206
MEG-RL	3	207
MEG-RL	1	204
MEG-RL	1	206
MEG-RL	1	204
MEG-RL	2	207
MEG-RL	2	201
MEG-RL	2	205
MEG-RL	1	206
MEG-RL	1	206
MEG-RL	1	207
MEG-RL	1	207
MEG-RL	1	207
MEG-RL	1	207
MEG-RL	1	207
MEG-RL	1	207
MEG-RL	10	207
MEG-RL	1	207
MEG-RL	1	207
MEG-RL	3	206
MEG-RL	1	204
MEG-RL	3	207
MEG-RL	1	207
MEG-RL	1	206
MEG-RL	10	192
MEG-RL	1	205
MEG-RL	1	207
MEG-RL	1	207
MEG-RL	3	207
MEG-RL	1	205
MEG-RL	1	207
MEG-RL	1	207
MEG-RL	1	207
MEG-RL	1	207
MEG-RL	1	207
MEG-RL	1	207
MEG-RL	1	207
MEG-RL	1	207
MEG-RL	1	207
MEG-RL	1	207
MEG-RL	1	204
MEG-RL	1	207
MEG-RL	1	207
MEG-RL	1	207
MEG-RL	1	207
MEG-RL	2	207
MEG-RL	1	204
MEG-RL	1	207
MEG-RL	1	204
MEG-RL	1	207
MEG-RL	1	207
MEG-RL	1	207
MEG-RL	1	207
MEG-RL	1	207
MEG-RL	1	207
MEG-RL	1	207
MEG-RL	1	207
MEG-RL	1	207
MEG-RL	1	207
MEG-RL	1	207
MEG-RL	1	207
MEG-RL	1	207
MEG-RL	1	207
MEG-RL	1	207
MEG-RL	1	207
MEG-RL	1	207
MEG-RL	1	207
MEG-RL	1	207
MEG-RL	1	207
MEG-RL	1	207
MEG-RL	1	207
MEG-RL	1	207
MEG-RL	1	196
MEG-RL	1	207
MEG-RL	3	207
MEG-RL	2	206
MEG-RL	2	206
MEG-RL	1	207
MEG-RL	1	207
MEG-RL	9	206
MEG-RL	11	207
MEG-RL	15	204
MEG-RL	1	207
MEG-RL	3	206
MEG-RL	1	203
MEG-RL	1	204
MEG-RL	19	207
MEG-RL	1	193
MEG-RL	1	207
MEG-RL	1	207
MEG-RL	1	207
MEG-RL	1	207
MEG-RL	1	207
MEG-RL	1	207
MEG-RL	27	207
MEG-RL	3	207
MEG-RL	1	207
MEG-RL	1	207
MEG-RL	1	207
MEG-RL	1	207
MEG-RL	2	206
MEG-RL	1	207
MEG-RL	1	207
MEG-RL	1	206
MEG-RL	5	207
MEG-RL	2	207
MEG-RL	3	207
MEG-RL	3	207
MEG-RL	1	205
MEG-RL	1	205
MEG-RL	1	207
MEG-RL	22	206
MEG-RL	22	206
MEG-RL	1	207
MEG-RL	2	207
MEG-RL	1	207
MEG-RL	1	207
MEG-RL	1	207
MEG-RL	1	207
MEG-RL	1	207
MEG-RL	1	207
MEG-RL	1	207
MEG-RL	2	207
MEG-RL	2	207
MEG-RL	2	207
MEG-RL	8	207
MEG-RL	1	207
MEG-RL	1	207
MEG-RL	2	207
MEG-RL	2	207
MEG-RL	1	197
MEG-RL	1	207
MEG-RL	1	207
MEG-RL	20	207
MEG-RL	29	207
MEG-RL	2	207
MEG-RL	1	207
MEG-RL	1	206
MEG-RL	1	207
MEG-RL	1	207
MEG-RL	1	207
MEG-RL	20	207
MEG-RL	1	202
MEG-RL	1	199
MEG-RL	3	203
MEG-RL	16	207
MEG-RL	1	206
MEG-RL	18	207
MEG-RL	1	207
MEG-RL	5	204
MEG-RL	14	207
MEG-RL	1	206
MEG-RL	1	207
MEG-RL	1	206
MEG-RL	17	207
MEG-RL	2	202
MEG-RL	1	207
MEG-RL	1	207
MEG-RL	10	206
MEG-RL	1	207
MEG-RL	1	207
MEG-RL	1	204
MEG-RL	1	207
MEG-RL	1	207
MEG-RL	3	206
MEG-RL	4	207
MEG-RL	1	207
MEG-RL	12	206
MEG-RL	1	207
MEG-RL	1	207
MEG-RL	1	207
MEG-RL	1	207
MEG-RL	16	207
MEG-RL	1	183
MEG-RL	1	207
MEG-RL	2	207
MEG-RL	1	207
MEG-RL	1	207
MEG-RL	1	206
MEG-RL	2	205
MEG-RL	5	207
MEG-RL	1	207
MEG-RL	1	207
MEG-RL	19	207
MEG-RL	16	204
MEG-RL	1	207
MEG-RL	2	207
MEG-RL	1	207
MEG-RL	1	207
MEG-RL	1	207
MEG-RL	1	207
MEG-RL	1	207
MEG-RL	1	207
MEG-RL	2	207
MEG-RL	1	206
MEG-RL	1	207
MEG-RL	1	207
MEG-RL	1	207
MEG-RL	1	207
MEG-RL	1	207
MEG-RL	1	207
MEG-RL	1	204
MEG-RL	1	207
MEG-RL	1	207
MEG-RL	1	207
MEG-RL	1	207
MEG-RL	11	204
MEG-RL	2	204
MEG-RL	9	204
MEG-RL	1	207
MEG-RL	2	206
MEG-RL	2	206
MEG-RL	1	207
MEG-RL	1	207
MEG-RL	1	207
MEG-RL	1	207
MEG-RL	1	206
MEG-RL	1	207
MEG-RL	1	207
MEG-RL	1	207
MEG-RL	2	207
MEG-RL	1	207
MEG-RL	5	207
MEG-RL	1	204
MEG-RL	2	207
MEG-RL	1	179
MEG-RL	2	181
MEG-RL	1	206
MEG-RL	1	207
MEG-RL	1	207
MEG-RL	2	207
MEG-RL	1	190
MEG-RL	1	205
MEG-RL	1	204
MEG-RL	2	207
MEG-RL	1	207
MEG-RL	1	207
MEG-RL	3	206
MEG-RL	2	206
MEG-RL	1	205
MEG-RL	2	206
MEG-RL	2	206
MEG-RL	1	207
MEG-RL	1	207
MEG-RL	1	207
MEG-RL	1	207
MEG-RL	3	203
MEG-RL	1	203
MEG-RL	2	204
MEG-RL	2	207
MEG-RL	1	207
MEG-RL	1	206
MEG-RL	1	206
MEG-RL	1	206
MEG-RL	8	207
MEG-RL	1	199
MEG-RL	1	207
MEG-RL	1	207
MEG-RL	1	207
MEG-RL	2	206
MEG-RL	13	207
MEG-RL	1	206
MEG-RL	1	196
MEG-RL	20	207
MEG-RL	20	207
MEG-RL	1	206
MEG-RL	1	206
MEG-RL	1	206
MEG-RL	1	206
MEG-RL	1	206
MEG-RL	1	206
MEG-RL	1	206
MEG-RL	1	206
MEG-RL	2	207
MEG-RL	1	206
MEG-RL	2	207
MEG-RL	2	207
MEG-RL	2	207
MEG-RL	2	207
MEG-RL	1	206
MEG-RL	1	207
MEG-RL	1	206
MEG-RL	2	207
MEG-RL	1	207
MEG-RL	5	206
MEG-RL	1	207
MEG-RL	1	206
MEG-RL	11	207
MEG-RL	1	206
MEG-RL	1	206
MEG-RL	1	206
MEG-RL	1	207
MEG-RL	1	206
MEG-RL	1	204
MEG-RL	1	207
MEG-RL	1	204
MEG-RL	1	207
MEG-RL	1	207
MEG-RL	1	207
MEG-RL	1	207
MEG-RL	1	205
MEG-RL	1	207
MEG-RL	1	207
MEG-RL	1	207
MEG-RL	1	207
MEG-RL	1	206
MEG-RL	1	194
MEG-RL	1	204
MEG-RL	1	207
MEG-RL	1	207
MEG-RL	1	207
MEG-RL	1	207
MEG-RL	1	207
MEG-RL	1	207
MEG-RL	1	204
MEG-RL	2	207
MEG-RL	1	204
MEG-RL	4	204
MEG-RL	2	207
MEG-RL	22	207
MEG-RL	1	207
MEG-RL	8	207
MEG-RL	1	204
MEG-RL	7	207
MEG-RL	2	184
MEG-RL	1	207
MEG-RL	10	207
MEG-RL	1	207
MEG-RL	1	207
MEG-RL	1	207
MEG-RL	1	207
MEG-RL	1	207
MEG-RL	1	203
MEG-RL	1	204
MEG-RL	1	206
MEG-RL	1	207
MEG-RL	1	207
MEG-RL	1	207
MEG-RL	2	205
MEG-RL	1	207
MEG-RL	1	204
MEG-RL	1	206
MEG-RL	1	204
MEG-RL	1	207
MEG-RL	1	207
MEG-RL	1	207
MEG-RL	1	206
MEG-RL	1	207
MEG-RL	1	207
MEG-RL	1	207
MEG-RL	1	207
MEG-RL	2	203
MEG-RL	2	207
MEG-RL	1	207
MEG-RL	1	207
MEG-RL	1	207
MEG-RL	1	207
MEG-RL	1	207
MEG-RL	1	207
MEG-RL	1	207
MEG-RL	1	204
MEG-RL	1	207
MEG-RL	1	207
MEG-RL	1	204
MEG-RL	2	207
MEG-RL	7	195
MEG-RL	3	207
MEG-RL	1	206
MEG-RL	1	207
MEG-RL	24	207
MEG-RL	2	207
MEG-RL	1	204
MEG-RL	2	207
MEG-RL	2	207
MEG-RL	1	204
MEG-RL	1	207
MEG-RL	1	207
MEG-RL	1	206
MEG-RL	1	206
MEG-RL	1	206
MEG-RL	1	207
MEG-RL	2	207
MEG-RL	1	206
MEG-RL	1	207
MEG-RL	1	206
MEG-RL	2	207
MEG-RL	1	206
MEG-RL	3	207
MEG-RL	1	205
MEG-RL	2	207
MEG-RL	1	207
MEG-RL	1	206
MEG-RL	1	205
MEG-RL	1	207
MEG-RL	1	207
MEG-RL	1	207
MEG-RL	1	207
MEG-RL	1	196
MEG-RL	9	207
MEG-RL	1	207
MEG-RL	1	207
MEG-RL	1	206
MEG-RL	1	207
MEG-RL	2	199
MEG-RL	1	207
MEG-RL	1	207
MEG-RL	1	207
MEG-RL	1	207
MEG-RL	1	207
MEG-RL	1	207
MEG-RL	1	207
MEG-RL	3	207
MEG-RL	1	207
MEG-RL	1	207
MEG-RL	1	207
MEG-RL	1	207
MEG-RL	1	203
MEG-RL	4	207
MEG-RL	3	206
MEG-RL	1	207
MEG-RL	1	207
MEG-RL	1	207
MEG-RL	1	207
MEG-RL	1	207
MEG-RL	1	207
MEG-RL	1	207
MEG-RL	1	207
MEG-RL	1	207
MEG-RL	1	207
MEG-RL	1	207
MEG-RL	1	207
MEG-RL	1	207
MEG-RL	1	207
MEG-RL	1	207
MEG-RL	1	207
MEG-RL	1	207
MEG-RL	1	207
MEG-RL	1	207
MEG-RL	1	207
MEG-RL	1	206
MEG-RL	1	207
MEG-RL	1	207
MEG-RL	1	207
MEG-RL	1	207
MEG-RL	1	207
MEG-RL	1	207
MEG-RL	1	205
MEG-RL	1	206
MEG-RL	2	207
MEG-RL	1	207
MEG-RL	1	207
MEG-RL	1	207
MEG-RL	1	207
MEG-RL	1	207
MEG-RL	1	206
MEG-RL	20	202
MEG-RL	1	207
MEG-RL	1	207
MEG-RL	2	207
MEG-RL	1	207
MEG-RL	1	206
MEG-RL	1	196
MEG-RL	1	207
MEG-RL	1	207
MEG-RL	12	193
MEG-RL	1	207
MEG-RL	1	207
MEG-RL	1	207
MEG-RL	1	204
MEG-RL	1	207
MEG-RL	3	207
MEG-RL	1	205
MEG-RL	9	207
MEG-RL	1	192
MEG-RL	1	205
MEG-RL	2	207
MEG-RL	1	207
MEG-RL	1	207
MEG-RL	1	207
MEG-RL	1	207
MEG-RL	1	196
MEG-RL	1	207
MEG-RL	1	207
MEG-RL	1	207
MEG-RL	1	207
MEG-RL	1	207
MEG-RL	1	207
MEG-RL	1	207
MEG-RL	2	207
MEG-RL	1	207
MEG-RL	1	207
MEG-RL	1	207
MEG-RL	1	207
MEG-RL	2	207
MEG-RL	1	207
MEG-RL	1	207
MEG-RL	1	207
MEG-RL	1	204
MEG-RL	2	206
MEG-RL	1	207
MEG-RL	3	207
MEG-RL	2	207
MEG-RL	1	207
MEG-RL	1	207
MEG-RL	1	206
MEG-RL	1	207
MEG-RL	1	207
MEG-RL	1	207
MEG-RL	1	207
MEG-RL	1	206
MEG-RL	1	207
MEG-RL	1	202
MEG-RL	1	207
MEG-RL	1	207
MEG-RL	2	207
MEG-RL	1	207
MEG-RL	1	207
MEG-RL	1	207
MEG-RL	2	206
MEG-RL	1	206
MEG-RL	2	207
MEG-RL	1	207
MEG-RL	1	207
MEG-RL	1	207
MEG-RL	2	207
MEG-RL	3	207
MEG-RL	1	207
MEG-RL	1	207
MEG-RL	1	207
MEG-RL	1	207
MEG-RL	2	207
MEG-RL	1	207
MEG-RL	1	207
MEG-RL	1	206
MEG-RL	1	206
MEG-RL	1	207
MEG-RL	2	206
MEG-RL	1	206
MEG-RL	2	207
MEG-RL	2	207
MEG-RL	2	207
MEG-RL	2	207
MEG-RL	2	206
MEG-RL	1	207
MEG-RL	8	207
MEG-RL	1	207
MEG-RL	1	207
MEG-RL	1	207
MEG-RL	12	205
MEG-RL	1	207
MEG-RL	1	205
MEG-RL	1	206
MEG-RL	2	207
MEG-RL	4	207
MEG-RL	1	207
MEG-RL	1	207
MEG-RL	1	207
MEG-RL	2	207
MEG-RL	1	207
MEG-RL	1	196
MEG-RL	1	207
MEG-RL	1	207
MEG-RL	1	207
MEG-RL	1	207
MEG-RL	1	204
MEG-RL	1	203
MEG-RL	1	207
MEG-RL	2	207
MEG-RL	1	207
MEG-RL	2	207
MEG-RL	1	207
MEG-RL	1	207
MEG-RL	1	207
MEG-RL	2	207
MEG-RL	1	205
MEG-RL	1	207
MEG-RL	1	204
MEG-RL	8	207
MEG-RL	1	207
MEG-RL	1	206
MEG-RL	1	207
MEG-RL	2	207
MEG-RL	1	207
MEG-RL	1	207
MEG-RL	1	207
MEG-RL	1	207
MEG-RL	2	207
MEG-RL	2	207
MEG-RL	1	207
MEG-RL	1	206
MEG-RL	1	207
MEG-RL	1	207
MEG-RL	2	207
MEG-RL	1	207
MEG-RL	2	207
MEG-RL	1	207
MEG-RL	1	205
MEG-RL	1	207
MEG-RL	1	207
MEG-RL	12	207
MEG-RL	1	207
MEG-RL	2	207
MEG-RL	1	207
MEG-RL	1	207
MEG-RL	1	207
MEG-RL	1	207
MEG-RL	1	207
MEG-RL	1	207
MEG-RL	1	207
MEG-RL	2	207
MEG-RL	16	207
MEG-RL	2	198
MEG-RL	27	206
MEG-RL	1	207
MEG-RL	1	207
MEG-RL	1	207
MEG-RL	1	207
MEG-RL	1	207
MEG-RL	1	207
MEG-RL	19	207
MEG-RL	4	207
MEG-RL	2	205
MEG-RL	2	205
MEG-RL	1	207
MEG-RL	1	207
MEG-RL	1	207
MEG-RL	1	207
MEG-RL	1	206
MEG-RL	1	207
MEG-RL	1	207
MEG-RL	2	206
MEG-RL	15	207
MEG-RL	23	206
MEG-RL	1	206
MEG-RL	12	207
MEG-RL	1	207
MEG-RL	2	207
MEG-RL	1	207
MEG-RL	1	207
MEG-RL	1	203
MEG-RL	1	203
MEG-RL	17	206
MEG-RL	18	207
MEG-RL	1	191
MEG-RL	2	179
MEG-RL	1	206
MEG-RL	3	207
MEG-RL	28	207
MEG-RL	1	204
MEG-RL	2	204
MEG-RL	5	207
MEG-RL	1	207
MEG-RL	1	207
MEG-RL	1	206
MEG-RL	1	207
MEG-RL	1	207
MEG-RL	1	207
MEG-RL	1	207
MEG-RL	1	207
MEG-RL	1	207
MEG-RL	1	207
MEG-RL	1	207
MEG-RL	1	207
MEG-RL	1	207
MEG-RL	1	207
MEG-RL	1	207
MEG-RL	19	207
MEG-RL	4	207
MEG-RL	1	200
MEG-RL	1	205
MEG-RL	2	207
MEG-RL	1	204
MEG-RL	2	206
MEG-RL	1	196
MEG-RL	1	207
MEG-RL	1	206
MEG-RL	3	207
MEG-RL	3	204
MEG-RL	1	192
MEG-RL	1	193
MEG-RL	1	185
MEG-RL	1	207
MEG-RL	6	206
MEG-RL	1	206
MEG-RL	1	207
MEG-RL	1	207
MEG-RL	1	206
MEG-RL	1	206
MEG-RL	1	203
MEG-RL	3	205
MEG-RL	14	207
MEG-RL	2	207
MEG-RL	1	206
MEG-RL	1	207
MEG-RL	1	206
MEG-RL	11	201
MEG-RL	1	206
MEG-RL	1	206
MEG-RL	1	207
MEG-RL	1	207
MEG-RL	1	207
MEG-RL	2	207
MEG-RL	1	207
MEG-RL	2	207
MEG-RL	1	206
MEG-RL	1	207
MEG-RL	1	207
MEG-RL	1	207
MEG-RL	1	207
MEG-RL	2	207
MEG-RL	1	207
MEG-RL	1	207
MEG-RL	1	207
MEG-RL	1	206
MEG-RL	2	207
MEG-RL	2	206
MEG-RL	1	207
MEG-RL	19	206
MEG-RL	1	207
MEG-RL	1	207
MEG-RL	4	204
MEG-RL	2	206
MEG-RL	1	207
MEG-RL	1	183
MEG-RL	1	192
MEG-RL	1	207
MEG-RL	1	207
MEG-RL	1	180
MEG-RL	2	207
MEG-RL	1	207
MEG-RL	1	205
MEG-RL	1	207
MEG-RL	15	207
MEG-RL	1	207
MEG-RL	2	207
MEG-RL	1	206
MEG-RL	1	207
MEG-RL	1	207
MEG-RL	1	207
MEG-RL	1	206
MEG-RL	1	207
MEG-RL	1	207
MEG-RL	1	207
MEG-RL	1	207
MEG-RL	1	201
MEG-RL	2	206
MEG-RL	1	207
MEG-RL	27	207
MEG-RL	1	206
MEG-RL	2	207
MEG-RL	2	207
MEG-RL	1	206
MEG-RL	2	207
MEG-RL	1	206
MEG-RL	2	207
MEG-RL	1	207
MEG-RL	1	206
MEG-RL	1	207
MEG-RL	12	207
MEG-RL	1	207
MEG-RL	1	207
MEG-RL	2	207
MEG-RL	2	207
MEG-RL	1	206
MEG-RL	1	206
MEG-RL	2	207
MEG-RL	2	207
MEG-RL	1	206
MEG-RL	2	207
MEG-RL	1	206
MEG-RL	1	207
MEG-RL	1	206
MEG-RL	1	207
MEG-RL	1	197
MEG-RL	3	207
MEG-RL	1	196
MEG-RL	14	206
MEG-RL	1	207
MEG-RL	1	207
MEG-RL	1	207
MEG-RL	1	206
MEG-RL	3	206
MEG-RL	1	207
MEG-RL	1	204
MEG-RL	1	204
MEG-RL	1	205
MEG-RL	2	207
MEG-RL	1	204
MEG-RL	4	207
MEG-RL	1	203
MEG-RL	1	207
MEG-RL	3	206
MEG-RL	1	206
MEG-RL	1	207
MEG-RL	3	205
MEG-RL	1	207
MEG-RL	1	207
MEG-RL	1	207
MEG-RL	1	189
MEG-RL	3	206
MEG-RL	3	207
MEG-RL	1	207
MEG-RL	1	204
MEG-RL	1	206
MEG-RL	2	196
MEG-RL	1	207
MEG-RL	19	207
MEG-RL	14	207
MEG-RL	1	207
MEG-RL	4	207
MEG-RL	1	207
MEG-RL	1	203
MEG-RL	1	207
MEG-RL	19	207
MEG-RL	1	196
MEG-RL	1	207
MEG-RL	1	207
MEG-RL	1	207
MEG-RL	1	207
MEG-RL	1	207
MEG-RL	1	207
MEG-RL	1	207
MEG-RL	1	207
MEG-RL	1	207
MEG-RL	3	207
MEG-RL	1	207
MEG-RL	25	207
MEG-RL	1	206
MEG-RL	1	207
MEG-RL	15	207
MEG-RL	15	207
MEG-RL	1	207
MEG-RL	1	207
MEG-RL	24	207
MEG-RL	24	207
MEG-RL	1	207
MEG-RL	1	207
MEG-RL	2	207
MEG-RL	1	207
MEG-RL	2	207
MEG-RL	1	207
MEG-RL	1	206
MEG-RL	1	207
MEG-RL	1	195
MEG-RL	1	207
MEG-RL	1	207
MEG-RL	13	207
MEG-RL	1	207
MEG-RL	1	207
MEG-RL	9	207
MEG-RL	24	205
MEG-RL	17	207
MEG-RL	1	206
MEG-RL	2	207
MEG-RL	1	207
MEG-RL	1	207
MEG-RL	1	207
MEG-RL	1	207
MEG-RL	2	207
MEG-RL	1	207
MEG-RL	1	206
MEG-RL	38	207
MEG-RL	2	200
MEG-RL	2	207
MEG-RL	1	204
MEG-RL	1	207
MEG-RL	1	196
MEG-RL	12	207
MEG-RL	1	207
MEG-RL	1	207
MEG-RL	1	207
MEG-RL	2	207
MEG-RL	7	206
MEG-RL	1	206
MEG-RL	2	207
MEG-RL	1	206
MEG-RL	17	207
MEG-RL	1	206
MEG-RL	1	207
MEG-RL	14	207
MEG-RL	1	206
MEG-RL	2	207
MEG-RL	8	207
MEG-RL	4	207
MEG-RL	3	206
MEG-RL	1	207
MEG-RL	1	207
MEG-RL	1	207
MEG-RL	1	207
MEG-RL	31	204
MEG-RL	1	206
MEG-RL	2	207
MEG-RL	1	206
MEG-RL	1	207
MEG-RL	1	207
MEG-RL	1	195
MEG-RL	1	204
MEG-RL	1	204
MEG-RL	1	207
MEG-RL	10	207
MEG-RL	1	207
MEG-RL	1	207
MEG-RL	1	207
MEG-RL	1	207
MEG-RL	1	207
MEG-RL	1	207
MEG-RL	1	207
MEG-RL	1	207
MEG-RL	1	207
MEG-RL	1	207
MEG-RL	10	207
MEG-RL	1	207
MEG-RL	1	183
MEG-RL	1	207
MEG-RL	1	207
MEG-RL	1	207
MEG-RL	1	207
MEG-RL	1	207
MEG-RL	1	206
MEG-RL	1	207
MEG-RL	1	207
MEG-RL	1	207
MEG-RL	1	204
MEG-RL	1	207
MEG-RL	1	207
MEG-RL	1	207
MEG-RL	1	207
MEG-RL	1	207
MEG-RL	1	207
MEG-RL	1	207
MEG-RL	1	207
MEG-RL	1	207
MEG-RL	1	207
MEG-RL	1	207
MEG-RL	1	207
MEG-RL	1	207
MEG-RL	2	207
MEG-RL	1	206
MEG-RL	1	203
MEG-RL	1	207
MEG-RL	1	204
MEG-RL	1	204
MEG-RL	1	207
MEG-RL	1	207
MEG-RL	1	207
MEG-RL	2	207
MEG-RL	1	195
MEG-RL	2	207
MEG-RL	1	205
MEG-RL	1	207
MEG-RL	2	204
MEG-RL	1	206
MEG-RL	1	207
MEG-RL	1	178
MEG-RL	11	207
MEG-RL	2	206
MEG-RL	1	207
MEG-RL	1	207
MEG-RL	17	206
MEG-RL	16	205
MEG-RL	1	207
MEG-RL	2	207
MEG-RL	1	205
MEG-RL	1	202
MEG-RL	22	207
MEG-RL	4	207
MEG-RL	1	207
MEG-RL	7	207
MEG-RL	3	192
MEG-RL	1	207
MEG-RL	2	204
MEG-RL	19	207
MEG-RL	1	193
MEG-RL	43	207
MEG-RL	1	200
MEG-RL	1	201
MEG-RL	1	207
MEG-RL	1	207
MEG-RL	1	205
MEG-RL	2	207
MEG-RL	1	204
MEG-RL	1	207
MEG-RL	1	206
MEG-RL	1	207
MEG-RL	1	207
MEG-RL	1	206
MEG-RL	1	205
MEG-RL	1	207
MEG-RL	1	206
MEG-RL	1	207
MEG-RL	1	207
MEG-RL	1	207
MEG-RL	1	207
MEG-RL	1	207
MEG-RL	1	207
MEG-RL	1	207
MEG-RL	2	204
MEG-RL	17	207
MEG-RL	2	207
MEG-RL	1	203
MEG-RL	8	207
MEG-RL	1	207
MEG-RL	1	184
MEG-RL	2	207
MEG-RL	2	207
MEG-RL	3	207
MEG-RL	1	207
MEG-RL	1	207
MEG-RL	1	207
MEG-RL	1	204
MEG-RL	3	207
MEG-RL	1	204
MEG-RL	1	207
MEG-RL	1	207
MEG-RL	1	207
MEG-RL	1	207
MEG-RL	1	207
MEG-RL	8	205
MEG-RL	1	207
MEG-RL	2	207
MEG-RL	1	207
MEG-RL	1	207
MEG-RL	1	207
MEG-RL	1	207
MEG-RL	1	207
MEG-RL	1	207
MEG-RL	4	204
MEG-RL	1	207
MEG-RL	1	204
MEG-RL	1	207
MEG-RL	1	207
MEG-RL	1	207
MEG-RL	1	195
MEG-RL	1	207
MEG-RL	1	207
MEG-RL	2	207
MEG-RL	1	207
MEG-RL	1	206
MEG-RL	1	207
MEG-RL	1	207
MEG-RL	1	206
MEG-RL	1	207
MEG-RL	1	207
MEG-RL	1	207
MEG-RL	1	207
MEG-RL	1	183
MEG-RL	25	207
MEG-RL	1	206
MEG-RL	2	207
MEG-RL	1	207
MEG-RL	1	207
MEG-RL	1	207
MEG-RL	1	207
MEG-RL	1	207
MEG-RL	1	207
MEG-RL	1	207
MEG-RL	1	207
MEG-RL	1	207
MEG-RL	1	207
MEG-RL	1	207
MEG-RL	7	207
MEG-RL	11	207
MEG-RL	1	207
MEG-RL	1	207
MEG-RL	1	206
MEG-RL	1	207
MEG-RL	1	207
MEG-RL	1	207
MEG-RL	1	204
MEG-RL	2	206
MEG-RL	2	206
MEG-RL	1	207
MEG-RL	2	207
MEG-RL	2	207
MEG-RL	5	207
MEG-RL	16	207
MEG-RL	1	203
MEG-RL	1	205
MEG-RL	1	207
MEG-RL	1	206
MEG-RL	1	207
MEG-RL	1	207
MEG-RL	19	207
MEG-RL	19	207
MEG-RL	2	207
MEG-RL	2	207
MEG-RL	2	207
MEG-RL	2	207
MEG-RL	1	207
MEG-RL	10	206
MEG-RL	11	201
MEG-RL	1	207
MEG-RL	3	206
MEG-RL	1	206
MEG-RL	12	207
MEG-RL	1	173
MEG-RL	18	207
MEG-RL	1	194
MEG-RL	1	207
MEG-RL	1	207
MEG-RL	1	207
MEG-RL	1	207
MEG-RL	1	206
MEG-RL	1	206
MEG-RL	2	207
MEG-RL	1	206
MEG-RL	1	207
MEG-RL	1	203
MEG-RL	1	207
MEG-RL	1	205
MEG-RL	1	207
MEG-RL	1	207
MEG-RL	1	206
MEG-RL	23	206
MEG-RL	1	206
MEG-RL	1	207
MEG-RL	1	207
MEG-RL	2	207
MEG-RL	1	207
MEG-RL	1	206
MEG-RL	1	206
MEG-RL	2	207
MEG-RL	2	207
MEG-RL	2	207
MEG-RL	1	203
MEG-RL	1	207
MEG-RL	1	207
MEG-RL	1	201
MEG-RL	1	205
MEG-RL	1	204
MEG-RL	1	206
MEG-RL	1	207
MEG-RL	1	204
MEG-RL	1	207
MEG-RL	1	207
MEG-RL	1	207
MEG-RL	2	207
MEG-RL	1	207
MEG-RL	1	207
MEG-RL	1	207
MEG-RL	1	207
MEG-RL	1	183
MEG-RL	31	207
MEG-RL	1	207
MEG-RL	4	206
MEG-RL	1	207
MEG-RL	1	207
MEG-RL	2	207
MEG-RL	1	207
MEG-RL	1	207
MEG-RL	3	206
MEG-RL	2	207
MEG-RL	1	206
MEG-RL	2	207
MEG-RL	1	207
MEG-RL	1	207
MEG-RL	4	207
MEG-RL	29	207
MEG-RL	1	207
MEG-RL	1	207
MEG-RL	1	207
MEG-RL	1	207
MEG-RL	14	206
MEG-RL	2	206
MEG-RL	2	206
MEG-RL	1	206
MEG-RL	1	207
MEG-RL	1	207
MEG-RL	1	205
MEG-RL	1	206
MEG-RL	1	207
MEG-RL	2	196
MEG-RL	34	207
MEG-RL	1	185
MEG-RL	2	207
MEG-RL	1	207
MEG-RL	1	207
MEG-RL	9	207
MEG-RL	16	206
MEG-RL	1	195
MEG-RL	1	204
MEG-RL	3	206
MEG-RL	1	206
MEG-RL	1	207
MEG-RL	1	207
MEG-RL	1	207
MEG-RL	1	207
MEG-RL	1	207
MEG-RL	3	207
MEG-RL	1	203
MEG-RL	1	206
MEG-RL	2	207
MEG-RL	36	207
MEG-RL	1	205
MEG-RL	2	204
MEG-RL	1	205
MEG-RL	1	206
MEG-RL	2	207
MEG-RL	1	207
MEG-RL	1	188
MEG-RL	2	191
MEG-RL	1	207
MEG-RL	3	207
MEG-RL	1	206
MEG-RL	1	204
MEG-RL	1	205
MEG-RL	1	182
MEG-RL	1	206
MEG-RL	1	206
MEG-RL	2	207
MEG-RL	2	207
MEG-RL	23	207
MEG-RL	1	206
MEG-RL	17	207
MEG-RL	16	207
MEG-RL	2	207
MEG-RL	5	207
MEG-RL	1	203
MEG-RL	2	204
MEG-RL	17	205
MEG-RL	1	192
MEG-RL	1	207
MEG-RL	1	207
MEG-RL	1	207
MEG-RL	1	207
MEG-RL	1	207
MEG-RL	1	207
MEG-RL	1	207
MEG-RL	1	207
MEG-RL	21	207
MEG-RL	1	207
MEG-RL	1	207
MEG-RL	1	197
MEG-RL	1	207
MEG-RL	1	207
MEG-RL	1	207
MEG-RL	1	207
MEG-RL	1	207
MEG-RL	1	207
MEG-RL	1	207
MEG-RL	1	204
MEG-RL	1	207
MEG-RL	1	207
MEG-RL	2	207
MEG-RL	34	207
MEG-RL	2	204
MEG-RL	1	206
MEG-RL	6	207
MEG-RL	2	207
MEG-RL	1	206
MEG-RL	1	207
MEG-RL	1	206
MEG-RL	1	207
MEG-RL	1	207
MEG-RL	1	207
MEG-RL	1	206
MEG-RL	2	207
MEG-RL	1	207
MEG-RL	1	204
MEG-RL	1	207
MEG-RL	1	207
MEG-RL	1	207
MEG-RL	1	206
MEG-RL	1	207
MEG-RL	1	207
MEG-RL	1	207
MEG-RL	1	207
MEG-RL	1	207
MEG-RL	11	207
MEG-RL	18	207
MEG-RL	16	207
MEG-RL	1	207
MEG-RL	1	207
MEG-RL	1	206
MEG-RL	1	207
MEG-RL	1	198
MEG-RL	2	207
MEG-RL	28	203
MEG-RL	20	206
MEG-RL	1	207
MEG-RL	1	204
MEG-RL	1	207
MEG-RL	1	204
MEG-RL	1	207
MEG-RL	1	196
MEG-RL	33	204
MEG-RL	1	207
MEG-RL	2	207
MEG-RL	2	207
MEG-RL	2	207
MEG-RL	1	207
MEG-RL	1	207
MEG-RL	19	207
MEG-RL	2	206
MEG-RL	1	205
MEG-RL	1	205
MEG-RL	1	207
MEG-RL	1	207
MEG-RL	20	206
MEG-RL	1	207
MEG-RL	1	207
MEG-RL	1	207
MEG-RL	11	207
MEG-RL	1	207
MEG-RL	13	203
MEG-RL	1	207
MEG-RL	1	203
MEG-RL	2	207
MEG-RL	1	207
MEG-RL	3	207
MEG-RL	1	207
MEG-RL	1	207
MEG-RL	1	207
MEG-RL	1	207
MEG-RL	1	205
MEG-RL	3	207
MEG-RL	1	205
MEG-RL	22	206
MEG-RL	1	203
MEG-RL	1	205
MEG-RL	1	207
MEG-RL	3	207
MEG-RL	1	207
MEG-RL	16	207
MEG-RL	1	207
MEG-RL	1	207
MEG-RL	1	207
MEG-RL	1	207
MEG-RL	1	207
MEG-RL	1	207
MEG-RL	1	207
MEG-RL	1	207
MEG-RL	1	207
MEG-RL	1	207
MEG-RL	1	207
MEG-RL	2	206
MEG-RL	1	205
MEG-RL	1	207
MEG-RL	2	207
MEG-RL	2	207
MEG-RL	1	207
MEG-RL	1	207
MEG-RL	1	207
MEG-RL	1	183
MEG-RL	1	203
MEG-RL	1	207
MEG-RL	22	202
MEG-RL	1	196
MEG-RL	27	207
MEG-RL	29	207
MEG-RL	1	207
MEG-RL	1	207
MEG-RL	1	207
MEG-RL	1	207
MEG-RL	1	207
MEG-RL	10	207
MEG-RL	1	207
MEG-RL	2	197
MEG-RL	1	207
MEG-RL	1	207
MEG-RL	1	207
MEG-RL	1	207
MEG-RL	1	207
MEG-RL	1	207
MEG-RL	1	205
MEG-RL	2	206
MEG-RL	2	206
MEG-RL	1	207
MEG-RL	1	207
MEG-RL	2	203
MEG-RL	1	207
MEG-RL	2	207
MEG-RL	1	207
MEG-RL	1	207
MEG-RL	1	207
MEG-RL	1	206
MEG-RL	1	207
MEG-RL	1	207
MEG-RL	1	206
MEG-RL	1	207
MEG-RL	20	207
MEG-RL	2	207
MEG-RL	1	205
MEG-RL	1	204
MEG-RL	2	206
MEG-RL	1	207
MEG-RL	1	207
MEG-RL	1	206
MEG-RL	1	207
MEG-RL	1	207
MEG-RL	1	207
MEG-RL	1	207
MEG-RL	1	207
MEG-RL	1	207
MEG-RL	1	199
MEG-RL	1	207
MEG-RL	1	207
MEG-RL	1	207
MEG-RL	2	207
MEG-RL	2	207
MEG-RL	2	207
MEG-RL	1	206
MEG-RL	1	206
MEG-RL	2	204
MEG-RL	1	205
MEG-RL	16	207
MEG-RL	1	207
MEG-RL	1	207
MEG-RL	3	206
MEG-RL	1	207
MEG-RL	21	207
MEG-RL	1	205
MEG-RL	1	206
MEG-RL	1	207
MEG-RL	1	207
MEG-RL	1	207
MEG-RL	1	207
MEG-RL	1	207
MEG-RL	13	206
MEG-RL	1	207
MEG-RL	1	207
MEG-RL	1	207
MEG-RL	1	207
MEG-RL	1	183
MEG-RL	2	205
MEG-RL	1	207
MEG-RL	1	196
MEG-RL	1	207
MEG-RL	1	207
MEG-RL	1	207
MEG-RL	1	207
MEG-RL	1	207
MEG-RL	1	206
MEG-RL	1	207
MEG-RL	1	205
MEG-RL	2	207
MEG-RL	14	207
MEG-RL	1	207
MEG-RL	1	202
MEG-RL	1	207
MEG-RL	1	207
MEG-RL	1	206
MEG-RL	1	207
MEG-RL	2	207
MEG-RL	1	207
MEG-RL	2	207
MEG-RL	1	207
MEG-RL	1	207
MEG-RL	1	206
MEG-RL	1	206
MEG-RL	20	207
MEG-RL	1	196
MEG-RL	2	206
MEG-RL	2	207
MEG-RL	1	201
MEG-RL	1	207
MEG-RL	2	206
MEG-RL	1	207
MEG-RL	2	207
MEG-RL	1	206
MEG-RL	1	207
MEG-RL	1	206
MEG-RL	3	207
MEG-RL	1	183
MEG-RL	4	207
MEG-RL	1	207
MEG-RL	1	207
MEG-RL	2	207
MEG-RL	1	204
MEG-RL	1	206
MEG-RL	2	207
MEG-RL	1	206
MEG-RL	1	207
MEG-RL	1	206
MEG-RL	28	207
MEG-RL	1	207
MEG-RL	1	207
MEG-RL	1	205
MEG-RL	4	206
MEG-RL	1	207
MEG-RL	1	207
MEG-RL	1	207
MEG-RL	1	207
MEG-RL	1	207
MEG-RL	1	207
MEG-RL	1	207
MEG-RL	1	207
MEG-RL	1	207
MEG-RL	1	207
MEG-RL	1	207
MEG-RL	1	207
MEG-RL	1	207
MEG-RL	1	207
MEG-RL	1	207
MEG-RL	1	205
MEG-RL	1	201
MEG-RL	1	207
MEG-RL	1	207
MEG-RL	1	207
MEG-RL	1	207
MEG-RL	3	207
MEG-RL	1	207
MEG-RL	1	207
MEG-RL	1	207
MEG-RL	3	207
MEG-RL	2	207
MEG-RL	3	207
MEG-RL	1	207
MEG-RL	1	203
MEG-RL	3	206
MEG-RL	1	207
MEG-RL	1	207
MEG-RL	1	207
MEG-RL	1	207
MEG-RL	1	204
MEG-RL	1	204
MEG-RL	2	207
MEG-RL	1	207
MEG-RL	1	207
MEG-RL	1	207
MEG-RL	1	207
MEG-RL	1	207
MEG-RL	1	207
MEG-RL	1	207
MEG-RL	1	204
MEG-RL	1	192
MEG-RL	7	207
MEG-RL	1	207
MEG-RL	1	207
MEG-RL	1	207
MEG-RL	1	204
MEG-RL	1	207
MEG-RL	1	206
MEG-RL	1	207
MEG-RL	3	207
MEG-RL	3	207
MEG-RL	3	207
MEG-RL	2	206
MEG-RL	2	207
MEG-RL	18	206
MEG-RL	3	207
MEG-RL	1	206
MEG-RL	2	207
MEG-RL	1	206
MEG-RL	2	206
MEG-RL	1	206
MEG-RL	1	207
MEG-RL	1	204
MEG-RL	1	207
MEG-RL	1	207
MEG-RL	3	207
MEG-RL	2	207
MEG-RL	6	207
MEG-RL	2	207
MEG-RL	1	206
MEG-RL	1	204
MEG-RL	1	207
MEG-RL	2	207
MEG-RL	1	206
MEG-RL	2	207
MEG-RL	1	207
MEG-RL	1	207
MEG-RL	2	205
MEG-RL	1	207
MEG-RL	2	207
MEG-RL	1	207
MEG-RL	1	207
MEG-RL	1	207
MEG-RL	1	206
MEG-RL	1	207
MEG-RL	1	203
MEG-RL	1	207
MEG-RL	1	206
MEG-RL	1	207
MEG-RL	1	205
MEG-RL	1	206
MEG-RL	1	207
MEG-RL	1	207
MEG-RL	1	207
MEG-RL	1	207
MEG-RL	1	206
MEG-RL	1	207
MEG-RL	1	206
MEG-RL	1	207
MEG-RL	2	207
MEG-RL	1	206
MEG-RL	1	207
MEG-RL	1	207
MEG-RL	1	207
MEG-RL	1	204
MEG-RL	1	207
MEG-RL	1	204
MEG-RL	1	207
MEG-RL	1	207
MEG-RL	1	207
MEG-RL	1	207
MEG-RL	1	207
MEG-RL	1	207
MEG-RL	2	206
MEG-RL	1	207
MEG-RL	1	207
MEG-RL	1	207
MEG-RL	1	206
MEG-RL	1	207
MEG-RL	1	207
MEG-RL	1	207
MEG-RL	1	207
MEG-RL	1	207
MEG-RL	1	207
MEG-RL	1	206
MEG-RL	1	207
MEG-RL	2	206
MEG-RL	1	207
MEG-RL	28	206
MEG-RL	1	206
MEG-RL	16	206
MEG-RL	22	207
MEG-RL	1	207
MEG-RL	34	207
MEG-RL	12	207
MEG-RL	11	206
MEG-RL	3	207
MEG-RL	1	207
MEG-RL	1	207
MEG-RL	1	207
MEG-RL	1	206
MEG-RL	2	207
MEG-RL	17	207
MEG-RL	19	206
MEG-RL	1	206
MEG-RL	1	206
MEG-RL	1	183
MEG-RL	37	207
MEG-RL	1	207
MEG-RL	1	207
MEG-RL	31	207
MEG-RL	15	207
MEG-RL	1	206
MEG-RL	1	204
MEG-RL	1	203
MEG-RL	2	205
MEG-RL	1	207
MEG-RL	1	207
MEG-RL	1	207
MEG-RL	1	207
MEG-RL	1	207
MEG-RL	2	203
MEG-RL	16	207
MEG-RL	33	207
MEG-RL	39	207
MEG-RL	1	191
MEG-RL	16	207
MEG-RL	1	207
MEG-RL	2	207
MEG-RL	1	202
MEG-RL	2	204
MEG-RL	1	206
MEG-RL	1	206
MEG-RL	2	207
MEG-RL	2	205
MEG-RL	1	207
MEG-RL	1	207
MEG-RL	37	207
MEG-RL	2	206
MEG-RL	20	207
MEG-RL	23	207
MEG-RL	1	207
MEG-RL	1	207
MEG-RL	1	207
MEG-RL	1	207
MEG-RL	1	204
MEG-RL	2	191
MEG-RL	1	207
MEG-RL	1	207
MEG-RL	1	207
MEG-RL	1	207
MEG-RL	1	207
MEG-RL	1	207
MEG-RL	1	207
MEG-RL	1	207
MEG-RL	1	207
MEG-RL	15	207
MEG-RL	40	204
MEG-RL	1	203
MEG-RL	1	207
MEG-RL	1	207
MEG-RL	36	207
MEG-RL	1	207
MEG-RL	3	205
MEG-RL	12	207
MEG-RL	6	205
MEG-RL	3	207
MEG-RL	3	207
MEG-RL	7	207
MEG-RL	1	192
MEG-RL	1	205
MEG-RL	1	207
MEG-RL	2	207
MEG-RL	1	207
MEG-RL	1	207
MEG-RL	1	206
MEG-RL	21	207
MEG-RL	1	187
MEG-RL	2	204
MEG-RL	1	207
MEG-RL	1	207
MEG-RL	1	207
MEG-RL	1	207
MEG-RL	1	194
MEG-RL	1	203
MEG-RL	1	207
MEG-RL	2	207
MEG-RL	2	207
MEG-RL	2	195
MEG-RL	17	202
MEG-RL	11	207
MEG-RL	38	207
MEG-RL	1	207
MEG-RL	1	206
MEG-RL	1	206
MEG-RL	1	206
MEG-RL	2	207
MEG-RL	1	204
MEG-RL	2	207
MEG-RL	1	207
MEG-RL	1	207
MEG-RL	1	183
MEG-RL	15	206
MEG-RL	16	207
MEG-RL	1	207
MEG-RL	1	192
MEG-RL	19	207
MEG-RL	1	207
MEG-RL	1	206
MEG-RL	1	207
MEG-RL	1	207
MEG-RL	26	207
MEG-RL	1	207
MEG-RL	1	207
MEG-RL	1	207
MEG-RL	22	207
MEG-RL	1	207
MEG-RL	1	207
MEG-RL	1	207
MEG-RL	40	207
MEG-RL	12	207
MEG-RL	15	207
MEG-RL	1	207
MEG-RL	1	207
MEG-RL	37	207
MEG-RL	1	177
MEG-RL	3	207
MEG-RL	3	207
MEG-RL	22	207
MEG-RL	1	204
MEG-RL	1	207
MEG-RL	1	207
MEG-RL	4	207
MEG-RL	2	207
MEG-RL	1	207
MEG-RL	1	166
MEG-RL	1	196
MEG-RL	1	206
MEG-RL	1	207
MEG-RL	35	204
MEG-RL	1	207
MEG-RL	1	203
MEG-RL	1	206
MEG-RL	7	207
MEG-RL	2	196
MEG-RL	1	204
MEG-RL	11	207
MEG-RL	2	207
MEG-RL	1	183
MEG-RL	1	206
MEG-RL	2	207
MEG-RL	2	207
MEG-RL	2	207
MEG-RL	1	206
MEG-RL	2	206
MEG-RL	1	207
MEG-RL	1	200
MEG-RL	38	207
MEG-RL	1	207
MEG-RL	8	184
MEG-RL	13	207
MEG-RL	1	207
MEG-RL	1	201
MEG-RL	1	206
MEG-RL	1	206
MEG-RL	1	207
MEG-RL	1	207
MEG-RL	1	207
MEG-RL	24	206
MEG-RL	2	207
MEG-RL	1	207
MEG-RL	1	206
MEG-RL	2	207
MEG-RL	1	207
MEG-RL	1	207
MEG-RL	2	207
MEG-RL	1	206
MEG-RL	1	207
MEG-RL	31	207
MEG-RL	30	206
MEG-RL	1	207
MEG-RL	1	203
MEG-RL	1	207
MEG-RL	1	207
MEG-RL	30	204
MEG-RL	1	183
MEG-RL	2	207
MEG-RL	1	207
MEG-RL	1	207
MEG-RL	2	207
MEG-RL	15	207
MEG-RL	9	206
MEG-RL	24	207
MEG-RL	26	207
MEG-RL	5	207
MEG-RL	24	207
MEG-RL	1	207
MEG-RL	1	207
MEG-RL	1	207
MEG-RL	1	207
MEG-RL	1	207
MEG-RL	1	204
MEG-RL	1	207
MEG-RL	1	206
MEG-RL	1	206
MEG-RL	2	207
MEG-RL	1	206
MEG-RL	1	205
MEG-RL	4	191
MEG-RL	1	207
MEG-RL	2	207
MEG-RL	2	207
MEG-RL	1	207
MEG-RL	1	207
MEG-RL	1	207
MEG-RL	2	207
MEG-RL	18	207
MEG-RL	20	207
MEG-RL	1	207
MEG-RL	1	207
MEG-RL	1	207
MEG-RL	1	207
MEG-RL	2	207
MEG-RL	1	207
MEG-RL	1	207
MEG-RL	1	207
MEG-RL	2	207
MEG-RL	2	207
MEG-RL	3	207
MEG-RL	12	206
MEG-RL	10	207
MEG-RL	3	206
MEG-RL	1	207
MEG-RL	1	207
MEG-RL	1	207
MEG-RL	1	207
MEG-RL	7	205
MEG-RL	1	205
MEG-RL	1	207
MEG-RL	1	207
MEG-RL	1	207
MEG-RL	1	207
MEG-RL	1	207
MEG-RL	1	207
MEG-RL	9	207
MEG-RL	10	207
MEG-RL	34	207
MEG-RL	1	207
MEG-RL	1	207
MEG-RL	1	206
MEG-RL	1	207
MEG-RL	1	207
MEG-RL	15	207
MEG-RL	34	205
MEG-RL	27	207
MEG-RL	1	207
MEG-RL	1	207
MEG-RL	1	205
MEG-RL	1	207
MEG-RL	1	207
MEG-RL	1	192
MEG-RL	1	183
MEG-RL	8	207
MEG-RL	1	196
MEG-RL	1	207
MEG-RL	1	188
MEG-RL	2	207
MEG-RL	1	187
MEG-RL	12	207
MEG-RL	2	207
MEG-RL	1	207
MEG-RL	1	178
MEG-RL	1	204
MEG-RL	1	196
MEG-RL	1	206
MEG-RL	19	207
MEG-RL	1	206
MEG-RL	1	206
MEG-RL	1	206
MEG-RL	1	206
MEG-RL	1	206
MEG-RL	1	207
MEG-RL	1	196
MEG-RL	1	207
MEG-RL	23	207
MEG-RL	22	206
MEG-RL	1	205
MEG-RL	22	205
MEG-RL	1	200
MEG-RL	1	207
MEG-RL	29	207
MEG-RL	1	207
MEG-RL	2	207
MEG-RL	2	207
MEG-RL	1	207
MEG-RL	1	206
MEG-RL	23	206
MEG-RL	27	205
MEG-RL	2	207
MEG-RL	1	207
MEG-RL	7	207
MEG-RL	7	207
MEG-RL	2	207
MEG-RL	2	207
MEG-RL	2	207
MEG-RL	12	207
MEG-RL	1	207
MEG-RL	25	207
MEG-RL	2	207
MEG-RL	1	207
MEG-RL	1	207
MEG-RL	1	207
MEG-RL	36	207
MEG-RL	4	207
MEG-RL	1	207
MEG-RL	1	207
MEG-RL	1	207
MEG-RL	1	207
MEG-RL	1	207
MEG-RL	2	207
MEG-RL	24	206
MEG-RL	1	195
MEG-RL	1	207
MEG-RL	1	206
MEG-RL	1	207
MEG-RL	1	207
MEG-RL	2	207
MEG-RL	33	206
MEG-RL	15	206
MEG-RL	1	207
MEG-RL	1	206
MEG-RL	1	207
MEG-RL	1	207
MEG-RL	1	207
MEG-RL	1	206
MEG-RL	1	207
MEG-RL	3	203
MEG-RL	1	207
MEG-RL	1	207
MEG-RL	16	207
MEG-RL	36	207
MEG-RL	1	207
MEG-RL	2	203
MEG-RL	1	207
MEG-RL	1	207
MEG-RL	2	207
MEG-RL	1	206
MEG-RL	4	207
MEG-RL	1	207
MEG-RL	1	205
MEG-RL	8	206
MEG-RL	3	207
MEG-RL	1	202
MEG-RL	9	207
MEG-RL	1	205
MEG-RL	2	206
MEG-RL	1	205
MEG-RL	2	196
MEG-RL	1	206
MEG-RL	2	207
MEG-RL	2	207
MEG-RL	1	207
MEG-RL	1	206
MEG-RL	2	207
MEG-RL	1	206
MEG-RL	13	207
MEG-RL	1	207
MEG-RL	11	207
MEG-RL	5	207
MEG-RL	3	207
MEG-RL	1	207
MEG-RL	36	207
MEG-RL	1	206
MEG-RL	1	206
MEG-RL	16	207
MEG-RL	1	183
MEG-RL	30	207
MEG-RL	1	204
MEG-RL	1	207
MEG-RL	2	206
MEG-RL	1	206
MEG-RL	3	185
MEG-RL	1	206
MEG-RL	1	207
MEG-RL	1	207
MEG-RL	1	205
MEG-RL	1	207
MEG-RL	12	207
MEG-RL	9	207
MEG-RL	2	207
MEG-RL	27	207
MEG-RL	29	207
MEG-RL	2	207
MEG-RL	3	207
MEG-RL	2	207
MEG-RL	1	206
MEG-RL	1	203
MEG-RL	1	206
MEG-RL	38	207
MEG-RL	1	207
MEG-RL	2	205
MEG-RL	1	207
MEG-RL	38	205
MEG-RL	1	207
MEG-RL	1	207
MEG-RL	2	207
MEG-RL	1	207
MEG-RL	40	207
MEG-RL	1	207
MEG-RL	2	207
MEG-RL	1	206
MEG-RL	31	207
MEG-RL	1	207
MEG-RL	1	207
MEG-RL	1	207
MEG-RL	1	204
MEG-RL	2	196
MEG-RL	1	207
MEG-RL	1	207
MEG-RL	16	207
MEG-RL	2	191
MEG-RL	1	207
MEG-RL	1	207
MEG-RL	2	207
MEG-RL	13	204
MEG-RL	1	207
MEG-RL	1	207
MEG-RL	37	207
MEG-RL	37	207
MEG-RL	1	207
MEG-RL	3	207
MEG-RL	18	207
MEG-RL	12	204
MEG-RL	12	207
MEG-RL	1	207
MEG-RL	1	207
MEG-RL	1	204
MEG-RL	1	207
MEG-RL	1	207
MEG-RL	1	207
MEG-RL	1	207
MEG-RL	1	207
MEG-RL	1	206
MEG-RL	3	207
MEG-RL	3	207
MEG-RL	1	206
MEG-RL	1	207
MEG-RL	20	207
MEG-RL	1	207
MEG-RL	1	204
MEG-RL	1	207
MEG-RL	1	206
MEG-RL	2	207
MEG-RL	1	206
MEG-RL	2	207
MEG-RL	3	207
MEG-RL	26	207
MEG-RL	1	206
MEG-RL	9	207
MEG-RL	1	183
MEG-RL	15	207
MEG-RL	2	207
MEG-RL	1	205
MEG-RL	1	204
MEG-RL	23	207
MEG-RL	1	206
MEG-RL	1	206
MEG-RL	2	207
MEG-RL	8	205
MEG-RL	2	207
MEG-RL	1	206
MEG-RL	1	206
MEG-RL	1	207
MEG-RL	35	207
MEG-RL	1	205
MEG-RL	1	207
MEG-RL	9	205
MEG-RL	1	207
MEG-RL	1	201
MEG-RL	1	206
MEG-RL	4	207
MEG-RL	1	207
MEG-RL	34	207
MEG-RL	3	207
MEG-RL	1	207
MEG-RL	23	206
MEG-RL	1	207
MEG-RL	1	207
MEG-RL	1	207
MEG-RL	28	207
MEG-RL	1	203
MEG-RL	1	207
MEG-RL	1	207
MEG-RL	1	207
MEG-RL	1	207
MEG-RL	1	207
MEG-RL	1	207
MEG-RL	1	207
MEG-RL	1	207
MEG-RL	1	207
MEG-RL	1	207
MEG-RL	1	206
MEG-RL	1	207
MEG-RL	37	207
MEG-RL	37	207
MEG-RL	11	207
MEG-RL	43	207
MEG-RL	1	207
MEG-RL	11	207
MEG-RL	1	207
MEG-RL	1	207
MEG-RL	3	207
MEG-RL	1	206
MEG-RL	1	207
MEG-RL	1	207
MEG-RL	13	205
MEG-RL	26	203
MEG-RL	1	204
MEG-RL	1	207
MEG-RL	2	207
MEG-RL	2	207
MEG-RL	2	203
MEG-RL	2	207
MEG-RL	1	206
MEG-RL	30	206
MEG-RL	3	207
MEG-RL	11	206
MEG-RL	1	196
MEG-RL	1	205
MEG-RL	7	207
MEG-RL	1	207
MEG-RL	1	207
MEG-RL	1	187
MEG-RL	1	207
MEG-RL	1	207
MEG-RL	1	207
MEG-RL	19	207
MEG-RL	1	202
MEG-RL	2	207
MEG-RL	1	207
MEG-RL	22	206
MEG-RL	31	204
MEG-RL	2	206
MEG-RL	1	199
MEG-RL	1	206
MEG-RL	12	196
MEG-RL	2	207
MEG-RL	22	207
MEG-RL	2	207
MEG-RL	1	207
MEG-RL	32	207
MEG-RL	2	207
MEG-RL	1	207
MEG-RL	1	207
MEG-RL	1	207
MEG-RL	1	207
MEG-RL	1	207
MEG-RL	1	207
MEG-RL	1	204
MEG-RL	1	204
MEG-RL	1	207
MEG-RL	1	207
MEG-RL	1	206
MEG-RL	1	207
MEG-RL	1	207
MEG-RL	1	207
MEG-RL	1	207
MEG-RL	1	174
MEG-RL	1	207
MEG-RL	1	207
MEG-RL	1	203
MEG-RL	1	207
MEG-RL	2	207
MEG-RL	1	207
MEG-RL	1	207
MEG-RL	1	207
MEG-RL	1	206
MEG-RL	1	204
MEG-RL	2	196
MEG-RL	1	207
MEG-RL	1	207
MEG-RL	1	207
MEG-RL	1	206
MEG-RL	7	207
MEG-RL	1	207
MEG-RL	3	207
MEG-RL	1	199
MEG-RL	30	207
MEG-RL	18	207
MEG-RL	1	206
MEG-RL	1	207
MEG-RL	1	207
MEG-RL	1	203
MEG-RL	1	205
MEG-RL	1	207
MEG-RL	25	207
MEG-RL	1	205
MEG-RL	1	197
MEG-RL	20	206
MEG-RL	1	205
MEG-RL	1	207
MEG-RL	1	206
MEG-RL	1	206
MEG-RL	1	188
MEG-RL	19	207
MEG-RL	3	207
MEG-RL	1	204
MEG-RL	1	206
MEG-RL	1	207
MEG-RL	2	207
MEG-RL	2	206
MEG-RL	26	207
MEG-RL	34	204
MEG-RL	1	206
MEG-RL	1	206
MEG-RL	1	207
MEG-RL	8	207
MEG-RL	10	206
MEG-RL	1	207
MEG-RL	1	207
MEG-RL	41	207
MEG-RL	36	206
MEG-RL	1	207
MEG-RL	1	207
MEG-RL	1	207
MEG-RL	1	207
MEG-RL	1	207
MEG-RL	1	206
MEG-RL	5	207
MEG-RL	24	205
MEG-RL	20	207
MEG-RL	13	207
MEG-RL	1	207
MEG-RL	1	206
MEG-RL	1	207
MEG-RL	1	207
MEG-RL	2	206
MEG-RL	1	206
MEG-RL	2	207
MEG-RL	1	205
MEG-RL	1	207
MEG-RL	2	207
MEG-RL	1	207
MEG-RL	1	207
MEG-RL	24	207
MEG-RL	1	207
MEG-RL	1	175
MEG-RL	1	207
MEG-RL	1	207
MEG-RL	8	202
MEG-RL	38	206
MEG-RL	23	206
MEG-RL	1	205
MEG-RL	26	207
MEG-RL	3	207
MEG-RL	1	207
MEG-RL	1	206
MEG-RL	1	207
MEG-RL	1	207
MEG-RL	1	207
MEG-RL	1	206
MEG-RL	1	184
MEG-RL	1	207
MEG-RL	2	207
MEG-RL	1	205
MEG-RL	1	207
MEG-RL	1	203
MEG-RL	1	206
MEG-RL	1	206
MEG-RL	1	189
MEG-RL	1	189
MEG-RL	1	207
MEG-RL	1	207
MEG-RL	1	207
MEG-RL	1	207
MEG-RL	1	207
MEG-RL	1	207
MEG-RL	1	196
MEG-RL	3	207
MEG-RL	1	207
MEG-RL	1	207
MEG-RL	9	207
MEG-RL	1	206
MEG-RL	1	185
MEG-RL	3	202
MEG-RL	2	206
MEG-RL	1	207
MEG-RL	1	206
MEG-RL	1	207
MEG-RL	3	207
MEG-RL	8	207
MEG-RL	17	205
MEG-RL	2	207
MEG-RL	2	205
MEG-RL	25	205
MEG-RL	13	207
MEG-RL	1	207
MEG-RL	1	207
MEG-RL	2	207
MEG-RL	2	205
MEG-RL	22	207
MEG-RL	1	189
MEG-RL	4	202
MEG-RL	33	207
MEG-RL	1	206
MEG-RL	32	207
MEG-RL	1	207
MEG-RL	4	207
MEG-RL	1	207
MEG-RL	1	207
MEG-RL	1	207
MEG-RL	16	207
MEG-RL	1	207
MEG-RL	1	207
MEG-RL	1	207
MEG-RL	1	204
MEG-RL	3	206
MEG-RL	1	207
MEG-RL	1	207
MEG-RL	27	206
MEG-RL	1	206
MEG-RL	1	207
MEG-RL	1	206
MEG-RL	1	207
MEG-RL	1	207
MEG-RL	37	207
MEG-RL	1	207
MEG-RL	1	183
MEG-RL	1	192
MEG-RL	1	183
MEG-RL	1	207
MEG-RL	11	207
MEG-RL	1	207
MEG-RL	1	183
MEG-RL	1	207
MEG-RL	1	207
MEG-RL	1	205
MEG-RL	3	207
MEG-RL	1	205
MEG-RL	1	190
MEG-RL	1	207
MEG-RL	1	207
MEG-RL	1	207
MEG-RL	1	206
MEG-RL	1	207
MEG-RL	1	188
MEG-RL	1	192
MEG-RL	13	204
MEG-RL	1	206
MEG-RL	10	206
MEG-RL	25	207
MEG-RL	1	207
MEG-RL	1	207
MEG-RL	1	207
MEG-RL	1	207
MEG-RL	28	207
MEG-RL	1	207
MEG-RL	28	207
MEG-RL	1	207
MEG-RL	1	207
MEG-RL	1	207
MEG-RL	1	202
MEG-RL	1	207
MEG-RL	32	207
MEG-RL	5	207
MEG-RL	1	207
MEG-RL	1	206
MEG-RL	2	207
MEG-RL	1	206
MEG-RL	3	206
MEG-RL	7	207
MEG-RL	7	207
MEG-RL	1	207
MEG-RL	6	207
MEG-RL	1	206
MEG-RL	12	207
MEG-RL	2	207
MEG-RL	1	207
MEG-RL	23	207
MEG-RL	1	207
MEG-RL	1	207
MEG-RL	13	205
MEG-RL	1	207
MEG-RL	1	207
MEG-RL	1	207
MEG-RL	1	207
MEG-RL	1	207
MEG-RL	2	207
MEG-RL	1	207
MEG-RL	1	196
MEG-RL	1	183
MEG-RL	1	183
MEG-RL	1	207
MEG-RL	1	207
MEG-RL	1	206
MEG-RL	1	207
MEG-RL	19	207
MEG-RL	2	202
MEG-RL	1	207
MEG-RL	16	207
MEG-RL	1	184
MEG-RL	1	207
MEG-RL	16	207
MEG-RL	1	207
MEG-RL	19	207
MEG-RL	1	207
MEG-RL	19	207
MEG-RL	37	206
MEG-RL	16	207
MEG-RL	34	207
MEG-RL	1	204
MEG-RL	1	207
MEG-RL	2	206
MEG-RL	2	205
MEG-RL	7	207
MEG-RL	1	207
MEG-RL	1	206
MEG-RL	1	207
MEG-RL	1	206
MEG-RL	2	206
MEG-RL	1	204
MEG-RL	1	206
MEG-RL	13	207
MEG-RL	1	202
MEG-RL	2	207
MEG-RL	1	207
MEG-RL	1	207
MEG-RL	1	207
MEG-RL	1	207
MEG-RL	1	207
MEG-RL	2	207
MEG-RL	1	206
MEG-RL	1	183
MEG-RL	1	204
MEG-RL	2	206
MEG-RL	1	206
MEG-RL	1	206
MEG-RL	11	207
MEG-RL	1	207
MEG-RL	1	195
MEG-RL	1	183
MEG-RL	1	207
MEG-RL	1	207
MEG-RL	3	207
MEG-RL	1	203
MEG-RL	2	207
MEG-RL	1	207
MEG-RL	1	207
MEG-RL	1	207
MEG-RL	1	206
MEG-RL	1	207
MEG-RL	1	207
MEG-RL	35	205
MEG-RL	1	207
MEG-RL	1	207
MEG-RL	1	205
MEG-RL	1	207
MEG-RL	1	207
MEG-RL	1	196
MEG-RL	17	207
MEG-RL	14	207
MEG-RL	1	205
MEG-RL	1	207
MEG-RL	25	207
MEG-RL	1	202
MEG-RL	1	206
MEG-RL	1	207
MEG-RL	1	204
MEG-RL	2	207
MEG-RL	5	206
MEG-RL	1	207
MEG-RL	1	207
MEG-RL	3	196
MEG-RL	1	207
MEG-RL	2	206
MEG-RL	1	206
MEG-RL	1	192
MEG-RL	2	207
MEG-RL	2	207
MEG-RL	1	206
MEG-RL	19	207
MEG-RL	1	207
MEG-RL	2	207
MEG-RL	1	207
MEG-RL	11	207
MEG-RL	1	206
MEG-RL	1	206
MEG-RL	1	207
MEG-RL	1	207
MEG-RL	1	188
MEG-RL	1	207
MEG-RL	1	204
MEG-RL	1	207
MEG-RL	1	207
MEG-RL	2	207
MEG-RL	1	207
MEG-RL	1	207
MEG-RL	1	206
MEG-RL	1	207
MEG-RL	1	205
MEG-RL	1	203
MEG-RL	49	207
MEG-RL	2	207
MEG-RL	2	207
MEG-RL	1	207
MEG-RL	1	202
MEG-RL	1	206
MEG-RL	9	207
MEG-RL	1	207
MEG-RL	1	206
MEG-RL	1	207
MEG-RL	1	207
MEG-RL	2	207
MEG-RL	1	206
MEG-RL	1	207
MEG-RL	1	207
MEG-RL	1	207
MEG-RL	2	207
MEG-RL	5	207
MEG-RL	1	207
MEG-RL	1	207
MEG-RL	2	207
MEG-RL	1	207
MEG-RL	1	207
MEG-RL	1	207
MEG-RL	1	207
MEG-RL	7	207
MEG-RL	1	205
MEG-RL	1	207
MEG-RL	1	205
MEG-RL	1	207
MEG-RL	1	207
MEG-RL	1	204
MEG-RL	3	207
MEG-RL	1	206
MEG-RL	2	207
MEG-RL	1	205
MEG-RL	2	207
MEG-RL	1	207
MEG-RL	1	207
MEG-RL	1	207
MEG-RL	2	206
MEG-RL	1	207
MEG-RL	1	207
MEG-RL	1	207
MEG-RL	1	207
MEG-RL	1	205
MEG-RL	1	206
MEG-RL	2	207
MEG-RL	1	206
MEG-RL	1	207
MEG-RL	1	207
MEG-RL	1	207
MEG-RL	1	207
MEG-RL	2	207
MEG-RL	3	207
MEG-RL	2	207
MEG-RL	1	207
MEG-RL	1	204
MEG-RL	1	207
MEG-RL	4	206
MEG-RL	1	204
MEG-RL	5	207
MEG-RL	2	206
MEG-RL	1	206
MEG-RL	1	207
MEG-RL	17	204
MEG-RL	1	207
MEG-RL	1	207
MEG-RL	2	207
MEG-RL	1	207
MEG-RL	1	206
MEG-RL	1	207
MEG-RL	1	207
MEG-RL	1	204
MEG-RL	1	207
MEG-RL	1	207
MEG-RL	1	207
MEG-RL	1	207
MEG-RL	1	207
MEG-RL	2	207
MEG-RL	1	207
MEG-RL	1	207
MEG-RL	1	204
MEG-RL	1	206
MEG-RL	1	207
MEG-RL	28	203
MEG-RL	38	207
MEG-RL	1	183
MEG-RL	2	207
MEG-RL	44	207
MEG-RL	1	173
MEG-RL	42	207
MEG-RL	18	207
MEG-RL	29	204
MEG-RL	11	204
MEG-RL	1	182
MEG-RL	1	206
MEG-RL	14	207
MEG-RL	4	207
MEG-RL	22	207
MEG-RL	25	207
MEG-RL	32	207
MEG-RL	31	207
MEG-RL	1	207
MEG-RL	1	207
MEG-RL	2	207
MEG-RL	1	195
MEG-RL	43	207
MEG-RL	7	204
MEG-RL	14	207
MEG-RL	37	207
MEG-RL	1	207
MEG-RL	41	207
MEG-RL	40	207
MEG-RL	38	206
MEG-RL	1	206
MEG-RL	32	206
MEG-RL	26	207
MEG-RL	18	207
MEG-RL	43	207
MEG-RL	23	207
MEG-RL	2	207
MEG-RL	35	207
MEG-RL	4	207
MEG-RL	1	192
MEG-RL	1	207
MEG-RL	1	207
MEG-RL	1	180
MEG-RL	43	206
MEG-RL	1	180
MEG-RL	1	207
MEG-RL	18	206
MEG-RL	3	207
MEG-RL	1	207
MEG-RL	26	207
MEG-RL	2	205
MEG-RL	1	199
MEG-RL	1	183
MEG-RL	36	207
MEG-RL	1	206
MEG-RL	16	206
MEG-RL	1	206
MEG-RL	14	207
MEG-RL	1	201
MEG-RL	1	201
MEG-RL	1	207
MEG-RL	1	178
MEG-RL	33	204
MEG-RL	13	207
MEG-RL	3	207
MEG-RL	10	207
MEG-RL	1	207
MEG-RL	1	207
MEG-RL	1	207
MEG-RL	8	207
MEG-RL	8	207
MEG-RL	41	207
MEG-RL	23	207
MEG-RL	1	206
MEG-RL	2	205
MEG-RL	1	207
MEG-RL	3	187
MEG-RL	3	207
MEG-RL	1	207
MEG-RL	1	207
MEG-RL	16	207
MEG-RL	2	207
MEG-RL	1	207
MEG-RL	1	207
MEG-RL	40	207
MEG-RL	1	189
MEG-RL	1	207
MEG-RL	42	207
MEG-RL	1	201
MEG-RL	9	207
MEG-RL	19	207
MEG-RL	38	207
MEG-RL	2	206
MEG-RL	1	202
MEG-RL	2	207
MEG-RL	2	206
MEG-RL	13	207
MEG-RL	20	207
MEG-RL	1	200
MEG-RL	2	202
MEG-RL	1	206
MEG-RL	1	207
MEG-RL	19	206
MEG-RL	2	207
MEG-RL	1	207
MEG-RL	35	204
MEG-RL	1	207
MEG-RL	1	206
MEG-RL	2	207
MEG-RL	26	207
MEG-RL	1	196
MEG-RL	1	207
MEG-RL	1	207
MEG-RL	3	206
MEG-RL	1	183
MEG-RL	25	207
MEG-RL	1	207
MEG-RL	4	207
MEG-RL	1	207
MEG-RL	1	206
MEG-RL	22	207
MEG-RL	1	207
MEG-RL	1	207
MEG-RL	1	183
MEG-RL	32	206
MEG-RL	37	207
MEG-RL	1	206
MEG-RL	10	207
MEG-RL	1	168
MEG-RL	1	206
MEG-RL	36	207
MEG-RL	37	207
MEG-RL	1	207
MEG-RL	39	207
MEG-RL	2	207
MEG-RL	1	207
MEG-RL	19	206
MEG-RL	2	195
MEG-RL	24	207
MEG-RL	23	207
MEG-RL	27	206
MEG-RL	14	207
MEG-RL	17	204
MEG-RL	1	207
MEG-RL	2	207
MEG-RL	7	207
MEG-RL	1	173
MEG-RL	2	207
MEG-RL	1	179
MEG-RL	11	207
MEG-RL	1	207
MEG-RL	1	207
MEG-RL	1	189
MEG-RL	37	207
MEG-RL	1	207
MEG-RL	1	207
MEG-RL	1	207
MEG-RL	1	207
MEG-RL	1	207
MEG-RL	1	204
MEG-RL	1	207
MEG-RL	23	207
MEG-RL	1	207
MEG-RL	35	205
MEG-RL	37	207
MEG-RL	14	205
MEG-RL	3	206
MEG-RL	27	207
MEG-RL	1	205
MEG-RL	1	207
MEG-RL	36	207
MEG-RL	1	207
MEG-RL	1	207
MEG-RL	1	205
MEG-RL	1	207
MEG-RL	2	207
MEG-RL	1	207
MEG-RL	1	203
MEG-RL	19	206
MEG-RL	2	206
MEG-RL	1	203
MEG-RL	1	206
MEG-RL	4	206
MEG-RL	1	207
MEG-RL	32	207
MEG-RL	2	206
MEG-RL	41	207
MEG-RL	16	206
MEG-RL	1	206
MEG-RL	1	207
MEG-RL	38	207
MEG-RL	23	207
MEG-RL	1	207
MEG-RL	31	207
MEG-RL	1	207
MEG-RL	1	207
MEG-RL	1	183
MEG-RL	1	183
MEG-RL	1	207
MEG-RL	1	207
MEG-RL	22	207
MEG-RL	21	206
MEG-RL	1	207
MEG-RL	1	207
MEG-RL	2	207
MEG-RL	1	206
MEG-RL	10	207
MEG-RL	1	201
MEG-RL	1	207
MEG-RL	16	207
MEG-RL	1	205
MEG-RL	27	206
MEG-RL	1	207
MEG-RL	25	207
MEG-RL	1	206
MEG-RL	1	207
MEG-RL	1	207
MEG-RL	1	204
MEG-RL	32	206
MEG-RL	24	207
MEG-RL	1	207
MEG-RL	5	206
MEG-RL	2	206
MEG-RL	1	207
MEG-RL	1	206
MEG-RL	21	207
MEG-RL	2	207
MEG-RL	1	204
MEG-RL	32	207
MEG-RL	30	207
MEG-RL	2	207
MEG-RL	11	206
MEG-RL	18	202
MEG-RL	1	207
MEG-RL	2	204
MEG-RL	1	207
MEG-RL	1	207
MEG-RL	2	207
MEG-RL	40	207
MEG-RL	1	207
MEG-RL	1	207
MEG-RL	38	207
MEG-RL	32	206
MEG-RL	1	207
MEG-RL	1	207
MEG-RL	38	206
MEG-RL	1	183
MEG-RL	23	207
MEG-RL	1	193
MEG-RL	1	207
MEG-RL	1	206
MEG-RL	1	182
MEG-RL	2	207
MEG-RL	1	207
MEG-RL	1	207
MEG-RL	1	207
MEG-RL	39	206
MEG-RL	1	206
MEG-RL	1	207
MEG-RL	2	205
MEG-RL	12	207
MEG-RL	32	204
MEG-RL	1	183
MEG-RL	1	204
MEG-RL	42	207
MEG-RL	43	207
MEG-RL	37	207
MEG-RL	2	206
MEG-RL	1	207
MEG-RL	1	207
MEG-RL	1	207
MEG-RL	1	206
MEG-RL	28	207
MEG-RL	27	207
MEG-RL	35	207
MEG-RL	1	207
MEG-RL	1	202
MEG-RL	1	190
MEG-RL	42	207
MEG-RL	1	207
MEG-RL	1	207
MEG-RL	1	207
MEG-RL	1	207
MEG-RL	1	204
MEG-RL	33	207
MEG-RL	2	207
MEG-RL	2	206
MEG-RL	1	206
MEG-RL	36	207
MEG-RL	2	207
MEG-RL	30	207
MEG-RL	1	206
MEG-RL	1	204
MEG-RL	1	196
MEG-RL	1	206
MEG-RL	2	207
MEG-RL	35	207
MEG-RL	1	173
MEG-RL	1	206
MEG-RL	1	206
MEG-RL	1	182
MEG-RL	2	207
MEG-RL	28	207
MEG-RL	29	207
MEG-RL	31	207
MEG-RL	1	206
MEG-RL	1	207
MEG-RL	1	207
MEG-RL	1	207
MEG-RL	1	207
MEG-RL	1	207
MEG-RL	2	205
MEG-RL	1	206
MEG-RL	25	206
MEG-RL	43	207
MEG-RL	1	165
MEG-RL	1	207
MEG-RL	37	207
MEG-RL	22	207
MEG-RL	1	192
MEG-RL	1	189
MEG-RL	17	207
MEG-RL	5	207
MEG-RL	1	207
MEG-RL	1	207
MEG-RL	1	207
MEG-RL	1	207
MEG-RL	1	205
MEG-RL	1	207
MEG-RL	1	207
MEG-RL	34	205
MEG-RL	3	207
MEG-RL	40	207
MEG-RL	1	206
MEG-RL	1	166
MEG-RL	44	207
MEG-RL	1	207
MEG-RL	11	207
MEG-RL	18	206
MEG-RL	14	206
MEG-RL	27	207
MEG-RL	23	207
MEG-RL	1	206
MEG-RL	31	207
MEG-RL	1	207
MEG-RL	1	207
MEG-RL	3	207
MEG-RL	38	207
MEG-RL	1	207
MEG-RL	1	207
MEG-RL	1	183
MEG-RL	1	204
MEG-RL	1	206
MEG-RL	24	206
MEG-RL	36	206
MEG-RL	1	207
MEG-RL	1	207
MEG-RL	1	207
MEG-RL	1	203
MEG-RL	1	207
MEG-RL	1	207
MEG-RL	2	207
MEG-RL	1	207
MEG-RL	1	207
MEG-RL	2	207
MEG-RL	1	170
MEG-RL	1	207
MEG-RL	16	207
MEG-RL	1	207
MEG-RL	1	206
MEG-RL	1	207
MEG-RL	1	207
MEG-RL	1	207
MEG-RL	1	207
MEG-RL	1	206
MEG-RL	20	207
MEG-RL	41	206
MEG-RL	1	166
MEG-RL	1	207
MEG-RL	1	207
MEG-RL	1	177
MEG-RL	1	200
MEG-RL	1	207
MEG-RL	1	204
MEG-RL	31	204
MEG-RL	1	207
MEG-RL	1	206
MEG-RL	38	207
MEG-RL	14	207
MEG-RL	2	183
MEG-RL	37	207
MEG-RL	24	207
MEG-RL	1	207
MEG-RL	27	207
MEG-RL	1	206
MEG-RL	1	206
MEG-RL	1	202
MEG-RL	2	195
MEG-RL	1	206
MEG-RL	1	206
MEG-RL	2	207
MEG-RL	2	207
MEG-RL	1	207
MEG-RL	1	207
MEG-RL	1	207
MEG-RL	1	207
MEG-RL	2	206
MEG-RL	1	207
MEG-RL	42	207
MEG-RL	23	207
MEG-RL	1	207
MEG-RL	1	201
MEG-RL	25	207
MEG-RL	1	207
MEG-RL	2	207
MEG-RL	2	206
MEG-RL	1	207
MEG-RL	36	207
MEG-RL	2	206
MEG-RL	19	207
MEG-RL	1	207
MEG-RL	1	204
MEG-RL	8	183
MEG-RL	1	207
MEG-RL	1	207
MEG-RL	1	207
MEG-RL	11	199
MEG-RL	1	207
MEG-RL	1	207
MEG-RL	12	207
MEG-RL	10	205
MEG-RL	1	207
MEG-RL	1	207
MEG-RL	33	206
MEG-RL	1	207
MEG-RL	1	206
MEG-RL	1	207
MEG-RL	1	207
MEG-RL	1	204
MEG-RL	1	204
MEG-RL	25	207
MEG-RL	1	206
MEG-RL	1	207
MEG-RL	1	204
MEG-RL	1	206
MEG-RL	4	200
MEG-RL	1	207
MEG-RL	2	207
MEG-RL	37	203
MEG-RL	2	204
MEG-RL	41	207
MEG-RL	2	207
MEG-RL	42	207
MEG-RL	30	207
MEG-RL	1	173
MEG-RL	16	206
MEG-RL	34	207
MEG-RL	1	206
MEG-RL	1	206
MEG-RL	2	194
MEG-RL	2	207
MEG-RL	1	207
MEG-RL	1	207
MEG-RL	19	207
MEG-RL	2	207
MEG-RL	1	207
MEG-RL	1	207
MEG-RL	1	207
MEG-RL	1	207
MEG-RL	1	207
MEG-RL	1	184
MEG-RL	1	207
MEG-RL	1	207
MEG-RL	4	207
MEG-RL	1	207
MEG-RL	1	207
MEG-RL	38	207
MEG-RL	2	193
MEG-RL	3	206
MEG-RL	1	207
MEG-RL	1	206
MEG-RL	1	180
MEG-RL	1	207
MEG-RL	1	207
MEG-RL	1	207
MEG-RL	1	207
MEG-RL	26	207
MEG-RL	38	206
MEG-RL	39	207
MEG-RL	1	192
MEG-RL	1	205
MEG-RL	1	194
MEG-RL	1	207
MEG-RL	1	207
MEG-RL	36	207
MEG-RL	1	207
MEG-RL	1	207
MEG-RL	1	205
MEG-RL	1	206
MEG-RL	17	203
MEG-RL	2	207
MEG-RL	1	207
MEG-RL	1	205
MEG-RL	1	207
MEG-RL	5	207
MEG-RL	2	204
MEG-RL	1	193
MEG-RL	1	207
MEG-RL	1	207
MEG-RL	17	205
MEG-RL	3	204
MEG-RL	14	207
MEG-RL	1	207
MEG-RL	1	202
MEG-RL	1	207
MEG-RL	13	204
MEG-RL	1	196
MEG-RL	39	207
MEG-RL	1	207
MEG-RL	38	207
MEG-RL	1	207
MEG-RL	20	207
MEG-RL	40	207
MEG-RL	1	207
MEG-RL	1	207
MEG-RL	2	207
MEG-RL	1	207
MEG-RL	1	207
MEG-RL	1	207
MEG-RL	2	205
MEG-RL	3	206
MEG-RL	26	207
MEG-RL	1	207
MEG-RL	26	207
MEG-RL	1	207
MEG-RL	33	206
MEG-RL	1	207
MEG-RL	1	207
MEG-RL	1	207
MEG-RL	1	207
MEG-RL	39	206
MEG-RL	37	207
MEG-RL	4	207
MEG-RL	1	207
MEG-RL	1	207
MEG-RL	1	207
MEG-RL	1	207
MEG-RL	1	207
MEG-RL	2	206
MEG-RL	1	207
MEG-RL	1	206
MEG-RL	1	207
MEG-RL	1	207
MEG-RL	15	206
MEG-RL	2	207
MEG-RL	1	206
MEG-RL	31	206
MEG-RL	33	206
MEG-RL	35	207
MEG-RL	7	207
MEG-RL	1	207
MEG-RL	1	207
MEG-RL	27	205
MEG-RL	2	207
MEG-RL	1	190
MEG-RL	18	207
MEG-RL	23	207
MEG-RL	1	206
MEG-RL	1	202
MEG-RL	1	206
MEG-RL	2	207
MEG-RL	2	206
MEG-RL	1	207
MEG-RL	1	204
MEG-RL	1	207
MEG-RL	1	207
MEG-RL	4	207
MEG-RL	1	206
MEG-RL	1	207
MEG-RL	1	207
MEG-RL	1	207
MEG-RL	1	207
MEG-RL	1	206
MEG-RL	2	207
MEG-RL	2	207
MEG-RL	22	207
MEG-RL	34	206
MEG-RL	1	207
MEG-RL	1	207
MEG-RL	1	206
MEG-RL	1	207
MEG-RL	38	207
MEG-RL	20	207
MEG-RL	37	207
MEG-RL	2	206
MEG-RL	1	207
MEG-RL	42	206
MEG-RL	43	206
MEG-RL	24	207
MEG-RL	25	207
MEG-RL	3	207
MEG-RL	42	207
MEG-RL	1	206
MEG-RL	7	207
MEG-RL	23	206
MEG-RL	3	207
MEG-RL	2	206
MEG-RL	2	206
MEG-RL	41	207
MEG-RL	10	205
MEG-RL	23	206
MEG-RL	1	194
MEG-RL	1	207
MEG-RL	1	183
MEG-RL	5	207
MEG-RL	1	206
MEG-RL	14	207
MEG-RL	1	183
MEG-RL	1	207
MEG-RL	1	207
MEG-RL	1	207
MEG-RL	1	206
MEG-RL	1	207
MEG-RL	1	188
MEG-RL	24	207
MEG-RL	1	207
MEG-RL	1	207
MEG-RL	1	207
MEG-RL	1	207
MEG-RL	38	207
MEG-RL	37	207
MEG-RL	1	196
MEG-RL	28	207
MEG-RL	2	207
MEG-RL	1	207
MEG-RL	27	207
MEG-RL	1	207
MEG-RL	1	183
MEG-RL	1	207
MEG-RL	1	186
MEG-RL	43	207
MEG-RL	34	207
MEG-RL	1	183
MEG-RL	28	207
MEG-RL	1	207
MEG-RL	1	206
MEG-RL	1	203
MEG-RL	2	206
MEG-RL	1	207
MEG-RL	39	204
MEG-RL	1	207
MEG-RL	36	207
MEG-RL	1	206
MEG-RL	20	207
MEG-RL	1	190
MEG-RL	41	207
MEG-RL	1	207
MEG-RL	1	206
MEG-RL	1	207
MEG-RL	20	207
MEG-RL	1	207
MEG-RL	1	206
MEG-RL	1	207
MEG-RL	1	204
MEG-RL	1	206
MEG-RL	1	207
MEG-RL	2	207
MEG-RL	27	207
MEG-RL	2	170
MEG-RL	38	206
MEG-RL	24	207
MEG-RL	15	207
MEG-RL	1	207
MEG-RL	2	207
MEG-RL	1	207
MEG-RL	1	207
MEG-RL	1	207
MEG-RL	1	189
MEG-RL	1	207
MEG-RL	1	207
MEG-RL	25	207
MEG-RL	1	207
MEG-RL	39	206
MEG-RL	1	207
MEG-RL	1	207
MEG-RL	1	207
MEG-RL	37	207
MEG-RL	27	207
MEG-RL	1	206
MEG-RL	2	207
MEG-RL	1	169
MEG-RL	27	207
MEG-RL	18	207
MEG-RL	2	207
MEG-RL	1	206
MEG-RL	31	207
MEG-RL	3	207
MEG-RL	1	185
MEG-RL	1	206
MEG-RL	2	207
MEG-RL	1	204
MEG-RL	1	207
MEG-RL	21	207
MEG-RL	4	206
MEG-RL	32	207
MEG-RL	1	206
MEG-RL	1	168
MEG-RL	3	207
MEG-RL	2	206
MEG-RL	37	207
MEG-RL	23	207
MEG-RL	42	207
MEG-RL	1	207
MEG-RL	43	207
MEG-RL	1	203
MEG-RL	1	207
MEG-RL	12	204
MEG-RL	1	204
MEG-RL	2	206
MEG-RL	1	207
MEG-RL	10	207
MEG-RL	1	206
MEG-RL	1	207
MEG-RL	1	207
MEG-RL	1	207
MEG-RL	24	206
MEG-RL	1	207
MEG-RL	1	182
MEG-RL	1	206
MEG-RL	1	207
MEG-RL	1	207
MEG-RL	1	206
MEG-RL	2	207
MEG-RL	1	207
MEG-RL	1	207
MEG-RL	1	206
MEG-RL	1	207
MEG-RL	1	207
MEG-RL	1	182
MEG-RL	2	207
MEG-RL	1	207
MEG-RL	1	205
MEG-RL	1	207
MEG-RL	1	206
MEG-RL	17	207
MEG-RL	1	207
MEG-RL	1	204
MEG-RL	1	206
MEG-RL	1	207
MEG-RL	1	207
MEG-RL	1	204
MEG-RL	1	204
MEG-RL	1	203
MEG-RL	2	207
MEG-RL	17	202
MEG-RL	1	183
MEG-RL	1	205
MEG-RL	43	207
MEG-RL	1	207
MEG-RL	1	207
MEG-RL	2	207
MEG-RL	1	205
MEG-RL	44	207
MEG-RL	49	206
MEG-RL	1	206
MEG-RL	1	207
MEG-RL	1	205
MEG-RL	1	206
MEG-RL	1	207
MEG-RL	1	206
MEG-RL	5	207
MEG-RL	1	180
MEG-RL	1	158
MEG-RL	1	207
MEG-RL	1	206
MEG-RL	27	207
MEG-RL	1	207
MEG-RL	1	206
MEG-RL	31	206
MEG-RL	2	171
MEG-RL	37	207
MEG-RL	2	205
MEG-RL	2	207
MEG-RL	50	207
MEG-RL	1	207
MEG-RL	1	182
MEG-RL	1	207
MEG-RL	1	207
MEG-RL	1	207
MEG-RL	1	185
MEG-RL	1	207
MEG-RL	1	207
MEG-RL	1	183
MEG-RL	1	207
MEG-RL	1	207
MEG-RL	1	207
MEG-RL	1	207
MEG-RL	1	207
MEG-RL	2	207
MEG-RL	1	207
MEG-RL	1	207
MEG-RL	1	207
MEG-RL	37	207
MEG-RL	49	207
MEG-RL	1	206
MEG-RL	43	207
MEG-RL	10	207
MEG-RL	1	184
MEG-RL	42	205
MEG-RL	3	204
MEG-RL	1	207
MEG-RL	13	204
MEG-RL	8	206
MEG-RL	2	184
MEG-RL	1	207
MEG-RL	2	206
MEG-RL	10	192
MEG-RL	1	184
MEG-RL	3	207
MEG-RL	2	207
MEG-RL	23	207
MEG-RL	42	207
MEG-RL	42	207
MEG-RL	2	207
MEG-RL	2	207
MEG-RL	1	179
MEG-RL	1	207
MEG-RL	5	207
MEG-RL	1	207
MEG-RL	1	207
MEG-RL	1	207
MEG-RL	1	207
MEG-RL	1	205
MEG-RL	1	206
MEG-RL	25	207
MEG-RL	1	207
MEG-RL	1	207
MEG-RL	44	207
MEG-RL	21	207
MEG-RL	1	207
MEG-RL	1	207
MEG-RL	2	207
MEG-RL	1	207
MEG-RL	2	207
MEG-RL	23	207
MEG-RL	1	205
MEG-RL	1	206
MEG-RL	17	207
MEG-RL	1	207
MEG-RL	1	206
MEG-RL	1	195
MEG-RL	1	206
MEG-RL	1	206
MEG-RL	1	206
MEG-RL	35	207
MEG-RL	1	207
MEG-RL	1	206
MEG-RL	1	180
MEG-RL	1	206
MEG-RL	2	205
MEG-RL	1	207
MEG-RL	1	207
MEG-RL	49	207
MEG-RL	1	207
MEG-RL	1	207
MEG-RL	1	162
MEG-RL	1	207
MEG-RL	22	207
MEG-RL	31	206
MEG-RL	1	198
MEG-RL	1	207
MEG-RL	3	207
MEG-RL	1	206
MEG-RL	5	171
MEG-RL	1	207
MEG-RL	1	206
MEG-RL	1	205
MEG-RL	19	183
MEG-RL	1	207
MEG-RL	1	207
MEG-RL	2	207
MEG-RL	1	207
MEG-RL	1	207
MEG-RL	1	207
MEG-RL	7	207
MEG-RL	3	207
MEG-RL	15	206
MEG-RL	1	207
MEG-RL	45	207
MEG-RL	14	207
MEG-RL	14	204
MEG-RL	1	207
MEG-RL	1	207
MEG-RL	16	207
MEG-RL	34	207
MEG-RL	1	207
MEG-RL	1	207
MEG-RL	1	207
MEG-RL	1	207
MEG-RL	1	166
MEG-RL	1	207
MEG-RL	1	207
MEG-RL	21	206
MEG-RL	1	202
MEG-RL	1	207
MEG-RL	1	207
MEG-RL	34	206
MEG-RL	1	207
MEG-RL	4	204
MEG-RL	32	207
MEG-RL	1	207
MEG-RL	1	206
MEG-RL	19	207
MEG-RL	1	206
MEG-RL	1	204
MEG-RL	3	207
MEG-RL	1	206
MEG-RL	1	207
MEG-RL	7	207
MEG-RL	1	168
MEG-RL	2	207
MEG-RL	2	206
MEG-RL	1	207
MEG-RL	2	203
MEG-RL	1	206
MEG-RL	1	189
MEG-RL	23	207
MEG-RL	1	205
MEG-RL	1	207
MEG-RL	1	155
MEG-RL	27	207
MEG-RL	2	207
MEG-RL	38	206
MEG-RL	21	206
MEG-RL	23	207
MEG-RL	1	207
MEG-RL	1	207
MEG-RL	4	207
MEG-RL	2	207
MEG-RL	1	207
MEG-RL	1	183
MEG-RL	1	207
MEG-RL	2	196
MEG-RL	2	207
MEG-RL	1	168
MEG-RL	1	207
MEG-RL	2	190
MEG-RL	2	207
MEG-RL	1	205
MEG-RL	11	207
MEG-RL	1	206
MEG-RL	2	207
MEG-RL	23	207
MEG-RL	3	207
MEG-RL	1	207
MEG-RL	1	207
MEG-RL	2	206
MEG-RL	16	207
MEG-RL	1	207
MEG-RL	2	207
MEG-RL	1	207
MEG-RL	1	207
MEG-RL	1	204
MEG-RL	1	203
MEG-RL	1	206
MEG-RL	39	207
MEG-RL	1	207
MEG-RL	2	207
MEG-RL	2	207
MEG-RL	1	207
MEG-RL	1	206
MEG-RL	2	207
MEG-RL	1	207
MEG-RL	1	207
MEG-RL	19	207
MEG-RL	1	196
MEG-RL	2	207
MEG-RL	1	207
MEG-RL	1	206
MEG-RL	2	205
MEG-RL	1	207
MEG-RL	1	207
MEG-RL	1	205
MEG-RL	5	207
MEG-RL	1	207
MEG-RL	1	205
MEG-RL	1	207
MEG-RL	1	207
MEG-RL	1	207
MEG-RL	1	207
MEG-RL	1	206
MEG-RL	1	206
MEG-RL	1	205
MEG-RL	1	206
MEG-RL	1	207
MEG-RL	1	206
MEG-RL	1	207
MEG-RL	1	207
MEG-RL	2	201
MEG-RS	2	166
MEG-RS	1	155
MEG-RS	2	163
MEG-RL	36	206
MEG-RL	26	207
MEG-RS	1	155
MEG-RL	40	207
MEG-RL	37	207
MEG-RL	36	207
MEG-RL	12	207
MEG-RL	41	207
MEG-RL	47	203
MEG-RL	38	207
MEG-RL	32	207
MEG-RL	2	167
MEG-RL	36	207
MEG-RL	38	207
MEG-RL	30	207
MEG-RL	2	185
MEG-RL	38	207
MEG-RL	1	173
MEG-RL	2	173
MEG-RL	32	207
MEG-RL	1	207
MEG-RL	1	182
MEG-RL	35	207
MEG-RL	29	207
MEG-RL	23	207
MEG-RL	41	207
MEG-RL	43	207
MEG-RL	1	168
MEG-RL	1	167
MEG-RL	32	207
MEG-RL	44	207
MEG-RL	17	207
MEG-RL	41	207
MEG-RL	1	168
MEG-RL	37	207
MEG-RL	20	198
MEG-RL	1	179
MEG-RL	22	207
MEG-RL	29	207
MEG-RL	3	204
MEG-RL	17	183
MEG-RL	39	205
MEG-RL	46	207
MEG-RL	46	207
MEG-RL	37	207
MEG-RL	17	207
MEG-RL	20	207
MEG-RL	34	207
MEG-RL	43	206
MEG-RL	26	207
MEG-RL	32	204
MEG-RL	24	207
MEG-RL	31	207
MEG-RL	1	207
MEG-RL	1	207
MEG-RL	21	207
MEG-RL	1	173
MEG-RL	27	207
MEG-RL	45	206
MEG-RL	42	207
MEG-RL	1	206
MEG-RL	2	183
MEG-RL	22	207
MEG-RL	37	207
MEG-RL	1	207
MEG-RL	2	183
MEG-RL	40	205
MEG-RL	45	205
MEG-RL	52	207
MEG-RL	3	207
MEG-RL	1	205
MEG-RL	1	207
MEG-RL	1	206
MEG-RL	37	207
MEG-RL	41	206
MEG-RL	1	207
MEG-RL	1	203
MEG-RL	1	207
MEG-RL	1	207
MEG-RL	39	203
MEG-RL	1	206
MEG-RL	40	206
MEG-RL	41	207
MEG-RL	2	206
MEG-RL	27	207
MEG-RL	29	204
MEG-RL	19	191
MEG-RL	2	207
MEG-RL	38	207
MEG-RL	1	207
MEG-RL	1	207
MEG-RL	1	207
MEG-RL	44	207
MEG-RL	15	207
MEG-RL	1	206
MEG-RL	1	206
MEG-RS	1	157
MEG-RL	10	207
MEG-RL	1	207
MEG-RL	47	207
MEG-RL	2	183
MEG-RL	2	207
MEG-RL	1	173
MEG-RL	2	207
MEG-RL	26	207
MEG-RL	1	207
MEG-RL	1	206
MEG-RL	1	206
MEG-RL	1	207
MEG-RL	1	206
MEG-RL	2	168
MEG-RL	38	207
MEG-RL	4	207
MEG-RL	1	206
MEG-RL	25	198
MEG-RL	1	207
MEG-RL	1	207
MEG-RL	20	206
MEG-RL	1	207
MEG-RL	1	207
MEG-RL	1	207
MEG-RL	47	207
MEG-RL	1	159
MEG-RL	2	200
MEG-RL	3	206
MEG-RL	33	207
MEG-RL	3	194
MEG-RL	38	207
MEG-RL	49	207
MEG-RL	1	168
MEG-RL	2	207
MEG-RL	1	206
MEG-RL	19	207
MEG-RL	1	207
MEG-RL	25	207
MEG-RL	41	207
MEG-RL	1	207
MEG-RL	1	207
MEG-RL	39	207
MEG-RL	2	206
MEG-RL	1	207
MEG-RL	2	207
MEG-RL	2	207
MEG-RL	1	207
MEG-RL	1	202
MEG-RL	47	190
MEG-RL	1	173
MEG-RL	2	207
MEG-RL	1	207
MEG-RL	37	207
MEG-RL	22	207
MEG-RL	1	206
MEG-RL	1	207
MEG-RL	7	206
MEG-RL	4	206
MEG-RL	1	206
MEG-RL	24	207
MEG-RL	14	200
MEG-RL	3	206
MEG-RL	1	207
MEG-RL	1	206
MEG-RL	1	207
MEG-RL	1	166
MEG-RL	35	207
MEG-RL	1	204
MEG-RL	1	207
MEG-RL	1	204
MEG-RL	1	207
MEG-RL	1	207
MEG-RL	2	207
MEG-RL	2	164
MEG-RL	7	183
MEG-RL	24	206
MEG-RL	1	207
MEG-RL	1	201
MEG-RL	13	207
MEG-RL	1	204
MEG-RL	1	207
MEG-RL	37	207
MEG-RL	2	207
MEG-RL	3	207
MEG-RL	3	206
MEG-RL	17	172
MEG-RL	2	207
MEG-RL	2	207
MEG-RL	1	207
MEG-RL	1	207
MEG-RL	14	183
MEG-RL	4	205
MEG-RL	39	207
MEG-RL	1	187
MEG-RL	1	207
MEG-RL	1	207
MEG-RL	1	207
MEG-RL	1	203
MEG-RL	47	206
MEG-RL	34	205
MEG-RL	1	163
MEG-RL	1	169
MEG-RL	1	207
MEG-RL	25	207
MEG-RL	22	207
MEG-RL	1	207
MEG-RL	1	207
MEG-RL	1	207
MEG-RL	1	207
MEG-RL	2	206
MEG-RL	1	207
MEG-RL	42	207
MEG-RL	42	207
MEG-RL	1	173
MEG-RL	2	206
MEG-RL	1	207
MEG-RS	1	137
MEG-RL	21	196
MEG-RL	1	206
MEG-RL	1	206
MEG-RL	23	205
MEG-RL	1	169
MEG-RL	1	185
MEG-RL	2	205
MEG-RL	1	157
MEG-RL	44	207
MEG-RL	1	207
MEG-RL	1	204
MEG-RL	20	204
MEG-RL	1	197
MEG-RL	2	207
MEG-RL	2	207
MEG-RL	48	207
MEG-RL	1	204
MEG-RL	1	207
MEG-RL	1	206
MEG-RL	1	207
MEG-RL	4	196
MEG-RL	14	206
MEG-RL	1	206
MEG-RL	1	205
MEG-RL	1	207
MEG-RL	23	207
MEG-RL	1	203
MEG-RL	1	207
MEG-RL	1	207
MEG-RL	1	207
MEG-RL	1	207
MEG-RL	1	207
MEG-RL	1	163
MEG-RL	2	182
MEG-RL	33	205
MEG-RL	1	207
MEG-RL	1	201
MEG-RL	23	207
MEG-RL	1	199
MEG-RL	1	207
MEG-RS	1	147
MEG-RL	1	167
MEG-RL	2	207
MEG-RL	11	207
MEG-RL	3	170
MEG-RL	1	183
MEG-RS	1	141
MEG-RL	2	175
MEG-RL	1	207
MEG-RL	14	207
MEG-RL	1	207
MEG-RL	1	207
MEG-RL	1	206
MEG-RS	1	148
MEG-RL	30	204
MEG-RL	39	207
MEG-RL	42	207
MEG-RL	1	207
MEG-RL	1	207
MEG-RS	1	137
MEG-RS	1	137
MEG-RS	1	137
MEG-RL	40	206
MEG-RL	1	174
MEG-RL	2	206
MEG-RL	13	204
MEG-RL	2	183
MEG-RL	1	207
MEG-RL	1	207
MEG-RL	21	207
MEG-RL	18	206
MEG-RL	5	207
MEG-RL	1	206
MEG-RS	1	145
MEG-RL	36	207
MEG-RL	15	207
MEG-RL	39	194
MEG-RL	42	206
MEG-RL	42	207
MEG-RL	1	207
MEG-RL	1	207
MEG-RL	7	205
MEG-RL	11	207
MEG-RL	1	205
MEG-RL	38	207
MEG-RL	1	193
MEG-RL	1	207
MEG-RL	1	207
MEG-RS	1	138
MEG-RL	31	206
MEG-RL	40	207
MEG-RL	1	207
MEG-RL	31	203
MEG-RL	13	207
MEG-RL	1	206
MEG-RL	1	207
MEG-RL	1	206
MEG-RS	2	137
MEG-RL	1	164
MEG-RL	49	207
MEG-RL	1	199
MEG-RL	3	177
MEG-RS	3	155
MEG-RL	40	207
MEG-RL	2	207
MEG-RL	1	207
MEG-RL	29	207
MEG-RL	40	207
MEG-RS	1	147
MEG-RL	50	207
MEG-RS	2	139
MEG-RS	1	137
MEG-RS	1	154
MEG-RL	4	166
MEG-RS	1	137
MEG-RL	1	170
MEG-RL	34	202
MEG-RL	1	166
MEG-RL	43	207
MEG-RL	45	207
MEG-RS	1	137
MEG-RL	2	199
MEG-RL	1	207
MEG-RL	49	207
MEG-RL	29	205
MEG-RL	34	192
MEG-RL	1	207
MEG-RL	36	207
MEG-RL	1	195
MEG-RL	24	203
MEG-RL	49	207
MEG-RL	1	202
MEG-RS	1	137
MEG-RL	54	207
MEG-RL	1	192
MEG-RL	1	207
MEG-RL	3	207
MEG-RL	1	205
MEG-RL	3	207
MEG-RL	2	207
MEG-RL	35	207
MEG-RS	1	156
MEG-RL	1	207
MEG-RL	1	204
MEG-RL	49	206
MEG-RS	1	155
MEG-RS	1	141
MEG-RL	30	207
MEG-RL	1	207
MEG-RL	1	207
MEG-RS	1	148
MEG-RS	1	137
MEG-RL	42	206
MEG-RL	45	206
MEG-RL	1	206
MEG-RL	3	206
MEG-RL	1	207
MEG-RL	1	145
MEG-RS	1	138
MEG-RL	2	196
MEG-RL	10	207
MEG-RS	1	145
MEG-RS	1	153
MEG-RL	1	186
MEG-RL	1	205
MEG-RL	11	205
MEG-RS	2	147
MEG-RS	1	137
MEG-RS	1	137
MEG-RS	1	137
MEG-RL	1	206
MEG-RL	49	204
MEG-RL	1	167
MEG-RL	1	207
MEG-RL	19	204
MEG-RL	3	207
MEG-RL	1	204
MEG-RS	4	147
MEG-RL	41	206
MEG-RL	1	207
MEG-RL	1	207
MEG-RS	1	142
MEG-RS	1	156
MEG-RS	1	137
MEG-RS	1	151
MEG-RL	38	196
MEG-RS	1	137
MEG-RL	1	197
MEG-RS	1	207
MEG-RL	1	189
MEG-RS	1	140
MEG-RS	1	138
MEG-RL	1	207
MEG-RL	24	206
MEG-RL	2	206
MEG-RS	3	147
MEG-RS	1	136
MEG-RS	1	136
MEG-RS	1	141
MEG-RL	1	207
MEG-RS	2	205
MEG-RS	1	156
MEG-RS	1	145
MEG-RS	1	137
MEG-RS	1	149
MEG-RL	52	207
MEG-RS	1	148
MEG-RL	1	192
MEG-RL	21	207
MEG-RL	43	205
MEG-RS	1	141
MEG-RS	1	137
MEG-RS	1	137
MEG-RL	56	207
MEG-RL	1	207
MEG-RL	1	180
MEG-RL	1	172
MEG-RL	2	207
MEG-RS	1	139
MEG-RS	1	144
MEG-RL	53	206
MEG-RL	1	168
MEG-RL	45	207
MEG-RL	49	207
MEG-RL	1	162
MEG-RL	1	170
MEG-RS	2	143
MEG-RS	1	137
MEG-RS	1	137
MEG-RS	1	137
MEG-RS	1	137
MEG-RS	1	137
MEG-RS	1	137
MEG-RS	1	137
MEG-RS	1	137
MEG-RS	1	137
MEG-RL	1	207
MEG-RS	1	141
MEG-RS	1	135
MEG-RS	1	135
MEG-RS	1	141
MEG-RS	1	135
MEG-RS	1	135
MEG-RL	41	206
MEG-RL	49	207
MEG-RL	1	207
MEG-RL	2	207
MEG-RL	14	207
MEG-RL	25	206
MEG-RL	2	207
MEG-RS	1	137
MEG-RS	1	141
MEG-RS	1	133
MEG-RS	1	137
MEG-RL	1	204
MEG-RL	2	206
MEG-RL	1	207
MEG-RL	2	137
MEG-RL	1	206
MEG-RS	1	155
MEG-RS	1	137
MEG-RL	25	207
MEG-RS	1	161
MEG-RL	9	207
MEG-RL	1	207
MEG-RL	11	207
MEG-RS	3	157
MEG-RS	1	138
MEG-RS	3	167
MEG-RL	1	152
MEG-RL	1	207
MEG-RL	34	207
MEG-RL	2	207
MEG-RS	1	142
MEG-RS	1	136
MEG-RL	26	183
MEG-RS	1	136
MEG-RL	3	207
MEG-RS	1	207
MEG-RL	1	207
MEG-RS	1	134
MEG-RS	1	134
MEG-RS	1	137
MEG-RS	1	134
MEG-RS	1	173
MEG-RL	1	206
MEG-RL	10	207
MEG-RL	2	183
MEG-RS	1	137
MEG-RL	2	197
MEG-RL	1	206
MEG-RS	1	141
MEG-RS	1	141
MEG-RS	1	155
MEG-RS	1	137
MEG-RS	1	149
MEG-RL	1	183
MEG-RL	1	195
MEG-RS	1	141
MEG-RL	1	205
MEG-RL	1	206
MEG-RL	1	206
MEG-RS	1	128
MEG-RS	1	137
MEG-RS	1	137
MEG-RS	1	137
MEG-RS	1	137
MEG-RS	1	137
MEG-RS	1	137
MEG-RS	1	137
MEG-RL	1	137
MEG-RS	1	137
MEG-RL	1	203
MEG-RL	1	137
MEG-RL	36	207
MEG-RS	1	185
MEG-RL	1	207
MEG-RL	1	207
MEG-RL	1	207
MEG-RS	2	147
MEG-RS	1	138
MEG-RS	3	137
MEG-RS	1	135
MEG-RS	2	136
MEG-RS	1	157
MEG-RL	1	204
MEG-RL	51	207
MEG-RS	3	137
MEG-RL	47	206
MEG-RL	1	204
MEG-RL	2	207
MEG-RS	2	134
MEG-RS	2	134
MEG-RS	1	159
MEG-RS	1	137
MEG-RL	36	183
MEG-RL	1	207
MEG-RS	1	131
MEG-RS	1	137
MEG-RS	3	137
MEG-RS	1	145
MEG-RS	1	164
MEG-RL	2	207
MEG-RL	1	193
MEG-RL	1	207
MEG-RS	1	129
MEG-RS	1	138
MEG-RS	1	138
MEG-RS	1	147
MEG-RL	48	207
MEG-RS	1	129
MEG-RL	2	207
MEG-RL	1	207
MEG-RL	38	207
MEG-RL	1	207
MEG-RS	1	136
MEG-RS	1	136
MEG-RS	1	150
MEG-RS	1	136
MEG-RS	1	136
MEG-RS	1	137
MEG-RS	2	137
MEG-RS	2	161
MEG-RL	22	207
MEG-RS	1	141
MEG-RS	1	136
MEG-RL	1	186
MEG-RS	2	135
MEG-RS	2	137
MEG-RS	1	134
MEG-RS	1	134
MEG-RS	1	147
MEG-RS	1	155
MEG-RS	1	143
MEG-RS	1	143
MEG-RS	1	134
MEG-RS	1	134
MEG-RL	1	207
MEG-RL	1	134
MEG-RS	3	134
MEG-RS	1	138
MEG-RS	1	137
MEG-RS	1	141
MEG-RL	12	176
MEG-RL	1	147
MEG-RL	1	186
MEG-RL	40	207
MEG-RL	1	207
MEG-RL	1	137
MEG-RS	1	139
MEG-RS	1	136
MEG-RS	1	155
MEG-RS	1	142
MEG-RL	52	206
MEG-RS	1	166
MEG-RS	1	130
MEG-RS	2	138
MEG-RS	1	134
MEG-RS	1	137
MEG-RS	1	137
MEG-RS	1	137
MEG-RS	1	137
MEG-RS	1	137
MEG-RS	1	137
MEG-RS	1	137
MEG-RS	1	137
MEG-RS	1	137
MEG-RS	1	137
MEG-RS	1	153
MEG-RL	48	207
MEG-RL	1	194
MEG-RL	1	207
MEG-RS	3	135
MEG-RS	1	133
MEG-RS	1	133
MEG-RS	1	133
MEG-RS	1	137
MEG-RS	1	133
MEG-RS	1	137
MEG-RS	1	135
MEG-RL	1	190
MEG-RL	1	166
MEG-RL	3	206
MEG-RS	2	137
MEG-RS	1	137
MEG-RS	1	140
MEG-RS	1	156
MEG-RS	1	179
MEG-RL	49	207
MEG-RS	1	137
MEG-RL	2	207
MEG-RL	9	206
MEG-RL	2	207
MEG-RL	1	207
MEG-RS	2	139
MEG-RS	1	138
MEG-RS	1	131
MEG-RS	1	138
MEG-RS	1	138
MEG-RL	1	207
MEG-RL	1	207
MEG-RS	1	136
MEG-RS	1	136
MEG-RS	1	136
MEG-RL	1	156
MEG-RL	1	167
MEG-RS	1	136
MEG-RS	3	136
MEG-RS	1	134
MEG-RS	1	134
MEG-RS	1	134
MEG-RS	1	134
MEG-RS	1	134
MEG-RL	10	206
MEG-RS	1	176
MEG-RL	1	197
MEG-RS	1	146
MEG-RS	1	203
MEG-RS	1	147
MEG-RS	1	138
MEG-RS	1	132
MEG-RS	3	149
MEG-RS	2	137
MEG-RS	1	156
MEG-RL	1	207
MEG-RL	20	207
MEG-RL	1	207
MEG-RL	1	207
MEG-RL	1	206
MEG-RL	37	207
MEG-RS	1	130
MEG-RS	1	130
MEG-RS	1	139
MEG-RS	1	148
MEG-RS	1	139
MEG-RL	17	207
MEG-RL	1	207
MEG-RL	1	207
MEG-RS	1	137
MEG-RS	1	137
MEG-RS	1	137
MEG-RS	1	137
MEG-RS	1	137
MEG-RS	1	137
MEG-RS	1	137
MEG-RS	1	150
MEG-RS	1	170
MEG-RL	57	207
MEG-RL	39	198
MEG-RL	47	207
MEG-RS	2	136
MEG-RL	1	207
MEG-RL	2	205
MEG-RL	1	207
MEG-RL	3	137
MEG-RS	3	141
MEG-RS	1	137
MEG-RS	1	138
MEG-RS	1	137
MEG-RS	1	133
MEG-RS	1	138
MEG-RS	1	131
MEG-RS	2	137
MEG-RS	1	137
MEG-RS	1	137
MEG-RS	1	136
MEG-RS	1	150
MEG-RL	2	207
MEG-RS	2	145
MEG-RS	1	138
MEG-RS	1	138
MEG-RS	1	138
MEG-RS	1	138
MEG-RL	1	207
MEG-RL	1	129
MEG-RS	1	136
MEG-RS	1	136
MEG-RS	1	151
MEG-RS	1	141
MEG-RL	48	204
MEG-RS	1	134
MEG-RS	1	134
MEG-RS	1	134
MEG-RS	1	134
MEG-RS	1	134
MEG-RL	1	205
MEG-RS	1	151
MEG-RS	1	141
MEG-RS	1	150
MEG-RL	19	207
MEG-RL	1	207
MEG-RL	1	207
MEG-RL	1	206
MEG-RS	1	154
MEG-RS	1	148
MEG-RL	1	183
MEG-RL	3	193
MEG-RL	1	186
MEG-RL	2	207
MEG-RS	1	137
MEG-RS	1	137
MEG-RL	1	206
MEG-RL	45	207
MEG-RL	1	206
MEG-RL	1	206
MEG-RS	1	140
MEG-RS	1	141
MEG-RL	54	207
MEG-RL	1	207
MEG-RL	1	207
MEG-RL	1	207
MEG-RS	1	137
MEG-RS	1	148
MEG-RS	1	137
MEG-RL	49	202
MEG-RL	1	173
MEG-RL	1	137
MEG-RS	1	138
MEG-RS	1	147
MEG-RL	49	207
MEG-RS	1	136
MEG-RS	1	141
MEG-RS	1	137
MEG-RS	1	175
MEG-RL	1	193
MEG-RL	1	207
MEG-RS	1	134
MEG-RS	1	167
MEG-RS	1	149
MEG-RL	1	147
MEG-RL	1	206
MEG-RL	1	206
MEG-RS	1	134
MEG-RL	3	192
MEG-RL	3	136
MEG-RS	1	141
MEG-RS	1	137
MEG-RL	1	166
MEG-RL	4	207
MEG-RL	1	174
MEG-RL	1	207
MEG-RS	1	137
MEG-RS	1	137
MEG-RS	1	137
MEG-RS	1	137
MEG-RL	49	196
MEG-RL	1	207
MEG-RS	1	152
MEG-RS	3	136
MEG-RL	1	207
MEG-RL	56	207
MEG-RS	1	148
MEG-RS	1	133
MEG-RL	1	148
MEG-RS	1	136
MEG-RL	2	183
MEG-RL	3	164
MEG-RL	1	206
MEG-RS	1	153
MEG-RS	1	132
MEG-RS	1	137
MEG-RL	1	206
MEG-RL	1	206
MEG-RL	1	148
MEG-RS	1	136
MEG-RL	18	207
MEG-RL	2	137
MEG-RS	1	134
MEG-RS	1	134
MEG-RS	1	134
MEG-RL	1	183
MEG-RL	52	207
MEG-RL	1	167
MEG-RL	1	207
MEG-RL	1	207
MEG-RL	1	137
MEG-RL	1	198
MEG-RL	1	155
MEG-RL	1	137
MEG-RL	7	206
MEG-RL	2	206
MEG-RL	12	137
MEG-RL	1	207
MEG-RL	1	207
MEG-RL	1	198
MEG-RL	1	137
MEG-RL	1	206
MEG-RL	1	188
MEG-RL	1	207
MEG-RL	1	204
MEG-RL	1	207
MEG-RL	1	194
MEG-RL	1	129
MEG-RL	3	207
MEG-RL	1	203
MEG-RL	1	207
MEG-RL	1	207
MEG-RL	2	206
MEG-RL	50	207
MEG-RL	2	177
MEG-RL	1	207
MEG-RL	1	207
MEG-RL	28	207
MEG-RL	1	141
MEG-RL	1	133
MEG-RL	1	184
MEG-RL	1	187
MEG-RL	1	188
MEG-RL	1	199
MEG-RL	16	207
MEG-RL	1	206
MEG-RL	1	147
MEG-RL	2	206
MEG-RL	52	206
MEG-RL	1	207
MEG-RL	9	207
MEG-RL	1	207
MEG-RL	1	171
MEG-RL	1	207
MEG-RL	1	207
MEG-RL	1	207
MEG-RL	17	207
MEG-RL	1	132
MEG-RL	1	169
MEG-RL	1	205
MEG-RL	24	207
MEG-RL	1	206
MEG-RL	1	185
MEG-RL	43	207
MEG-RL	1	206
MEG-RL	9	207
MEG-RL	46	207
MEG-RL	8	207
MEG-RL	49	207
MEG-RL	27	206
MEG-RL	1	207
MEG-RL	33	207
MEG-RL	1	207
MEG-RL	1	145
MEG-RL	1	176
MEG-RL	1	136
MEG-RL	7	142
MEG-RL	1	204
MEG-RL	2	207
MEG-RL	2	136
MEG-RL	1	207
MEG-RL	1	207
MEG-RL	23	203
MEG-RL	1	201
MEG-RL	44	207
MEG-RL	42	206
MEG-RL	58	207
MEG-RL	1	204
MEG-RL	1	204
MEG-RL	1	207
MEG-RL	1	205
MEG-RL	1	127
MEG-RL	1	201
MEG-RL	1	137
MEG-RL	1	145
MEG-RL	1	136
MEG-RL	1	161
MEG-RL	1	207
MEG-RL	1	204
MEG-RL	1	206
MEG-RL	30	207
MEG-RL	2	205
MEG-RL	70	207
MEG-RL	7	128
MEG-RL	2	162
MEG-RL	31	207
MEG-RL	15	207
MEG-RL	17	207
MEG-RL	1	199
MEG-RL	1	207
MEG-RL	15	206
MEG-RL	1	137
MEG-RL	2	137
MEG-RL	23	138
MEG-RL	1	207
MEG-RL	7	155
MEG-RL	1	137
MEG-RL	53	207
MEG-RL	17	206
MEG-RL	1	152
MEG-RL	1	206
MEG-RL	5	148
MEG-RL	1	207
MEG-RL	4	167
MEG-RL	26	207
MEG-RL	2	137
MEG-RL	50	207
MEG-RL	1	207
MEG-RL	2	205
MEG-RL	17	206
MEG-RL	1	133
MEG-RL	1	137
MEG-RL	49	207
MEG-RL	1	138
MEG-RL	1	207
MEG-RL	5	206
MEG-RL	1	207
MEG-RL	1	159
MEG-RL	78	206
MEG-RL	1	131
MEG-RL	1	201
MEG-RL	71	207
MEG-RL	49	207
MEG-RL	1	132
MEG-RL	73	206
MEG-RL	1	197
MEG-RL	98	207
MEG-RL	1	206
MEG-RL	1	207
MEG-RL	1	160
MEG-RL	2	137
MEG-RL	17	137
MEG-RL	3	147
MEG-RL	1	137
MEG-RL	2	166
MEG-RL	1	207
MEG-RL	32	184
MEG-RL	90	207
MEG-RL	4	137
MEG-RL	3	136
MEG-RL	1	205
MEG-RL	1	154
MEG-RL	42	207
MEG-RL	13	207
MEG-RL	1	137
MEG-RL	66	207
MEG-RL	1	207
MEG-RL	38	204
MEG-RL	1	138
MEG-RL	1	137
MEG-RL	72	207
MEG-RL	1	207
MEG-RL	53	206
MEG-RL	74	205
MEG-RL	63	207
MEG-RL	1	138
MEG-RL	55	204
MEG-RL	1	207
MEG-RS	2	156
MEG-RS	1	158
MEG-RS	1	150
MEG-RS	3	151
MEG-RS	1	137
MEG-RS	1	148
MEG-RS	1	137
MEG-RS	2	138
MEG-RS	2	147
MEG-RS	1	137
MEG-RS	1	154
MEG-RS	1	137
MEG-RS	1	162
MEG-RS	1	138
MEG-RS	1	137
MEG-RS	1	147
MEG-RS	1	137
MEG-RS	1	137
MEG-RS	1	137
MEG-RS	1	137
MEG-RS	1	143
MEG-RS	2	147
MEG-RS	5	137
MEG-RS	1	147
MEG-RS	1	150
MEG-RS	1	131
MEG-RS	1	156
MEG-RS	1	129
MEG-RS	1	143
MEG-RS	2	137
MEG-RS	1	136
MEG-RS	1	141
MEG-RS	2	137
MEG-RS	1	167
MEG-RS	1	148
MEG-RS	1	181
MEG-RS	1	134
MEG-RS	1	137
MEG-RS	1	164
MEG-RS	2	166
MEG-RS	1	141
MEG-RS	1	141
MEG-RS	1	152
MEG-RS	1	155
MEG-RS	1	150
MEG-RS	1	163
MEG-RS	3	137
MEG-RS	2	137
MEG-RS	1	137
MEG-RS	1	137
MEG-RS	1	137
MEG-RS	1	137
MEG-RS	1	137
MEG-RS	1	155
MEG-RS	1	137
MEG-RS	1	137
MEG-RS	1	137
MEG-RS	1	137
MEG-RS	1	137
MEG-RS	1	137
MEG-RS	1	137
MEG-RS	1	137
MEG-RS	3	154
MEG-RS	1	137
MEG-RS	2	136
MEG-RS	1	135
MEG-RS	1	141
MEG-RS	1	137
MEG-RS	1	137
MEG-RS	1	137
MEG-RS	1	146
MEG-RS	1	157
MEG-RS	1	133
MEG-RS	3	135
MEG-RS	1	138
MEG-RS	1	137
MEG-RS	1	145
MEG-RS	1	145
MEG-RS	1	137
MEG-RS	1	148
MEG-RS	1	138
MEG-RS	1	138
MEG-RS	1	147
MEG-RS	1	138
MEG-RS	2	137
MEG-RS	2	137
MEG-RS	3	137
MEG-RS	1	136
MEG-RS	1	145
MEG-RS	1	138
MEG-RS	1	136
MEG-RS	1	136
MEG-RS	1	134
MEG-RS	1	137
MEG-RS	1	161
MEG-RS	1	147
MEG-RS	1	145
MEG-RS	1	134
MEG-RS	1	134
MEG-RS	1	166
MEG-RS	1	155
MEG-RS	1	143
MEG-RS	2	135
MEG-RS	1	137
MEG-RS	1	137
MEG-RS	1	137
MEG-RS	1	141
MEG-RS	1	137
MEG-RS	1	137
MEG-RS	1	141
MEG-RS	1	137
MEG-RS	1	137
MEG-RS	1	132
MEG-RS	1	171
MEG-RS	1	138
MEG-RS	1	165
MEG-RS	1	150
MEG-RS	1	137
MEG-RS	1	137
MEG-RS	1	139
MEG-RS	1	148
MEG-RS	1	148
MEG-RS	2	137
MEG-RS	1	163
MEG-RS	3	137
MEG-RS	1	139
MEG-RS	2	137
MEG-RS	1	137
MEG-RS	1	137
MEG-RS	1	137
MEG-RS	1	137
MEG-RS	1	137
MEG-RS	1	137
MEG-RS	1	137
MEG-RS	1	137
MEG-RS	1	137
MEG-RS	1	137
MEG-RS	1	137
MEG-RS	1	137
MEG-RS	1	137
MEG-RS	1	137
MEG-RS	1	137
MEG-RS	1	137
MEG-RS	1	137
MEG-RS	1	137
MEG-RS	1	137
MEG-RS	1	137
MEG-RS	1	189
MEG-RS	1	143
MEG-RS	1	137
MEG-RS	1	137
MEG-RS	1	139
MEG-RS	2	138
MEG-RS	3	153
MEG-RS	1	144
MEG-RS	1	141
MEG-RS	1	137
MEG-RS	1	158
MEG-RS	1	140
MEG-RS	1	145
MEG-RS	1	162
MEG-RS	3	137
MEG-RS	1	137
MEG-RS	1	137
MEG-RS	1	163
MEG-RS	1	137
MEG-RS	1	142
MEG-RS	1	137
MEG-RS	1	147
MEG-RS	4	136
MEG-RS	1	142
MEG-RS	2	143
MEG-RS	1	133
MEG-RS	1	178
MEG-RS	2	143
MEG-RS	1	155
MEG-RS	2	134
MEG-RS	1	156
MEG-RS	1	139
MEG-RS	7	137
MEG-RS	1	131
MEG-RS	1	147
MEG-RS	1	137
MEG-RS	1	131
MEG-RS	1	137
MEG-RS	1	137
MEG-RS	1	136
MEG-RS	1	154
MEG-RS	1	137
MEG-RS	1	137
MEG-RS	1	131
MEG-RS	1	155
MEG-RS	1	137
MEG-RS	1	140
MEG-RS	1	137
MEG-RS	1	138
MEG-RS	1	138
MEG-RS	1	147
MEG-RS	1	147
MEG-RS	1	142
MEG-RS	1	163
MEG-RS	1	164
MEG-RS	1	174
MEG-RS	1	176
MEG-RS	2	137
MEG-RS	2	137
MEG-RS	2	137
MEG-RS	1	136
MEG-RS	1	136
MEG-RS	2	137
MEG-RS	1	136
MEG-RS	5	137
MEG-RS	2	137
MEG-RS	2	137
MEG-RS	2	137
MEG-RS	1	136
MEG-RS	1	136
MEG-RS	1	136
MEG-RS	1	136
MEG-RS	1	154
MEG-RS	1	136
MEG-RS	1	136
MEG-RS	1	136
MEG-RS	2	137
MEG-RS	1	137
MEG-RS	1	162
MEG-RS	4	137
MEG-RS	1	134
MEG-RS	1	148
MEG-RS	1	138
MEG-RS	1	134
MEG-RS	1	138
MEG-RS	1	179
MEG-RS	2	148
MEG-RS	1	165
MEG-RS	1	134
MEG-RS	1	155
MEG-RS	1	143
MEG-RS	2	148
MEG-RS	2	155
MEG-RS	1	141
MEG-RS	2	158
MEG-RS	1	137
MEG-RS	2	137
MEG-RS	1	141
MEG-RS	3	176
MEG-RS	1	162
MEG-RS	1	132
MEG-RS	1	137
MEG-RS	1	137
MEG-RS	1	137
MEG-RS	1	137
MEG-RS	1	132
MEG-RS	1	134
MEG-RS	1	141
MEG-RS	2	137
MEG-RS	1	136
MEG-RS	1	130
MEG-RS	1	130
MEG-RS	3	186
MEG-RS	1	207
MEG-RS	1	174
MEG-RS	2	137
MEG-RS	3	141
MEG-RS	1	143
MEG-RS	1	148
MEG-RS	1	156
MEG-RS	1	137
MEG-RS	1	137
MEG-RS	1	137
MEG-RS	1	137
MEG-RS	1	137
MEG-RS	1	137
MEG-RS	1	137
MEG-RS	1	137
MEG-RS	1	137
MEG-RS	1	137
MEG-RS	1	137
MEG-RS	1	137
MEG-RS	1	137
MEG-RS	1	137
MEG-RS	1	137
MEG-RS	1	137
MEG-RS	1	137
MEG-RS	2	147
MEG-RS	1	137
MEG-RS	1	134
MEG-RS	1	137
MEG-RS	1	137
MEG-RS	1	137
MEG-RS	1	139
MEG-RS	1	137
MEG-RS	1	137
MEG-RS	1	137
MEG-RS	1	137
MEG-RS	1	137
MEG-RS	1	137
MEG-RS	1	137
MEG-RS	2	138
MEG-RS	1	137
MEG-RS	1	137
MEG-RS	1	137
MEG-RS	1	148
MEG-RS	1	149
MEG-RS	1	156
MEG-RS	1	143
MEG-RS	1	148
MEG-RS	2	189
MEG-RS	2	137
MEG-RS	1	135
MEG-RS	3	137
MEG-RS	3	137
MEG-RS	2	136
MEG-RS	3	137
MEG-RS	1	143
MEG-RS	1	133
MEG-RS	3	135
MEG-RS	2	139
MEG-RS	1	142
MEG-RS	1	133
MEG-RS	1	133
MEG-RS	2	134
MEG-RS	1	133
MEG-RS	1	137
MEG-RS	2	140
MEG-RS	1	137
MEG-RS	1	137
MEG-RS	1	142
MEG-RS	1	137
MEG-RS	1	137
MEG-RS	1	137
MEG-RS	1	137
MEG-RS	1	137
MEG-RS	1	138
MEG-RS	2	134
MEG-RS	2	141
MEG-RS	1	136
MEG-RS	1	149
MEG-RS	1	136
MEG-RS	1	137
MEG-RS	1	137
MEG-RS	1	136
MEG-RS	1	137
MEG-RS	1	131
MEG-RS	1	137
MEG-RS	1	137
MEG-RS	2	137
MEG-RS	2	141
MEG-RS	2	137
MEG-RS	1	137
MEG-RS	2	178
MEG-RS	1	131
MEG-RS	2	132
MEG-RS	2	137
MEG-RS	1	137
MEG-RS	2	137
MEG-RS	1	137
MEG-RS	1	129
MEG-RS	2	169
MEG-RS	1	156
MEG-RS	1	137
MEG-RS	1	138
MEG-RS	1	138
MEG-RS	1	150
MEG-RS	1	147
MEG-RS	1	138
MEG-RS	1	147
MEG-RS	3	167
MEG-RS	1	147
MEG-RS	2	144
MEG-RS	1	138
MEG-RS	1	144
MEG-RS	2	184
MEG-RS	2	137
MEG-RS	2	137
MEG-RS	3	147
MEG-RS	1	138
MEG-RS	3	162
MEG-RS	1	136
MEG-RS	1	137
MEG-RS	1	137
MEG-RS	1	136
MEG-RS	1	136
MEG-RS	1	136
MEG-RS	1	136
MEG-RS	1	136
MEG-RS	1	137
MEG-RS	1	136
MEG-RS	2	141
MEG-RS	1	136
MEG-RS	1	136
MEG-RS	1	136
MEG-RS	2	137
MEG-RS	2	137
MEG-RS	1	136
MEG-RS	2	137
MEG-RS	2	137
MEG-RS	1	133
MEG-RS	5	161
MEG-RS	1	138
MEG-RS	1	137
MEG-RS	1	199
MEG-RS	1	137
MEG-RS	1	161
MEG-RS	1	146
MEG-RS	1	147
MEG-RS	2	135
MEG-RS	1	158
MEG-RS	1	134
MEG-RS	1	134
MEG-RS	1	137
MEG-RS	1	148
MEG-RS	1	158
MEG-RS	1	134
MEG-RS	1	138
MEG-RS	1	134
MEG-RS	1	134
MEG-RS	1	134
MEG-RS	1	137
MEG-RS	1	137
MEG-RS	1	137
MEG-RS	1	170
MEG-RS	1	150
MEG-RS	1	141
MEG-RS	1	137
MEG-RS	1	137
MEG-RS	1	147
MEG-RS	1	137
MEG-RS	1	138
MEG-RS	1	138
MEG-RS	1	137
MEG-RS	1	137
MEG-RS	1	137
MEG-RS	1	137
MEG-RS	1	137
MEG-RS	1	138
MEG-RS	1	138
MEG-RS	2	138
MEG-RS	3	137
MEG-RS	1	141
MEG-RS	2	142
MEG-RS	1	138
MEG-RS	1	141
MEG-RS	2	137
MEG-RS	1	165
MEG-RS	1	207
MEG-RS	1	143
MEG-RS	9	138
MEG-RS	1	130
MEG-RS	1	159
MEG-RS	3	132
MEG-RS	1	148
MEG-RS	1	130
MEG-RS	1	136
MEG-RS	1	143
MEG-RS	1	148
MEG-RS	1	130
MEG-RS	1	130
MEG-RS	1	135
MEG-RS	2	154
MEG-RS	1	136
MEG-RS	1	141
MEG-RS	1	148
MEG-RS	2	137
MEG-RS	4	124
MEG-RS	1	137
MEG-RS	1	143
MEG-RS	1	137
MEG-RS	1	155
MEG-RS	1	137
MEG-RS	1	137
MEG-RS	1	141
MEG-RS	1	137
MEG-RS	1	137
MEG-RS	1	137
MEG-RS	1	137
MEG-RS	1	137
MEG-RS	1	137
MEG-RS	1	137
MEG-RS	1	137
MEG-RS	1	137
MEG-RS	1	155
MEG-RS	1	141
MEG-RS	2	147
MEG-RS	1	134
MEG-RS	1	137
MEG-RS	1	137
MEG-RS	1	134
MEG-RS	1	137
MEG-RS	1	137
MEG-RS	1	137
MEG-RS	1	137
MEG-RS	2	135
MEG-RS	1	180
MEG-RS	1	148
MEG-RS	1	141
MEG-RS	2	142
MEG-RS	1	141
MEG-RS	3	137
MEG-RS	3	137
MEG-RS	3	137
MEG-RS	2	136
MEG-RS	1	135
MEG-RS	1	166
MEG-RS	1	166
MEG-RS	1	135
MEG-RS	1	135
MEG-RS	1	137
MEG-RS	1	135
MEG-RS	1	141
MEG-RS	1	137
MEG-RS	1	147
MEG-RS	1	137
MEG-RS	1	133
MEG-RS	1	133
MEG-RS	1	137
MEG-RS	1	138
MEG-RS	1	138
MEG-RS	1	137
MEG-RS	1	137
MEG-RS	3	147
MEG-RS	1	133
MEG-RS	1	137
MEG-RS	2	138
MEG-RS	2	148
MEG-RS	2	134
MEG-RS	1	142
MEG-RS	1	137
MEG-RS	1	169
MEG-RS	1	164
MEG-RS	1	131
MEG-RS	2	136
MEG-RS	1	142
MEG-RS	1	137
MEG-RS	1	146
MEG-RS	1	155
MEG-RS	2	137
MEG-RS	1	137
MEG-RS	1	137
MEG-RS	1	137
MEG-RS	1	137
MEG-RS	1	137
MEG-RS	1	137
MEG-RS	1	137
MEG-RS	2	136
MEG-RS	2	137
MEG-RS	1	137
MEG-RS	1	173
MEG-RS	1	138
MEG-RS	2	139
MEG-RS	1	138
MEG-RS	1	147
MEG-RS	1	138
MEG-RS	1	138
MEG-RS	1	134
MEG-RS	3	137
MEG-RS	1	137
MEG-RS	1	151
MEG-RS	1	179
MEG-RS	2	130
MEG-RS	1	142
MEG-RS	2	137
MEG-RS	11	155
MEG-RS	1	133
MEG-RS	1	138
MEG-RS	1	138
MEG-RS	3	138
MEG-RS	2	137
MEG-RS	1	136
MEG-RS	2	137
MEG-RS	2	137
MEG-RS	1	136
MEG-RS	1	136
MEG-RS	2	137
MEG-RS	1	145
MEG-RS	1	141
MEG-RS	1	141
MEG-RS	1	136
MEG-RS	1	136
MEG-RS	1	136
MEG-RS	1	136
MEG-RS	1	136
MEG-RS	1	125
MEG-RS	1	134
MEG-RS	1	134
MEG-RS	1	134
MEG-RS	1	138
MEG-RS	1	134
MEG-RS	1	147
MEG-RS	1	137
MEG-RS	3	136
MEG-RS	3	136
MEG-RS	2	141
MEG-RS	1	137
MEG-RS	1	139
MEG-RS	1	134
MEG-RS	1	148
MEG-RS	1	141
MEG-RS	1	137
MEG-RS	1	159
MEG-RS	1	137
MEG-RS	1	137
MEG-RS	1	147
MEG-RS	1	137
MEG-RS	1	132
MEG-RS	1	137
MEG-RS	1	137
MEG-RS	1	137
MEG-RS	1	134
MEG-RS	1	132
MEG-RS	1	132
MEG-RS	1	138
MEG-RS	1	126
MEG-RS	1	141
MEG-RS	1	147
MEG-RS	1	137
MEG-RS	1	137
MEG-RS	1	139
MEG-RS	1	135
MEG-RS	1	136
MEG-RS	1	183
MEG-RS	2	131
MEG-RS	3	162
MEG-RS	1	136
MEG-RS	2	137
MEG-RS	1	136
MEG-RS	2	137
MEG-RS	1	184
MEG-RS	1	166
MEG-RS	2	129
MEG-RS	1	128
MEG-RS	1	137
MEG-RS	1	141
MEG-RS	1	137
MEG-RS	1	146
MEG-RS	1	137
MEG-RS	1	137
MEG-RS	1	137
MEG-RS	1	137
MEG-RS	1	137
MEG-RS	1	137
MEG-RS	3	141
MEG-RS	1	141
MEG-RS	5	156
MEG-RS	1	142
MEG-RS	1	137
MEG-RS	1	137
MEG-RS	1	137
MEG-RS	1	137
MEG-RS	1	137
MEG-RS	1	137
MEG-RS	1	137
MEG-RS	1	134
MEG-RS	1	137
MEG-RS	1	137
MEG-RS	4	142
MEG-RS	3	136
MEG-RS	1	137
MEG-RS	1	141
MEG-RS	1	159
MEG-RS	1	137
MEG-RS	1	141
MEG-RS	1	156
MEG-RS	4	141
MEG-RS	3	137
MEG-RS	1	183
MEG-RS	1	180
MEG-RS	1	151
MEG-RS	4	136
MEG-RS	3	135
MEG-RS	3	136
MEG-RS	1	175
MEG-RS	1	137
MEG-RS	5	128
MEG-RS	1	142
MEG-RS	1	133
MEG-RS	1	142
MEG-RS	1	138
MEG-RS	1	133
MEG-RS	1	137
MEG-RS	1	136
MEG-RS	1	133
MEG-RS	1	133
MEG-RS	1	168
MEG-RS	1	142
MEG-RS	2	143
MEG-RS	1	137
MEG-RS	1	136
MEG-RS	1	136
MEG-RS	4	134
MEG-RS	1	137
MEG-RS	1	137
MEG-RS	1	155
MEG-RS	1	131
MEG-RS	2	132
MEG-RS	1	131
MEG-RS	1	140
MEG-RS	2	137
MEG-RS	3	135
MEG-RS	2	137
MEG-RS	1	137
MEG-RS	1	140
MEG-RS	2	132
MEG-RS	8	134
MEG-RS	1	137
MEG-RS	1	137
MEG-RS	1	137
MEG-RS	1	155
MEG-RS	1	135
MEG-RS	1	140
MEG-RS	1	161
MEG-RS	1	137
MEG-RS	1	135
MEG-RS	1	147
MEG-RS	3	131
MEG-RS	1	143
MEG-RS	1	183
MEG-RS	1	120
MEG-RS	1	152
MEG-RS	1	147
MEG-RS	1	134
MEG-RS	1	149
MEG-RS	1	138
MEG-RS	1	138
MEG-RS	1	120
MEG-RS	1	120
MEG-RS	1	129
MEG-RS	2	136
MEG-RS	1	147
MEG-RS	1	135
MEG-RS	3	140
MEG-RS	1	143
MEG-RS	2	137
MEG-RS	1	136
MEG-RS	1	137
MEG-RS	2	137
MEG-RS	11	137
MEG-RS	3	129
MEG-RS	1	136
MEG-RS	1	141
MEG-RS	1	137
MEG-RS	1	136
MEG-RS	1	136
MEG-RS	1	141
MEG-RS	1	136
MEG-RS	1	155
MEG-RS	1	137
MEG-RS	1	136
MEG-RS	1	136
MEG-RS	1	137
MEG-RS	1	136
MEG-RS	1	134
MEG-RS	1	140
MEG-RS	1	138
MEG-RS	1	138
MEG-RS	1	134
MEG-RS	1	134
MEG-RS	1	134
MEG-RS	1	134
MEG-RS	1	134
MEG-RS	1	137
MEG-RS	1	134
MEG-RS	1	134
MEG-RS	1	131
MEG-RS	2	137
MEG-RS	1	134
MEG-RS	1	134
MEG-RS	1	137
MEG-RS	1	141
MEG-RS	1	141
MEG-RS	2	147
MEG-RS	2	158
MEG-RS	1	137
MEG-RS	1	134
MEG-RS	2	148
MEG-RS	2	133
MEG-RS	1	132
MEG-RS	1	182
MEG-RS	1	123
MEG-RS	1	141
MEG-RS	1	147
MEG-RS	1	137
MEG-RS	1	137
MEG-RS	1	137
MEG-RS	1	137
MEG-RS	1	137
MEG-RS	1	138
MEG-RS	1	137
MEG-RS	1	183
MEG-RS	1	142
MEG-RS	1	148
MEG-RS	1	154
MEG-RS	1	130
MEG-RS	1	130
MEG-RS	1	197
MEG-RS	1	154
MEG-RS	3	137
MEG-RS	1	137
MEG-RS	1	137
MEG-RS	2	207
MEG-RS	3	153
MEG-RS	1	144
MEG-RS	1	128
MEG-RS	1	128
MEG-RS	1	128
MEG-RS	1	137
MEG-RS	1	137
MEG-RS	1	137
MEG-RS	1	137
MEG-RS	1	143
MEG-RS	1	137
MEG-RS	1	137
MEG-RS	1	137
MEG-RS	1	141
MEG-RS	1	137
MEG-RS	1	137
MEG-RS	1	134
MEG-RS	2	165
MEG-RS	2	138
MEG-RS	1	137
MEG-RS	1	137
MEG-RS	1	137
MEG-RS	1	137
MEG-RS	1	141
MEG-RS	1	188
MEG-RS	1	132
MEG-RS	3	137
MEG-RS	1	135
MEG-RS	1	135
MEG-RS	1	137
MEG-RS	1	128
MEG-RS	1	142
MEG-RS	2	136
MEG-RS	2	171
MEG-RS	1	135
MEG-RS	1	160
MEG-RS	1	136
MEG-RS	1	137
MEG-RS	1	136
MEG-RS	1	136
MEG-RS	11	156
MEG-RS	1	144
MEG-RS	1	136
MEG-RS	1	145
MEG-RS	1	137
MEG-RS	1	207
MEG-RS	1	137
MEG-RS	1	135
MEG-RS	2	138
MEG-RS	1	129
MEG-RS	3	136
MEG-RS	1	134
MEG-RS	1	138
MEG-RS	1	143
MEG-RS	1	138
MEG-RS	1	136
MEG-RS	2	137
MEG-RS	2	137
MEG-RS	1	151
MEG-RS	2	137
MEG-RS	1	175
MEG-RS	1	136
MEG-RS	1	136
MEG-RS	1	137
MEG-RS	1	136
MEG-RS	1	136
MEG-RS	1	136
MEG-RS	1	136
MEG-RS	1	160
MEG-RS	3	138
MEG-RS	3	147
MEG-RS	1	134
MEG-RS	1	134
MEG-RS	1	134
MEG-RS	1	134
MEG-RS	1	147
MEG-RS	1	134
MEG-RS	1	154
MEG-RS	1	143
MEG-RS	1	143
MEG-RS	1	134
MEG-RS	1	147
MEG-RS	1	152
MEG-RS	1	137
MEG-RS	1	134
MEG-RS	1	137
MEG-RS	1	137
MEG-RS	1	137
MEG-RS	1	132
MEG-RS	1	132
MEG-RS	1	132
MEG-RS	1	132
MEG-RS	1	132
MEG-RS	1	137
MEG-RS	1	155
MEG-RS	1	137
MEG-RS	1	137
MEG-RS	1	137
MEG-RS	2	133
MEG-RS	1	137
MEG-RS	1	134
MEG-RS	1	138
MEG-RS	1	170
MEG-RS	1	171
MEG-RS	1	157
MEG-RS	3	132
MEG-RS	1	136
MEG-RS	1	148
MEG-RS	1	137
MEG-RS	1	137
MEG-RS	1	137
MEG-RS	1	137
MEG-RS	1	137
MEG-RS	1	137
MEG-RS	1	137
MEG-RS	1	184
MEG-RS	1	137
MEG-RS	1	128
MEG-RS	1	137
MEG-RS	1	137
MEG-RS	1	137
MEG-RS	1	157
MEG-RS	1	148
MEG-RS	3	137
MEG-RS	1	132
MEG-RS	1	150
MEG-RS	2	137
MEG-RS	1	162
MEG-RS	1	141
MEG-RS	2	137
MEG-RS	3	137
MEG-RS	2	136
MEG-RS	2	137
MEG-RS	1	181
MEG-RS	1	137
MEG-RS	1	133
MEG-RS	1	133
MEG-RS	1	137
MEG-RS	1	137
MEG-RS	1	129
MEG-RS	1	133
MEG-RS	1	133
MEG-RS	1	137
MEG-RS	1	134
MEG-RS	1	136
MEG-RS	1	131
MEG-RS	1	131
MEG-RS	1	137
MEG-RS	1	182
MEG-RS	1	137
MEG-RS	1	170
MEG-RS	1	136
MEG-RS	1	134
MEG-RS	1	138
MEG-RS	1	134
MEG-RS	1	138
MEG-RS	1	140
MEG-RS	1	134
MEG-RS	1	136
MEG-RS	1	145
MEG-RS	1	136
MEG-RS	1	156
MEG-RS	1	133
MEG-RS	1	136
MEG-RS	1	141
MEG-RS	1	138
MEG-RS	1	134
MEG-RS	1	134
MEG-RS	1	134
MEG-RS	1	134
MEG-RS	1	143
MEG-RS	1	134
MEG-RS	1	134
MEG-RS	1	143
MEG-RS	1	150
MEG-RS	1	143
MEG-RS	1	137
MEG-RS	1	132
MEG-RS	3	134
MEG-RS	2	137
MEG-RS	2	137
MEG-RS	1	130
MEG-RS	1	137
MEG-RS	1	155
MEG-RS	1	141
MEG-RS	1	128
MEG-RS	1	137
MEG-RS	1	137
MEG-RS	7	134
MEG-RS	1	137
MEG-RS	2	136
MEG-RS	7	132
MEG-RS	1	141
MEG-RS	1	137
MEG-RS	3	131
MEG-RS	1	137
MEG-RS	2	134
MEG-RS	17	134
MEG-RS	1	134
MEG-RS	1	134
MEG-RS	1	166
MEG-RS	1	163
MEG-RS	2	144
MEG-RS	2	148
MEG-RS	1	147
MEG-RS	1	155
MEG-RS	2	137
MEG-RS	1	156
MEG-RS	2	155
MEG-RS	1	144
MEG-RS	1	154
MEG-RS	1	146
MEG-RS	3	137
MEG-RS	1	146
MEG-RS	3	137
MEG-RS	2	141
MEG-RS	2	137
MEG-RS	1	154
MEG-RS	2	149
MEG-RS	2	137
MEG-RS	2	137
MEG-RS	2	137
MEG-RS	1	136
MEG-RS	1	136
MEG-RS	1	137
MEG-RS	1	138
MEG-RS	1	147
MEG-RS	1	137
MEG-RS	1	137
MEG-RS	2	137
MEG-RS	6	137
MEG-RS	3	157
MEG-RS	3	141
MEG-RS	1	139
MEG-RS	1	145
MEG-RS	1	157
MEG-RS	1	158
MEG-RS	1	152
MEG-RS	1	149
MEG-RS	1	137
MEG-RS	1	137
MEG-RS	1	137
MEG-RS	1	137
MEG-RS	1	137
MEG-RS	1	137
MEG-RS	1	137
MEG-RS	1	137
MEG-RS	5	162
MEG-RS	1	137
MEG-RS	1	137
MEG-RS	5	146
MEG-RS	3	144
MEG-RS	2	147
MEG-RS	1	137
MEG-RS	1	136
MEG-RS	1	137
MEG-RS	1	137
MEG-RS	1	148
MEG-RS	1	139
MEG-RS	1	153
MEG-RS	1	146
MEG-RS	1	137
MEG-RS	1	144
MEG-RS	1	151
MEG-RS	1	137
MEG-RS	1	148
MEG-RS	1	136
MEG-RS	1	146
MEG-RS	1	160
MEG-RS	1	137
MEG-RS	1	136
MEG-RS	1	137
MEG-RS	2	132
MEG-RS	1	137
MEG-RS	3	138
MEG-RS	3	139
MEG-RS	1	137
MEG-RS	1	129
MEG-RS	1	147
MEG-RS	2	157
MEG-RS	1	139
MEG-RS	1	138
MEG-RS	1	147
MEG-RS	1	147
MEG-RS	1	136
MEG-RS	1	168
MEG-RS	1	148
MEG-RS	4	153
MEG-RS	1	154
MEG-RS	1	154
MEG-RS	1	137
MEG-RS	2	141
MEG-RS	1	136
MEG-RS	2	137
MEG-RS	1	137
MEG-RS	1	148
MEG-RS	1	140
MEG-RS	1	125
MEG-RS	1	137
MEG-RS	1	149
MEG-RS	1	137
MEG-RS	1	137
MEG-RS	1	207
MEG-RS	1	155
MEG-RS	2	150
MEG-RS	1	137
MEG-RS	1	137
MEG-RS	1	137
MEG-RS	1	152
MEG-RS	1	137
MEG-RS	1	155
MEG-RS	1	132
MEG-RS	2	137
MEG-RS	1	136
MEG-RS	2	137
MEG-RS	1	165
MEG-RS	1	204
MEG-RS	1	137
MEG-RS	1	138
MEG-RS	1	136
MEG-RS	1	137
MEG-RS	1	143
MEG-RS	1	137
MEG-RS	1	167
MEG-RS	1	134
MEG-RS	1	137
MEG-RS	2	147
MEG-RS	1	137
MEG-RS	1	137
MEG-RS	1	137
MEG-RS	1	137
MEG-RS	1	137
MEG-RS	1	137
MEG-RS	1	128
MEG-RS	1	161
MEG-RS	1	141
MEG-RS	1	137
MEG-RS	1	137
MEG-RS	1	137
MEG-RS	1	129
MEG-RS	2	188
MEG-RS	11	136
MEG-RS	1	126
MEG-RS	1	137
MEG-RS	2	136
MEG-RS	1	135
MEG-RS	2	136
MEG-RS	2	137
MEG-RS	1	174
MEG-RS	1	145
MEG-RS	1	142
MEG-RS	1	147
MEG-RS	1	137
MEG-RS	1	137
MEG-RS	1	142
MEG-RS	1	155
MEG-RS	1	137
MEG-RS	1	137
MEG-RS	1	146
MEG-RS	1	142
MEG-RS	1	146
MEG-RS	1	157
MEG-RS	1	124
MEG-RS	3	135
MEG-RS	1	133
MEG-RS	2	134
MEG-RS	1	166
MEG-RS	1	133
MEG-RS	2	148
MEG-RS	1	137
MEG-RS	1	145
MEG-RS	2	156
MEG-RS	1	128
MEG-RS	1	137
MEG-RS	1	143
MEG-RS	1	136
MEG-RS	1	131
MEG-RS	1	131
MEG-RS	1	137
MEG-RS	2	137
MEG-RS	2	137
MEG-RS	1	137
MEG-RS	2	137
MEG-RS	2	161
MEG-RS	2	138
MEG-RS	1	137
MEG-RS	1	117
MEG-RS	1	148
MEG-RS	2	207
MEG-RS	1	148
MEG-RS	1	143
MEG-RS	3	149
MEG-RS	12	140
MEG-RS	1	132
MEG-RS	1	138
MEG-RS	1	147
MEG-RS	3	133
MEG-RS	1	120
MEG-RS	2	139
MEG-RS	1	139
MEG-RS	2	148
MEG-RS	1	168
MEG-RS	1	142
MEG-RS	1	136
MEG-RS	5	137
MEG-RS	1	137
MEG-RS	1	136
MEG-RS	1	169
MEG-RS	3	138
MEG-RS	1	132
MEG-RS	2	137
MEG-RS	2	152
MEG-RS	2	137
MEG-RS	1	142
MEG-RS	1	136
MEG-RS	1	137
MEG-RS	1	136
MEG-RS	11	137
MEG-RS	1	137
MEG-RS	1	145
MEG-RS	1	164
MEG-RS	3	141
MEG-RS	2	135
MEG-RS	1	161
MEG-RS	1	138
MEG-RS	1	137
MEG-RS	1	134
MEG-RS	1	158
MEG-RS	1	134
MEG-RS	1	134
MEG-RS	1	140
MEG-RS	1	134
MEG-RS	1	156
MEG-RS	1	148
MEG-RS	1	137
MEG-RS	1	144
MEG-RS	1	137
MEG-RS	1	137
MEG-RS	1	150
MEG-RS	1	147
MEG-RS	1	137
MEG-RS	1	138
MEG-RS	1	137
MEG-RS	1	147
MEG-RS	1	137
MEG-RS	1	141
MEG-RS	1	132
MEG-RS	1	132
MEG-RS	1	132
MEG-RS	2	133
MEG-RS	1	132
MEG-RS	1	155
MEG-RS	1	137
MEG-RS	1	137
MEG-RS	3	134
MEG-RS	2	137
MEG-RS	2	137
MEG-RS	1	138
MEG-RS	1	167
MEG-RS	3	141
MEG-RS	2	137
MEG-RS	1	130
MEG-RS	1	158
MEG-RS	1	150
MEG-RS	1	130
MEG-RS	1	134
MEG-RS	1	134
MEG-RS	1	135
MEG-RS	1	145
MEG-RS	1	148
MEG-RS	2	162
MEG-RS	1	136
MEG-RS	1	186
MEG-RS	1	136
MEG-RS	1	136
MEG-RS	1	158
MEG-RS	1	171
MEG-RS	1	121
MEG-RS	1	130
MEG-RS	1	206
MEG-RS	1	136
MEG-RS	2	137
MEG-RS	1	187
MEG-RS	1	143
MEG-RS	3	141
MEG-RS	1	137
MEG-RS	1	137
MEG-RS	2	134
MEG-RS	1	137
MEG-RS	1	137
MEG-RS	1	137
MEG-RS	1	137
MEG-RS	1	137
MEG-RS	1	141
MEG-RS	1	137
MEG-RS	1	137
MEG-RS	1	137
MEG-RS	1	137
MEG-RS	1	137
MEG-RS	1	137
MEG-RS	1	137
MEG-RS	1	137
MEG-RS	1	137
MEG-RS	1	137
MEG-RS	1	137
MEG-RS	1	138
MEG-RS	1	137
MEG-RS	1	137
MEG-RS	2	138
MEG-RS	1	143
MEG-RS	1	137
MEG-RS	1	137
MEG-RS	1	137
MEG-RS	1	157
MEG-RS	9	141
MEG-RS	1	137
MEG-RS	1	129
MEG-RS	2	137
MEG-RS	5	130
MEG-RS	1	155
MEG-RS	1	144
MEG-RS	1	137
MEG-RS	1	141
MEG-RS	1	167
MEG-RS	1	136
MEG-RS	1	141
MEG-RS	1	140
MEG-RS	1	137
MEG-RS	1	137
MEG-RS	3	137
MEG-RS	1	159
MEG-RS	1	126
MEG-RS	1	135
MEG-RS	3	137
MEG-RS	3	137
MEG-RS	1	141
MEG-RS	1	135
MEG-RS	1	135
MEG-RS	2	136
MEG-RS	1	155
MEG-RS	1	137
MEG-RS	1	139
MEG-RS	2	137
MEG-RS	1	133
MEG-RS	1	133
MEG-RS	2	134
MEG-RS	4	136
MEG-RS	1	142
MEG-RS	3	141
MEG-RS	1	157
MEG-RS	1	145
MEG-RS	1	142
MEG-RS	1	157
MEG-RS	1	133
MEG-RS	1	147
MEG-RS	1	131
MEG-RS	1	131
MEG-RS	1	131
MEG-RS	1	131
MEG-RS	1	131
MEG-RS	1	141
MEG-RS	1	147
MEG-RS	2	123
MEG-RS	1	168
MEG-RS	1	155
MEG-RS	1	137
MEG-RS	1	137
MEG-RS	1	137
MEG-RS	1	145
MEG-RS	1	137
MEG-RS	1	154
MEG-RS	1	136
MEG-RS	1	137
MEG-RS	1	164
MEG-RS	1	149
MEG-RS	1	137
MEG-RS	2	147
MEG-RS	2	137
MEG-RS	1	137
MEG-RS	2	144
MEG-RS	1	137
MEG-RS	2	141
MEG-RS	1	137
MEG-RS	1	137
MEG-RS	1	135
MEG-RS	1	155
MEG-RS	1	134
MEG-RS	1	155
MEG-RS	1	134
MEG-RS	1	152
MEG-RS	1	147
MEG-RS	1	134
MEG-RS	1	147
MEG-RS	1	151
MEG-RS	1	164
MEG-RS	2	136
MEG-RS	2	136
MEG-RS	1	138
MEG-RS	1	136
MEG-RS	3	164
MEG-RS	3	131
MEG-RS	1	129
MEG-RS	1	129
MEG-RS	1	120
MEG-RS	1	120
MEG-RS	1	120
MEG-RS	1	146
MEG-RS	1	136
MEG-RS	5	133
MEG-RS	1	163
MEG-RS	3	129
MEG-RS	3	135
MEG-RS	1	141
MEG-RS	1	136
MEG-RS	1	141
MEG-RS	1	137
MEG-RS	1	147
MEG-RS	1	137
MEG-RS	1	136
MEG-RS	1	137
MEG-RS	1	158
MEG-RS	2	137
MEG-RS	1	136
MEG-RS	2	137
MEG-RS	3	147
MEG-RS	1	145
MEG-RS	2	137
MEG-RS	2	147
MEG-RS	1	137
MEG-RS	2	141
MEG-RS	2	137
MEG-RS	1	154
MEG-RS	1	137
MEG-RS	1	137
MEG-RS	1	136
MEG-RS	2	137
MEG-RS	1	186
MEG-RS	3	136
MEG-RS	2	136
MEG-RS	3	141
MEG-RS	2	171
MEG-RS	1	158
MEG-RS	1	136
MEG-RS	1	145
MEG-RS	2	136
MEG-RS	1	167
MEG-RS	3	136
MEG-RS	2	135
MEG-RS	1	168
MEG-RS	1	153
MEG-RS	1	137
MEG-RS	1	179
MEG-RS	3	155
MEG-RS	2	164
MEG-RS	1	134
MEG-RS	1	138
MEG-RS	1	137
MEG-RS	1	152
MEG-RS	1	137
MEG-RS	1	134
MEG-RS	1	139
MEG-RS	2	137
MEG-RS	1	155
MEG-RS	3	134
MEG-RS	3	134
MEG-RS	1	142
MEG-RS	1	141
MEG-RS	2	137
MEG-RS	1	142
MEG-RS	2	137
MEG-RS	1	132
MEG-RS	1	132
MEG-RS	1	129
MEG-RS	6	137
MEG-RS	1	137
MEG-RS	1	137
MEG-RS	1	137
MEG-RS	1	137
MEG-RS	1	137
MEG-RS	1	141
MEG-RS	1	141
MEG-RS	1	138
MEG-RS	1	147
MEG-RS	1	132
MEG-RS	1	163
MEG-RS	1	138
MEG-RS	1	183
MEG-RS	1	166
MEG-RS	1	158
MEG-RS	1	139
MEG-RS	1	139
MEG-RS	1	157
MEG-RS	2	137
MEG-RS	2	137
MEG-RS	1	141
MEG-RS	3	137
MEG-RS	1	206
MEG-RS	1	142
MEG-RS	1	153
MEG-RS	2	145
MEG-RS	1	150
MEG-RS	1	147
MEG-RS	1	130
MEG-RS	1	157
MEG-RS	1	130
MEG-RS	1	130
MEG-RS	1	158
MEG-RS	1	137
MEG-RS	3	154
MEG-RS	1	137
MEG-RS	1	137
MEG-RS	1	137
MEG-RS	1	137
MEG-RS	1	137
MEG-RS	1	137
MEG-RS	1	146
MEG-RS	1	163
MEG-RS	1	137
MEG-RS	1	146
MEG-RS	5	137
MEG-RS	1	161
MEG-RS	2	158
MEG-RS	1	137
MEG-RS	1	128
MEG-RS	2	129
MEG-RS	1	137
MEG-RS	1	137
MEG-RS	1	137
MEG-RS	1	137
MEG-RS	1	137
MEG-RS	2	179
MEG-RS	1	135
MEG-RS	3	137
MEG-RS	1	157
MEG-RS	1	150
MEG-RS	1	153
MEG-RS	1	158
MEG-RS	1	138
MEG-RS	1	132
MEG-RS	1	150
MEG-RS	1	141
MEG-RS	1	132
MEG-RS	4	141
MEG-RS	3	137
MEG-RS	1	135
MEG-RS	3	137
MEG-RS	3	137
MEG-RS	1	135
MEG-RS	1	135
MEG-RS	1	137
MEG-RS	1	135
MEG-RS	1	135
MEG-RS	1	141
MEG-RS	1	143
MEG-RS	3	128
MEG-RS	1	183
MEG-RS	1	137
MEG-RS	3	153
MEG-RS	3	141
MEG-RS	1	133
MEG-RS	1	133
MEG-RS	1	142
MEG-RS	2	138
MEG-RS	1	133
MEG-RS	1	137
MEG-RS	1	133
MEG-RS	1	137
MEG-RS	1	143
MEG-RS	1	166
MEG-RS	1	134
MEG-RS	1	137
MEG-RS	1	146
MEG-RS	3	148
MEG-RS	1	128
MEG-RS	4	131
MEG-RS	2	137
MEG-RS	1	136
MEG-RS	1	131
MEG-RS	1	137
MEG-RS	1	137
MEG-RS	1	155
MEG-RS	1	131
MEG-RS	3	133
MEG-RS	1	131
MEG-RS	2	132
MEG-RS	3	138
MEG-RS	1	137
MEG-RS	1	134
MEG-RS	3	137
MEG-RS	1	147
MEG-RS	2	155
MEG-RS	1	149
MEG-RS	1	137
MEG-RS	1	155
MEG-RS	1	137
MEG-RS	1	131
MEG-RS	1	183
MEG-RS	2	136
MEG-RS	1	138
MEG-RS	2	130
MEG-RS	3	131
MEG-RS	3	131
MEG-RS	1	135
MEG-RS	1	137
MEG-RS	1	147
MEG-RS	1	142
MEG-RS	1	137
MEG-RS	1	120
MEG-RS	1	120
MEG-RS	1	120
MEG-RS	1	120
MEG-RS	1	120
MEG-RS	1	120
MEG-RS	1	120
MEG-RS	1	120
MEG-RS	1	120
MEG-RS	1	120
MEG-RS	1	120
MEG-RS	1	120
MEG-RS	1	120
MEG-RS	1	120
MEG-RS	1	120
MEG-RS	2	148
MEG-RS	1	120
MEG-RS	1	138
MEG-RS	2	170
MEG-RS	1	150
MEG-RS	2	136
MEG-RS	2	136
MEG-RS	1	147
MEG-RS	1	167
MEG-RS	1	120
MEG-RS	1	120
MEG-RS	1	147
MEG-RS	1	148
MEG-RS	1	136
MEG-RS	1	147
MEG-RS	1	141
MEG-RS	2	128
MEG-RS	2	128
MEG-RS	1	136
MEG-RS	1	151
MEG-RS	1	136
MEG-RS	1	153
MEG-RS	1	136
MEG-RS	7	133
MEG-RS	1	148
MEG-RS	1	130
MEG-RS	1	136
MEG-RS	1	168
MEG-RS	1	137
MEG-RS	1	137
MEG-RS	2	137
MEG-RS	1	146
MEG-RS	1	145
MEG-RS	1	137
MEG-RS	1	134
MEG-RS	1	201
MEG-RS	1	154
MEG-RS	2	137
MEG-RS	1	134
MEG-RS	1	134
MEG-RS	1	136
MEG-RS	1	134
MEG-RS	1	137
MEG-RS	1	134
MEG-RS	1	174
MEG-RS	1	125
MEG-RS	1	130
MEG-RS	2	137
MEG-RS	1	132
MEG-RS	1	147
MEG-RS	1	132
MEG-RS	1	141
MEG-RS	1	137
MEG-RS	1	135
MEG-RS	1	146
MEG-RS	1	137
MEG-RS	2	184
MEG-RS	2	142
MEG-RS	2	147
MEG-RS	1	136
MEG-RS	1	137
MEG-RS	1	141
MEG-RS	1	137
MEG-RS	1	137
MEG-RS	1	136
MEG-RS	1	136
MEG-RS	1	132
MEG-RS	3	132
MEG-RS	1	130
MEG-RS	1	130
MEG-RS	1	130
MEG-RS	1	130
MEG-RS	2	131
MEG-RS	1	135
MEG-RS	1	136
MEG-RS	1	136
MEG-RS	1	142
MEG-RS	1	135
MEG-RS	1	137
MEG-RS	1	169
MEG-RS	1	139
MEG-RS	1	136
MEG-RS	2	137
MEG-RS	3	141
MEG-RS	2	137
MEG-RS	3	141
MEG-RS	1	139
MEG-RS	1	148
MEG-RS	1	145
MEG-RS	3	132
MEG-RS	1	184
MEG-RS	2	129
MEG-RS	1	137
MEG-RS	1	176
MEG-RS	1	134
MEG-RS	1	137
MEG-RS	1	137
MEG-RS	1	137
MEG-RS	1	147
MEG-RS	1	137
MEG-RS	1	137
MEG-RS	1	137
MEG-RS	1	137
MEG-RS	1	137
MEG-RS	2	136
MEG-RS	1	137
MEG-RS	1	137
MEG-RS	1	147
MEG-RS	1	137
MEG-RS	1	137
MEG-RS	1	137
MEG-RS	9	134
MEG-RS	2	136
MEG-RS	1	135
MEG-RS	3	137
MEG-RS	3	137
MEG-RS	1	129
MEG-RS	7	136
MEG-RS	2	136
MEG-RS	1	132
MEG-RS	1	141
MEG-RS	1	148
MEG-RS	3	137
MEG-RS	1	135
MEG-RS	2	136
MEG-RS	1	137
MEG-RS	1	137
MEG-RS	1	135
MEG-RS	2	141
MEG-RS	2	207
MEG-RS	1	133
MEG-RS	1	139
MEG-RS	1	126
MEG-RS	1	130
MEG-RS	7	130
MEG-RS	1	139
MEG-RS	1	137
MEG-RS	1	137
MEG-RS	1	137
MEG-RS	1	137
MEG-RS	1	137
MEG-RS	2	134
MEG-RS	1	130
MEG-RS	3	135
MEG-RS	1	142
MEG-RS	1	133
MEG-RS	1	137
MEG-RS	2	138
MEG-RS	1	146
MEG-RS	1	137
MEG-RS	1	140
MEG-RS	1	137
MEG-RS	1	137
MEG-RS	1	137
MEG-RS	1	149
MEG-RS	1	164
MEG-RS	1	137
MEG-RS	1	137
MEG-RS	1	131
MEG-RS	1	131
MEG-RS	1	149
MEG-RS	2	130
MEG-RS	1	129
MEG-RS	1	138
MEG-RS	1	147
MEG-RS	1	138
MEG-RS	1	133
MEG-RS	1	120
MEG-RS	1	120
MEG-RS	1	120
MEG-RS	1	120
MEG-RS	2	139
MEG-RS	1	120
MEG-RS	1	133
MEG-RS	2	130
MEG-RS	1	120
MEG-RS	1	148
MEG-RS	1	129
MEG-RS	7	138
MEG-RS	2	128
MEG-RS	2	137
MEG-RS	1	134
MEG-RS	1	132
MEG-RS	1	136
MEG-RS	2	137
MEG-RS	1	136
MEG-RS	2	137
MEG-RS	1	136
MEG-RS	1	159
MEG-RS	1	137
MEG-RS	1	136
MEG-RS	1	145
MEG-RS	1	136
MEG-RS	1	166
MEG-RS	1	136
MEG-RS	1	137
MEG-RS	1	137
MEG-RS	1	134
MEG-RS	1	134
MEG-RS	3	137
MEG-RS	1	152
MEG-RS	1	141
MEG-RS	1	138
MEG-RS	1	174
MEG-RS	1	141
MEG-RS	1	137
MEG-RS	15	137
MEG-RS	1	119
MEG-RS	1	141
MEG-RS	3	134
MEG-RS	3	134
MEG-RS	5	142
MEG-RS	1	132
MEG-RS	1	136
MEG-RS	1	137
MEG-RS	1	136
MEG-RS	1	136
MEG-RS	1	130
MEG-RS	1	130
MEG-RS	1	130
MEG-RS	1	167
MEG-RS	1	156
MEG-RS	1	147
MEG-RS	1	130
MEG-RS	1	154
MEG-RS	1	139
MEG-RS	1	136
MEG-RS	1	134
MEG-RS	1	148
MEG-RS	1	137
MEG-RS	1	137
MEG-RS	1	137
MEG-RS	2	135
MEG-RS	1	146
MEG-RS	1	128
MEG-RS	1	128
MEG-RS	1	137
MEG-RS	1	137
MEG-RS	1	137
MEG-RS	1	158
MEG-RS	1	137
MEG-RS	1	137
MEG-RS	1	137
MEG-RS	1	137
MEG-RS	1	137
MEG-RS	2	134
MEG-RS	1	138
MEG-RS	1	137
MEG-RS	1	137
MEG-RS	4	132
MEG-RS	1	134
MEG-RS	1	117
MEG-RS	1	126
MEG-RS	1	126
MEG-RS	1	126
MEG-RS	3	130
MEG-RS	1	147
MEG-RS	2	129
MEG-RS	4	138
MEG-RS	3	137
MEG-RS	6	136
MEG-RS	2	133
MEG-RS	3	143
MEG-RS	2	137
MEG-RS	2	133
MEG-RS	2	141
MEG-RS	1	137
MEG-RS	11	141
MEG-RS	1	185
MEG-RS	1	126
MEG-RS	1	137
MEG-RS	1	130
MEG-RS	1	130
MEG-RS	1	133
MEG-RS	1	137
MEG-RS	1	133
MEG-RS	1	137
MEG-RS	1	157
MEG-RS	1	133
MEG-RS	1	137
MEG-RS	1	133
MEG-RS	2	134
MEG-RS	1	136
MEG-RS	1	130
MEG-RS	2	132
MEG-RS	1	131
MEG-RS	1	131
MEG-RS	3	151
MEG-RS	1	131
MEG-RS	1	172
MEG-RS	1	142
MEG-RS	1	136
MEG-RS	1	147
MEG-RS	1	138
MEG-RS	1	138
MEG-RS	1	142
MEG-RS	1	142
MEG-RS	1	137
MEG-RS	1	120
MEG-RS	1	129
MEG-RS	1	129
MEG-RS	1	129
MEG-RS	1	141
MEG-RS	1	136
MEG-RS	1	136
MEG-RS	2	148
MEG-RS	1	170
MEG-RS	2	137
MEG-RS	3	129
MEG-RS	1	137
MEG-RS	1	134
MEG-RS	1	148
MEG-RS	1	134
MEG-RS	1	134
MEG-RS	1	136
MEG-RS	1	131
MEG-RS	1	134
MEG-RS	4	137
MEG-RS	1	134
MEG-RS	1	137
MEG-RS	1	134
MEG-RS	1	134
MEG-RS	1	134
MEG-RS	1	134
MEG-RS	1	137
MEG-RS	1	138
MEG-RS	2	133
MEG-RS	1	137
MEG-RS	1	137
MEG-RS	2	138
MEG-RS	1	137
MEG-RS	1	141
MEG-RS	2	136
MEG-RS	1	158
MEG-RS	1	131
MEG-RS	2	137
MEG-RS	1	130
MEG-RS	1	130
MEG-RS	1	136
MEG-RS	1	144
MEG-RS	1	138
MEG-RS	1	137
MEG-RS	1	131
MEG-RS	3	134
MEG-RS	1	135
MEG-RS	1	135
MEG-RS	1	137
MEG-RS	1	133
MEG-RS	1	127
MEG-RS	1	137
MEG-RS	1	137
MEG-RS	1	133
MEG-RS	1	133
MEG-RS	1	133
MEG-RS	1	130
MEG-RS	1	137
MEG-RS	1	138
MEG-RS	3	141
MEG-RS	1	136
MEG-RS	1	131
MEG-RS	2	132
MEG-RS	1	120
MEG-RS	3	131
MEG-RS	1	138
MEG-RS	2	130
MEG-RS	1	149
MEG-RS	1	131
MEG-RS	1	142
MEG-RS	1	146
MEG-RS	2	132
MEG-RS	1	134
MEG-RS	1	134
MEG-RS	1	132
MEG-RS	1	137
MEG-RS	1	138
MEG-RS	1	134
MEG-RS	3	134
MEG-RS	1	134
MEG-RS	11	169
MEG-RS	1	142
MEG-RS	1	137
MEG-RS	1	137
MEG-RS	1	157
MEG-RS	2	156
MEG-RS	2	146
MEG-RS	2	155
MEG-RS	1	137
MEG-RS	1	138
MEG-RS	2	137
MEG-RS	1	142
MEG-RS	1	136
MEG-RS	1	147
MEG-RS	1	143
MEG-RS	2	137
MEG-RS	1	137
MEG-RS	1	138
MEG-RS	1	138
MEG-RS	1	147
MEG-RS	1	141
MEG-RS	2	147
MEG-RS	2	137
MEG-RS	2	165
MEG-RS	1	137
MEG-RS	3	157
MEG-RS	1	137
MEG-RS	1	137
MEG-RS	1	137
MEG-RS	1	137
MEG-RS	1	137
MEG-RS	1	137
MEG-RS	1	138
MEG-RS	1	126
MEG-RS	9	147
MEG-RS	2	150
MEG-RS	10	148
MEG-RS	1	162
MEG-RS	1	152
MEG-RS	1	137
MEG-RS	1	145
MEG-RS	1	137
MEG-RS	11	141
MEG-RS	1	136
MEG-RS	2	137
MEG-RS	1	126
MEG-RS	18	137
MEG-RS	4	147
MEG-RS	1	137
MEG-RS	1	143
MEG-RS	1	140
MEG-RS	1	141
MEG-RS	1	127
MEG-RS	1	118
MEG-RS	1	142
MEG-RS	1	136
MEG-RS	1	137
MEG-RS	13	155
MEG-RS	8	147
MEG-RS	1	157
MEG-RS	1	141
MEG-RS	1	147
MEG-RS	1	137
MEG-RS	1	137
MEG-RS	1	137
MEG-RS	1	137
MEG-RS	1	137
MEG-RS	1	137
MEG-RS	2	137
MEG-RS	1	147
MEG-RS	1	138
MEG-RS	1	145
MEG-RS	2	147
MEG-RS	4	147
MEG-RS	1	137
MEG-RS	1	135
MEG-RS	2	137
MEG-RS	1	139
MEG-RS	1	137
MEG-RS	1	145
MEG-RS	1	137
MEG-RS	1	137
MEG-RS	1	137
MEG-RS	1	137
MEG-RS	1	137
MEG-RS	1	137
MEG-RS	1	137
MEG-RS	1	137
MEG-RS	1	137
MEG-RS	1	137
MEG-RS	1	137
MEG-RS	1	137
MEG-RS	1	148
MEG-RS	1	137
MEG-RS	1	137
MEG-RS	1	137
MEG-RS	1	137
MEG-RS	1	137
MEG-RS	3	137
MEG-RS	1	166
MEG-RS	1	137
MEG-RS	1	138
MEG-RS	1	141
MEG-RS	1	132
MEG-RS	2	146
MEG-RS	1	126
MEG-RS	1	138
MEG-RS	1	137
MEG-RS	1	135
MEG-RS	1	158
MEG-RS	1	135
MEG-RS	2	152
MEG-RS	1	149
MEG-RS	1	133
MEG-RS	2	125
MEG-RS	18	137
MEG-RS	1	142
MEG-RS	1	137
MEG-RS	1	146
MEG-RS	1	133
MEG-RS	1	139
MEG-RS	1	138
MEG-RS	1	137
MEG-RS	3	136
MEG-RS	1	137
MEG-RS	3	137
MEG-RS	1	133
MEG-RS	1	137
MEG-RS	1	137
MEG-RS	1	155
MEG-RS	1	148
MEG-RS	1	137
MEG-RS	1	137
MEG-RS	1	148
MEG-RS	2	137
MEG-RS	2	146
MEG-RS	2	137
MEG-RS	1	137
MEG-RS	4	137
MEG-RS	1	135
MEG-RS	1	151
MEG-RS	1	148
MEG-RS	3	131
MEG-RS	8	136
MEG-RS	1	152
MEG-RS	2	137
MEG-RS	1	129
MEG-RS	18	137
MEG-RS	1	133
MEG-RS	15	132
MEG-RS	2	137
MEG-RS	2	137
MEG-RS	2	137
MEG-RS	2	137
MEG-RS	1	136
MEG-RS	1	136
MEG-RS	1	137
MEG-RS	1	136
MEG-RS	2	150
MEG-RS	1	136
MEG-RS	12	147
MEG-RS	1	155
MEG-RS	1	141
MEG-RS	1	137
MEG-RS	1	154
MEG-RS	3	197
MEG-RS	1	125
MEG-RS	2	141
MEG-RS	1	154
MEG-RS	1	141
MEG-RS	1	134
MEG-RS	1	134
MEG-RS	1	161
MEG-RS	1	134
MEG-RS	1	125
MEG-RS	5	152
MEG-RS	1	137
MEG-RS	1	130
MEG-RS	3	137
MEG-RS	2	147
MEG-RS	2	172
MEG-RS	1	132
MEG-RS	1	132
MEG-RS	2	129
MEG-RS	1	141
MEG-RS	1	156
MEG-RS	1	137
MEG-RS	1	137
MEG-RS	1	137
MEG-RS	1	154
MEG-RS	19	156
MEG-RS	16	147
MEG-RS	2	136
MEG-RS	1	136
MEG-RS	1	134
MEG-RS	1	137
MEG-RS	1	137
MEG-RS	1	137
MEG-RS	1	123
MEG-RS	2	176
MEG-RS	8	137
MEG-RS	2	137
MEG-RS	2	137
MEG-RS	1	130
MEG-RS	1	137
MEG-RS	1	137
MEG-RS	3	137
MEG-RS	2	137
MEG-RS	3	137
MEG-RS	5	136
MEG-RS	1	137
MEG-RS	1	147
MEG-RS	1	127
MEG-RS	4	138
MEG-RS	1	137
MEG-RS	1	146
MEG-RS	1	137
MEG-RS	1	137
MEG-RS	1	149
MEG-RS	1	128
MEG-RS	1	128
MEG-RS	1	128
MEG-RS	1	128
MEG-RS	1	128
MEG-RS	1	137
MEG-RS	1	137
MEG-RS	1	137
MEG-RS	1	137
MEG-RS	1	137
MEG-RS	1	137
MEG-RS	1	142
MEG-RS	1	137
MEG-RS	1	137
MEG-RS	11	134
MEG-RS	11	147
MEG-RS	10	142
MEG-RS	1	137
MEG-RS	1	139
MEG-RS	1	137
MEG-RS	1	138
MEG-RS	1	135
MEG-RS	1	144
MEG-RS	1	134
MEG-RS	1	146
MEG-RS	1	135
MEG-RS	1	137
MEG-RS	2	151
MEG-RS	1	137
MEG-RS	2	141
MEG-RS	1	148
MEG-RS	1	126
MEG-RS	1	133
MEG-RS	2	125
MEG-RS	1	147
MEG-RS	1	139
MEG-RS	1	139
MEG-RS	1	137
MEG-RS	4	133
MEG-RS	1	137
MEG-RS	1	145
MEG-RS	6	147
MEG-RS	1	133
MEG-RS	1	137
MEG-RS	1	154
MEG-RS	1	128
MEG-RS	1	129
MEG-RS	1	157
MEG-RS	1	121
MEG-RS	5	146
MEG-RS	1	133
MEG-RS	1	141
MEG-RS	1	173
MEG-RS	12	150
MEG-RS	1	137
MEG-RS	4	148
MEG-RS	1	137
MEG-RS	1	141
MEG-RS	2	152
MEG-RS	2	171
MEG-RS	1	131
MEG-RS	1	131
MEG-RS	1	161
MEG-RS	1	137
MEG-RS	1	188
MEG-RS	1	137
MEG-RS	3	138
MEG-RS	2	137
MEG-RS	1	137
MEG-RS	25	171
MEG-RS	2	147
MEG-RS	1	135
MEG-RS	1	137
MEG-RS	1	182
MEG-RS	3	137
MEG-RS	1	137
MEG-RS	1	163
MEG-RS	1	138
MEG-RS	1	134
MEG-RS	1	141
MEG-RS	1	147
MEG-RS	1	120
MEG-RS	1	120
MEG-RS	1	120
MEG-RS	1	135
MEG-RS	1	120
MEG-RS	2	136
MEG-RS	1	138
MEG-RS	1	140
MEG-RS	1	138
MEG-RS	10	138
MEG-RS	1	178
MEG-RS	1	136
MEG-RS	1	136
MEG-RS	1	145
MEG-RS	2	155
MEG-RS	1	136
MEG-RS	2	137
MEG-RS	1	136
MEG-RS	1	136
MEG-RS	2	137
MEG-RS	2	137
MEG-RS	4	126
MEG-RS	1	154
MEG-RS	3	126
MEG-RS	1	137
MEG-RS	1	133
MEG-RS	1	118
MEG-RS	1	143
MEG-RS	1	134
MEG-RS	1	152
MEG-RS	14	138
MEG-RS	4	137
MEG-RS	2	135
MEG-RS	2	135
MEG-RS	1	138
MEG-RS	1	137
MEG-RS	1	139
MEG-RS	1	125
MEG-RS	4	134
MEG-RS	1	131
MEG-RS	2	117
MEG-RS	1	184
MEG-RS	2	141
MEG-RS	1	134
MEG-RS	1	134
MEG-RS	1	137
MEG-RS	2	131
MEG-RS	1	130
MEG-RS	1	127
MEG-RS	2	133
MEG-RS	1	141
MEG-RS	1	141
MEG-RS	1	132
MEG-RS	1	132
MEG-RS	4	138
MEG-RS	1	132
MEG-RS	1	144
MEG-RS	1	137
MEG-RS	2	153
MEG-RS	1	137
MEG-RS	1	138
MEG-RS	1	137
MEG-RS	1	138
MEG-RS	3	139
MEG-RS	3	137
MEG-RS	1	147
MEG-RS	1	175
MEG-RS	1	129
MEG-RS	1	137
MEG-RS	1	137
MEG-RS	1	165
MEG-RS	1	136
MEG-RS	12	137
MEG-RS	1	130
MEG-RS	1	130
MEG-RS	1	130
MEG-RS	1	130
MEG-RS	2	131
MEG-RS	1	135
MEG-RS	1	136
MEG-RS	1	136
MEG-RS	1	147
MEG-RS	1	136
MEG-RS	2	137
MEG-RS	3	141
MEG-RS	1	136
MEG-RS	3	137
MEG-RS	2	136
MEG-RS	1	148
MEG-RS	2	137
MEG-RS	2	137
MEG-RS	1	182
MEG-RS	1	144
MEG-RS	1	139
MEG-RS	4	134
MEG-RS	1	128
MEG-RS	1	128
MEG-RS	2	129
MEG-RS	1	128
MEG-RS	1	128
MEG-RS	1	137
MEG-RS	1	137
MEG-RS	1	137
MEG-RS	1	137
MEG-RS	1	137
MEG-RS	1	137
MEG-RS	1	156
MEG-RS	1	137
MEG-RS	1	146
MEG-RS	1	128
MEG-RS	1	137
MEG-RS	3	136
MEG-RS	1	170
MEG-RS	1	134
MEG-RS	1	137
MEG-RS	2	137
MEG-RS	1	137
MEG-RS	1	137
MEG-RS	1	137
MEG-RS	1	137
MEG-RS	1	137
MEG-RS	1	137
MEG-RS	1	137
MEG-RS	1	137
MEG-RS	1	137
MEG-RS	2	138
MEG-RS	1	137
MEG-RS	1	137
MEG-RS	1	147
MEG-RS	1	137
MEG-RS	1	183
MEG-RS	1	137
MEG-RS	7	156
MEG-RS	1	137
MEG-RS	1	156
MEG-RS	1	135
MEG-RS	1	135
MEG-RS	1	135
MEG-RS	1	132
MEG-RS	1	126
MEG-RS	2	141
MEG-RS	1	137
MEG-RS	2	152
MEG-RS	1	137
MEG-RS	1	135
MEG-RS	2	136
MEG-RS	1	135
MEG-RS	8	133
MEG-RS	1	137
MEG-RS	13	134
MEG-RS	1	150
MEG-RS	1	135
MEG-RS	1	137
MEG-RS	5	189
MEG-RS	3	135
MEG-RS	14	137
MEG-RS	5	128
MEG-RS	1	146
MEG-RS	1	147
MEG-RS	1	133
MEG-RS	1	138
MEG-RS	1	133
MEG-RS	1	142
MEG-RS	1	154
MEG-RS	2	125
MEG-RS	2	130
MEG-RS	1	137
MEG-RS	1	133
MEG-RS	10	137
MEG-RS	3	126
MEG-RS	1	140
MEG-RS	1	137
MEG-RS	2	135
MEG-RS	1	128
MEG-RS	1	136
MEG-RS	1	137
MEG-RS	1	155
MEG-RS	1	149
MEG-RS	1	155
MEG-RS	1	131
MEG-RS	2	132
MEG-RS	1	131
MEG-RS	2	132
MEG-RS	1	137
MEG-RS	3	137
MEG-RS	1	137
MEG-RS	1	137
MEG-RS	2	137
MEG-RS	1	128
MEG-RS	3	138
MEG-RS	1	141
MEG-RS	2	156
MEG-RS	1	137
MEG-RS	2	141
MEG-RS	16	137
MEG-RS	1	153
MEG-RS	1	137
MEG-RS	1	120
MEG-RS	1	120
MEG-RS	1	147
MEG-RS	1	133
MEG-RS	1	135
MEG-RS	1	135
MEG-RS	1	129
MEG-RS	1	168
MEG-RS	5	142
MEG-RS	1	179
MEG-RS	1	167
MEG-RS	1	120
MEG-RS	3	137
MEG-RS	1	173
MEG-RS	2	135
MEG-RS	1	158
MEG-RS	1	120
MEG-RS	1	120
MEG-RS	2	136
MEG-RS	1	135
MEG-RS	4	130
MEG-RS	6	132
MEG-RS	1	141
MEG-RS	1	136
MEG-RS	2	128
MEG-RS	2	137
MEG-RS	3	147
MEG-RS	1	150
MEG-RS	2	137
MEG-RS	3	135
MEG-RS	1	141
MEG-RS	1	141
MEG-RS	1	136
MEG-RS	3	136
MEG-RS	4	136
MEG-RS	3	156
MEG-RS	1	136
MEG-RS	2	156
MEG-RS	1	136
MEG-RS	1	136
MEG-RS	1	136
MEG-RS	11	191
MEG-RS	1	144
MEG-RS	1	137
MEG-RS	2	137
MEG-RS	1	164
MEG-RS	1	134
MEG-RS	1	137
MEG-RS	1	134
MEG-RS	1	134
MEG-RS	1	134
MEG-RS	1	134
MEG-RS	1	134
MEG-RS	1	136
MEG-RS	1	143
MEG-RS	1	137
MEG-RS	1	130
MEG-RS	1	130
MEG-RS	1	140
MEG-RS	7	137
MEG-RS	1	134
MEG-RS	1	134
MEG-RS	1	125
MEG-RS	1	125
MEG-RS	1	157
MEG-RS	5	206
MEG-RS	2	137
MEG-RS	11	133
MEG-RS	1	132
MEG-RS	1	132
MEG-RS	1	132
MEG-RS	1	129
MEG-RS	1	137
MEG-RS	1	129
MEG-RS	1	138
MEG-RS	1	150
MEG-RS	1	138
MEG-RS	1	137
MEG-RS	1	141
MEG-RS	1	141
MEG-RS	1	137
MEG-RS	1	137
MEG-RS	1	137
MEG-RS	2	137
MEG-RS	1	141
MEG-RS	1	141
MEG-RS	1	135
MEG-RS	1	142
MEG-RS	1	137
MEG-RS	1	138
MEG-RS	1	203
MEG-RS	2	137
MEG-RS	1	136
MEG-RS	1	143
MEG-RS	1	148
MEG-RS	1	130
MEG-RS	1	130
MEG-RS	1	136
MEG-RS	1	139
MEG-RS	3	137
MEG-RS	1	136
MEG-RS	1	121
MEG-RS	2	144
MEG-RS	2	135
MEG-RS	12	137
MEG-RS	1	138
MEG-RS	1	184
MEG-RS	4	157
MEG-RS	1	141
MEG-RS	1	136
MEG-RS	1	140
MEG-RS	2	138
MEG-RS	1	169
MEG-RS	1	146
MEG-RS	1	137
MEG-RS	1	137
MEG-RS	1	141
MEG-RS	1	136
MEG-RS	1	137
MEG-RS	1	137
MEG-RS	1	143
MEG-RS	1	137
MEG-RS	4	134
MEG-RS	2	138
MEG-RS	1	137
MEG-RS	2	120
MEG-RS	1	134
MEG-RS	1	163
MEG-RS	2	138
MEG-RS	1	137
MEG-RS	1	137
MEG-RS	1	137
MEG-RS	1	134
MEG-RS	1	132
MEG-RS	1	137
MEG-RS	1	137
MEG-RS	1	133
MEG-RS	1	137
MEG-RS	2	120
MEG-RS	4	206
MEG-RS	1	137
MEG-RS	9	140
MEG-RS	1	137
MEG-RS	1	131
MEG-RS	1	137
MEG-RS	1	126
MEG-RS	1	154
MEG-RS	1	147
MEG-RS	1	140
MEG-RS	1	141
MEG-RS	1	141
MEG-RS	1	138
MEG-RS	3	137
MEG-RS	1	141
MEG-RS	1	136
MEG-RS	2	140
MEG-RS	1	137
MEG-RS	2	137
MEG-RS	1	135
MEG-RS	13	151
MEG-RS	1	133
MEG-RS	1	153
MEG-RS	1	137
MEG-RS	2	155
MEG-RS	1	147
MEG-RS	1	130
MEG-RS	1	133
MEG-RS	2	134
MEG-RS	1	133
MEG-RS	1	137
MEG-RS	2	137
MEG-RS	1	137
MEG-RS	1	131
MEG-RS	1	131
MEG-RS	1	131
MEG-RS	1	131
MEG-RS	1	131
MEG-RS	2	152
MEG-RS	1	137
MEG-RS	1	137
MEG-RS	1	141
MEG-RS	1	137
MEG-RS	1	137
MEG-RS	1	134
MEG-RS	2	134
MEG-RS	1	136
MEG-RS	1	137
MEG-RS	2	137
MEG-RS	1	137
MEG-RS	2	138
MEG-RS	12	153
MEG-RS	5	126
MEG-RS	2	138
MEG-RS	3	137
MEG-RS	1	137
MEG-RS	1	137
MEG-RS	1	138
MEG-RS	2	169
MEG-RS	1	138
MEG-RS	12	193
MEG-RS	1	120
MEG-RS	1	120
MEG-RS	1	135
MEG-RS	1	137
MEG-RS	3	134
MEG-RS	1	120
MEG-RS	2	155
MEG-RS	1	148
MEG-RS	1	118
MEG-RS	1	156
MEG-RS	1	147
MEG-RS	3	135
MEG-RS	1	136
MEG-RS	2	137
MEG-RS	1	137
MEG-RS	1	154
MEG-RS	1	136
MEG-RS	1	141
MEG-RS	2	137
MEG-RS	1	136
MEG-RS	1	166
MEG-RS	3	147
MEG-RS	11	148
MEG-RS	1	137
MEG-RS	1	138
MEG-RS	1	143
MEG-RS	22	137
MEG-RS	1	125
MEG-RS	2	141
MEG-RS	1	134
MEG-RS	1	125
MEG-RS	1	125
MEG-RS	1	134
MEG-RS	1	158
MEG-RS	1	134
MEG-RS	1	143
MEG-RS	1	144
MEG-RS	1	158
MEG-RS	1	131
MEG-RS	1	137
MEG-RS	1	137
MEG-RS	8	147
MEG-RS	2	135
MEG-RS	1	137
MEG-RS	2	137
MEG-RS	1	134
MEG-RS	11	150
MEG-RS	5	129
MEG-RS	4	137
MEG-RS	1	137
MEG-RS	4	137
MEG-RS	3	136
MEG-RS	3	136
MEG-RS	1	140
MEG-RS	1	134
MEG-RS	1	137
MEG-RS	2	139
MEG-RS	1	137
MEG-RS	1	137
MEG-RS	1	137
MEG-RS	1	137
MEG-RS	1	147
MEG-RS	1	136
MEG-RS	1	141
MEG-RS	1	134
MEG-RS	1	141
MEG-RS	1	155
MEG-RS	3	134
MEG-RS	1	137
MEG-RS	1	137
MEG-RS	2	133
MEG-RS	1	132
MEG-RS	2	129
MEG-RS	1	128
MEG-RS	3	132
MEG-RS	2	131
MEG-RS	1	136
MEG-RS	2	137
MEG-RS	1	132
MEG-RS	2	137
MEG-RS	2	137
MEG-RS	2	137
MEG-RS	1	154
MEG-RS	1	143
MEG-RS	1	135
MEG-RS	1	139
MEG-RS	1	136
MEG-RS	1	137
MEG-RS	2	137
MEG-RS	1	134
MEG-RS	1	137
MEG-RS	4	158
MEG-RS	1	134
MEG-RS	1	128
MEG-RS	1	128
MEG-RS	27	141
MEG-RS	1	137
MEG-RS	1	134
MEG-RS	1	149
MEG-RS	2	141
MEG-RS	8	137
MEG-RS	1	137
MEG-RS	1	134
MEG-RS	1	137
MEG-RS	2	120
MEG-RS	1	133
MEG-RS	1	137
MEG-RS	1	132
MEG-RS	2	134
MEG-RS	10	137
MEG-RS	1	137
MEG-RS	1	142
MEG-RS	1	158
MEG-RS	1	137
MEG-RS	1	137
MEG-RS	1	137
MEG-RS	1	141
MEG-RS	1	138
MEG-RS	3	142
MEG-RS	1	135
MEG-RS	1	132
MEG-RS	1	126
MEG-RS	14	149
MEG-RS	17	133
MEG-RS	1	149
MEG-RS	1	156
MEG-RS	1	159
MEG-RS	1	137
MEG-RS	1	141
MEG-RS	1	135
MEG-RS	4	137
MEG-RS	1	133
MEG-RS	1	157
MEG-RS	3	126
MEG-RS	1	137
MEG-RS	12	183
MEG-RS	1	166
MEG-RS	1	137
MEG-RS	1	137
MEG-RS	1	138
MEG-RS	1	137
MEG-RS	1	139
MEG-RS	1	138
MEG-RS	1	137
MEG-RS	1	137
MEG-RS	1	137
MEG-RS	3	155
MEG-RS	2	134
MEG-RS	1	137
MEG-RS	3	138
MEG-RS	1	126
MEG-RS	1	143
MEG-RS	1	134
MEG-RS	1	131
MEG-RS	2	134
MEG-RS	1	136
MEG-RS	1	137
MEG-RS	1	136
MEG-RS	1	140
MEG-RS	1	135
MEG-RS	1	129
MEG-RS	1	129
MEG-RS	1	129
MEG-RS	1	129
MEG-RS	7	132
MEG-RS	3	131
MEG-RS	1	129
MEG-RS	1	135
MEG-RS	1	134
MEG-RS	1	147
MEG-RS	1	137
MEG-RS	1	135
MEG-RS	1	152
MEG-RS	6	136
MEG-RS	1	134
MEG-RS	2	145
MEG-RS	2	134
MEG-RS	1	136
MEG-RS	1	137
MEG-RS	3	138
MEG-RS	1	155
MEG-RS	1	166
MEG-RS	1	137
MEG-RS	2	138
MEG-RS	1	125
MEG-RS	1	131
MEG-RS	1	137
MEG-RS	1	137
MEG-RS	1	136
MEG-RS	1	137
MEG-RS	4	128
MEG-RS	8	140
MEG-RS	1	120
MEG-RS	1	141
MEG-RS	1	138
MEG-RS	1	190
MEG-RS	1	133
MEG-RS	1	136
MEG-RS	1	141
MEG-RS	1	138
MEG-RS	1	137
MEG-RS	2	133
MEG-RS	1	147
MEG-RS	1	146
MEG-RS	1	137
MEG-RS	1	169
MEG-RS	1	139
MEG-RS	2	144
MEG-RS	1	136
MEG-RS	2	134
MEG-RS	1	134
MEG-RS	3	132
MEG-RS	1	130
MEG-RS	2	131
MEG-RS	3	132
MEG-RS	1	138
MEG-RS	2	129
MEG-RS	1	137
MEG-RS	1	137
MEG-RS	1	137
MEG-RS	1	134
MEG-RS	1	137
MEG-RS	1	128
MEG-RS	8	135
MEG-RS	1	137
MEG-RS	1	137
MEG-RS	1	137
MEG-RS	2	120
MEG-RS	1	134
MEG-RS	2	168
MEG-RS	3	136
MEG-RS	1	129
MEG-RS	2	138
MEG-RS	3	134
MEG-RS	1	137
MEG-RS	3	137
MEG-RS	1	132
MEG-RS	3	128
MEG-RS	1	137
MEG-RS	2	141
MEG-RS	1	166
MEG-RS	1	158
MEG-RS	1	133
MEG-RS	1	133
MEG-RS	1	133
MEG-RS	1	158
MEG-RS	1	137
MEG-RS	2	134
MEG-RS	1	136
MEG-RS	1	156
MEG-RS	1	128
MEG-RS	2	129
MEG-RS	1	137
MEG-RS	1	137
MEG-RS	2	137
MEG-RS	1	135
MEG-RS	1	141
MEG-RS	1	137
MEG-RS	1	129
MEG-RS	1	147
MEG-RS	1	149
MEG-RS	1	138
MEG-RS	2	187
MEG-RS	1	136
MEG-RS	2	137
MEG-RS	1	125
MEG-RS	1	134
MEG-RS	1	131
MEG-RS	2	135
MEG-RS	3	133
MEG-RS	1	134
MEG-RS	10	134
MEG-RS	1	134
MEG-RS	1	135
MEG-RS	1	134
MEG-RS	1	137
MEG-RS	1	137
MEG-RS	1	132
MEG-RS	1	132
MEG-RS	1	132
MEG-RS	1	130
MEG-RS	1	136
MEG-RS	3	132
MEG-RS	2	137
MEG-RS	1	134
MEG-RS	1	137
MEG-RS	1	146
MEG-RS	1	137
MEG-RS	1	132
MEG-RS	1	130
MEG-RS	1	145
MEG-RS	1	137
MEG-RS	1	143
MEG-RS	1	131
MEG-RS	1	137
MEG-RS	1	137
MEG-RS	1	136
MEG-RS	2	134
MEG-RS	2	134
MEG-RS	2	134
MEG-RS	1	134
MEG-RS	1	147
MEG-RS	1	137
MEG-RS	1	173
MEG-RS	1	168
MEG-RS	2	162
MEG-RS	2	158
MEG-RS	1	155
MEG-RS	7	164
MEG-RS	1	157
MEG-RS	12	147
MEG-RS	2	143
MEG-RS	1	137
MEG-RS	1	137
MEG-RS	1	137
MEG-RS	1	137
MEG-RS	1	137
MEG-RS	1	137
MEG-RS	1	149
MEG-RS	1	152
MEG-RS	2	145
MEG-RS	2	165
MEG-RS	1	148
MEG-RS	1	155
MEG-RS	1	137
MEG-RS	1	138
MEG-RS	1	150
MEG-RS	1	139
MEG-RS	2	143
MEG-RS	1	137
MEG-RS	1	148
MEG-RS	1	142
MEG-RS	1	141
MEG-RS	1	138
MEG-RS	1	155
MEG-RS	1	138
MEG-RS	1	137
MEG-RS	3	137
MEG-RS	1	164
MEG-RS	12	137
MEG-RS	1	142
MEG-RS	3	139
MEG-RS	1	137
MEG-RS	1	137
MEG-RS	1	137
MEG-RS	1	148
MEG-RS	1	137
MEG-RS	1	137
MEG-RS	2	136
MEG-RS	1	126
MEG-RS	1	137
MEG-RS	1	137
MEG-RS	1	136
MEG-RS	1	137
MEG-RS	2	127
MEG-RS	2	139
MEG-RS	2	134
MEG-RS	1	142
MEG-RS	1	151
MEG-RS	1	126
MEG-RS	1	145
MEG-RS	7	148
MEG-RS	1	118
MEG-RS	15	169
MEG-RS	7	137
MEG-RS	1	137
MEG-RS	1	136
MEG-RS	1	155
MEG-RS	1	157
MEG-RS	1	131
MEG-RS	1	131
MEG-RS	3	133
MEG-RS	1	137
MEG-RS	1	137
MEG-RS	2	146
MEG-RS	2	137
MEG-RS	1	120
MEG-RS	2	146
MEG-RS	2	148
MEG-RS	1	138
MEG-RS	1	116
MEG-RS	1	129
MEG-RS	1	137
MEG-RS	1	141
MEG-RS	1	147
MEG-RS	1	140
MEG-RS	1	136
MEG-RS	3	143
MEG-RS	1	157
MEG-RS	1	136
MEG-RS	1	154
MEG-RS	2	137
MEG-RS	2	128
MEG-RS	1	140
MEG-RS	1	140
MEG-RS	1	137
MEG-RS	1	140
MEG-RS	2	150
MEG-RS	1	137
MEG-RS	1	137
MEG-RS	1	137
MEG-RS	2	143
MEG-RS	3	137
MEG-RS	2	137
MEG-RS	1	137
MEG-RS	1	132
MEG-RS	1	132
MEG-RS	1	154
MEG-RS	1	126
MEG-RS	11	136
MEG-RS	1	141
MEG-RS	1	138
MEG-RS	1	141
MEG-RS	1	155
MEG-RS	1	139
MEG-RS	1	158
MEG-RS	1	166
MEG-RS	2	127
MEG-RS	1	158
MEG-RS	13	137
MEG-RS	6	141
MEG-RS	2	146
MEG-RS	8	140
MEG-RS	2	141
MEG-RS	2	137
MEG-RS	1	141
MEG-RS	1	151
MEG-RS	1	137
MEG-RS	1	137
MEG-RS	1	137
MEG-RS	1	137
MEG-RS	1	128
MEG-RS	1	134
MEG-RS	1	137
MEG-RS	1	134
MEG-RS	2	147
MEG-RS	1	137
MEG-RS	1	141
MEG-RS	1	169
MEG-RS	3	137
MEG-RS	3	134
MEG-RS	1	148
MEG-RS	1	123
MEG-RS	1	132
MEG-RS	1	137
MEG-RS	1	133
MEG-RS	1	133
MEG-RS	14	137
MEG-RS	1	142
MEG-RS	1	148
MEG-RS	1	137
MEG-RS	5	137
MEG-RS	1	157
MEG-RS	1	155
MEG-RS	1	157
MEG-RS	2	137
MEG-RS	1	137
MEG-RS	2	141
MEG-RS	1	137
MEG-RS	1	136
MEG-RS	1	137
MEG-RS	1	122
MEG-RS	2	129
MEG-RS	2	129
MEG-RS	5	150
MEG-RS	2	138
MEG-RS	1	137
MEG-RS	16	155
MEG-RS	1	137
MEG-RS	1	137
MEG-RS	1	144
MEG-RS	2	139
MEG-RS	1	146
MEG-RS	1	129
MEG-RS	3	166
MEG-RS	1	126
MEG-RS	1	120
MEG-RS	1	156
MEG-RS	1	120
MEG-RS	5	139
MEG-RS	1	147
MEG-RS	1	120
MEG-RS	2	136
MEG-RS	20	155
MEG-RS	6	141
MEG-RS	2	179
MEG-RS	4	139
MEG-RS	1	136
MEG-RS	1	137
MEG-RS	1	136
MEG-RS	1	137
MEG-RS	1	142
MEG-RS	1	161
MEG-RS	2	157
MEG-RS	1	133
MEG-RS	1	133
MEG-RS	2	137
MEG-RS	2	137
MEG-RS	1	137
MEG-RS	3	136
MEG-RS	1	130
MEG-RS	4	137
MEG-RS	1	130
MEG-RS	3	137
MEG-RS	13	137
MEG-RS	1	169
MEG-RS	1	135
MEG-RS	1	136
MEG-RS	1	125
MEG-RS	11	137
MEG-RS	1	120
MEG-RS	1	137
MEG-RS	1	137
MEG-RS	2	126
MEG-RS	1	137
MEG-RS	1	145
MEG-RS	1	134
MEG-RS	17	139
MEG-RS	20	137
MEG-RS	1	147
MEG-RS	2	133
MEG-RS	16	158
MEG-RS	1	138
MEG-RS	1	147
MEG-RS	1	137
MEG-RS	2	139
MEG-RS	1	137
MEG-RS	1	137
MEG-RS	3	136
MEG-RS	1	141
MEG-RS	1	167
MEG-RS	24	137
MEG-RS	3	141
MEG-RS	15	149
MEG-RS	2	146
MEG-RS	3	147
MEG-RS	3	134
MEG-RS	1	136
MEG-RS	2	137
MEG-RS	1	135
MEG-RS	1	143
MEG-RS	2	137
MEG-RS	1	136
MEG-RS	1	137
MEG-RS	1	134
MEG-RS	1	137
MEG-RS	1	131
MEG-RS	1	119
MEG-RS	1	137
MEG-RS	1	137
MEG-RS	1	137
MEG-RS	1	130
MEG-RS	10	137
MEG-RS	2	135
MEG-RS	1	143
MEG-RS	1	139
MEG-RS	1	137
MEG-RS	1	148
MEG-RS	1	165
MEG-RS	1	141
MEG-RS	21	157
MEG-RS	3	155
MEG-RS	2	166
MEG-RS	1	141
MEG-RS	1	137
MEG-RS	1	137
MEG-RS	1	141
MEG-RS	2	127
MEG-RS	1	137
MEG-RS	1	186
MEG-RS	1	141
MEG-RS	1	127
MEG-RS	1	126
MEG-RS	4	141
MEG-RS	1	137
MEG-RS	1	132
MEG-RS	5	154
MEG-RS	3	143
MEG-RS	2	136
MEG-RS	1	157
MEG-RS	1	120
MEG-RS	11	137
MEG-RS	1	120
MEG-RS	10	135
MEG-RS	7	136
MEG-RS	3	141
MEG-RS	1	138
MEG-RS	1	130
MEG-RS	2	141
MEG-RS	1	163
MEG-RS	1	137
MEG-RS	1	137
MEG-RS	1	137
MEG-RS	2	116
MEG-RS	2	137
MEG-RS	1	148
MEG-RS	1	137
MEG-RS	1	137
MEG-RS	2	138
MEG-RS	2	137
MEG-RS	1	137
MEG-RS	2	125
MEG-RS	7	137
MEG-RS	7	137
MEG-RS	1	137
MEG-RS	16	137
MEG-RS	1	131
MEG-RS	3	133
MEG-RS	1	137
MEG-RS	2	132
MEG-RS	2	138
MEG-RS	11	146
MEG-RS	1	137
MEG-RS	1	133
MEG-RS	1	171
MEG-RS	1	128
MEG-RS	1	137
MEG-RS	1	173
MEG-RS	1	173
MEG-RS	1	142
MEG-RS	1	147
MEG-RS	1	138
MEG-RS	7	156
MEG-RS	1	135
MEG-RS	2	137
MEG-RS	2	136
MEG-RS	1	129
MEG-RS	1	137
MEG-RS	1	120
MEG-RS	3	137
MEG-RS	1	144
MEG-RS	3	137
MEG-RS	1	140
MEG-RS	6	147
MEG-RS	3	120
MEG-RS	1	136
MEG-RS	1	137
MEG-RS	1	136
MEG-RS	1	136
MEG-RS	1	157
MEG-RS	1	137
MEG-RS	1	138
MEG-RS	1	136
MEG-RS	1	137
MEG-RS	2	134
MEG-RS	2	134
MEG-RS	1	137
MEG-RS	1	132
MEG-RS	2	137
MEG-RS	2	137
MEG-RS	2	137
MEG-RS	1	147
MEG-RS	1	146
MEG-RS	1	125
MEG-RS	4	137
MEG-RS	3	154
MEG-RS	1	140
MEG-RS	3	138
MEG-RS	1	137
MEG-RS	1	152
MEG-RS	1	139
MEG-RS	1	170
MEG-RS	1	125
MEG-RS	1	128
MEG-RS	1	142
MEG-RS	1	171
MEG-RS	1	140
MEG-RS	13	137
MEG-RS	1	133
MEG-RS	1	134
MEG-RS	1	142
MEG-RS	1	143
MEG-RS	2	130
MEG-RS	12	130
MEG-RS	1	170
MEG-RS	1	138
MEG-RS	1	148
MEG-RS	1	150
MEG-RS	1	137
MEG-RS	1	137
MEG-RS	1	137
MEG-RS	1	132
MEG-RS	5	136
MEG-RS	1	137
MEG-RS	1	141
MEG-RS	1	137
MEG-RS	1	137
MEG-RS	1	137
MEG-RS	1	136
MEG-RS	1	137
MEG-RS	1	131
MEG-RS	1	137
MEG-RS	1	137
MEG-RS	2	146
MEG-RS	2	137
MEG-RS	1	136
MEG-RS	1	154
MEG-RS	1	136
MEG-RS	14	182
MEG-RS	3	138
MEG-RS	1	138
MEG-RS	3	138
MEG-RS	1	145
MEG-RS	3	138
MEG-RS	3	138
MEG-RS	4	137
MEG-RS	2	164
MEG-RS	2	137
MEG-RS	1	127
MEG-RS	1	112
MEG-RS	2	173
MEG-RS	1	127
MEG-RS	3	146
MEG-RS	18	134
MEG-RS	12	203
MEG-RS	14	134
MEG-RS	4	148
MEG-RS	1	136
MEG-RS	1	149
MEG-RS	2	136
MEG-RS	1	112
MEG-RS	1	130
MEG-RS	1	137
MEG-RS	1	141
MEG-RS	19	137
MEG-RS	1	137
MEG-RS	1	137
MEG-RS	1	137
MEG-RS	3	138
MEG-RS	3	127
MEG-RS	1	137
MEG-RS	1	136
MEG-RS	1	142
MEG-RS	1	137
MEG-RS	1	137
MEG-RS	2	125
MEG-RS	1	142
MEG-RS	1	134
MEG-RS	1	137
MEG-RS	1	128
MEG-RS	37	202
MEG-RS	1	119
MEG-RS	1	119
MEG-RS	1	137
MEG-RS	1	137
MEG-RS	1	140
MEG-RS	7	148
MEG-RS	3	149
MEG-RS	1	153
MEG-RS	1	137
MEG-RS	1	132
MEG-RS	3	141
MEG-RS	1	147
MEG-RS	1	136
MEG-RS	2	136
MEG-RS	1	137
MEG-RS	1	141
MEG-RS	1	137
MEG-RS	1	137
MEG-RS	1	128
MEG-RS	1	136
MEG-RS	4	141
MEG-RS	1	132
MEG-RS	1	126
MEG-RS	1	147
MEG-RS	1	137
MEG-RS	2	137
MEG-RS	9	134
MEG-RS	1	137
MEG-RS	2	134
MEG-RS	14	158
MEG-RS	1	121
MEG-RS	23	137
MEG-RS	12	135
MEG-RS	1	129
MEG-RS	4	138
MEG-RS	1	136
MEG-RS	1	115
MEG-RS	4	137
MEG-RS	3	126
MEG-RS	1	138
MEG-RS	1	133
MEG-RS	1	133
MEG-RS	1	137
MEG-RS	1	133
MEG-RS	1	137
MEG-RS	1	155
MEG-RS	18	148
MEG-RS	3	121
MEG-RS	17	137
MEG-RS	1	137
MEG-RS	1	141
MEG-RS	1	137
MEG-RS	1	137
MEG-RS	1	159
MEG-RS	2	132
MEG-RS	2	138
MEG-RS	1	131
MEG-RS	3	137
MEG-RS	1	137
MEG-RS	1	179
MEG-RS	12	155
MEG-RS	8	120
MEG-RS	1	137
MEG-RS	1	131
MEG-RS	4	147
MEG-RS	7	137
MEG-RS	3	135
MEG-RS	28	138
MEG-RS	1	141
MEG-RS	1	147
MEG-RS	1	137
MEG-RS	2	136
MEG-RS	17	136
MEG-RS	1	152
MEG-RS	2	141
MEG-RS	1	138
MEG-RS	1	138
MEG-RS	1	167
MEG-RS	1	137
MEG-RS	1	125
MEG-RS	1	129
MEG-RS	1	120
MEG-RS	1	120
MEG-RS	1	123
MEG-RS	3	136
MEG-RS	1	159
MEG-RS	1	137
MEG-RS	2	137
MEG-RS	1	136
MEG-RS	1	155
MEG-RS	1	141
MEG-RS	1	141
MEG-RS	1	155
MEG-RS	1	136
MEG-RS	20	137
MEG-RS	3	126
MEG-RS	2	143
MEG-RS	1	136
MEG-RS	1	133
MEG-RS	2	137
MEG-RS	2	137
MEG-RS	1	132
MEG-RS	1	129
MEG-RS	3	138
MEG-RS	5	131
MEG-RS	1	137
MEG-RS	1	158
MEG-RS	1	127
MEG-RS	7	131
MEG-RS	20	145
MEG-RS	1	125
MEG-RS	1	141
MEG-RS	1	149
MEG-RS	1	137
MEG-RS	1	141
MEG-RS	3	132
MEG-RS	3	137
MEG-RS	2	135
MEG-RS	2	147
MEG-RS	1	136
MEG-RS	5	148
MEG-RS	1	129
MEG-RS	1	134
MEG-RS	1	134
MEG-RS	2	137
MEG-RS	2	133
MEG-RS	1	120
MEG-RS	1	123
MEG-RS	3	137
MEG-RS	1	138
MEG-RS	1	132
MEG-RS	1	147
MEG-RS	3	130
MEG-RS	2	130
MEG-RS	10	137
MEG-RS	1	124
MEG-RS	1	114
MEG-RS	21	134
MEG-RS	10	146
MEG-RS	3	170
MEG-RS	1	136
MEG-RS	2	130
MEG-RS	2	137
MEG-RS	2	136
MEG-RS	1	136
MEG-RS	17	137
MEG-RS	1	112
MEG-RS	4	133
MEG-RS	1	184
MEG-RS	4	135
MEG-RS	1	136
MEG-RS	2	137
MEG-RS	3	138
MEG-RS	4	143
MEG-RS	2	207
MEG-RS	1	137
MEG-RS	2	136
MEG-RS	1	132
MEG-RS	2	141
MEG-RS	1	170
MEG-RS	3	156
MEG-RS	1	134
MEG-RS	1	141
MEG-RS	2	120
MEG-RS	1	119
MEG-RS	2	120
MEG-RS	1	134
MEG-RS	1	187
MEG-RS	1	137
MEG-RS	1	137
MEG-RS	1	137
MEG-RS	1	134
MEG-RS	1	137
MEG-RS	1	137
MEG-RS	1	130
MEG-RS	1	137
MEG-RS	1	137
MEG-RS	1	137
MEG-RS	2	135
MEG-RS	1	137
MEG-RS	9	136
MEG-RS	1	146
MEG-RS	1	137
MEG-RS	1	128
MEG-RS	1	128
MEG-RS	14	173
MEG-RS	3	136
MEG-RS	1	116
MEG-RS	20	150
MEG-RS	3	137
MEG-RS	1	148
MEG-RS	1	146
MEG-RS	1	141
MEG-RS	1	136
MEG-RS	1	136
MEG-RS	20	136
MEG-RS	1	141
MEG-RS	1	126
MEG-RS	21	137
MEG-RS	1	180
MEG-RS	9	130
MEG-RS	4	126
MEG-RS	2	156
MEG-RS	1	147
MEG-RS	1	137
MEG-RS	1	137
MEG-RS	1	147
MEG-RS	1	137
MEG-RS	5	130
MEG-RS	1	127
MEG-RS	1	135
MEG-RS	3	117
MEG-RS	2	134
MEG-RS	2	143
MEG-RS	7	136
MEG-RS	15	132
MEG-RS	1	137
MEG-RS	1	136
MEG-RS	6	138
MEG-RS	1	129
MEG-RS	3	141
MEG-RS	1	136
MEG-RS	4	136
MEG-RS	1	136
MEG-RS	1	137
MEG-RS	1	137
MEG-RS	1	131
MEG-RS	1	137
MEG-RS	1	137
MEG-RS	1	137
MEG-RS	3	136
MEG-RS	2	126
MEG-RS	1	134
MEG-RS	16	134
MEG-RS	1	124
MEG-RS	2	137
MEG-RS	1	137
MEG-RS	10	159
MEG-RS	7	141
MEG-RS	1	137
MEG-RS	1	137
MEG-RS	4	137
MEG-RS	3	137
MEG-RS	16	126
MEG-RS	2	135
MEG-RS	4	141
MEG-RS	1	141
MEG-RS	12	131
MEG-RS	1	120
MEG-RS	1	120
MEG-RS	11	130
MEG-RS	1	120
MEG-RS	1	142
MEG-RS	24	134
MEG-RS	4	136
MEG-RS	1	135
MEG-RS	1	179
MEG-RS	1	166
MEG-RS	2	130
MEG-RS	1	129
MEG-RS	1	132
MEG-RS	1	133
MEG-RS	2	137
MEG-RS	1	136
MEG-RS	1	137
MEG-RS	1	115
MEG-RS	1	136
MEG-RS	5	159
MEG-RS	1	136
MEG-RS	1	136
MEG-RS	1	154
MEG-RS	19	136
MEG-RS	2	137
MEG-RS	2	119
MEG-RS	1	151
MEG-RS	1	206
MEG-RS	1	139
MEG-RS	2	137
MEG-RS	2	134
MEG-RS	3	138
MEG-RS	1	136
MEG-RS	23	137
MEG-RS	2	182
MEG-RS	28	155
MEG-RS	1	141
MEG-RS	1	147
MEG-RS	1	135
MEG-RS	1	134
MEG-RS	1	146
MEG-RS	2	137
MEG-RS	4	137
MEG-RS	2	132
MEG-RS	1	139
MEG-RS	13	137
MEG-RS	1	130
MEG-RS	2	141
MEG-RS	1	137
MEG-RS	1	147
MEG-RS	2	142
MEG-RS	1	132
MEG-RS	2	136
MEG-RS	1	132
MEG-RS	1	120
MEG-RS	1	120
MEG-RS	2	139
MEG-RS	2	134
MEG-RS	1	143
MEG-RS	1	137
MEG-RS	1	135
MEG-RS	4	138
MEG-RS	1	138
MEG-RS	21	151
MEG-RS	1	132
MEG-RS	1	127
MEG-RS	1	154
MEG-RS	1	130
MEG-RS	1	161
MEG-RS	1	128
MEG-RS	3	137
MEG-RS	1	135
MEG-RS	1	136
MEG-RS	7	138
MEG-RS	1	136
MEG-RS	1	130
MEG-RS	1	136
MEG-RS	1	179
MEG-RS	1	119
MEG-RS	2	120
MEG-RS	10	134
MEG-RS	1	134
MEG-RS	1	125
MEG-RS	1	134
MEG-RS	1	134
MEG-RS	2	129
MEG-RS	1	128
MEG-RS	7	146
MEG-RS	14	137
MEG-RS	1	143
MEG-RS	1	154
MEG-RS	1	141
MEG-RS	25	157
MEG-RS	15	136
MEG-RS	1	162
MEG-RS	12	137
MEG-RS	1	131
MEG-RS	3	134
MEG-RS	4	141
MEG-RS	2	142
MEG-RS	1	141
MEG-RS	1	147
MEG-RS	1	137
MEG-RS	1	137
MEG-RS	1	148
MEG-RS	1	120
MEG-RS	1	120
MEG-RS	1	118
MEG-RS	7	147
MEG-RS	1	130
MEG-RS	1	183
MEG-RS	1	145
MEG-RS	12	135
MEG-RS	1	136
MEG-RS	2	137
MEG-RS	2	136
MEG-RS	1	133
MEG-RS	3	137
MEG-RS	1	191
MEG-RS	4	137
MEG-RS	1	136
MEG-RS	1	137
MEG-RS	1	184
MEG-RS	1	134
MEG-RS	18	136
MEG-RS	1	131
MEG-RS	1	131
MEG-RS	1	131
MEG-RS	1	131
MEG-RS	2	137
MEG-RS	11	132
MEG-RS	3	148
MEG-RS	1	137
MEG-RS	1	141
MEG-RS	1	137
MEG-RS	9	134
MEG-RS	1	129
MEG-RS	1	129
MEG-RS	28	138
MEG-RS	1	141
MEG-RS	1	143
MEG-RS	1	120
MEG-RS	4	137
MEG-RS	1	129
MEG-RS	1	145
MEG-RS	1	137
MEG-RS	1	142
MEG-RS	3	146
MEG-RS	2	128
MEG-RS	1	169
MEG-RS	1	115
MEG-RS	1	133
MEG-RS	1	137
MEG-RS	1	137
MEG-RS	3	120
MEG-RS	1	136
MEG-RS	1	138
MEG-RS	1	131
MEG-RS	2	136
MEG-RS	3	137
MEG-RS	1	136
MEG-RS	1	137
MEG-RS	1	127
MEG-RS	1	116
MEG-RS	10	134
MEG-RS	17	137
MEG-RS	3	127
MEG-RS	1	137
MEG-RS	1	137
MEG-RS	1	137
MEG-RS	1	129
MEG-RS	1	153
MEG-RS	2	142
MEG-RS	1	137
MEG-RS	1	138
MEG-RS	1	147
MEG-RS	1	147
MEG-RS	1	147
MEG-RS	17	136
MEG-RS	1	141
MEG-RS	1	141
MEG-RS	1	137
MEG-RS	1	137
MEG-RS	1	137
MEG-RS	1	147
MEG-RS	1	155
MEG-RS	2	148
MEG-RS	1	136
MEG-RS	4	131
MEG-RS	1	127
MEG-RS	1	124
MEG-RS	27	147
MEG-RS	1	137
MEG-RS	1	142
MEG-RS	8	134
MEG-RS	1	130
MEG-RS	1	135
MEG-RS	1	149
MEG-RS	13	137
MEG-RS	1	146
MEG-RS	1	142
MEG-RS	12	130
MEG-RS	2	120
MEG-RS	1	147
MEG-RS	7	125
MEG-RS	1	137
MEG-RS	1	134
MEG-RS	1	134
MEG-RS	1	128
MEG-RS	1	143
MEG-RS	1	123
MEG-RS	11	133
MEG-RS	1	156
MEG-RS	1	136
MEG-RS	1	130
MEG-RS	1	136
MEG-RS	1	131
MEG-RS	1	137
MEG-RS	20	157
MEG-RS	1	137
MEG-RS	19	137
MEG-RS	27	137
MEG-RS	7	126
MEG-RS	1	115
MEG-RS	2	135
MEG-RS	7	207
MEG-RS	1	137
MEG-RS	1	134
MEG-RS	1	137
MEG-RS	1	136
MEG-RS	1	137
MEG-RS	1	147
MEG-RS	1	120
MEG-RS	1	120
MEG-RS	1	129
MEG-RS	1	141
MEG-RS	1	137
MEG-RS	1	134
MEG-RS	1	137
MEG-RS	1	136
MEG-RS	1	138
MEG-RS	1	127
MEG-RS	1	141
MEG-RS	1	155
MEG-RS	1	133
MEG-RS	1	148
MEG-RS	2	137
MEG-RS	1	136
MEG-RS	1	135
MEG-RS	1	134
MEG-RS	1	134
MEG-RS	3	136
MEG-RS	7	152
MEG-RS	1	137
MEG-RS	1	138
MEG-RS	1	138
MEG-RS	1	135
MEG-RS	1	120
MEG-RS	1	141
MEG-RS	1	134
MEG-RS	7	136
MEG-RS	1	135
MEG-RS	1	140
MEG-RS	3	133
MEG-RS	1	136
MEG-RS	2	131
MEG-RS	2	131
MEG-RS	1	136
MEG-RS	2	170
MEG-RS	5	138
MEG-RS	3	136
MEG-RS	13	169
MEG-RS	1	126
MEG-RS	13	207
MEG-RS	1	132
MEG-RS	2	136
MEG-RS	1	132
MEG-RS	1	129
MEG-RS	3	142
MEG-RS	1	143
MEG-RS	1	148
MEG-RS	1	136
MEG-RS	14	141
MEG-RS	1	137
MEG-RS	1	135
MEG-RS	1	132
MEG-RS	2	136
MEG-RS	1	139
MEG-RS	1	150
MEG-RS	1	137
MEG-RS	1	136
MEG-RS	1	129
MEG-RS	2	132
MEG-RS	1	131
MEG-RS	2	153
MEG-RS	1	137
MEG-RS	2	137
MEG-RS	2	137
MEG-RS	2	135
MEG-RS	5	132
MEG-RS	1	137
MEG-RS	1	137
MEG-RS	15	136
MEG-RS	1	137
MEG-RS	1	138
MEG-RS	1	137
MEG-RS	2	131
MEG-RS	1	132
MEG-RS	34	188
MEG-RS	1	136
MEG-RS	2	133
MEG-RS	1	132
MEG-RS	2	134
MEG-RS	1	137
MEG-RS	27	171
MEG-RS	1	206
MEG-RS	8	166
MEG-RS	4	137
MEG-RS	24	134
MEG-RS	1	136
MEG-RS	4	147
MEG-RS	1	134
MEG-RS	1	154
MEG-RS	1	146
MEG-RS	4	141
MEG-RS	20	137
MEG-RS	1	163
MEG-RS	1	147
MEG-RS	4	137
MEG-RS	19	139
MEG-RS	1	136
MEG-RS	1	137
MEG-RS	1	137
MEG-RS	16	137
MEG-RS	1	135
MEG-RS	23	136
MEG-RS	19	137
MEG-RS	2	141
MEG-RS	2	138
MEG-RS	1	120
MEG-RS	1	120
MEG-RS	3	137
MEG-RS	1	163
MEG-RS	1	155
MEG-RS	1	147
MEG-RS	5	137
MEG-RS	1	137
MEG-RS	1	127
MEG-RS	23	166
MEG-RS	1	137
MEG-RS	1	134
MEG-RS	1	132
MEG-RS	1	119
MEG-RS	1	144
MEG-RS	3	137
MEG-RS	1	136
MEG-RS	3	137
MEG-RS	1	137
MEG-RS	2	138
MEG-RS	1	152
MEG-RS	20	137
MEG-RS	15	138
MEG-RS	16	152
MEG-RS	24	155
MEG-RS	1	117
MEG-RS	2	137
MEG-RS	10	135
MEG-RS	2	137
MEG-RS	27	149
MEG-RS	3	135
MEG-RS	3	137
MEG-RS	1	135
MEG-RS	1	138
MEG-RS	1	133
MEG-RS	1	149
MEG-RS	19	137
MEG-RS	16	137
MEG-RS	13	139
MEG-RS	1	122
MEG-RS	1	136
MEG-RS	2	137
MEG-RS	1	119
MEG-RS	2	137
MEG-RS	1	137
MEG-RS	1	137
MEG-RS	1	145
MEG-RS	1	145
MEG-RS	22	147
MEG-RS	13	138
MEG-RS	1	120
MEG-RS	1	134
MEG-RS	1	120
MEG-RS	3	205
MEG-RS	1	117
MEG-RS	11	157
MEG-RS	1	146
MEG-RS	17	136
MEG-RS	11	137
MEG-RS	14	137
MEG-RS	1	138
MEG-RS	1	127
MEG-RS	5	137
MEG-RS	20	137
MEG-RS	1	112
MEG-RS	1	145
MEG-RS	3	136
MEG-RS	1	178
MEG-RS	1	156
MEG-RS	1	113
MEG-RS	1	125
MEG-RS	1	137
MEG-RS	1	137
MEG-RS	1	141
MEG-RS	1	132
MEG-RS	1	123
MEG-RS	14	136
MEG-RS	1	158
MEG-RS	20	144
MEG-RS	1	138
MEG-RS	2	137
MEG-RS	1	137
MEG-RS	1	136
MEG-RS	1	137
MEG-RS	5	130
MEG-RS	19	144
MEG-RS	13	139
MEG-RS	1	119
MEG-RS	22	131
MEG-RS	1	110
MEG-RS	1	137
MEG-RS	1	125
MEG-RS	1	137
MEG-RS	1	141
MEG-RS	1	141
MEG-RS	1	141
MEG-RS	1	137
MEG-RS	15	131
MEG-RS	1	137
MEG-RS	1	137
MEG-RS	2	179
MEG-RS	1	141
MEG-RS	1	143
MEG-RS	1	141
MEG-RS	1	141
MEG-RS	1	142
MEG-RS	1	137
MEG-RS	1	136
MEG-RS	1	158
MEG-RS	1	137
MEG-RS	22	138
MEG-RS	24	136
MEG-RS	1	137
MEG-RS	1	122
MEG-RS	23	135
MEG-RS	1	113
MEG-RS	2	144
MEG-RS	1	150
MEG-RS	1	131
MEG-RS	1	119
MEG-RS	1	136
MEG-RS	1	137
MEG-RS	1	137
MEG-RS	1	131
MEG-RS	1	119
MEG-RS	1	132
MEG-RS	1	120
MEG-RS	1	137
MEG-RS	1	137
MEG-RS	12	137
MEG-RS	1	139
MEG-RS	1	144
MEG-RS	1	120
MEG-RS	1	120
MEG-RS	19	134
MEG-RS	1	147
MEG-RS	14	119
MEG-RS	1	137
MEG-RS	1	137
MEG-RS	3	131
MEG-RS	2	138
MEG-RS	1	142
MEG-RS	1	139
MEG-RS	1	139
MEG-RS	2	137
MEG-RS	1	137
MEG-RS	1	118
MEG-RS	23	143
MEG-RS	1	131
MEG-RS	1	137
MEG-RS	3	150
MEG-RS	1	154
MEG-RS	12	136
MEG-RS	1	168
MEG-RS	2	137
MEG-RS	1	137
MEG-RS	1	140
MEG-RS	1	167
MEG-RS	4	144
MEG-RS	1	116
MEG-RS	2	137
MEG-RS	1	137
MEG-RS	1	138
MEG-RS	1	141
MEG-RS	1	129
MEG-RS	2	157
MEG-RS	43	151
MEG-RS	1	130
MEG-RS	1	132
MEG-RS	1	123
MEG-RS	19	146
MEG-RS	1	165
MEG-RS	1	136
MEG-RS	2	137
MEG-RS	2	137
MEG-RS	1	130
MEG-RS	1	127
MEG-RS	13	139
MEG-RS	1	117
MEG-RS	2	137
MEG-RS	1	136
MEG-RS	24	151
MEG-RS	1	132
MEG-RS	1	110
MEG-RS	1	137
MEG-RS	1	134
MEG-RS	17	137
MEG-RS	1	148
MEG-RS	1	130
MEG-RS	1	137
MEG-RS	3	148
MEG-RS	1	147
MEG-RS	7	137
MEG-RS	1	137
MEG-RS	1	117
MEG-RS	2	150
MEG-RS	21	146
MEG-RS	1	117
MEG-RS	1	126
MEG-RS	1	120
MEG-RS	12	152
MEG-RS	2	148
MEG-RS	1	132
MEG-RS	4	126
MEG-RS	11	137
MEG-RS	2	137
MEG-RS	4	136
MEG-RS	1	137
MEG-RS	1	155
MEG-RS	21	126
MEG-RS	1	143
MEG-RS	2	136
MEG-RS	1	156
MEG-RS	1	166
MEG-RS	1	136
MEG-RS	1	152
MEG-RS	1	129
MEG-RS	1	115
MEG-RS	3	157
MEG-RS	3	141
MEG-RS	3	126
MEG-RS	17	137
MEG-RS	24	134
MEG-RS	2	131
MEG-RS	17	144
MEG-RS	1	113
MEG-RS	1	137
MEG-RS	1	137
MEG-RS	1	169
MEG-RS	3	147
MEG-RS	1	137
MEG-RS	3	121
MEG-RS	1	128
MEG-RS	1	156
MEG-RS	1	137
MEG-RS	1	137
MEG-RS	2	148
MEG-RS	1	148
MEG-RS	23	133
MEG-RS	8	136
MEG-RS	1	120
MEG-RS	1	120
MEG-RS	1	120
MEG-RS	1	120
MEG-RS	1	120
MEG-RS	31	137
MEG-RS	27	137
MEG-RS	1	119
MEG-RS	2	136
MEG-RS	1	155
MEG-RS	11	137
MEG-RS	1	141
MEG-RS	1	141
MEG-RS	1	137
MEG-RS	20	206
MEG-RS	1	136
MEG-RS	19	136
MEG-RS	1	137
MEG-RS	23	172
MEG-RS	1	136
MEG-RS	12	137
MEG-RS	1	137
MEG-RS	1	158
MEG-RS	1	170
MEG-RS	1	151
MEG-RS	2	132
MEG-RS	2	114
MEG-RS	1	116
MEG-RS	1	134
MEG-RS	1	134
MEG-RS	1	141
MEG-RS	1	128
MEG-RS	2	157
MEG-RS	1	135
MEG-RS	1	137
MEG-RS	1	136
MEG-RS	1	131
MEG-RS	1	135
MEG-RS	1	137
MEG-RS	1	136
MEG-RS	1	138
MEG-RS	7	138
MEG-RS	1	136
MEG-RS	10	148
MEG-RS	1	155
MEG-RS	3	129
MEG-RS	16	136
MEG-RS	1	135
MEG-RS	1	126
MEG-RS	1	118
MEG-RS	8	134
MEG-RS	3	137
MEG-RS	1	133
MEG-RS	1	134
MEG-RS	4	137
MEG-RS	1	134
MEG-RS	4	136
MEG-RS	1	137
MEG-RS	1	137
MEG-RS	1	137
MEG-RS	2	111
MEG-RS	1	137
MEG-RS	1	137
MEG-RS	4	174
MEG-RS	4	144
MEG-RS	1	137
MEG-RS	11	136
MEG-RS	1	108
MEG-RS	8	133
MEG-RS	1	137
MEG-RS	1	141
MEG-RS	1	137
MEG-RS	1	137
MEG-RS	1	117
MEG-RS	13	129
MEG-RS	1	137
MEG-RS	1	137
MEG-RS	1	141
MEG-RS	1	134
MEG-RS	1	124
MEG-RS	1	137
MEG-RS	1	130
MEG-RS	1	137
MEG-RS	1	146
MEG-RS	1	134
MEG-RS	1	137
MEG-RS	1	128
MEG-RS	16	137
MEG-RS	3	165
MEG-RS	1	141
MEG-RS	1	137
MEG-RS	1	131
MEG-RS	1	130
MEG-RS	3	166
MEG-RS	1	120
MEG-RS	1	120
MEG-RS	1	129
MEG-RS	1	126
MEG-RS	23	133
MEG-RS	1	137
MEG-RS	2	142
MEG-RS	1	120
MEG-RS	27	137
MEG-RS	1	120
MEG-RS	1	111
MEG-RS	7	117
MEG-RS	19	144
MEG-RS	23	136
MEG-RS	1	155
MEG-RS	2	164
MEG-RS	1	141
MEG-RS	17	136
MEG-RS	20	152
MEG-RS	2	125
MEG-RS	27	141
MEG-RS	1	133
MEG-RS	1	137
MEG-RS	20	147
MEG-RS	21	136
MEG-RS	2	148
MEG-RS	11	141
MEG-RS	1	125
MEG-RS	20	135
MEG-RS	20	135
MEG-RS	20	135
MEG-RS	24	136
MEG-RS	1	119
MEG-RS	16	134
MEG-RS	27	165
MEG-RS	13	162
MEG-RS	1	131
MEG-RS	1	129
MEG-RS	3	157
MEG-RS	1	120
MEG-RS	18	137
MEG-RS	1	137
MEG-RS	1	120
MEG-RS	1	120
MEG-RS	1	143
MEG-RS	1	147
MEG-RS	11	124
MEG-RS	20	166
MEG-RS	3	137
MEG-RS	1	157
MEG-RS	17	138
MEG-RS	3	152
MEG-RS	1	137
MEG-RS	1	127
MEG-RS	1	129
MEG-RS	1	136
MEG-RS	2	128
MEG-RS	1	136
MEG-RS	1	148
MEG-RS	1	130
MEG-RS	1	103
MEG-RS	3	120
MEG-RS	20	131
MEG-RS	1	126
MEG-RS	1	136
MEG-RS	1	134
MEG-RS	1	110
MEG-RS	1	166
MEG-RS	1	136
MEG-RS	2	120
MEG-RS	13	137
MEG-RS	2	120
MEG-RS	39	139
MEG-RS	1	116
MEG-RS	1	134
MEG-RS	2	141
MEG-RS	1	126
MEG-RS	1	117
MEG-RS	5	160
MEG-RS	2	139
MEG-RS	1	138
MEG-RS	21	138
MEG-RS	3	134
MEG-RS	2	131
MEG-RS	1	141
MEG-RS	15	119
MEG-RS	1	136
MEG-RS	24	129
MEG-RS	11	137
MEG-RS	1	137
MEG-RS	11	131
MEG-RS	1	157
MEG-RS	15	175
MEG-RS	3	111
MEG-RS	1	141
MEG-RS	8	126
MEG-RS	1	132
MEG-RS	24	145
MEG-RS	1	137
MEG-RS	19	138
MEG-RS	2	132
MEG-RS	1	129
MEG-RS	2	119
MEG-RS	1	126
MEG-RS	1	120
MEG-RS	1	204
MEG-RS	9	140
MEG-RS	1	137
MEG-RS	1	120
MEG-RS	1	120
MEG-RS	2	137
MEG-RS	3	137
MEG-RS	1	120
MEG-RS	1	135
MEG-RS	5	137
MEG-RS	3	141
MEG-RS	1	156
MEG-RS	1	133
MEG-RS	3	136
MEG-RS	4	157
MEG-RS	1	148
MEG-RS	2	101
MEG-RS	1	127
MEG-RS	1	145
MEG-RS	2	137
MEG-RS	1	192
MEG-RS	2	132
MEG-RS	1	120
MEG-RS	2	141
MEG-RS	1	119
MEG-RS	2	126
MEG-RS	1	148
MEG-RS	1	116
MEG-RS	1	136
MEG-RS	1	137
MEG-RS	1	147
MEG-RS	5	120
MEG-RS	1	120
MEG-RS	1	138
MEG-RS	16	141
MEG-RS	25	138
MEG-RS	1	138
MEG-RS	1	120
MEG-RS	7	134
MEG-RS	4	117
MEG-RS	28	132
MEG-RS	21	152
MEG-RS	20	133
MEG-RS	1	138
MEG-RS	1	147
MEG-RS	12	130
MEG-RS	1	137
MEG-RS	1	136
MEG-RS	3	137
MEG-RS	12	140
MEG-RS	1	134
MEG-RS	1	138
MEG-RS	1	120
MEG-RS	1	120
MEG-RS	1	120
MEG-RS	1	120
MEG-RS	1	120
MEG-RS	1	120
MEG-RS	1	120
MEG-RS	1	120
MEG-RS	1	120
MEG-RS	1	120
MEG-RS	1	120
MEG-RS	1	120
MEG-RS	1	120
MEG-RS	1	120
MEG-RS	1	120
MEG-RS	1	120
MEG-RS	1	120
MEG-RS	1	120
MEG-RS	1	120
MEG-RS	1	120
MEG-RS	1	120
MEG-RS	1	120
MEG-RS	1	120
MEG-RS	1	120
MEG-RS	1	120
MEG-RS	1	120
MEG-RS	1	120
MEG-RS	1	120
MEG-RS	1	120
MEG-RS	1	120
MEG-RS	1	120
MEG-RS	1	120
MEG-RS	1	120
MEG-RS	1	120
MEG-RS	1	120
MEG-RS	1	120
MEG-RS	1	120
MEG-RS	1	120
MEG-RS	1	120
MEG-RS	1	120
MEG-RS	1	120
MEG-RS	1	120
MEG-RS	1	120
MEG-RS	1	120
MEG-RS	1	120
MEG-RS	1	120
MEG-RS	1	120
MEG-RS	1	120
MEG-RS	1	120
MEG-RS	1	120
MEG-RS	1	120
MEG-RS	1	120
MEG-RS	1	120
MEG-RS	1	120
MEG-RS	1	120
MEG-RS	1	120
MEG-RS	1	120
MEG-RS	1	120
MEG-RS	1	120
MEG-RS	1	120
MEG-RS	1	120
MEG-RS	1	120
MEG-RS	1	120
MEG-RS	1	120
MEG-RS	1	120
MEG-RS	1	120
MEG-RS	27	136
MEG-RS	30	130
MEG-RS	27	133
MEG-RS	27	138
MEG-RS	1	110
MEG-RS	1	120
MEG-RS	1	120
MEG-RS	9	125
MEG-RS	1	141
MEG-RS	1	132
MEG-RS	1	134
MEG-RS	1	127
MEG-RS	2	138
MEG-RS	1	134
MEG-RS	1	138
MEG-RS	1	117
MEG-RS	3	137
MEG-RS	1	136
MEG-RS	1	142
MEG-RS	3	154
MEG-RS	1	140
MEG-RS	2	126
MEG-RS	1	134
MEG-RS	5	132
MEG-RS	1	137
MEG-RS	3	136
MEG-RS	1	137
MEG-RS	18	134
MEG-RS	20	137
MEG-RS	2	138
MEG-RS	1	137
MEG-RS	3	137
MEG-RS	1	126
MEG-RS	1	137
MEG-RS	1	135
MEG-RS	1	120
MEG-RS	1	120
MEG-RS	1	120
MEG-RS	1	137
MEG-RS	17	132
MEG-RS	26	134
MEG-RS	2	136
MEG-RS	1	150
MEG-RS	4	136
MEG-RS	1	128
MEG-RS	1	131
MEG-RS	20	128
MEG-RS	2	132
MEG-RS	1	185
MEG-RS	3	136
MEG-RS	4	147
MEG-RS	41	133
MEG-RS	25	129
MEG-RS	1	138
MEG-RS	1	156
MEG-RS	1	120
MEG-RS	1	114
MEG-RS	3	143
MEG-RS	26	137
MEG-RS	28	130
MEG-RS	1	147
MEG-RS	1	138
MEG-RS	1	120
MEG-RS	1	120
MEG-RS	1	120
MEG-RS	1	120
MEG-RS	3	139
MEG-RS	1	137
MEG-RS	1	120
MEG-RS	1	120
MEG-RS	1	120
MEG-RS	1	120
MEG-RS	1	120
MEG-RS	1	120
MEG-RS	1	120
MEG-RS	1	120
MEG-RS	1	120
MEG-RS	1	120
MEG-RS	1	120
MEG-RS	1	120
MEG-RS	1	120
MEG-RS	1	120
MEG-RS	1	120
MEG-RS	1	120
MEG-RS	1	120
MEG-RS	1	120
MEG-RS	1	120
MEG-RS	1	120
MEG-RS	1	120
MEG-RS	1	120
MEG-RS	1	120
MEG-RS	1	120
MEG-RS	1	120
MEG-RS	1	120
MEG-RS	1	120
MEG-RS	1	120
MEG-RS	1	120
MEG-RS	1	120
MEG-RS	1	120
MEG-RS	1	120
MEG-RS	1	120
MEG-RS	1	120
MEG-RS	1	120
MEG-RS	1	120
MEG-RS	1	120
MEG-RS	1	120
MEG-RS	1	120
MEG-RS	1	120
MEG-RS	1	120
MEG-RS	1	120
MEG-RS	1	120
MEG-RS	1	120
MEG-RS	1	120
MEG-RS	1	120
MEG-RS	1	120
MEG-RS	1	120
MEG-RS	1	120
MEG-RS	1	120
MEG-RS	1	120
MEG-RS	1	120
MEG-RS	1	120
MEG-RS	1	120
MEG-RS	1	120
MEG-RS	1	120
MEG-RS	1	120
MEG-RS	1	120
MEG-RS	1	120
MEG-RS	1	120
MEG-RS	1	120
MEG-RS	1	120
MEG-RS	1	120
MEG-RS	1	120
MEG-RS	1	120
MEG-RS	1	120
MEG-RS	1	120
MEG-RS	1	120
MEG-RS	1	120
MEG-RS	1	120
MEG-RS	1	120
MEG-RS	1	120
MEG-RS	1	120
MEG-RS	1	120
MEG-RS	1	120
MEG-RS	1	120
MEG-RS	1	120
MEG-RS	1	120
MEG-RS	1	120
MEG-RS	1	120
MEG-RS	1	120
MEG-RS	1	120
MEG-RS	1	120
MEG-RS	1	120
MEG-RS	1	120
MEG-RS	1	120
MEG-RS	1	120
MEG-RS	1	120
MEG-RS	1	120
MEG-RS	1	120
MEG-RS	1	120
MEG-RS	1	120
MEG-RS	1	120
MEG-RS	1	120
MEG-RS	1	120
MEG-RS	1	120
MEG-RS	1	120
MEG-RS	1	120
MEG-RS	1	120
MEG-RS	1	120
MEG-RS	1	120
MEG-RS	1	120
MEG-RS	1	120
MEG-RS	1	120
MEG-RS	1	120
MEG-RS	1	120
MEG-RS	1	120
MEG-RS	1	120
MEG-RS	1	120
MEG-RS	1	120
MEG-RS	1	120
MEG-RS	1	120
MEG-RS	1	120
MEG-RS	1	120
MEG-RS	1	120
MEG-RS	1	120
MEG-RS	1	120
MEG-RS	1	120
MEG-RS	1	120
MEG-RS	1	120
MEG-RS	1	120
MEG-RS	1	120
MEG-RS	1	120
MEG-RS	1	120
MEG-RS	1	120
MEG-RS	1	120
MEG-RS	1	120
MEG-RS	1	120
MEG-RS	1	120
MEG-RS	1	120
MEG-RS	1	120
MEG-RS	1	120
MEG-RS	1	120
MEG-RS	1	120
MEG-RS	1	120
MEG-RS	1	120
MEG-RS	1	120
MEG-RS	1	120
MEG-RS	1	120
MEG-RS	1	120
MEG-RS	1	120
MEG-RS	1	120
MEG-RS	1	120
MEG-RS	1	120
MEG-RS	1	120
MEG-RS	1	120
MEG-RS	1	120
MEG-RS	1	120
MEG-RS	1	120
MEG-RS	1	120
MEG-RS	1	120
MEG-RS	1	120
MEG-RS	1	120
MEG-RS	1	120
MEG-RS	1	120
MEG-RS	1	120
MEG-RS	1	120
MEG-RS	1	120
MEG-RS	1	120
MEG-RS	1	120
MEG-RS	1	120
MEG-RS	1	120
MEG-RS	1	120
MEG-RS	1	120
MEG-RS	1	120
MEG-RS	1	120
MEG-RS	1	120
MEG-RS	1	120
MEG-RS	1	120
MEG-RS	1	120
MEG-RS	1	120
MEG-RS	1	120
MEG-RS	1	120
MEG-RS	1	120
MEG-RS	1	120
MEG-RS	1	120
MEG-RS	1	120
MEG-RS	1	120
MEG-RS	1	120
MEG-RS	1	120
MEG-RS	1	120
MEG-RS	1	120
MEG-RS	1	120
MEG-RS	1	120
MEG-RS	1	120
MEG-RS	1	120
MEG-RS	24	136
MEG-RS	1	120
MEG-RS	1	120
MEG-RS	2	147
MEG-RS	1	126
MEG-RS	1	124
MEG-RS	1	126
MEG-RS	1	108
MEG-RS	1	138
MEG-RS	1	136
MEG-RS	2	136
MEG-RS	1	137
MEG-RS	1	132
MEG-RS	1	137
MEG-RS	6	120
MEG-RS	1	130
MEG-RS	1	120
MEG-RS	1	130
MEG-RS	1	106
MEG-RS	23	137
MEG-RS	1	136
MEG-RS	1	118
MEG-RS	22	134
MEG-RS	3	115
MEG-RS	1	148
MEG-RS	29	138
MEG-RS	1	131
MEG-RS	2	147
MEG-RS	1	137
MEG-RS	1	128
MEG-RS	1	135
MEG-RS	1	117
MEG-RS	1	174
MEG-RS	1	147
MEG-RS	2	134
MEG-RS	1	146
MEG-RS	1	133
MEG-RS	1	118
MEG-RS	3	137
MEG-RS	2	137
MEG-RS	1	133
MEG-RS	1	137
MEG-RS	2	137
MEG-RS	1	136
MEG-RS	1	207
MEG-RS	20	141
MEG-RS	1	134
MEG-RS	20	133
MEG-RS	1	134
MEG-RS	3	143
MEG-RS	1	137
MEG-RS	3	142
MEG-RS	1	137
MEG-RS	5	120
MEG-RS	5	120
MEG-RS	5	120
MEG-RS	5	120
MEG-RS	5	120
MEG-RS	5	120
MEG-RS	5	120
MEG-RS	5	120
MEG-RS	5	120
MEG-RS	5	120
MEG-RS	5	120
MEG-RS	5	120
MEG-RS	5	120
MEG-RS	5	120
MEG-RS	5	120
MEG-RS	5	120
MEG-RS	5	120
MEG-RS	5	120
MEG-RS	5	120
MEG-RS	5	120
MEG-RS	5	120
MEG-RS	5	120
MEG-RS	5	120
MEG-RS	5	120
MEG-RS	5	120
MEG-RS	5	120
MEG-RS	5	120
MEG-RS	5	120
MEG-RS	5	120
MEG-RS	5	120
MEG-RS	5	120
MEG-RS	5	120
MEG-RS	5	120
MEG-RS	5	120
MEG-RS	5	120
MEG-RS	5	120
MEG-RS	5	120
MEG-RS	5	120
MEG-RS	5	120
MEG-RS	5	120
MEG-RS	5	120
MEG-RS	5	120
MEG-RS	5	120
MEG-RS	5	120
MEG-RS	5	120
MEG-RS	5	120
MEG-RS	5	120
MEG-RS	5	120
MEG-RS	5	120
MEG-RS	5	120
MEG-RS	5	120
MEG-RS	5	120
MEG-RS	5	120
MEG-RS	5	120
MEG-RS	5	120
MEG-RS	5	120
MEG-RS	5	120
MEG-RS	5	120
MEG-RS	5	120
MEG-RS	5	120
MEG-RS	5	120
MEG-RS	5	120
MEG-RS	5	120
MEG-RS	5	120
MEG-RS	5	120
MEG-RS	5	120
MEG-RS	5	120
MEG-RS	5	120
MEG-RS	5	120
MEG-RS	5	120
MEG-RS	5	120
MEG-RS	5	120
MEG-RS	5	120
MEG-RS	1	144
MEG-RS	1	144
MEG-RS	1	141
MEG-RS	1	117
MEG-RS	1	133
MEG-RS	33	129
MEG-RS	20	125
MEG-RS	1	130
MEG-RS	1	97
MEG-RS	17	132
MEG-RS	1	137
MEG-RS	4	120
MEG-RS	4	120
MEG-RS	4	120
MEG-RS	4	120
MEG-RS	4	120
MEG-RS	4	120
MEG-RS	4	120
MEG-RS	4	120
MEG-RS	4	120
MEG-RS	4	120
MEG-RS	4	120
MEG-RS	4	120
MEG-RS	1	135
MEG-RS	2	149
MEG-RS	2	137
MEG-RS	1	137
MEG-RS	11	156
MEG-RS	1	136
MEG-RS	2	136
MEG-RS	1	153
MEG-RS	1	191
MEG-RS	1	137
MEG-RS	1	190
MEG-RS	1	135
MEG-RS	1	142
MEG-RS	1	134
MEG-RS	1	134
MEG-RS	1	145
MEG-RS	24	138
MEG-RS	37	163
MEG-RS	26	137
MEG-RS	1	147
MEG-RS	39	136
MEG-RS	17	150
MEG-RS	1	147
MEG-RS	13	148
MEG-RS	17	150
MEG-RS	1	147
MEG-RS	20	137
MEG-RS	1	152
MEG-RS	11	128
MEG-RS	1	117
MEG-RS	3	130
MEG-RS	1	116
MEG-RS	25	163
MEG-RS	15	137
MEG-RS	5	120
MEG-RS	18	137
MEG-RS	1	130
MEG-RS	20	130
MEG-RS	1	120
MEG-RS	1	120
MEG-RS	28	137
MEG-RS	25	139
MEG-RS	7	138
MEG-RS	1	136
MEG-RS	2	137
MEG-RS	28	141
MEG-RS	27	137
MEG-RS	16	146
MEG-RS	1	132
MEG-RS	13	137
MEG-RS	1	129
MEG-RS	1	136
MEG-RS	3	132
MEG-RS	2	137
MEG-RS	1	136
MEG-RS	1	147
MEG-RS	24	135
MEG-RS	2	137
MEG-RS	2	137
MEG-RS	5	120
MEG-RS	5	120
MEG-RS	5	120
MEG-RS	5	120
MEG-RS	5	120
MEG-RS	5	120
MEG-RS	5	120
MEG-RS	5	120
MEG-RS	1	101
MEG-RS	5	120
MEG-RS	5	120
MEG-RS	5	120
MEG-RS	5	120
MEG-RS	5	120
MEG-RS	5	120
MEG-RS	1	137
MEG-RS	1	128
MEG-RS	22	137
MEG-RS	1	120
MEG-RS	1	120
MEG-RS	1	120
MEG-RS	1	120
MEG-RS	1	120
MEG-RS	1	120
MEG-RS	1	120
MEG-RS	1	120
MEG-RS	1	120
MEG-RS	1	120
MEG-RS	1	120
MEG-RS	1	120
MEG-RS	1	120
MEG-RS	1	120
MEG-RS	1	120
MEG-RS	1	120
MEG-RS	1	120
MEG-RS	1	120
MEG-RS	1	120
MEG-RS	1	120
MEG-RS	1	120
MEG-RS	1	120
MEG-RS	1	120
MEG-RS	1	120
MEG-RS	1	120
MEG-RS	1	120
MEG-RS	1	120
MEG-RS	1	120
MEG-RS	1	120
MEG-RS	1	120
MEG-RS	1	120
MEG-RS	1	120
MEG-RS	1	120
MEG-RS	1	120
MEG-RS	1	120
MEG-RS	1	120
MEG-RS	1	120
MEG-RS	1	120
MEG-RS	1	120
MEG-RS	1	120
MEG-RS	1	120
MEG-RS	1	120
MEG-RS	1	120
MEG-RS	1	120
MEG-RS	1	120
MEG-RS	1	120
MEG-RS	1	120
MEG-RS	1	120
MEG-RS	1	120
MEG-RS	1	120
MEG-RS	1	120
MEG-RS	1	120
MEG-RS	1	120
MEG-RS	1	120
MEG-RS	1	120
MEG-RS	1	120
MEG-RS	1	120
MEG-RS	1	120
MEG-RS	1	120
MEG-RS	1	120
MEG-RS	1	120
MEG-RS	1	120
MEG-RS	1	120
MEG-RS	1	120
MEG-RS	1	120
MEG-RS	1	120
MEG-RS	1	120
MEG-RS	1	120
MEG-RS	1	120
MEG-RS	1	120
MEG-RS	1	120
MEG-RS	1	120
MEG-RS	1	120
MEG-RS	1	120
MEG-RS	1	120
MEG-RS	1	120
MEG-RS	1	120
MEG-RS	1	120
MEG-RS	1	120
MEG-RS	1	120
MEG-RS	1	120
MEG-RS	1	120
MEG-RS	1	120
MEG-RS	1	120
MEG-RS	1	120
MEG-RS	1	120
MEG-RS	1	120
MEG-RS	1	120
MEG-RS	1	120
MEG-RS	1	120
MEG-RS	1	120
MEG-RS	1	120
MEG-RS	1	120
MEG-RS	1	120
MEG-RS	1	120
MEG-RS	1	120
MEG-RS	1	120
MEG-RS	1	120
MEG-RS	1	120
MEG-RS	1	120
MEG-RS	1	120
MEG-RS	1	120
MEG-RS	1	120
MEG-RS	1	120
MEG-RS	1	120
MEG-RS	1	120
MEG-RS	1	120
MEG-RS	1	120
MEG-RS	1	120
MEG-RS	1	120
MEG-RS	1	120
MEG-RS	1	120
MEG-RS	1	120
MEG-RS	1	120
MEG-RS	1	120
MEG-RS	1	120
MEG-RS	1	120
MEG-RS	1	120
MEG-RS	1	120
MEG-RS	1	120
MEG-RS	1	120
MEG-RS	1	120
MEG-RS	1	120
MEG-RS	1	120
MEG-RS	1	120
MEG-RS	1	120
MEG-RS	1	120
MEG-RS	1	120
MEG-RS	1	120
MEG-RS	1	120
MEG-RS	1	120
MEG-RS	1	120
MEG-RS	1	120
MEG-RS	1	120
MEG-RS	1	120
MEG-RS	1	120
MEG-RS	1	120
MEG-RS	1	120
MEG-RS	1	120
MEG-RS	1	120
MEG-RS	11	135
MEG-RS	1	143
MEG-RS	19	126
MEG-RS	1	137
MEG-RS	1	137
MEG-RS	10	137
MEG-RS	2	133
MEG-RS	3	150
MEG-RS	1	159
MEG-RS	19	120
MEG-RS	14	128
MEG-RS	33	138
MEG-RS	5	148
MEG-RS	1	176
MEG-RS	1	128
MEG-RS	1	120
MEG-RS	1	120
MEG-RS	1	137
MEG-RS	4	120
MEG-RS	32	141
MEG-RS	1	118
MEG-RS	1	118
MEG-RS	1	118
MEG-RS	1	118
MEG-RS	1	118
MEG-RS	1	118
MEG-RS	1	118
MEG-RS	1	118
MEG-RS	1	118
MEG-RS	11	142
MEG-RS	1	136
MEG-RS	8	140
MEG-RS	2	120
MEG-RS	28	136
MEG-RS	1	137
MEG-RS	1	140
MEG-RS	1	120
MEG-RS	1	132
MEG-RS	29	133
MEG-RS	4	136
MEG-RS	1	136
MEG-RS	1	134
MEG-RS	1	137
MEG-RS	5	120
MEG-RS	5	120
MEG-RS	5	120
MEG-RS	5	120
MEG-RS	5	120
MEG-RS	5	120
MEG-RS	5	120
MEG-RS	5	120
MEG-RS	5	120
MEG-RS	5	120
MEG-RS	5	120
MEG-RS	5	120
MEG-RS	5	120
MEG-RS	5	120
MEG-RS	5	120
MEG-RS	5	120
MEG-RS	5	120
MEG-RS	5	120
MEG-RS	5	120
MEG-RS	5	120
MEG-RS	5	120
MEG-RS	5	120
MEG-RS	5	120
MEG-RS	5	120
MEG-RS	5	120
MEG-RS	5	120
MEG-RS	5	120
MEG-RS	5	120
MEG-RS	5	120
MEG-RS	5	120
MEG-RS	5	120
MEG-RS	5	120
MEG-RS	5	120
MEG-RS	5	120
MEG-RS	5	120
MEG-RS	5	120
MEG-RS	5	120
MEG-RS	5	120
MEG-RS	5	120
MEG-RS	5	120
MEG-RS	5	120
MEG-RS	5	120
MEG-RS	5	120
MEG-RS	5	120
MEG-RS	5	120
MEG-RS	5	120
MEG-RS	5	120
MEG-RS	5	120
MEG-RS	5	120
MEG-RS	5	120
MEG-RS	5	120
MEG-RS	5	120
MEG-RS	5	120
MEG-RS	5	120
MEG-RS	5	120
MEG-RS	5	120
MEG-RS	5	120
MEG-RS	5	120
MEG-RS	5	120
MEG-RS	5	120
MEG-RS	5	120
MEG-RS	5	120
MEG-RS	5	120
MEG-RS	5	120
MEG-RS	5	120
MEG-RS	5	120
MEG-RS	5	120
MEG-RS	5	120
MEG-RS	5	120
MEG-RS	5	120
MEG-RS	5	120
MEG-RS	5	120
MEG-RS	5	120
MEG-RS	5	120
MEG-RS	5	120
MEG-RS	5	120
MEG-RS	5	120
MEG-RS	5	120
MEG-RS	5	120
MEG-RS	5	120
MEG-RS	5	120
MEG-RS	5	120
MEG-RS	5	120
MEG-RS	5	120
MEG-RS	5	120
MEG-RS	5	120
MEG-RS	5	120
MEG-RS	5	120
MEG-RS	5	120
MEG-RS	5	120
MEG-RS	5	120
MEG-RS	5	120
MEG-RS	5	120
MEG-RS	5	120
MEG-RS	5	120
MEG-RS	5	120
MEG-RS	5	120
MEG-RS	5	120
MEG-RS	5	120
MEG-RS	5	120
MEG-RS	5	120
MEG-RS	5	120
MEG-RS	5	120
MEG-RS	5	120
MEG-RS	5	120
MEG-RS	5	120
MEG-RS	5	120
MEG-RS	5	120
MEG-RS	5	120
MEG-RS	5	120
MEG-RS	5	120
MEG-RS	5	120
MEG-RS	5	120
MEG-RS	5	120
MEG-RS	5	120
MEG-RS	5	120
MEG-RS	5	120
MEG-RS	5	120
MEG-RS	5	120
MEG-RS	5	120
MEG-RS	5	120
MEG-RS	5	120
MEG-RS	5	120
MEG-RS	5	120
MEG-RS	5	120
MEG-RS	5	120
MEG-RS	5	120
MEG-RS	5	120
MEG-RS	5	120
MEG-RS	5	120
MEG-RS	5	120
MEG-RS	5	120
MEG-RS	5	120
MEG-RS	5	120
MEG-RS	5	120
MEG-RS	5	120
MEG-RS	5	120
MEG-RS	5	120
MEG-RS	5	120
MEG-RS	5	120
MEG-RS	5	120
MEG-RS	5	120
MEG-RS	5	120
MEG-RS	5	120
MEG-RS	5	120
MEG-RS	5	120
MEG-RS	5	120
MEG-RS	5	120
MEG-RS	5	120
MEG-RS	5	120
MEG-RS	5	120
MEG-RS	5	120
MEG-RS	5	120
MEG-RS	5	120
MEG-RS	5	120
MEG-RS	5	120
MEG-RS	5	120
MEG-RS	5	120
MEG-RS	5	120
MEG-RS	5	120
MEG-RS	5	120
MEG-RS	5	120
MEG-RS	5	120
MEG-RS	5	120
MEG-RS	5	120
MEG-RS	5	120
MEG-RS	5	120
MEG-RS	5	120
MEG-RS	5	120
MEG-RS	5	120
MEG-RS	5	120
MEG-RS	5	120
MEG-RS	5	120
MEG-RS	5	120
MEG-RS	5	120
MEG-RS	5	120
MEG-RS	5	120
MEG-RS	5	120
MEG-RS	5	120
MEG-RS	5	120
MEG-RS	5	120
MEG-RS	5	120
MEG-RS	5	120
MEG-RS	5	120
MEG-RS	5	120
MEG-RS	5	120
MEG-RS	5	120
MEG-RS	5	120
MEG-RS	5	120
MEG-RS	5	120
MEG-RS	5	120
MEG-RS	5	120
MEG-RS	5	120
MEG-RS	5	120
MEG-RS	5	120
MEG-RS	5	120
MEG-RS	5	120
MEG-RS	5	120
MEG-RS	5	120
MEG-RS	5	120
MEG-RS	5	120
MEG-RS	5	120
MEG-RS	1	120
MEG-RS	1	120
MEG-RS	1	120
MEG-RS	1	120
MEG-RS	1	120
MEG-RS	1	120
MEG-RS	1	120
MEG-RS	1	120
MEG-RS	1	120
MEG-RS	1	120
MEG-RS	1	120
MEG-RS	1	120
MEG-RS	1	120
MEG-RS	1	120
MEG-RS	1	120
MEG-RS	1	120
MEG-RS	1	120
MEG-RS	1	120
MEG-RS	1	120
MEG-RS	1	120
MEG-RS	1	120
MEG-RS	1	120
MEG-RS	1	120
MEG-RS	1	120
MEG-RS	1	120
MEG-RS	1	125
MEG-RS	1	120
MEG-RS	1	120
MEG-RS	1	136
MEG-RS	1	120
MEG-RS	1	120
MEG-RS	1	120
MEG-RS	1	120
MEG-RS	1	120
MEG-RS	1	120
MEG-RS	1	120
MEG-RS	1	120
MEG-RS	1	120
MEG-RS	1	120
MEG-RS	1	120
MEG-RS	1	120
MEG-RS	1	120
MEG-RS	1	120
MEG-RS	1	120
MEG-RS	1	120
MEG-RS	1	120
MEG-RS	1	120
MEG-RS	1	120
MEG-RS	1	120
MEG-RS	1	120
MEG-RS	1	120
MEG-RS	1	120
MEG-RS	1	120
MEG-RS	1	120
MEG-RS	1	120
MEG-RS	1	120
MEG-RS	1	120
MEG-RS	1	120
MEG-RS	1	120
MEG-RS	1	120
MEG-RS	1	120
MEG-RS	1	120
MEG-RS	1	120
MEG-RS	1	120
MEG-RS	1	120
MEG-RS	1	120
MEG-RS	1	120
MEG-RS	1	120
MEG-RS	1	120
MEG-RS	1	120
MEG-RS	1	120
MEG-RS	1	120
MEG-RS	1	120
MEG-RS	1	120
MEG-RS	1	120
MEG-RS	1	120
MEG-RS	1	120
MEG-RS	1	120
MEG-RS	1	120
MEG-RS	1	120
MEG-RS	1	120
MEG-RS	1	120
MEG-RS	1	120
MEG-RS	1	120
MEG-RS	1	120
MEG-RS	1	120
MEG-RS	1	120
MEG-RS	1	120
MEG-RS	1	120
MEG-RS	1	120
MEG-RS	1	120
MEG-RS	1	120
MEG-RS	1	120
MEG-RS	1	120
MEG-RS	1	120
MEG-RS	1	120
MEG-RS	1	120
MEG-RS	1	120
MEG-RS	1	120
MEG-RS	1	120
MEG-RS	1	120
MEG-RS	1	120
MEG-RS	1	120
MEG-RS	1	120
MEG-RS	1	120
MEG-RS	1	120
MEG-RS	1	120
MEG-RS	1	120
MEG-RS	1	120
MEG-RS	1	120
MEG-RS	1	120
MEG-RS	1	120
MEG-RS	1	120
MEG-RS	1	120
MEG-RS	1	120
MEG-RS	1	120
MEG-RS	1	120
MEG-RS	1	120
MEG-RS	1	120
MEG-RS	1	120
MEG-RS	1	120
MEG-RS	1	120
MEG-RS	1	120
MEG-RS	1	120
MEG-RS	1	120
MEG-RS	1	120
MEG-RS	1	120
MEG-RS	1	159
MEG-RS	1	120
MEG-RS	1	120
MEG-RS	1	120
MEG-RS	1	120
MEG-RS	1	120
MEG-RS	1	120
MEG-RS	1	137
MEG-RS	1	114
MEG-RS	3	119
MEG-RS	10	128
MEG-RS	1	138
MEG-RS	1	120
MEG-RS	17	133
MEG-RS	2	141
MEG-RS	1	130
MEG-RS	3	137
MEG-RS	38	134
MEG-RS	4	118
MEG-RS	1	137
MEG-RS	27	137
MEG-RS	1	137
MEG-RS	1	137
MEG-RS	1	141
MEG-RS	4	120
MEG-RS	4	120
MEG-RS	4	120
MEG-RS	4	120
MEG-RS	4	120
MEG-RS	4	120
MEG-RS	4	120
MEG-RS	4	120
MEG-RS	4	120
MEG-RS	4	120
MEG-RS	4	120
MEG-RS	4	120
MEG-RS	4	120
MEG-RS	4	120
MEG-RS	4	120
MEG-RS	4	120
MEG-RS	4	120
MEG-RS	4	120
MEG-RS	4	120
MEG-RS	4	120
MEG-RS	4	120
MEG-RS	4	120
MEG-RS	4	120
MEG-RS	4	120
MEG-RS	4	120
MEG-RS	1	118
MEG-RS	1	118
MEG-RS	1	118
MEG-RS	1	118
MEG-RS	1	118
MEG-RS	1	110
MEG-RS	1	137
MEG-RS	3	137
MEG-RS	5	120
MEG-RS	5	120
MEG-RS	5	120
MEG-RS	5	120
MEG-RS	5	120
MEG-RS	5	120
MEG-RS	5	120
MEG-RS	5	120
MEG-RS	5	120
MEG-RS	5	120
MEG-RS	5	120
MEG-RS	5	120
MEG-RS	5	120
MEG-RS	5	120
MEG-RS	5	120
MEG-RS	5	120
MEG-RS	1	136
MEG-RS	1	138
MEG-RS	33	137
MEG-RS	1	120
MEG-RS	2	137
MEG-RS	3	114
MEG-RS	1	136
MEG-RS	1	130
MEG-RS	1	142
MEG-RS	5	120
MEG-RS	5	120
MEG-RS	5	120
MEG-RS	5	120
MEG-RS	5	120
MEG-RS	5	120
MEG-RS	5	120
MEG-RS	5	120
MEG-RS	5	120
MEG-RS	5	120
MEG-RS	5	120
MEG-RS	5	120
MEG-RS	5	120
MEG-RS	5	120
MEG-RS	5	120
MEG-RS	5	120
MEG-RS	5	120
MEG-RS	5	120
MEG-RS	5	120
MEG-RS	5	120
MEG-RS	5	120
MEG-RS	5	120
MEG-RS	5	120
MEG-RS	5	120
MEG-RS	5	120
MEG-RS	5	120
MEG-RS	5	120
MEG-RS	5	120
MEG-RS	5	120
MEG-RS	5	120
MEG-RS	5	120
MEG-RS	5	120
MEG-RS	5	120
MEG-RS	5	120
MEG-RS	5	120
MEG-RS	5	120
MEG-RS	5	120
MEG-RS	5	120
MEG-RS	5	120
MEG-RS	5	120
MEG-RS	5	120
MEG-RS	5	120
MEG-RS	1	120
MEG-RS	1	120
MEG-RS	1	120
MEG-RS	1	120
MEG-RS	1	120
MEG-RS	1	120
MEG-RS	1	120
MEG-RS	1	120
MEG-RS	1	120
MEG-RS	1	120
MEG-RS	1	120
MEG-RS	1	120
MEG-RS	1	120
MEG-RS	1	120
MEG-RS	1	120
MEG-RS	1	120
MEG-RS	1	120
MEG-RS	1	120
MEG-RS	1	120
MEG-RS	1	120
MEG-RS	1	120
MEG-RS	1	120
MEG-RS	1	120
MEG-RS	1	120
MEG-RS	1	120
MEG-RS	1	120
MEG-RS	1	120
MEG-RS	1	120
MEG-RS	1	120
MEG-RS	1	120
MEG-RS	1	120
MEG-RS	1	120
MEG-RS	1	120
MEG-RS	1	120
MEG-RS	1	120
MEG-RS	1	120
MEG-RS	1	120
MEG-RS	1	120
MEG-RS	1	120
MEG-RS	1	120
MEG-RS	1	120
MEG-RS	1	120
MEG-RS	1	120
MEG-RS	1	120
MEG-RS	1	120
MEG-RS	1	105
MEG-RS	1	162
MEG-RS	1	120
MEG-RS	1	152
MEG-RS	1	137
MEG-RS	15	136
MEG-RS	5	138
MEG-RS	1	147
MEG-RS	4	120
MEG-RS	4	120
MEG-RS	4	120
MEG-RS	4	120
MEG-RS	4	120
MEG-RS	4	120
MEG-RS	4	120
MEG-RS	4	120
MEG-RS	4	120
MEG-RS	4	120
MEG-RS	4	120
MEG-RS	4	120
MEG-RS	4	120
MEG-RS	4	120
MEG-RS	4	120
MEG-RS	4	120
MEG-RS	4	120
MEG-RS	4	120
MEG-RS	4	120
MEG-RS	4	120
MEG-RS	4	120
MEG-RS	4	120
MEG-RS	4	120
MEG-RS	4	120
MEG-RS	4	120
MEG-RS	4	120
MEG-RS	4	120
MEG-RS	4	120
MEG-RS	4	120
MEG-RS	4	120
MEG-RS	4	120
MEG-RS	4	120
MEG-RS	4	120
MEG-RS	4	120
MEG-RS	4	120
MEG-RS	4	120
MEG-RS	4	120
MEG-RS	4	120
MEG-RS	4	120
MEG-RS	4	120
MEG-RS	1	120
MEG-RS	1	137
MEG-RS	2	148
MEG-RS	1	118
MEG-RS	1	118
MEG-RS	2	134
MEG-RS	5	120
MEG-RS	5	120
MEG-RS	5	120
MEG-RS	5	120
MEG-RS	5	120
MEG-RS	5	120
MEG-RS	5	120
MEG-RS	5	120
MEG-RS	5	120
MEG-RS	5	120
MEG-RS	5	120
MEG-RS	5	120
MEG-RS	5	120
MEG-RS	5	120
MEG-RS	5	120
MEG-RS	5	120
MEG-RS	5	120
MEG-RS	5	120
MEG-RS	5	120
MEG-RS	5	120
MEG-RS	5	120
MEG-RS	5	120
MEG-RS	5	120
MEG-RS	5	120
MEG-RS	5	120
MEG-RS	5	120
MEG-RS	5	120
MEG-RS	5	120
MEG-RS	5	120
MEG-RS	5	120
MEG-RS	5	120
MEG-RS	5	120
MEG-RS	5	120
MEG-RS	5	120
MEG-RS	5	120
MEG-RS	5	120
MEG-RS	5	120
MEG-RS	5	120
MEG-RS	5	120
MEG-RS	5	120
MEG-RS	5	120
MEG-RS	5	120
MEG-RS	5	120
MEG-RS	5	120
MEG-RS	5	120
MEG-RS	5	120
MEG-RS	5	120
MEG-RS	5	120
MEG-RS	5	120
MEG-RS	5	120
MEG-RS	5	120
MEG-RS	5	120
MEG-RS	5	120
MEG-RS	5	120
MEG-RS	5	120
MEG-RS	5	120
MEG-RS	5	120
MEG-RS	5	120
MEG-RS	5	120
MEG-RS	5	120
MEG-RS	5	120
MEG-RS	5	120
MEG-RS	5	120
MEG-RS	5	120
MEG-RS	5	120
MEG-RS	5	120
MEG-RS	5	120
MEG-RS	5	120
MEG-RS	5	120
MEG-RS	5	120
MEG-RS	5	120
MEG-RS	5	120
MEG-RS	5	120
MEG-RS	5	120
MEG-RS	5	120
MEG-RS	5	120
MEG-RS	5	120
MEG-RS	5	120
MEG-RS	5	120
MEG-RS	5	120
MEG-RS	5	120
MEG-RS	5	120
MEG-RS	5	120
MEG-RS	5	120
MEG-RS	5	120
MEG-RS	5	120
MEG-RS	5	120
MEG-RS	5	120
MEG-RS	5	120
MEG-RS	5	120
MEG-RS	5	120
MEG-RS	5	120
MEG-RS	5	120
MEG-RS	5	120
MEG-RS	5	120
MEG-RS	5	120
MEG-RS	5	120
MEG-RS	5	120
MEG-RS	5	120
MEG-RS	5	120
MEG-RS	5	120
MEG-RS	5	120
MEG-RS	5	120
MEG-RS	5	120
MEG-RS	5	120
MEG-RS	5	120
MEG-RS	5	120
MEG-RS	5	120
MEG-RS	1	122
MEG-RS	1	122
MEG-RS	1	120
MEG-RS	1	120
MEG-RS	1	136
MEG-RS	1	141
MEG-RS	1	134
MEG-RS	5	120
MEG-RS	5	120
MEG-RS	5	120
MEG-RS	5	120
MEG-RS	5	120
MEG-RS	5	120
MEG-RS	5	120
MEG-RS	5	120
MEG-RS	5	120
MEG-RS	5	120
MEG-RS	5	120
MEG-RS	1	134
MEG-RS	31	129
MEG-RS	1	135
MEG-RS	4	120
MEG-RS	4	120
MEG-RS	4	120
MEG-RS	4	120
MEG-RS	4	120
MEG-RS	4	120
MEG-RS	4	120
MEG-RS	4	120
MEG-RS	4	120
MEG-RS	4	120
MEG-RS	4	120
MEG-RS	4	120
MEG-RS	4	120
MEG-RS	4	120
MEG-RS	4	120
MEG-RS	4	120
MEG-RS	4	120
MEG-RS	4	120
MEG-RS	4	120
MEG-RS	4	120
MEG-RS	4	120
MEG-RS	4	120
MEG-RS	4	120
MEG-RS	4	120
MEG-RS	4	120
MEG-RS	4	120
MEG-RS	4	120
MEG-RS	4	120
MEG-RS	4	120
MEG-RS	4	120
MEG-RS	4	120
MEG-RS	4	120
MEG-RS	4	120
MEG-RS	4	120
MEG-RS	4	120
MEG-RS	4	120
MEG-RS	4	120
MEG-RS	4	120
MEG-RS	4	120
MEG-RS	4	120
MEG-RS	4	120
MEG-RS	4	120
MEG-RS	4	120
MEG-RS	4	120
MEG-RS	4	120
MEG-RS	4	120
MEG-RS	4	120
MEG-RS	4	120
MEG-RS	4	120
MEG-RS	4	120
MEG-RS	4	120
MEG-RS	4	120
MEG-RS	4	120
MEG-RS	4	120
MEG-RS	4	120
MEG-RS	4	120
MEG-RS	4	120
MEG-RS	4	120
MEG-RS	4	120
MEG-RS	4	120
MEG-RS	4	120
MEG-RS	4	120
MEG-RS	1	139
MEG-RS	1	135
MEG-RS	1	138
MEG-RS	1	162
MEG-RS	1	127
MEG-RS	1	128
MEG-RS	1	134
MEG-RS	1	128
MEG-RS	1	136
MEG-RS	1	137
MEG-RS	7	137
MEG-RS	1	134
MEG-RS	47	206
MEG-RS	38	207
MEG-RS	1	207
MEG-RS	33	136
MEG-RS	17	163
MEG-RS	16	136
MEG-RS	1	137
MEG-RS	1	137
MEG-RS	32	159
MEG-RS	6	162
MEG-RS	9	137
MEG-RS	26	137
MEG-RS	1	148
MEG-RS	1	128
MEG-RS	1	141
MEG-RS	26	137
MEG-RS	27	137
MEG-RS	1	135
MEG-RS	23	155
MEG-RS	1	127
MEG-RS	17	143
MEG-RS	1	120
MEG-RS	1	120
MEG-RS	1	120
MEG-RS	1	120
MEG-RS	2	138
MEG-RS	1	127
MEG-RS	1	136
MEG-RS	1	137
MEG-RS	1	117
MEG-RS	23	137
MEG-RS	5	120
MEG-RS	5	120
MEG-RS	5	120
MEG-RS	5	120
MEG-RS	5	120
MEG-RS	5	120
MEG-RS	5	120
MEG-RS	5	120
MEG-RS	5	120
MEG-RS	5	120
MEG-RS	5	120
MEG-RS	5	120
MEG-RS	5	120
MEG-RS	5	120
MEG-RS	5	120
MEG-RS	5	120
MEG-RS	5	120
MEG-RS	5	120
MEG-RS	5	120
MEG-RS	5	120
MEG-RS	5	120
MEG-RS	5	120
MEG-RS	5	120
MEG-RS	5	120
MEG-RS	5	120
MEG-RS	5	120
MEG-RS	5	120
MEG-RS	5	120
MEG-RS	5	120
MEG-RS	5	120
MEG-RS	5	120
MEG-RS	5	120
MEG-RS	5	120
MEG-RS	5	120
MEG-RS	5	120
MEG-RS	5	120
MEG-RS	5	120
MEG-RS	5	120
MEG-RS	5	120
MEG-RS	5	120
MEG-RS	5	120
MEG-RS	5	120
MEG-RS	5	120
MEG-RS	5	120
MEG-RS	5	120
MEG-RS	5	120
MEG-RS	5	120
MEG-RS	5	120
MEG-RS	5	120
MEG-RS	5	120
MEG-RS	5	120
MEG-RS	5	120
MEG-RS	5	120
MEG-RS	5	120
MEG-RS	5	120
MEG-RS	5	120
MEG-RS	5	120
MEG-RS	6	134
MEG-RS	6	137
MEG-RS	48	137
MEG-RS	1	148
MEG-RS	29	137
MEG-RS	1	140
MEG-RS	1	136
MEG-RS	1	120
MEG-RS	1	120
MEG-RS	1	120
MEG-RS	1	120
MEG-RS	1	120
MEG-RS	1	120
MEG-RS	1	120
MEG-RS	1	120
MEG-RS	1	120
MEG-RS	1	120
MEG-RS	1	120
MEG-RS	1	120
MEG-RS	1	120
MEG-RS	1	120
MEG-RS	1	120
MEG-RS	1	120
MEG-RS	1	120
MEG-RS	1	120
MEG-RS	1	120
MEG-RS	1	120
MEG-RS	5	120
MEG-RS	1	111
MEG-RS	10	126
MEG-RS	12	141
MEG-RS	7	134
MEG-RS	1	152
MEG-RS	1	150
MEG-RS	4	136
MEG-RS	4	120
MEG-RS	4	120
MEG-RS	4	120
MEG-RS	4	120
MEG-RS	4	120
MEG-RS	4	120
MEG-RS	1	120
MEG-RS	1	135
MEG-RS	1	120
MEG-RS	5	145
MEG-RS	1	137
MEG-RS	34	133
MEG-RS	2	90
MEG-RS	1	156
MEG-RS	5	120
MEG-RS	5	120
MEG-RS	5	120
MEG-RS	20	144
MEG-RS	4	120
MEG-RS	7	120
MEG-RS	1	116
MEG-RS	1	120
MEG-RS	1	120
MEG-RS	1	120
MEG-RS	1	120
MEG-RS	1	120
MEG-RS	1	120
MEG-RS	1	120
MEG-RS	1	120
MEG-RS	1	120
MEG-RS	1	120
MEG-RS	1	120
MEG-RS	1	120
MEG-RS	1	120
MEG-RS	1	120
MEG-RS	1	120
MEG-RS	1	120
MEG-RS	1	120
MEG-RS	1	120
MEG-RS	1	120
MEG-RS	1	120
MEG-RS	1	120
MEG-RS	1	120
MEG-RS	1	120
MEG-RS	1	120
MEG-RS	1	120
MEG-RS	1	120
MEG-RS	1	120
MEG-RS	1	120
MEG-RS	1	120
MEG-RS	1	120
MEG-RS	1	120
MEG-RS	1	120
MEG-RS	1	120
MEG-RS	1	120
MEG-RS	1	120
MEG-RS	1	120
MEG-RS	1	120
MEG-RS	1	120
MEG-RS	1	120
MEG-RS	1	120
MEG-RS	1	120
MEG-RS	1	120
MEG-RS	1	120
MEG-RS	1	120
MEG-RS	1	120
MEG-RS	1	120
MEG-RS	1	120
MEG-RS	1	120
MEG-RS	1	120
MEG-RS	1	120
MEG-RS	1	120
MEG-RS	1	120
MEG-RS	1	120
MEG-RS	1	120
MEG-RS	1	120
MEG-RS	1	120
MEG-RS	1	120
MEG-RS	1	120
MEG-RS	1	120
MEG-RS	1	120
MEG-RS	1	120
MEG-RS	1	120
MEG-RS	1	120
MEG-RS	1	120
MEG-RS	1	120
MEG-RS	1	120
MEG-RS	1	120
MEG-RS	1	120
MEG-RS	1	120
MEG-RS	1	120
MEG-RS	5	120
MEG-RS	1	153
MEG-RS	2	131
MEG-RS	1	90
MEG-RS	2	157
MEG-RS	1	126
MEG-RS	1	123
MEG-RS	4	120
MEG-RS	20	179
MEG-RS	1	130
MEG-RS	3	136
MEG-RS	1	120
MEG-RS	1	120
MEG-RS	1	160
MEG-RS	17	137
MEG-RS	4	120
MEG-RS	3	141
MEG-RS	1	132
MEG-RS	1	137
MEG-RS	1	134
MEG-RS	5	120
MEG-RS	5	120
MEG-RS	5	120
MEG-RS	1	137
MEG-RS	1	120
MEG-RS	39	147
MEG-RS	1	169
MEG-RS	23	137
MEG-RS	1	120
MEG-RS	1	120
MEG-RS	1	120
MEG-RS	1	120
MEG-RS	1	120
MEG-RS	1	120
MEG-RS	1	136
MEG-RS	16	136
MEG-RS	1	137
MEG-RS	1	134
MEG-RS	1	112
MEG-RS	1	133
MEG-RS	1	137
MEG-RS	39	137
MEG-RS	4	120
MEG-RS	1	147
MEG-RS	3	136
MEG-RS	47	135
MEG-RS	1	89
MEG-RS	1	137
MEG-RS	1	137
MEG-RS	1	207
MEG-RS	1	120
MEG-RS	1	120
MEG-RS	1	141
MEG-RS	1	138
MEG-RS	1	147
MEG-RS	1	117
MEG-RS	3	134
MEG-RS	2	137
MEG-RS	58	155
MEG-RS	1	137
MEG-RS	1	108
MEG-RS	1	158
MEG-RS	1	106
MEG-RS	25	136
MEG-RS	8	147
MEG-RS	1	137
MEG-RS	63	142
MEG-RS	1	137
MEG-RS	1	120
MEG-RS	1	120
MEG-RS	1	120
MEG-RS	1	120
MEG-RS	1	120
MEG-RS	1	120
MEG-RS	1	120
MEG-RS	1	120
MEG-RS	1	120
MEG-RS	1	120
MEG-RS	3	146
MEG-RS	1	90
MEG-RS	1	120
MEG-RS	1	137
MEG-RS	1	137
MEG-RS	1	120
MEG-RS	2	141
MEG-RS	1	103
MEG-RS	1	133
MEG-RS	2	127
MEG-RS	2	120
MEG-RS	1	155
MEG-RS	1	135
MEG-RS	1	137
MEG-RS	1	120
MEG-RS	58	137
MEG-RS	14	142
MEG-RS	1	120
MEG-RS	1	120
MEG-RS	1	120
MEG-RS	1	120
MEG-RS	1	120
MEG-RS	1	120
MEG-RS	1	120
MEG-RS	1	120
MEG-RS	1	120
MEG-RS	1	120
MEG-RS	1	120
MEG-RS	1	85
MEG-RS	11	137
MEG-RS	1	137
MEG-RS	1	117
MEG-RS	3	136
MEG-RS	1	119
MEG-RS	1	130
MEG-RS	24	134
MEG-RS	1	120
MEG-RS	1	120
MEG-RS	1	120
MEG-RS	1	120
MEG-RS	1	120
MEG-RS	1	120
MEG-RS	1	120
MEG-RS	1	120
MEG-RS	1	120
MEG-RS	1	120
MEG-RS	1	120
MEG-RS	1	120
MEG-RS	1	120
MEG-RS	1	120
MEG-RS	1	120
MEG-RS	1	120
MEG-RS	1	120
MEG-RS	1	120
MEG-RS	1	120
MEG-RS	1	120
MEG-RS	1	120
MEG-RS	2	120
MEG-RS	12	178
MEG-RS	59	137
MEG-RS	1	120
MEG-RS	1	120
MEG-RS	1	110
MEG-RS	1	149
MEG-RS	1	137
MEG-RS	2	137
MEG-RS	2	155
MEG-RS	1	120
MEG-RS	1	152
MEG-RS	2	88
MEG-RS	1	120
MEG-RS	1	120
MEG-RS	1	137
MEG-RS	1	135
MEG-RS	19	125
MEG-RS	1	120
MEG-RS	14	136
MEG-RS	14	136
MEG-RS	1	134
MEG-RS	1	120
MEG-RS	1	147
MEG-RS	1	135
MEG-RS	1	120
MEG-RS	1	120
MEG-RS	1	120
MEG-RS	1	120
MEG-RS	31	134
MEG-RS	1	120
MEG-RS	1	120
MEG-RS	3	137
MEG-RS	39	120
MEG-RS	1	137
MEG-RS	42	99
MEG-RS	1	136
MEG-RS	1	134
MEG-RS	2	120
MEG-RS	2	120
MEG-RS	2	120
MEG-RS	2	120
MEG-RS	27	90
MEG-RS	1	142
MEG-RS	1	137
MEG-RS	2	120
MEG-RS	2	120
MEG-RS	2	120
MEG-RS	2	120
MEG-RS	2	120
MEG-RS	2	120
MEG-RS	2	120
MEG-RS	2	120
MEG-RS	2	120
MEG-RS	2	120
MEG-RS	2	120
MEG-RS	2	120
MEG-RS	2	120
MEG-RS	1	141
MEG-RS	1	150
MEG-RS	2	120
MEG-RS	1	133
MEG-RS	2	120
MEG-RS	2	120
MEG-RS	2	120
MEG-RS	2	120
MEG-RS	2	120
MEG-RS	2	120
MEG-RS	2	120
MEG-RS	2	120
MEG-RS	71	144
MEG-RS	1	95
MEG-RS	1	67
MEG-RS	1	107
